id,title,price,price_line,price_range,ship,ship_line,free_ship,local_pickup_only,ship_days,seller,pos_raw,fb,pos,no_recent_fb,sold,watchers,watchers_plus,bo,auction,free_returns,vol,coupon,scarcity,import_fees,trs,just_listed,new_low_price,has_ratings_stars,country,intl,condition,visible_geom,visible_pix,visible,promoted,page_pos,label_svgText,label_netx,label_nety,label_pixels,query,rank,N,in_N,reported,organic_rank,is_owner
134424858998,Rattlesnake Houseplant - Calathea lancifolia Insignis - Live 'STARTER' Plant,21.99,$21.99,False,0.0,Free delivery,True,False,False,jessicastootielou,99.8,6700,99.8,False,0,35,False,False,False,False,False,False,False,False,False,False,False,False,United States,False,,False,False,False,False,3,Ѕp؜onsored,-42.675138624542356,36.36357206811314,0,calathea rattlesnake,1,53,True,53,1.0,False
314667131671,"Calathea Lancifolia, Rattlesnake, Prayer Plant, Rattle Snake, 4 inch Pot",24.99,$24.99,False,5.95,+$5.95 delivery,False,False,False,bubbleblooms.shop,98.3,2500,98.3,False,0,0,False,False,False,False,True,False,False,False,False,False,False,False,United States,False,,True,True,True,True,4,Spons⁧orеd,0.08030698305165629,11.584706517657903,261,calathea rattlesnake,2,53,True,53,,False
396860821256,"Live Rattlesnake Plant - Calathea lancifolia - Easy Houseplant in 4"" Pot",55.99,$55.99,False,0.0,Free delivery,True,False,False,badgir_4739,99.5,225,99.5,False,0,0,False,False,False,False,True,False,False,False,False,False,False,False,United States,False,,True,True,True,True,5,Spons⁧orеd,0.08030698305165629,11.584706517657903,261,calathea rattlesnake,3,53,True,53,,False
314667165919,"Rattlesnake Calathea Lancifolia, 6 inch Pot,",43.79,$43.79,False,5.95,+$5.95 delivery,False,False,False,bubbleblooms.shop,98.3,2500,98.3,False,0,0,False,False,False,False,True,False,False,False,False,False,False,False,United States,False,,True,True,True,True,6,Spons⁧orеd,0.08030698305165629,11.584706517657903,261,calathea rattlesnake,4,53,True,53,,False
287356233791,"Calathea Rattlesnake - 4"" from MyPlants",12.99,$12.99,False,3.99,+$3.99 delivery,False,False,False,myplantsllc,100.0,139,100.0,False,0,0,False,True,False,False,True,False,False,False,False,False,False,False,United States,False,,False,False,False,False,7,Ѕp؜onsored,-42.675138624542356,36.36357206811314,0,calathea rattlesnake,5,53,True,53,2.0,False
306918807206,Calathea Lancifolia Rattlesnake Plant Live Indoor Tropical Houseplant (3 Pack),32.0,$32.00,False,0.0,Free delivery,True,False,False,mor-329450,98.4,183,98.4,False,0,0,False,True,False,False,False,False,True,False,False,False,False,False,United States,False,,False,False,False,False,8,Ѕp؜onsored,-42.675138624542356,36.36357206811314,0,calathea rattlesnake,6,53,True,53,3.0,False
188703134416,"Live Calathea Rattlesnake Plant, 4-Inch Pot | Pet-Friendly & Air-Purifying",43.97,$43.97,False,0.0,Free delivery in 2-4 days,True,False,True,olisalv9,99.9,1000,99.9,False,0,0,False,False,False,True,False,False,False,False,False,False,False,False,United States,False,,False,False,False,False,9,Ѕp؜onsored,-42.675138624542356,36.36357206811314,0,calathea rattlesnake,7,53,True,53,4.0,False
168578976268,Calathea Rattlesnake 4 in Live Houseplant | Lancifolia Prayer Plant,17.99,$17.99,False,6.99,+$6.99 delivery,False,False,False,riversidegreenhouses,100.0,4,100.0,False,0,0,False,False,False,False,False,False,False,False,False,False,False,False,United States,False,,False,False,False,False,10,Ѕp؜onsored,-42.675138624542356,36.36357206811314,0,calathea rattlesnake,8,53,True,53,5.0,True
355793168726,25+ Rattlesnake Calathea Seeds for Garden Planting - USA - FREE SHIPPING!,5.48,$5.48,False,0.0,Free delivery,True,False,False,rainbowgardensshop,98.7,9200,98.7,False,52,0,False,False,False,False,False,False,False,False,False,False,False,False,United States,False,,False,False,False,False,11,Ѕp؜onsored,-42.675138624542356,36.36357206811314,0,calathea rattlesnake,9,53,True,53,6.0,False
298721790673,"Rattlesnake Calathea Live Plant - Air Purifier, Colorful House Plant, Ideal",33.18,$33.18,False,0.0,Free delivery,True,False,False,kfsmith68,100.0,11,100.0,False,0,0,False,False,False,True,False,False,False,False,False,False,False,False,United States,False,,False,False,False,False,12,Ѕp؜onsored,-42.675138624542356,36.36357206811314,0,calathea rattlesnake,10,53,True,53,7.0,False
407111675883,"🐍 Live Rattlesnake Plant - Calathea lancifolia - Houseplant in 4"" Pot 🐍",20.0,$20.00,False,10.88,+$10.88 delivery,False,False,False,theplantry,100.0,129,100.0,False,0,0,False,True,False,False,False,False,False,False,False,False,False,False,United States,False,,False,False,False,False,13,Ѕp؜onsored,-42.675138624542356,36.36357206811314,0,calathea rattlesnake,11,53,True,53,8.0,False
800722583848,"Calathea (Goeppertia) Lancifolia 'Insignis' 4"" Rattlesnake Prayer Plant",16.5,$16.50,False,12.5,+$12.50 delivery,False,False,False,floriculture-us,100.0,381,100.0,False,0,0,False,False,False,False,False,False,False,False,False,False,False,False,United States,False,,False,False,False,False,14,Ѕp؜onsored,-42.675138624542356,36.36357206811314,0,calathea rattlesnake,12,53,True,53,9.0,False
317442489268,Calathea Lancifolia 'Rattlesnake' | Live Plant for Indoor & Outdoor,24.99,$24.99 to $43.99,True,9.8,+$9.80 delivery,False,False,False,ks_plants,100.0,68,100.0,False,0,0,False,False,False,False,False,False,False,False,False,False,False,False,United States,False,,True,True,True,True,15,Spons⁧orеd,0.08030698305165629,11.584706517657903,261,calathea rattlesnake,13,53,True,53,,False
204399660107,Calathea crotalifera Yellow 'Rattleshaker' Exotic Rattlesnake - 5 Sementes,9.98,$9.98,False,3.9,+$3.90 delivery,False,False,False,quinta_dos_ouriques,94.0,10200,94.0,False,0,43,False,False,False,False,False,False,False,True,False,False,False,False,Portugal,True,Brand New,True,True,True,True,16,Spons⁧orеd,0.08030698305165629,11.584706517657903,261,calathea rattlesnake,14,53,True,53,,False
255610670225,"Rattlesnake Plant - Calathea lancifolia - House Plant - 4"" Pot",24.99,$24.99,False,13.7,+$13.70 delivery,False,False,False,earthandparadisee,100.0,195,100.0,False,0,7,False,False,False,False,False,False,False,False,False,False,False,False,United States,False,,True,True,True,True,17,Spons⁧orеd,0.08030698305165629,11.584706517657903,261,calathea rattlesnake,15,53,True,53,,False
188023951827,Rattlesnake Houseplants Calathea Lancifolia,24.95,$24.95,False,6.95,+$6.95 delivery,False,False,False,coastaltill1,99.4,25600,99.4,False,0,0,False,False,False,False,False,True,False,False,False,False,False,False,United States,False,,True,True,True,True,18,Spons⁧orеd,0.08030698305165629,11.584706517657903,261,calathea rattlesnake,16,53,True,53,,False
377379664601,"Live Rattlesnake Plant Calathea Lancifolia Pet Safe Indoor House Plant In 4"" Pot",65.95,$65.95,False,0.0,Free delivery,True,False,False,greeenlife,98.4,1600,98.4,False,0,0,False,True,False,False,True,False,False,False,False,False,False,False,United States,False,,False,False,False,False,19,Ѕp؜onsored,-42.675138624542356,36.36357206811314,0,calathea rattlesnake,17,53,True,53,10.0,False
255945807743,Rattlesnake Houseplant - Calathea lancifolia Insignis - Live 'STARTER' Plant,21.99,$21.99,False,0.0,Free delivery,True,False,False,jessicascutietootie,99.3,5200,99.3,False,0,5,False,False,False,False,False,False,False,False,False,False,False,False,United States,False,,False,False,False,False,20,Ѕp؜onsored,-42.675138624542356,36.36357206811314,0,calathea rattlesnake,18,53,True,53,11.0,False
287588247853,Rattlesnake Calathea (Calathea lancifolia) – Well Rooted & Pushing,67.0,$67.00,False,7.05,+$7.05 delivery,False,False,False,shab-3770,0.0,0,,True,0,0,False,False,False,False,False,False,False,False,False,False,False,False,United States,False,,False,False,False,False,21,Ѕp؜onsored,-42.675138624542356,36.36357206811314,0,calathea rattlesnake,19,53,True,53,12.0,False
306899556123,"Calathea Plant Bundle 3 Pack, Live Tropical Houseplants Assorted Prayer Plants",35.0,$35.00,False,0.0,Free delivery,True,False,False,mor-329450,98.4,183,98.4,False,0,4,False,True,False,False,False,False,False,False,False,False,False,False,United States,False,,False,False,False,False,22,Ѕp؜onsored,-42.675138624542356,36.36357206811314,0,calathea rattlesnake,20,53,True,53,13.0,False
306802421201,"Live Calathea Houseplant (4 Pack), Pet Safe Plants for Cats & Dogs, Makoyana,...",39.55,$39.55,False,9.99,+$9.99 delivery,False,False,False,wonderfuldeal,99.6,2700,99.6,False,0,0,False,False,False,True,False,False,False,False,False,False,True,False,United States,False,,False,False,False,False,23,Ѕp؜onsored,-42.675138624542356,36.36357206811314,0,calathea rattlesnake,21,53,True,53,14.0,False
377290370217,"Calathea lancifolia Rattlesnake Plant Easy Home Plant 2.5"" Pot",15.95,$15.95,False,11.95,+$11.95 delivery,False,False,False,gardenshops,98.9,5900,98.9,False,0,0,False,False,False,True,False,False,False,False,False,False,False,False,United States,False,,False,False,False,False,24,Ѕp؜onsored,-42.675138624542356,36.36357206811314,0,calathea rattlesnake,22,53,True,53,15.0,False
356201355946,House Plant 4-CALATHEA-RATTLESNAKE Rattlesnake Calathea Lancifolia Plant in 4...,37.07,$37.07,False,0.0,Free delivery,True,False,False,unbeatablesales,98.9,224800,98.9,False,0,0,False,False,False,False,False,False,False,False,False,False,False,False,United States,False,,False,False,False,False,25,Ѕp؜onsored,-42.675138624542356,36.36357206811314,0,calathea rattlesnake,23,53,True,53,16.0,False
157743325403,American Plant Exchange Live Calathea Rattlesnake – 4-Inch Pot – Pet-Friendly Tr,45.96,$45.96,False,0.0,Free delivery,True,False,False,llamaboy17,99.6,2500,99.6,False,0,0,False,False,False,True,False,False,False,False,False,False,False,False,United States,False,Brand New,False,False,False,False,26,Ѕp؜onsored,-42.675138624542356,36.36357206811314,0,calathea rattlesnake,24,53,True,53,17.0,False
398445102011,Rattlesnake Plant Calathea Lancifolia Live Indoor Prayer Plant 4 Inch Pot,39.33,$39.33,False,0.0,Free delivery,True,False,False,rosolo15,100.0,239,100.0,False,0,0,False,False,False,False,False,False,False,False,False,False,False,False,United States,False,,False,False,False,False,27,Ѕp؜onsored,-42.675138624542356,36.36357206811314,0,calathea rattlesnake,25,53,True,53,18.0,False
397686277943,"Pet Safe Live Calathea Plants - 4 Pack Air Purifying Indoor Mix in 4.25"" Pots",42.53,$42.53,False,0.0,Free delivery,True,False,False,tropicalcherries,99.6,2900,99.6,False,0,0,False,False,False,True,False,False,False,False,False,False,False,False,United States,False,,False,False,False,False,28,Ѕp؜onsored,-42.675138624542356,36.36357206811314,0,calathea rattlesnake,26,53,True,53,19.0,False
389410087031,"Calathea Lancifolia Plant Live Rattlesnake Indoor Yellow Orange Bloom In 4""H Pot",59.95,$59.95,False,0.0,Free delivery,True,False,False,om.bro,98.0,227,98.0,False,0,0,False,True,False,False,True,False,False,False,False,False,False,False,United States,False,,False,False,False,False,29,Ѕp؜onsored,-42.675138624542356,36.36357206811314,0,calathea rattlesnake,27,53,True,53,20.0,False
357728711385,25+ Rattlesnake Calathea Seeds for Garden Planting - USA - PADDED SHIPPING!,3.98,$3.98,False,5.48,+$5.48 delivery,False,False,False,rainbowgardensshop,98.7,9200,98.7,False,0,0,False,False,False,False,False,False,False,False,False,False,False,False,United States,False,,False,False,False,False,30,Ѕp؜onsored,-42.675138624542356,36.36357206811314,0,calathea rattlesnake,28,53,True,53,21.0,False
315123731065,Calathea Rattlesnake 2 inch Set of 3 Lancifolia Prayer Plant Tiny Mini Pixie Pla,44.99,$44.99,False,5.95,+$5.95 delivery,False,False,False,bubbleblooms.shop,98.3,2500,98.3,False,0,0,False,True,False,False,True,False,False,False,False,False,False,False,United States,False,,True,True,True,True,31,Spons⁧orеd,0.08030698305165629,11.584706517657903,261,calathea rattlesnake,29,53,True,53,,False
189012695474,Pet Safe Calathea Plant 4PK Live Houseplants 4 in Pots,58.39,$58.39$72.99,False,8.0,+$8.00 delivery,False,False,False,huna-2310,100.0,176,100.0,False,0,0,False,False,False,False,False,True,False,False,False,False,False,False,United States,False,,True,True,True,True,32,Spons⁧orеd,0.08030698305165629,11.584706517657903,261,calathea rattlesnake,30,53,True,53,,False
298659902827,"Vickerman 19"" Rattlesnake Calathea Lancifolia in White Ceramic Pot. TA222319",48.67,$48.67,False,0.0,Free delivery,True,False,False,sell_blocker,99.8,2000,99.8,False,0,0,False,False,False,False,True,False,False,False,False,False,False,False,United States,False,Brand New,True,True,True,True,33,Spons⁧orеd,0.08030698305165629,11.584706517657903,261,calathea rattlesnake,31,53,True,53,,False
236681778824,American Plant Exchange Live Calathea Rattlesnake – 4-Inch Pot – Pet-Friendly Tr,32.99,$32.99,False,0.0,Free delivery,True,False,False,gbmvelect,97.4,394,97.4,False,0,0,False,False,False,True,False,False,False,False,False,False,False,False,United States,False,,True,True,True,True,34,Spons⁧orеd,0.08030698305165629,11.584706517657903,261,calathea rattlesnake,32,53,True,53,,False
154499031551,Rattlesnake Calathea,34.0,$34.00,False,22.55,+$22.55 delivery,False,False,False,mainelycoastalplants,0.0,3,,True,0,0,False,True,False,False,False,False,False,False,False,False,False,False,United States,False,,False,False,False,False,35,Ѕp؜onsored,-42.675138624542356,36.36357206811314,0,calathea rattlesnake,33,53,True,53,22.0,False
820107548385,"Vickerman 19"" Rattlesnake Calathea Lancifolia in White Ceramic Pot. TA222319",48.67,$48.67,False,0.0,Free delivery,True,False,False,awwesales,99.2,1500,99.2,False,0,0,False,False,False,False,False,False,False,False,False,False,False,False,United States,False,Brand New,False,False,False,False,36,Ѕp؜onsored,-42.675138624542356,36.36357206811314,0,calathea rattlesnake,34,53,True,53,23.0,False
304461798605,"Calathea ‘Rattle Snake' Prayer plant comes w/ Self Watering Pot 5""W x 5""H",19.0,$19.00,False,28.1,+$28.10 delivery,False,False,False,krc712,0.0,1000,,True,0,0,False,False,False,False,False,False,False,False,False,False,False,False,United States,False,,False,False,False,False,37,Ѕp؜onsored,-42.675138624542356,36.36357206811314,0,calathea rattlesnake,35,53,True,53,24.0,False
377026544263,American Plant Exchange Live Calathea Rattlesnake – 4-Inch Pot – Pet-Friendly Tr,40.21,$40.21,False,0.0,Free delivery,True,False,False,jasomaye-87,97.6,120,97.6,False,0,0,False,False,False,True,False,False,False,False,False,False,False,False,United States,False,Brand New,False,False,False,False,38,Ѕp؜onsored,-42.675138624542356,36.36357206811314,0,calathea rattlesnake,36,53,True,53,25.0,False
178432442974,"Pet-Friendly Live Prayer Plant Collection (3PK) - Rattlesnake & Orbifolia, Non-T",53.99,$53.99,False,0.0,Free delivery,True,False,False,americanre0,100.0,1,100.0,False,0,0,False,False,False,True,False,False,False,False,False,False,False,False,United States,False,,False,False,False,False,39,Ѕp؜onsored,-42.675138624542356,36.36357206811314,0,calathea rattlesnake,37,53,True,53,26.0,False
295539535288,"Rattlesnake Plant - Calathea lancifolia - Easy House Plant - 2.5"" Pot",11.99,$11.99,False,,,,True,False,hirtsgardens,99.8,202500,99.8,False,0,0,False,False,False,False,False,False,False,False,False,False,False,False,United States,False,,False,False,False,False,40,Ѕp؜onsored,-42.675138624542356,36.36357206811314,0,calathea rattlesnake,38,53,True,53,27.0,False
318541998764,Calathea Makyona Live Plant 6” Pot,24.0,$24.00,False,13.35,+$13.35 delivery,False,False,False,bronxplantlady1225,100.0,185,100.0,False,0,0,False,True,False,False,False,False,False,False,False,False,False,False,United States,False,,False,False,False,False,41,Ѕp؜onsored,-42.675138624542356,36.36357206811314,0,calathea rattlesnake,39,53,True,53,28.0,False
167863337006,"Calathea Rattlesnake | Lancifolia Prayer Plant | Live Tropical Plant in 4"" Pot",19.94,$19.94,False,0.0,Free delivery,True,False,False,stellarplants,99.1,3600,99.1,False,0,19,False,True,False,False,True,False,False,False,False,False,False,False,United States,False,,False,False,False,False,42,Ѕp؜onsored,-42.675138624542356,36.36357206811314,0,calathea rattlesnake,40,53,True,53,29.0,False
167863337008,"Calathea Rattlesnake | Lancifolia Prayer Plant | Live Tropical Plant in 6"" Pot",27.94,$27.94,False,0.0,Free delivery,True,False,False,stellarplants,99.1,3600,99.1,False,0,18,False,True,False,False,True,False,False,False,False,False,False,False,United States,False,,False,False,False,False,43,Ѕp؜onsored,-42.675138624542356,36.36357206811314,0,calathea rattlesnake,41,53,True,53,30.0,False
136996586538,"American Plant Exchange Calathea Rattlesnake - 6"" Pot Cover - Live Pet-Friendly",51.31,$51.31,False,3.0,+$3.00 delivery,False,False,False,westcoastresale,99.4,52200,99.4,False,0,0,False,False,False,False,False,False,False,False,False,False,False,False,United States,False,,False,False,False,False,44,Ѕp؜onsored,-42.675138624542356,36.36357206811314,0,calathea rattlesnake,42,53,True,53,31.0,False
145354839708,Rattlesnake Calathea - Live Plant in a 4 Inch Pot - Calathea Lancifolia,29.23,$29.23,False,0.0,Free delivery,True,False,False,wekivafoliage,97.6,2100,97.6,False,0,0,False,False,False,False,False,False,False,False,False,False,False,False,United States,False,,False,False,False,False,45,Ѕp؜onsored,-42.675138624542356,36.36357206811314,0,calathea rattlesnake,43,53,True,53,32.0,False
145357199930,Calathea Indoor Houseplant Multi-Pack - 3 Live Plants in 4 Inch Pots,51.25,$51.25,False,0.0,Free delivery,True,False,False,wekivafoliage,97.6,2100,97.6,False,0,0,False,False,False,False,False,False,False,False,False,False,False,False,United States,False,,False,False,False,False,46,Ѕp؜onsored,-42.675138624542356,36.36357206811314,0,calathea rattlesnake,44,53,True,53,33.0,False
145905389686,Calathea Burle Marx - Live Plant in a 6 Inch Pot - Calathea Burlemarmii,43.65,$43.65,False,0.0,Free delivery,True,False,False,wekivafoliage,97.6,2100,97.6,False,0,0,False,False,False,False,False,False,False,False,False,False,False,False,United States,False,,False,False,False,False,47,Ѕp؜onsored,-42.675138624542356,36.36357206811314,0,calathea rattlesnake,45,53,True,53,34.0,False
146349577175,Rattlesnake Calathea and Soil Mix Combo - Live Plant in a 4 Inch Pot Combo,34.65,$34.65,False,0.0,Free delivery,True,False,False,wekivafoliage,97.6,2100,97.6,False,0,0,False,False,False,False,False,False,False,False,False,False,False,False,United States,False,,False,False,False,False,48,Ѕp؜onsored,-42.675138624542356,36.36357206811314,0,calathea rattlesnake,46,53,True,53,35.0,False
145493111170,Calathea Musaica Network Prayer Plant - Live Plants in 4 Inch Pots,30.08,$30.08 to $96.27,True,0.0,Free delivery,True,False,False,wekivafoliage,97.6,2100,97.6,False,0,0,False,False,False,False,False,False,False,False,False,False,False,False,United States,False,,False,False,False,False,49,Ѕp؜onsored,-42.675138624542356,36.36357206811314,0,calathea rattlesnake,47,53,True,53,36.0,False
145494565815,Calathea Burle Marxii Prayer Plant - Live Plants in 4 Inch Pots,30.08,$30.08 to $88.15,True,0.0,Free delivery,True,False,False,wekivafoliage,97.6,2100,97.6,False,0,11,True,False,False,False,False,False,False,False,False,False,False,False,United States,False,,False,False,False,False,50,Ѕp؜onsored,-42.675138624542356,36.36357206811314,0,calathea rattlesnake,48,53,True,53,37.0,False
145731735982,Rattlesnake Calathea - Live Plants in 6 Inch Pots - Calathea Lancifolia,41.7,$41.70 to $143.08,True,0.0,Free delivery in 2-4 days,True,False,True,wekivafoliage,97.6,2100,97.6,False,0,0,False,False,False,False,False,False,False,False,False,False,False,False,United States,False,,False,False,False,False,51,Ѕp؜onsored,-42.675138624542356,36.36357206811314,0,calathea rattlesnake,49,53,True,53,38.0,False
145894041863,Calathea Freddie - Live Plants in 4 Inch Growers Pots - Calathea Concinna...,29.74,$29.74 to $82.70,True,0.0,Free delivery,True,False,False,wekivafoliage,97.6,2100,97.6,False,0,0,False,False,False,False,False,False,False,False,False,False,False,False,United States,False,,False,False,False,False,52,Ѕp؜onsored,-42.675138624542356,36.36357206811314,0,calathea rattlesnake,50,53,True,53,39.0,False
145894042689,Calathea Dottie - Live Plants in 4 Inch Growers Pots - Calathea Roseopicta...,29.74,$29.74 to $82.70,True,0.0,Free delivery,True,False,False,wekivafoliage,97.6,2100,97.6,False,0,0,False,False,False,False,False,False,False,False,False,False,False,False,United States,False,,False,False,False,False,53,Ѕp؜onsored,-42.675138624542356,36.36357206811314,0,calathea rattlesnake,51,53,True,53,40.0,False
147202293163,Calathea Roseopicta Prayer Plant - Live Plant in a 2 Inch Pot,20.73,$20.73 to $22.63,True,0.0,Free delivery,True,False,False,wekivafoliage,97.6,2100,97.6,False,0,0,False,False,False,False,False,False,False,False,False,False,False,False,United States,False,,False,False,False,False,54,Ѕp؜onsored,-42.675138624542356,36.36357206811314,0,calathea rattlesnake,52,53,True,53,41.0,False
147436216725,Calathea Zebrina Prayer Plant - Live Plant in a 4 Inch Pot - Calathea 'Zebrina',35.75,$35.75,False,0.0,Free delivery,True,False,False,wekivafoliage,97.6,2100,97.6,False,0,0,False,False,False,False,False,False,False,False,False,False,False,False,United States,False,,False,False,False,False,55,Ѕp؜onsored,-42.675138624542356,36.36357206811314,0,calathea rattlesnake,53,53,True,53,42.0,False
168578976239,Calathea Setosa Grey Star 4 in Live Houseplant | Prayer Plant,18.99,$18.99,False,6.99,+$6.99 delivery,False,False,False,riversidegreenhouses,100.0,4,100.0,False,0,0,False,False,False,False,False,False,False,False,False,False,False,False,United States,False,,False,False,False,False,3,Spo؜nѕored,-31.54937770802215,-28.946355670966177,0,calathea setosa,1,119,True,119,1.0,True
315342744568,"Calathea Assortment, 2 inch Set of 5, Peacock Prayer Plant Set Regal Indoor Foli",49.99,$49.99,False,5.95,+$5.95 delivery,False,False,False,bubbleblooms.shop,98.3,2500,98.3,False,0,0,False,False,False,False,True,False,False,False,False,False,False,False,United States,False,,True,True,True,True,4,Sp⁩onsorеd,0.08643611142306895,11.543204225420851,261,calathea setosa,2,119,True,119,,False
315123720896,"Calathea Assortment, 2 inch Set of 5, Peacock Prayer Plant Set Regal Indoor Foli",49.99,$49.99,False,5.95,+$5.95 delivery,False,False,False,bubbleblooms.shop,98.3,2500,98.3,False,0,0,False,True,False,False,True,False,False,False,False,False,False,False,United States,False,,True,True,True,True,5,Sp⁩onsorеd,0.08643611142306895,11.543204225420851,261,calathea setosa,3,119,True,119,,False
336022077178,Calathea Silver Plate (Pack of 2) Fascinating Leaf Movement Prayer Plant,46.0,$46.00,False,15.0,+$15.00 delivery,False,False,False,leal_plants_ecuador,96.3,151,96.3,False,0,11,False,True,False,False,True,False,True,False,False,False,False,False,United States,False,,True,True,True,True,6,Sp⁩onsorеd,0.08643611142306895,11.543204225420851,261,calathea setosa,4,119,True,119,,False
398444920471,Calathea Pinstripe Potted Indoor Houseplant Variegated Green/Purple 3.5 In Pot,16.49,$16.49,False,11.3,+$11.30 delivery,False,False,False,amanda2.0,100.0,2,100.0,False,0,0,False,False,False,False,False,False,False,False,False,False,False,False,United States,False,,False,False,False,False,7,Spo؜nѕored,-31.54937770802215,-28.946355670966177,0,calathea setosa,5,119,True,119,2.0,False
336767136897,"Calathea Ornata Plant Live - Size: 4""",21.99,$21.99,False,0.0,Free delivery,True,False,False,plants-zen,100.0,22,100.0,False,0,0,False,False,False,False,False,False,False,False,False,False,False,False,United States,False,,False,False,False,False,8,Spo؜nѕored,-31.54937770802215,-28.946355670966177,0,calathea setosa,6,119,True,119,3.0,False
314667161553,"Calathea Musaica, 4 inch Calathea Network Prayer Plant, Very Rare",24.99,$24.99,False,5.95,+$5.95 delivery,False,False,False,bubbleblooms.shop,98.3,2500,98.3,False,0,0,False,False,False,False,True,False,False,False,False,False,False,False,United States,False,,False,False,False,False,9,Spo؜nѕored,-31.54937770802215,-28.946355670966177,0,calathea setosa,7,119,True,119,4.0,False
336767136887,"Calathea Freddie Conccina Plant Live - Size: 4""",21.99,$21.99,False,0.0,Free delivery,True,False,False,plants-zen,100.0,22,100.0,False,0,0,False,False,False,False,False,False,False,False,False,False,False,False,United States,False,,False,False,False,False,10,Spo؜nѕored,-31.54937770802215,-28.946355670966177,0,calathea setosa,8,119,True,119,5.0,False
800718347943,"Calathea Roseopicta Dottie 4"" Pink Veined Prayer Plant Potted Indoor Exotic",16.5,$16.50,False,12.5,+$12.50 delivery,False,False,False,floriculture-us,100.0,381,100.0,False,0,0,False,False,False,False,False,False,False,False,False,False,False,False,United States,False,,False,False,False,False,11,Spo؜nѕored,-31.54937770802215,-28.946355670966177,0,calathea setosa,9,119,True,119,6.0,False
257263236587,"Grower'S Choice Calathea Plant in 10In. White Decor Pot, Avg. Shipping Height 2-",41.35,$41.35,False,0.0,Free delivery,True,False,False,the-digital-outlet,99.6,2400,99.6,False,0,1,False,False,False,True,False,False,True,False,False,False,False,False,United States,False,,False,False,False,False,12,Spo؜nѕored,-31.54937770802215,-28.946355670966177,0,calathea setosa,10,119,True,119,7.0,False
318598160650,Calathea 'Ornata',44.99,$44.99 to $89.99,True,9.8,+$9.80 delivery,False,False,False,ks_plants,100.0,68,100.0,False,0,0,False,False,False,True,False,False,False,False,False,False,False,False,United States,False,,False,False,False,False,13,Spo؜nѕored,-31.54937770802215,-28.946355670966177,0,calathea setosa,11,119,True,119,8.0,False
315342723644,"Calathea Stella, 4 inch, Rare Variegated Prayer Plant, Cathedral Plant, Green an",29.99,$29.99,False,5.95,+$5.95 delivery,False,False,False,bubbleblooms.shop,98.3,2500,98.3,False,0,0,False,False,False,False,True,False,False,False,False,False,False,False,United States,False,,False,False,False,False,14,Spo؜nѕored,-31.54937770802215,-28.946355670966177,0,calathea setosa,12,119,True,119,9.0,False
315342714375,"Calathea Makoyana, Peacock Plant, 4 inch Pot, Cathedral Calathea, Prayer Plant",19.99,$19.99,False,5.95,+$5.95 delivery,False,False,False,bubbleblooms.shop,98.3,2500,98.3,False,0,0,False,False,False,False,True,False,False,False,False,False,False,False,United States,False,,True,True,True,True,15,Sp⁩onsorеd,0.08643611142306895,11.543204225420851,261,calathea setosa,13,119,True,119,,False
398113399498,Costa Farms Calathea Live Plants In Decorative Pot Large Indoor Houseplant,144.98,$144.98,False,0.0,Free delivery,True,False,False,betterhomegoods-1,98.6,135,98.6,False,0,0,False,False,False,True,False,False,True,False,False,False,False,False,United States,False,,True,True,True,True,16,Sp⁩onsorеd,0.08643611142306895,11.543204225420851,261,calathea setosa,14,119,True,119,,False
314667165160,"Calathea Stella, 4 inch, Rare Variegated Prayer Plant, Cathedral Plant, Green an",29.99,$29.99,False,5.95,+$5.95 delivery,False,False,False,bubbleblooms.shop,98.3,2500,98.3,False,0,0,False,True,False,False,True,False,False,False,False,False,False,False,United States,False,,True,True,True,True,17,Sp⁩onsorеd,0.08643611142306895,11.543204225420851,261,calathea setosa,15,119,True,119,,False
357584677258,Calathea Orbifolia “Rare” houseplants 6”,13.99,$13.99,False,10.11,+$10.11 delivery,False,False,False,liams54,0.0,28,,True,0,11,False,True,False,False,False,False,False,False,False,False,False,False,United States,False,,True,True,True,True,18,Sp⁩onsorеd,0.08643611142306895,11.543204225420851,261,calathea setosa,16,119,True,119,,False
168537940622,Calathea 'Peacock Plant',18.99,$18.99,False,10.79,+$10.79 delivery,False,False,False,snakerootbotanicals,98.3,57,98.3,False,0,6,True,False,False,False,False,False,False,False,False,False,False,False,United States,False,,False,False,False,False,19,Spo؜nѕored,-31.54937770802215,-28.946355670966177,0,calathea setosa,17,119,True,119,10.0,False
398429303583,Stromanthe Triostar Large Leaf Tropical Plant Calathea in 3 inch pot,13.0,$13.00,False,7.14,+$7.14 delivery,False,False,False,loste_64,100.0,67,100.0,False,0,0,False,True,False,False,False,False,False,False,False,False,False,False,United States,False,,False,False,False,False,20,Spo؜nѕored,-31.54937770802215,-28.946355670966177,0,calathea setosa,18,119,True,119,11.0,False
267735248982,6 In. Calathea Roseopicta Rose Painted Calathea Live Purple House Plant Pot,33.17,$33.17,False,0.0,Free delivery,True,False,False,ardour,100.0,1400,100.0,False,0,0,False,False,False,True,False,False,False,False,False,False,False,False,United States,False,,False,False,False,False,21,Spo؜nѕored,-31.54937770802215,-28.946355670966177,0,calathea setosa,19,119,True,119,12.0,False
336767136909,"Calathea Freddie Conccina Plant Live - Size: 6""",32.99,$32.99,False,0.0,Free delivery,True,False,False,plants-zen,100.0,22,100.0,False,0,0,False,False,False,False,False,False,False,False,False,False,False,False,United States,False,,False,False,False,False,22,Spo؜nѕored,-31.54937770802215,-28.946355670966177,0,calathea setosa,20,119,True,119,13.0,False
407109082584,"🪴 Calathea makoyana/Prayer Plant peacock Calathea 4"" pot 🪴",21.0,$21.00,False,10.88,+$10.88 delivery,False,False,False,theplantry,100.0,129,100.0,False,0,0,False,True,False,False,False,False,False,False,False,False,False,False,United States,False,,False,False,False,False,23,Spo؜nѕored,-31.54937770802215,-28.946355670966177,0,calathea setosa,21,119,True,119,14.0,False
317768215661,Calathea Rufibarba 'Furry Feather' | Live Plant for Indoor & Outdoor,34.99,$34.99 to $52.99,True,9.8,+$9.80 delivery,False,False,False,ks_plants,100.0,68,100.0,False,0,0,False,False,False,False,False,False,False,False,False,False,False,False,United States,False,,False,False,False,False,24,Spo؜nѕored,-31.54937770802215,-28.946355670966177,0,calathea setosa,22,119,True,119,15.0,False
236149756244,Calathea Yellow Fusion,10.0,$10.00,False,6.1,+$6.10 delivery,False,False,False,morgacharrie0,100.0,62,100.0,False,0,3,False,True,False,False,False,False,False,False,False,False,False,False,United States,False,,False,False,False,False,25,Spo؜nѕored,-31.54937770802215,-28.946355670966177,0,calathea setosa,23,119,True,119,16.0,False
366685995805,"Calathea Ornata Pinstripe 6"" Pot - Pet-Friendly Tropical Houseplant",46.07,$46.07,False,0.0,Free delivery,True,False,False,spcell0,100.0,18,100.0,False,0,0,False,False,False,False,False,False,False,False,False,False,False,False,United States,False,,False,False,False,False,26,Spo؜nѕored,-31.54937770802215,-28.946355670966177,0,calathea setosa,24,119,True,119,17.0,False
800718247715,"Calathea Roseopicta Dottie 4"" Pink Veined Prayer Plant Potted Indoor Exotic Ho",13.5,$13.50,False,12.5,+$12.50 delivery,False,False,False,floriculture-us,100.0,381,100.0,False,0,0,False,False,False,False,False,False,False,False,False,False,False,False,United States,False,,False,False,False,False,27,Spo؜nѕored,-31.54937770802215,-28.946355670966177,0,calathea setosa,25,119,True,119,18.0,False
800722583848,"Calathea (Goeppertia) Lancifolia 'Insignis' 4"" Rattlesnake Prayer Plant",16.5,$16.50,False,12.5,+$12.50 delivery,False,False,False,floriculture-us,100.0,381,100.0,False,0,0,False,False,False,False,False,False,False,False,False,False,False,False,United States,False,,False,False,False,False,28,Spo؜nѕored,-31.54937770802215,-28.946355670966177,0,calathea setosa,26,119,True,119,19.0,False
375374241024,"Calathea Pin Prayer Stripe Ornata Extremely Easy Grow Indoor Live Plant 2.5"" Pot",15.95,$15.95,False,11.95,+$11.95 delivery,False,False,False,gardenshops,98.9,5900,98.9,False,0,0,False,False,False,True,False,False,False,False,False,False,False,False,United States,False,,False,False,False,False,29,Spo؜nѕored,-31.54937770802215,-28.946355670966177,0,calathea setosa,27,119,True,119,20.0,False
800603439343,Zebrina Calathea Plant,65.0,$65.00,False,8.27,+$8.27 delivery,False,False,False,louv-64,0.0,0,,True,0,0,False,False,False,False,False,False,False,False,False,False,False,False,United States,False,,False,False,False,False,30,Spo؜nѕored,-31.54937770802215,-28.946355670966177,0,calathea setosa,28,119,True,119,21.0,False
358595848067,Calathea Zebrina 2 Pack Live Tropical Houseplants Easy Care 6 Inch Pots,31.2,$31.20 to $44.80,True,0.0,Free delivery,True,False,False,vero-413641,99.4,159,99.4,False,0,0,False,False,False,False,False,False,False,False,False,False,False,False,United States,False,,True,True,True,True,31,Sp⁩onsorеd,0.08643611142306895,11.543204225420851,261,calathea setosa,29,119,True,119,,False
198115131028,"Purple Prayer Plant (Calathea Roseopicta) in 6"" Grower Pot, Pet Friendly Hous...",36.72,$36.72,False,9.99,+$9.99 delivery in 2-4 days,False,False,True,niashay,99.8,7600,99.8,False,0,0,False,False,False,True,False,False,False,False,False,False,False,False,United States,False,,True,True,True,True,32,Sp⁩onsorеd,0.08643611142306895,11.543204225420851,261,calathea setosa,30,119,True,119,,False
365685787672,Calathea medallion Variegated Yellow Real Picture Rare Plant,225.0,$225.00,False,35.0,+$35.00 delivery,False,False,False,allazifi,66.7,6,66.7,False,0,0,False,True,False,False,False,False,False,True,False,False,False,False,Indonesia,True,Brand New,True,True,True,True,33,Sp⁩onsorеd,0.08643611142306895,11.543204225420851,261,calathea setosa,31,119,True,119,,False
314667131671,"Calathea Lancifolia, Rattlesnake, Prayer Plant, Rattle Snake, 4 inch Pot",24.99,$24.99,False,5.95,+$5.95 delivery,False,False,False,bubbleblooms.shop,98.3,2500,98.3,False,0,0,False,False,False,False,True,False,False,False,False,False,False,False,United States,False,,True,True,True,True,34,Sp⁩onsorеd,0.08643611142306895,11.543204225420851,261,calathea setosa,32,119,True,119,,False
298728621505,Stunning Calathea Plant: Non-Toxic Prayer Plant for Indoor & Outdoor Decor,33.99,$33.99,False,0.0,Free delivery,True,False,False,beach_4525,100.0,718,100.0,False,0,0,False,True,False,True,False,False,False,False,False,False,False,False,United States,False,,False,False,False,False,35,Spo؜nѕored,-31.54937770802215,-28.946355670966177,0,calathea setosa,33,119,True,119,22.0,False
168211756606,Calathea Zebrina Small Starter Plants With Active Growth Striking Foliage,12.0,$12.00,False,12.0,+$12.00 delivery,False,False,False,freshrootscollective,100.0,5,100.0,False,0,0,False,True,False,False,False,False,False,False,False,False,False,False,United States,False,,False,False,False,False,36,Spo؜nѕored,-31.54937770802215,-28.946355670966177,0,calathea setosa,34,119,True,119,23.0,False
157939267433,Calathea Ortnata Rare Pinstriped Plant,15.0,$15.00,False,9.0,+$9.00 delivery,False,False,False,irvin-sophi,97.2,1800,97.2,False,0,0,False,True,False,False,False,False,False,False,False,False,False,False,United States,False,,False,False,False,False,37,Spo؜nѕored,-31.54937770802215,-28.946355670966177,0,calathea setosa,35,119,True,119,24.0,False
407218893226,Calathea Pinstripe Prayer Plant,69.0,$69.00,False,16.17,+$16.17 delivery,False,False,False,mro-9877,0.0,0,,True,0,0,False,False,False,False,False,False,False,False,False,False,False,False,United States,False,,False,False,False,False,38,Spo؜nѕored,-31.54937770802215,-28.946355670966177,0,calathea setosa,36,119,True,119,25.0,False
185819077202,calathea makoyana peacock plant,24.99,$24.99,False,0.0,Free delivery,True,False,False,succulentsandcactus,99.3,2400,99.3,False,0,0,False,False,False,False,False,False,False,False,False,False,False,False,United States,False,,False,False,False,False,39,Spo؜nѕored,-31.54937770802215,-28.946355670966177,0,calathea setosa,37,119,True,119,26.0,False
800722873465,"Calathea Orbifolia 4"" Round Leaf Prayer Plant Goeppertia",16.5,$16.50,False,12.5,+$12.50 delivery,False,False,False,floriculture-us,100.0,381,100.0,False,0,0,False,False,False,False,False,False,False,False,False,False,False,False,United States,False,,False,False,False,False,40,Spo؜nѕored,-31.54937770802215,-28.946355670966177,0,calathea setosa,38,119,True,119,27.0,False
314667161159,"Calathea Makoyana, Peacock Plant, 4 inch Pot, Cathedral Calathea, Prayer Plant",23.79,$23.79,False,5.95,+$5.95 delivery,False,False,False,bubbleblooms.shop,98.3,2500,98.3,False,0,0,False,True,False,False,True,False,False,False,False,False,False,False,United States,False,,True,True,True,True,41,Sp⁩onsorеd,0.08643611142306895,11.543204225420851,261,calathea setosa,39,119,True,119,,False
375591899058,Prayer Plant Calathea Makoyana Live Unique Leaf Movements 6 In Pot 14-17 In Tall,95.95,$95.95,False,100.0,+$100.00 delivery,False,False,False,greeenlife,98.4,1600,98.4,False,0,0,False,True,False,False,True,False,False,False,False,False,False,False,United States,False,,True,True,True,True,42,Sp⁩onsorеd,0.08643611142306895,11.543204225420851,261,calathea setosa,40,119,True,119,,False
407100951402,Calathea Freddie and Soil Mix Combo-Live Plant in a 4 In. Pot with 1 Qt. Housepl,59.13,$59.13,False,0.0,Free delivery,True,False,False,the_internet_shop,99.5,6000,99.5,False,0,0,False,False,False,True,False,False,False,False,False,False,False,False,United States,False,,False,False,False,False,43,Spo؜nѕored,-31.54937770802215,-28.946355670966177,0,calathea setosa,41,119,True,119,28.0,False
185265417773,"Calathea Setosa 6"" Planthouse / Planta de Hogar",20.0,$20.00,False,14.0,+$14.00 delivery,False,False,False,ecopla_61,0.0,2,,True,0,0,False,True,False,False,False,False,False,False,False,False,False,False,United States,False,,False,False,False,False,44,Spo؜nѕored,-31.54937770802215,-28.946355670966177,0,calathea setosa,42,119,True,119,29.0,False
115479538341,"Calathea rufibarba, Furry Feather Calathea, Rooted Plant Shipped in 4” Pot",14.0,$14.00,False,12.0,+$12.00 delivery,False,False,False,lada.tropical.plants,100.0,3500,100.0,False,0,25,False,False,False,False,False,False,False,False,False,False,False,False,United States,False,,False,False,False,False,45,Spo؜nѕored,-31.54937770802215,-28.946355670966177,0,calathea setosa,43,119,True,119,30.0,False
185819076665,"Calathea makoyana/Prayer Plant peacock Calathea 4"" pot",29.99,$29.99,False,0.0,Free delivery,True,False,False,succulentsandcactus,99.3,2400,99.3,False,0,0,False,False,False,False,False,False,False,False,False,False,False,False,United States,False,,False,False,False,False,46,Spo؜nѕored,-31.54937770802215,-28.946355670966177,0,calathea setosa,44,119,True,119,31.0,False
256559242483,"NWT Calathea Orbifolia Leaf on Stem (Peacock Plant) - 30.50"" Tall (9"" Lear)",4.5,$4.50,False,9.7,+$9.70 delivery,False,False,False,rita7878rita,100.0,2400,100.0,False,0,0,False,False,False,False,False,False,False,False,False,False,False,False,United States,False,Brand New,False,False,False,False,47,Spo؜nѕored,-31.54937770802215,-28.946355670966177,0,calathea setosa,45,119,True,119,32.0,False
147596281060,"Calathea 'Vittata’ - 4"" pot",25.0,$25.00,False,0.0,Free delivery,True,False,False,landofalice_plants,100.0,3,100.0,False,0,0,False,False,False,False,False,False,False,False,False,False,False,False,United States,False,Brand New,False,False,False,False,48,Spo؜nѕored,-31.54937770802215,-28.946355670966177,0,calathea setosa,46,119,True,119,33.0,False
398352839378,Beautiful Calathea Plant with Striking Leaf Patterns,85.0,$85.00,False,139.86,+$139.86 delivery,False,False,False,aries_3184,0.0,0,,True,0,0,False,False,False,False,False,False,False,False,False,False,False,False,United States,False,,False,False,False,False,49,Spo؜nѕored,-31.54937770802215,-28.946355670966177,0,calathea setosa,47,119,True,119,34.0,False
377290370217,"Calathea lancifolia Rattlesnake Plant Easy Home Plant 2.5"" Pot",15.95,$15.95,False,11.95,+$11.95 delivery,False,False,False,gardenshops,98.9,5900,98.9,False,0,0,False,False,False,True,False,False,False,False,False,False,False,False,United States,False,,False,False,False,False,50,Spo؜nѕored,-31.54937770802215,-28.946355670966177,0,calathea setosa,48,119,True,119,35.0,False
800405385561,Calathea Makoyana Peacock Prayer Plant,25.0,$25.00,False,10.5,+$10.50 delivery in 2-4 days,False,False,True,theaestheticplants,0.0,0,,True,0,0,False,False,False,False,False,False,False,False,False,False,False,False,United States,False,,False,False,False,False,51,Spo؜nѕored,-31.54937770802215,-28.946355670966177,0,calathea setosa,49,119,True,119,36.0,False
203497672622,Calathea Orbifolia “Rare” houseplants 6”,18.0,$18.00,False,13.7,+$13.70 delivery,False,False,False,ellasgarden,100.0,438,100.0,False,0,11,False,True,False,False,False,False,False,False,False,False,False,False,United States,False,,False,False,False,False,52,Spo؜nѕored,-31.54937770802215,-28.946355670966177,0,calathea setosa,50,119,True,119,37.0,False
336022121574,Calathea Ornata Sanderiana (Pack of 2) Live Green Prayer Plant,37.0,$37.00,False,15.0,+$15.00 delivery,False,False,False,leal_plants_ecuador,96.3,151,96.3,False,0,0,False,True,False,False,True,False,False,False,False,False,False,False,United States,False,,False,False,False,False,53,Spo؜nѕored,-31.54937770802215,-28.946355670966177,0,calathea setosa,51,119,True,119,38.0,False
318434221793,"Purple Prayer Plant (Calathea Roseopicta) in 6"" Grower Pot, Pet Friendly Hous...",44.72,$44.72,False,0.0,Free delivery,True,False,False,yu_792424,99.0,400,99.0,False,0,0,False,False,False,True,False,False,False,False,False,False,False,False,United States,False,,False,False,False,False,54,Spo؜nѕored,-31.54937770802215,-28.946355670966177,0,calathea setosa,52,119,True,119,39.0,False
394149194737,Calathea PinkStripe~Pink Stripe Calathea plant 12 inches tall ~ USA SELLER,24.0,$24.00,False,6.99,+$6.99 delivery,False,False,False,kunjmat_42,96.8,696,96.8,False,0,2,False,False,False,False,False,False,False,False,False,False,False,False,United States,False,,False,False,False,False,55,Spo؜nѕored,-31.54937770802215,-28.946355670966177,0,calathea setosa,53,119,True,119,40.0,False
375379472021,"Calathea Prayer Mini Tropical Gay Feathers Easy Grow Indoors Live Plant 2.5"" Pot",14.95,$14.95,False,8.95,+$8.95 delivery,False,False,False,gardenshops,98.9,5900,98.9,False,0,3,False,False,False,True,False,False,False,False,False,False,False,False,United States,False,,False,False,False,False,56,Spo؜nѕored,-31.54937770802215,-28.946355670966177,0,calathea setosa,54,119,True,119,41.0,False
297615465918,"Rare Mosaic Prayer Plant - Network Calathea - Calathea mosaicca - 4"" Pot",19.99,$19.99,False,39.0,+$39.00 delivery,False,False,False,hirtsgardens,99.8,202500,99.8,False,0,0,False,False,False,False,False,False,False,False,False,False,False,False,United States,False,,False,False,False,False,57,Spo؜nѕored,-31.54937770802215,-28.946355670966177,0,calathea setosa,55,119,True,119,42.0,False
396520794345,"Golden Mosaic Plant Calathea Pilosa Rare Prayer Plant Family In 4"" Pot Size",28.0,$28.00,False,6.99,+$6.99 delivery,False,False,False,kunjmat_42,96.8,696,96.8,False,0,6,False,False,False,False,False,False,False,False,False,False,False,False,United States,False,,False,False,False,False,58,Spo؜nѕored,-31.54937770802215,-28.946355670966177,0,calathea setosa,56,119,True,119,43.0,False
327267127791,LIVE PLANT 2ft Calathea loeseneri Goeppertia Brazilian Star,59.0,$59.00 to $81.00,True,29.0,+$29.00 delivery,False,False,False,veronique.be.unique,96.9,2200,96.9,False,0,0,False,False,False,False,True,False,False,False,False,False,False,False,United States,False,,False,False,False,False,59,Spo؜nѕored,-31.54937770802215,-28.946355670966177,0,calathea setosa,57,119,True,119,44.0,False
227010272757,LIVE PLANT Calathea majestica Goeppertia 1ft,39.0,$39.00,False,29.0,+$29.00 delivery,False,False,False,veronique.be.unique,96.9,2200,96.9,False,0,0,False,False,False,False,False,False,False,False,False,False,False,False,United States,False,Brand New,False,False,False,False,60,Spo؜nѕored,-31.54937770802215,-28.946355670966177,0,calathea setosa,58,119,True,119,45.0,False
236441220529,Stromanthe Triostar Large Leaf Tropical Plant Calathea in 4 inch pot,9.95,$9.95,False,18.95,+$18.95 delivery,False,False,False,mdlj2567,98.9,8400,98.9,False,0,0,False,False,False,False,False,False,False,False,False,False,False,False,United States,False,,False,False,False,False,61,Spo؜nѕored,-31.54937770802215,-28.946355670966177,0,calathea setosa,59,119,True,119,46.0,False
820107545594,"Vickerman 16"" Calathea Roseopicta in Black Pot. This is an aritifical Plant in",41.71,$41.71,False,0.0,Free delivery,True,False,False,awwesales,99.2,1500,99.2,False,0,0,False,False,False,False,False,False,False,False,False,False,False,False,United States,False,Brand New,False,False,False,False,62,Spo؜nѕored,-31.54937770802215,-28.946355670966177,0,calathea setosa,60,119,True,119,47.0,False
236521843313,"Calathea Dottie Mad Happenings Tropical Plant 4"" pot",11.95,$11.95,False,23.55,+$23.55 delivery,False,False,False,mdlj2567,98.9,8400,98.9,False,0,0,False,False,False,False,False,False,False,False,False,False,False,False,United States,False,,False,False,False,False,63,Spo؜nѕored,-31.54937770802215,-28.946355670966177,0,calathea setosa,61,119,True,119,48.0,False
186833042211,Calathea stromanthe Decor Plant,15.0,$15.00,False,10.67,+$10.67 delivery,False,False,False,luntiftiffa,100.0,254,100.0,False,0,0,False,False,False,False,False,False,False,False,False,False,False,False,United States,False,,False,False,False,False,64,Spo؜nѕored,-31.54937770802215,-28.946355670966177,0,calathea setosa,62,119,True,119,49.0,False
307205766937,Costa Farms Calathea Live Indoor Plant Easy Care,138.02,$138.02,False,0.0,Free delivery,True,False,False,makingyourstatements,98.4,1000,98.4,False,0,0,False,False,False,False,False,True,False,False,False,False,False,False,United States,False,,False,False,False,False,65,Spo؜nѕored,-31.54937770802215,-28.946355670966177,0,calathea setosa,63,119,True,119,50.0,False
147523040475,"Calathea makoyana / peacock plant - 4"" pot",25.5,$25.50,False,0.0,Free delivery,True,False,False,landofalice_plants,100.0,3,100.0,False,0,0,False,False,False,False,False,False,False,False,False,False,False,False,United States,False,Brand New,False,False,False,False,66,Spo؜nѕored,-31.54937770802215,-28.946355670966177,0,calathea setosa,64,119,True,119,51.0,False
197786397102,Calathea Orbifolia Free Phytosanitary,31.0,$31.00,False,33.0,+$33.00 delivery,False,False,False,beautyroot,91.7,17,91.7,False,0,0,False,True,False,False,False,False,False,True,False,False,False,False,Indonesia,True,,False,False,False,False,67,Spo؜nѕored,-31.54937770802215,-28.946355670966177,0,calathea setosa,65,119,True,119,52.0,False
185262851434,Calathea Ornata 6' House plant,24.0,$24.00,False,12.0,+$12.00 delivery,False,False,False,ecopla_61,0.0,2,,True,0,0,False,True,False,False,False,False,False,False,False,False,False,False,United States,False,,False,False,False,False,68,Spo؜nѕored,-31.54937770802215,-28.946355670966177,0,calathea setosa,66,119,True,119,53.0,False
304461798605,"Calathea ‘Rattle Snake' Prayer plant comes w/ Self Watering Pot 5""W x 5""H",19.0,$19.00,False,28.1,+$28.10 delivery,False,False,False,krc712,0.0,1000,,True,0,0,False,False,False,False,False,False,False,False,False,False,False,False,United States,False,,False,False,False,False,69,Spo؜nѕored,-31.54937770802215,-28.946355670966177,0,calathea setosa,67,119,True,119,54.0,False
298659898034,"Vickerman 16"" Calathea Roseopicta in Black Pot. This is an aritifical Plant in",41.71,$41.71,False,0.0,Free delivery,True,False,False,sell_blocker,99.8,2000,99.8,False,0,0,False,False,False,False,True,False,False,False,False,False,False,False,United States,False,Brand New,False,False,False,False,70,Spo؜nѕored,-31.54937770802215,-28.946355670966177,0,calathea setosa,68,119,True,119,55.0,False
168061517387,Calathea Silver Ornamental Plant,30.0,$30.00,False,39.0,+$39.00 delivery,False,False,False,rainbowxtropical,100.0,3,100.0,False,0,0,False,False,False,False,False,False,False,True,False,False,False,False,Indonesia,True,Brand New,False,False,False,False,71,Spo؜nѕored,-31.54937770802215,-28.946355670966177,0,calathea setosa,69,119,True,119,56.0,False
168061505444,Calathea Leuconeura Ornamental Plant,20.0,$20.00,False,39.0,+$39.00 delivery,False,False,False,rainbowxtropical,100.0,3,100.0,False,0,0,False,False,False,False,False,False,False,True,False,False,False,False,Indonesia,True,Brand New,False,False,False,False,72,Spo؜nѕored,-31.54937770802215,-28.946355670966177,0,calathea setosa,70,119,True,119,57.0,False
168061521746,Calathea White Fusion Ornamental Plant,30.0,$30.00,False,39.0,+$39.00 delivery,False,False,False,rainbowxtropical,100.0,3,100.0,False,0,0,False,False,False,False,False,False,False,True,False,False,False,False,Indonesia,True,Brand New,False,False,False,False,73,Spo؜nѕored,-31.54937770802215,-28.946355670966177,0,calathea setosa,71,119,True,119,58.0,False
820058548441,Calathea Angela Live Rare Tropical Prayer Rare Calathea Houseplant Ornamental,40.91,$40.91,False,45.0,+$45.00 delivery,False,False,False,jovans6669,100.0,4,100.0,False,0,0,False,False,False,False,False,False,False,True,False,False,False,False,Indonesia,True,Brand New,False,False,False,False,74,Spo؜nѕored,-31.54937770802215,-28.946355670966177,0,calathea setosa,72,119,True,119,59.0,False
168061504394,Calathea Crimson Ornamental Plant,30.0,$30.00,False,39.0,+$39.00 delivery,False,False,False,rainbowxtropical,100.0,3,100.0,False,0,0,False,False,False,False,False,False,False,True,False,False,False,False,Indonesia,True,Brand New,False,False,False,False,75,Spo؜nѕored,-31.54937770802215,-28.946355670966177,0,calathea setosa,73,119,True,119,60.0,False
168061520325,Calathea Triostar Ornamental Plant,30.0,$30.00,False,39.0,+$39.00 delivery,False,False,False,rainbowxtropical,100.0,3,100.0,False,0,0,False,False,False,False,False,False,False,True,False,False,False,False,Indonesia,True,Brand New,False,False,False,False,76,Spo؜nѕored,-31.54937770802215,-28.946355670966177,0,calathea setosa,74,119,True,119,61.0,False
168061510655,Calathea Merak Ornamental Plant,30.0,$30.00,False,39.0,+$39.00 delivery,False,False,False,rainbowxtropical,100.0,3,100.0,False,0,0,False,False,False,False,False,False,False,True,False,False,False,False,Indonesia,True,Brand New,False,False,False,False,77,Spo؜nѕored,-31.54937770802215,-28.946355670966177,0,calathea setosa,75,119,True,119,62.0,False
168061507721,Calathea Leuconeura Ornamental Plant,30.0,$30.00,False,39.0,+$39.00 delivery,False,False,False,rainbowxtropical,100.0,3,100.0,False,0,0,False,False,False,False,False,False,False,True,False,False,False,False,Indonesia,True,Brand New,False,False,False,False,78,Spo؜nѕored,-31.54937770802215,-28.946355670966177,0,calathea setosa,76,119,True,119,63.0,False
168061515099,Calathea Ornata Ornamental Plant,30.0,$30.00,False,39.0,+$39.00 delivery,False,False,False,rainbowxtropical,100.0,3,100.0,False,0,0,False,False,False,False,False,False,False,True,False,False,False,False,Indonesia,True,Brand New,False,False,False,False,79,Spo؜nѕored,-31.54937770802215,-28.946355670966177,0,calathea setosa,77,119,True,119,64.0,False
167860758211,"Calathea Burle Marxii | Fishbone Prayer Plant | Live Easy Care in 6"" Pot",26.88,$26.88,False,0.0,Free delivery,True,False,False,stellarplants,99.1,3600,99.1,False,0,0,False,True,False,False,True,False,False,False,False,False,False,False,United States,False,,False,False,False,False,80,Spo؜nѕored,-31.54937770802215,-28.946355670966177,0,calathea setosa,78,119,True,119,65.0,False
167866803950,"Calathea Burle Marxii | Fishbone Prayer Plant | Live Easy Care in 4""Pot",21.94,$21.94,False,0.0,Free delivery,True,False,False,stellarplants,99.1,3600,99.1,False,0,0,False,True,False,False,True,False,False,False,False,False,False,False,United States,False,,False,False,False,False,81,Spo؜nѕored,-31.54937770802215,-28.946355670966177,0,calathea setosa,79,119,True,119,66.0,False
168061509421,Calathea Medalion Ornamental Plant,30.0,$30.00,False,39.0,+$39.00 delivery,False,False,False,rainbowxtropical,100.0,3,100.0,False,0,0,False,False,False,False,False,False,False,True,False,False,False,False,Indonesia,True,Brand New,False,False,False,False,82,Spo؜nѕored,-31.54937770802215,-28.946355670966177,0,calathea setosa,80,119,True,119,67.0,False
178535484144,16 in Calathea Veitchiana in Black Pot,39.85,$39.85,False,0.0,Free delivery,True,False,False,virventures,98.3,10400,98.3,False,0,0,False,False,False,False,False,False,False,False,False,False,False,False,United States,False,Brand New,False,False,False,False,83,Spo؜nѕored,-31.54937770802215,-28.946355670966177,0,calathea setosa,81,119,True,119,68.0,False
178535484146,16 in Calathea Roseopicta in Black Pot,40.31,$40.31,False,0.0,Free delivery,True,False,False,virventures,98.3,10400,98.3,False,0,0,False,False,False,False,False,False,False,False,False,False,False,False,United States,False,Brand New,False,False,False,False,84,Spo؜nѕored,-31.54937770802215,-28.946355670966177,0,calathea setosa,82,119,True,119,69.0,False
137004764696,"American Plant Exchange Calathea 'Beauty Star' 6"" Pot – Pet-Friendly Live Plant",52.75,$52.75,False,3.0,+$3.00 delivery,False,False,False,westcoastresale,99.4,52200,99.4,False,0,0,False,False,False,False,False,False,False,False,False,False,False,False,United States,False,,False,False,False,False,85,Spo؜nѕored,-31.54937770802215,-28.946355670966177,0,calathea setosa,83,119,True,119,70.0,False
296985174431,Calathea Freddie Indoor Live Houseplant Easy Care Prayer Plant Decorative Foliag,38.67,$38.67,False,0.0,Free delivery,True,False,False,divineroots,96.8,853,96.8,False,0,11,True,False,False,True,False,False,False,False,False,False,False,False,United States,False,,False,False,False,False,86,Spo؜nѕored,-31.54937770802215,-28.946355670966177,0,calathea setosa,84,119,True,119,71.0,False
178164620989,Calathea Prayer Plant Variegated Broadleaf Live Cutting in Glass Jar,19.94,$19.94,False,,,,True,False,ddmwc-3,0.0,0,,True,0,0,False,True,False,False,False,False,False,False,False,False,False,False,United States,False,,False,False,False,False,87,Spo؜nѕored,-31.54937770802215,-28.946355670966177,0,calathea setosa,85,119,True,119,72.0,False
166931678190,"Maranta Silver Band Prayer Plant Rare Calathea In 4"" Pot Purple White Bloom",11.95,$11.95,False,7.05,+$7.05 delivery,False,False,False,nukemhi,99.1,2600,99.1,False,0,8,False,False,False,False,False,False,True,False,False,False,False,False,United States,False,,False,False,False,False,88,Spo؜nѕored,-31.54937770802215,-28.946355670966177,0,calathea setosa,86,119,True,119,73.0,False
800472743946,"Calathea Dottie Live Plant, 6 In. Grower Pot",81.65,$81.65$90.72,False,0.0,Free delivery,True,False,False,theplantbrothers,91.7,17,91.7,False,0,0,False,True,False,False,False,False,False,False,False,False,False,False,United States,False,,False,False,False,False,89,Spo؜nѕored,-31.54937770802215,-28.946355670966177,0,calathea setosa,87,119,True,119,74.0,False
305570163975,Wholesale 5x Plant Calathea Princess Jessie Free Phytosanitary Certificate,180.0,$180.00,False,64.0,+$64.00 delivery,False,False,False,praso8543,0.0,0,,True,0,0,False,True,False,False,False,False,False,True,False,False,False,False,Indonesia,True,,False,False,False,False,90,Spo؜nѕored,-31.54937770802215,-28.946355670966177,0,calathea setosa,88,119,True,119,75.0,False
305641867168,1x Plant Calathea Princess Jessie Free Phytosanitary Certificate,36.0,$36.00,False,64.0,+$64.00 delivery,False,False,False,praso8543,0.0,0,,True,0,0,False,True,False,False,False,False,False,True,False,False,False,False,Indonesia,True,,False,False,False,False,91,Spo؜nѕored,-31.54937770802215,-28.946355670966177,0,calathea setosa,89,119,True,119,76.0,False
377066485691,"Costa Farms Calathea Live Plant in Decorative Pot, Large Indoor Houseplant, Perf",88.49,$88.49,False,34.84,+$34.84 delivery,False,False,False,ricto_5445,96.9,97,96.9,False,0,0,False,False,False,False,False,False,False,False,False,False,False,False,United States,False,,False,False,False,False,92,Spo؜nѕored,-31.54937770802215,-28.946355670966177,0,calathea setosa,90,119,True,119,77.0,False
305570154479,Wholesale 4x Plant Calathea Crimson Free Phytosanitary Certificate,150.0,$150.00,False,64.0,+$64.00 delivery,False,False,False,praso8543,0.0,0,,True,0,0,False,True,False,False,False,False,False,True,False,False,False,False,Indonesia,True,,False,False,False,False,93,Spo؜nѕored,-31.54937770802215,-28.946355670966177,0,calathea setosa,91,119,True,119,78.0,False
188819900363,"Costa Farms Calathea, Live Indoor Plant, Easy Care, Home Decor",125.58,$125.58,False,0.0,Free delivery,True,False,False,greatestmerch4u,98.5,172,98.5,False,0,0,False,False,False,True,False,False,False,False,False,False,False,False,United States,False,,False,False,False,False,94,Spo؜nѕored,-31.54937770802215,-28.946355670966177,0,calathea setosa,92,119,True,119,79.0,False
128006565856,"Calathea Roseopicta Dottie Rare Variegated Live Plant Houseplant 4"" Pot",54.99,$54.99,False,0.0,Free delivery,True,False,False,nocturnalgardens,100.0,98,100.0,False,0,0,False,False,False,False,False,False,False,False,False,False,False,False,United States,False,,False,False,False,False,95,Spo؜nѕored,-31.54937770802215,-28.946355670966177,0,calathea setosa,93,119,True,119,80.0,False
306845947049,"Costa Farms Calathea Live Plant in Decorative Pot, Large Indoor Houseplant, Perf",80.73,$80.73,False,0.0,Free delivery,True,False,False,sumaqls,99.0,202,99.0,False,0,0,False,False,False,True,False,False,False,False,False,False,False,False,United States,False,,False,False,False,False,96,Spo؜nѕored,-31.54937770802215,-28.946355670966177,0,calathea setosa,94,119,True,119,81.0,False
236914920583,Costa Farms Calathea Live Plants In Decorative Pot Large Indoor Houseplant,114.39,$114.39,False,0.0,Free delivery,True,False,False,honeyha_95,100.0,85,100.0,False,0,0,False,False,False,True,False,False,False,False,False,False,False,False,United States,False,,False,False,False,False,97,Spo؜nѕored,-31.54937770802215,-28.946355670966177,0,calathea setosa,95,119,True,119,82.0,False
366516741674,"Costa Farms Calathea Live Plant in Decorative Pot, Large Indoor Houseplant, Perf",80.29,$80.29,False,0.0,Free delivery,True,False,False,multisales555,98.0,191,98.0,False,0,0,False,False,False,True,False,False,False,False,False,False,False,False,United States,False,,False,False,False,False,98,Spo؜nѕored,-31.54937770802215,-28.946355670966177,0,calathea setosa,96,119,True,119,83.0,False
146349587573,Calathea Zebrina Prayer Plant and Soil Mix Combo - Live Plant in a 4 Inch Pot,48.25,$48.25,False,0.0,Free delivery,True,False,False,wekivafoliage,97.6,2100,97.6,False,0,0,False,False,False,False,False,False,False,False,False,False,False,False,United States,False,,False,False,False,False,99,Spo؜nѕored,-31.54937770802215,-28.946355670966177,0,calathea setosa,97,119,True,119,84.0,False
146401985626,Calathea Dottie and Soil Mix Combo - Live Plant in 4 Inch Pot with 1 Quart Combo,40.13,$40.13,False,0.0,Free delivery,True,False,False,wekivafoliage,97.6,2100,97.6,False,0,0,False,False,False,False,False,False,False,False,False,False,False,False,United States,False,,False,False,False,False,100,Spo؜nѕored,-31.54937770802215,-28.946355670966177,0,calathea setosa,98,119,True,119,85.0,False
147202483670,Calathea Green Lipstick - Live Plant in a 6 Inch Growers Pot,43.65,$43.65,False,0.0,Free delivery,True,False,False,wekivafoliage,97.6,2100,97.6,False,0,0,False,False,False,False,False,False,False,False,False,False,False,False,United States,False,,False,False,False,False,101,Spo؜nѕored,-31.54937770802215,-28.946355670966177,0,calathea setosa,99,119,True,119,86.0,False
145493111170,Calathea Musaica Network Prayer Plant - Live Plants in 4 Inch Pots,30.08,$30.08 to $96.27,True,0.0,Free delivery,True,False,False,wekivafoliage,97.6,2100,97.6,False,0,0,False,False,False,False,False,False,False,False,False,False,False,False,United States,False,,False,False,False,False,102,Spo؜nѕored,-31.54937770802215,-28.946355670966177,0,calathea setosa,100,119,True,119,87.0,False
145731784680,Calathea Medallion - Live Plants in 4 Inch Pots - Calathea Roseopicta,29.78,$29.78 to $143.08,True,0.0,Free delivery in 2-4 days,True,False,True,wekivafoliage,97.6,2100,97.6,False,0,0,False,False,False,False,False,False,False,False,False,False,False,False,United States,False,,False,False,False,False,103,Spo؜nѕored,-31.54937770802215,-28.946355670966177,0,calathea setosa,101,119,True,119,88.0,False
145794385785,Calathea Beauty Star - Live Plant in a 4 Inch Pot - Calathea Ornata Beauty,29.78,$29.78 to $145.47,True,0.0,Free delivery in 2-4 days,True,False,True,wekivafoliage,97.6,2100,97.6,False,0,0,False,False,False,False,False,False,False,False,False,False,False,False,United States,False,,False,False,False,False,104,Spo؜nѕored,-31.54937770802215,-28.946355670966177,0,calathea setosa,102,119,True,119,89.0,False
145894041863,Calathea Freddie - Live Plants in 4 Inch Growers Pots - Calathea Concinna...,29.74,$29.74 to $82.70,True,0.0,Free delivery,True,False,False,wekivafoliage,97.6,2100,97.6,False,0,0,False,False,False,False,False,False,False,False,False,False,False,False,United States,False,,False,False,False,False,105,Spo؜nѕored,-31.54937770802215,-28.946355670966177,0,calathea setosa,103,119,True,119,90.0,False
146401887241,Calathea Freddie and Soil Mix Combo - Live Plant in 4 Inch Pot with 1 Quart Soil,48.07,$48.07,False,0.0,Free delivery,True,False,False,wekivafoliage,97.6,2100,97.6,False,0,0,False,False,False,False,False,False,False,False,False,False,False,False,United States,False,,False,False,False,False,106,Spo؜nѕored,-31.54937770802215,-28.946355670966177,0,calathea setosa,104,119,True,119,91.0,False
145894042689,Calathea Dottie - Live Plants in 4 Inch Growers Pots - Calathea Roseopicta...,29.74,$29.74 to $82.70,True,0.0,Free delivery,True,False,False,wekivafoliage,97.6,2100,97.6,False,0,0,False,False,False,False,False,False,False,False,False,False,False,False,United States,False,,False,False,False,False,107,Spo؜nѕored,-31.54937770802215,-28.946355670966177,0,calathea setosa,105,119,True,119,92.0,False
147202293163,Calathea Roseopicta Prayer Plant - Live Plant in a 2 Inch Pot,20.73,$20.73 to $22.63,True,0.0,Free delivery,True,False,False,wekivafoliage,97.6,2100,97.6,False,0,0,False,False,False,False,False,False,False,False,False,False,False,False,United States,False,,False,False,False,False,108,Spo؜nѕored,-31.54937770802215,-28.946355670966177,0,calathea setosa,106,119,True,119,93.0,False
147239451474,Calathea Vittata - Live Starter Plants - Goeppertia Elliptica 'Vittata',22.91,$22.91 to $30.55,True,0.0,Free delivery,True,False,False,wekivafoliage,97.6,2100,97.6,False,0,0,False,False,False,False,False,False,False,False,False,False,False,False,United States,False,,False,False,False,False,109,Spo؜nѕored,-31.54937770802215,-28.946355670966177,0,calathea setosa,107,119,True,119,94.0,False
147301407554,Calathea Fasciata - Live Starter Plants - Calathea Rotundifolia,21.81,$21.81 to $26.18,True,0.0,Free delivery,True,False,False,wekivafoliage,97.6,2100,97.6,False,0,0,False,False,False,False,False,False,False,False,False,False,False,False,United States,False,,False,False,False,False,110,Spo؜nѕored,-31.54937770802215,-28.946355670966177,0,calathea setosa,108,119,True,119,95.0,False
285117672806,Calathea Triostar Stromanthe Tricolor Prayer Plant - 3 Stalks,18.99,$18.99,False,13.7,+$13.70 delivery,False,False,False,junglequeen02,100.0,731,100.0,False,0,0,False,False,False,False,False,False,False,False,False,False,False,False,United States,False,,False,False,False,False,111,Spo؜nѕored,-31.54937770802215,-28.946355670966177,0,calathea setosa,109,119,True,119,96.0,False
257427579845,"Costa Farms Calathea Live Plant in Decorative Pot, Large Indoor Houseplant, Perf",89.05,$89.05,False,0.0,Free delivery in 2-4 days,True,False,True,jensenbayplus,98.7,258,98.7,False,0,0,False,False,False,True,False,False,False,False,False,False,False,False,United States,False,,False,False,False,False,112,Spo؜nѕored,-31.54937770802215,-28.946355670966177,0,calathea setosa,110,119,True,119,97.0,False
204515230425,Calathea plant In vase large size,14.99,$14.99,False,10.2,+$10.20 delivery,False,False,False,freshyplants,85.3,1100,85.3,False,0,0,False,True,False,False,True,False,False,False,False,False,False,False,United States,False,,False,False,False,False,113,Spo؜nѕored,-31.54937770802215,-28.946355670966177,0,calathea setosa,111,119,True,119,98.0,False
204717691764,White Fusion Calathea Plant,9.99,$9.99,False,10.2,+$10.20 delivery,False,False,False,freshyplants,85.3,1100,85.3,False,0,0,False,True,False,False,False,False,False,False,False,False,False,False,United States,False,,False,False,False,False,114,Spo؜nѕored,-31.54937770802215,-28.946355670966177,0,calathea setosa,112,119,True,119,99.0,False
204733382904,Calathea Stromanthe Triostar Plant,8.99,$8.99,False,10.2,+$10.20 delivery,False,False,False,freshyplants,85.3,1100,85.3,False,0,0,False,True,False,False,True,False,False,False,False,False,False,False,United States,False,,False,False,False,False,115,Spo؜nѕored,-31.54937770802215,-28.946355670966177,0,calathea setosa,113,119,True,119,100.0,False
204851658418,Calathea roseopicta,16.0,$16.00,False,10.2,+$10.20 delivery,False,False,False,freshyplants,85.3,1100,85.3,False,0,0,False,True,False,False,False,False,False,False,False,False,False,False,United States,False,,False,False,False,False,116,Spo؜nѕored,-31.54937770802215,-28.946355670966177,0,calathea setosa,114,119,True,119,101.0,False
204855284995,calathea musaica,16.99,$16.99,False,10.2,+$10.20 delivery,False,False,False,freshyplants,85.3,1100,85.3,False,0,0,False,True,False,False,True,False,False,False,False,False,False,False,United States,False,,False,False,False,False,117,Spo؜nѕored,-31.54937770802215,-28.946355670966177,0,calathea setosa,115,119,True,119,102.0,False
204855296948,Calathea Stella,12.99,$12.99,False,10.2,+$10.20 delivery,False,False,False,freshyplants,85.3,1100,85.3,False,0,0,False,True,False,False,False,False,False,False,False,False,False,False,United States,False,,False,False,False,False,118,Spo؜nѕored,-31.54937770802215,-28.946355670966177,0,calathea setosa,116,119,True,119,103.0,False
204928006665,Calathea zebrina Plant,10.99,$10.99,False,10.2,+$10.20 delivery,False,False,False,freshyplants,85.3,1100,85.3,False,0,0,False,True,False,False,False,False,False,False,False,False,False,False,United States,False,,False,False,False,False,119,Spo؜nѕored,-31.54937770802215,-28.946355670966177,0,calathea setosa,117,119,True,119,104.0,False
204928320904,calathea Makoyana,9.99,$9.99,False,10.2,+$10.20 delivery,False,False,False,freshyplants,85.3,1100,85.3,False,0,0,False,True,False,False,False,False,False,False,False,False,False,False,United States,False,,False,False,False,False,120,Spo؜nѕored,-31.54937770802215,-28.946355670966177,0,calathea setosa,118,119,True,119,105.0,False
128071390662,"Costa Farms Calathea, Live Indoor Plant, Easy Care, Home Decor M-CAL-P-TKO-01-AM",41.74,$41.74,False,0.0,Free delivery,True,False,False,tophercjw,99.4,292,99.4,False,0,0,False,False,False,True,False,False,False,False,False,False,False,False,United States,False,,True,True,True,True,121,Sp⁩onsorеd,0.08643611142306895,11.543204225420851,261,calathea setosa,119,119,True,119,,False
168537975659,Epipremnum pinnatum 'Cebu Blue Pothos',13.99,$13.99,False,10.79,+$10.79 delivery,False,False,False,snakerootbotanicals,98.3,57,98.3,False,0,0,False,False,False,False,False,False,False,False,False,False,False,False,United States,False,,True,True,True,True,3,Ѕpo؜nsored,0.09943765492438672,11.52763724053536,261,cebu blue pothos,1,84,True,84,,False
178137902483,"Cebu Blue Pothos 5x Cuttings, Ships in Moss Off Mature Mom Plant",8.99,$8.99,False,7.0,+$7.00 delivery,False,False,False,pikaplants,100.0,635,100.0,False,0,12,False,True,False,False,False,False,False,False,False,False,False,False,United States,False,,True,True,True,True,4,Ѕpo؜nsored,0.09943765492438672,11.52763724053536,261,cebu blue pothos,2,84,True,84,,False
285321857010,Cebu Blue Pothos - Epipremnum Pinnatum Plant Unrooted 4 Node Cutting,12.9,$12.90,False,0.0,Free delivery,True,False,False,maiksylvia,99.8,8900,99.8,False,0,32,False,False,False,False,True,False,False,False,False,False,False,False,United States,False,,True,True,True,True,5,Ѕpo؜nsored,0.09943765492438672,11.52763724053536,261,cebu blue pothos,3,84,True,84,,False
278074754381,Mature Cebu Blue Pothos Epipremnum Pinnatum Rooted Top Cutting Fenestrated,59.0,$59.00,False,0.0,Free delivery,True,False,False,maiksylvia,99.8,8900,99.8,False,0,0,False,False,False,False,False,False,False,False,False,False,False,False,United States,False,,True,True,True,True,6,Ѕpo؜nsored,0.09943765492438672,11.52763724053536,261,cebu blue pothos,4,84,True,84,,False
257703917139,"10 Plant Cuttings Bundle, Pothos Monstera Variety, Cebu Baltic Blue, Neon, Mican",25.99,$25.99,False,0.0,Free delivery,True,False,False,abdullahalazam,99.1,410,99.1,False,0,42,False,False,False,False,True,False,False,False,False,False,False,False,United States,False,,False,False,False,False,7,Sponsor⁧еd,-30.97629555665968,100.99029277292351,0,cebu blue pothos,5,84,True,84,1.0,False
257544572077,Rare Live Pothos Cuttings Bundle 7: Adansonii Cebu Blue Marble Queen Satin More,24.95,$24.95,False,0.0,Free delivery,True,False,False,abdullahalazam,99.1,410,99.1,False,0,46,False,False,False,False,True,False,False,False,False,False,False,False,United States,False,,False,False,False,False,8,Sponsor⁧еd,-30.97629555665968,100.99029277292351,0,cebu blue pothos,6,84,True,84,2.0,False
287617302083,6 Cebu Blue Pothos (Epipremnum pinnatum 'Cebu Blue' Plus Extra Species,13.04,$13.04,False,0.0,Free delivery,True,False,False,plants_42,100.0,147,100.0,False,0,0,False,False,False,False,False,False,False,False,False,False,False,False,United States,False,,False,False,False,False,9,Sponsor⁧еd,-30.97629555665968,100.99029277292351,0,cebu blue pothos,7,84,True,84,3.0,False
298220176570,4 Rare Pothos Collection | Live Nod Plants | Cebu Blue Manjula Marble Golden,20.99,$20.99,False,0.0,Free delivery,True,False,False,stelladimarenursery,100.0,65,100.0,False,17,0,False,True,False,False,True,False,False,False,False,False,False,False,United States,False,,False,False,False,False,10,Sponsor⁧еd,-30.97629555665968,100.99029277292351,0,cebu blue pothos,8,84,True,84,4.0,False
257735805763,"10 Plant Cuttings Bundle, Pothos Monstera Variety, Cebu Baltic Blue, Neon,Lemon",25.99,$25.99,False,0.0,Free delivery,True,False,False,abdullahalazam,99.1,410,99.1,False,0,0,False,True,False,False,True,False,False,False,False,False,False,False,United States,False,,False,False,False,False,11,Sponsor⁧еd,-30.97629555665968,100.99029277292351,0,cebu blue pothos,9,84,True,84,5.0,False
285822733882,"Cebu Blue Pothos - Epipremnum Pinnatum Starter Plant fully rooted 2,5"" pot",12.9,$12.90,False,0.0,Free delivery,True,False,False,maiksylvia,99.8,8900,99.8,False,0,5,False,False,False,False,False,False,False,False,False,False,False,False,United States,False,,False,False,False,False,12,Sponsor⁧еd,-30.97629555665968,100.99029277292351,0,cebu blue pothos,10,84,True,84,6.0,False
397790733941,FULL PLANT IN A CUP - 5 LIVE TRAILING Cebu Blue Pothos Rooted Houseplant,18.5,$18.50,False,0.0,Free delivery,True,False,False,eden-elements,98.1,250,98.1,False,0,25,False,False,False,False,False,False,False,False,False,False,False,False,United States,False,,False,False,False,False,13,Sponsor⁧еd,-30.97629555665968,100.99029277292351,0,cebu blue pothos,11,84,True,84,7.0,False
298445590418,Cebu Blue Pothos Epipremnum pinnatum Starter Plants EXACT PLANT 2.5 Inch,5.99,$5.99,False,6.0,+$6.00 delivery,False,False,False,scaroidjungle,99.0,402,99.0,False,0,0,False,True,False,False,False,False,False,False,False,False,False,False,United States,False,,False,False,False,False,14,Sponsor⁧еd,-30.97629555665968,100.99029277292351,0,cebu blue pothos,12,84,True,84,8.0,False
286339276221,Rooted Air Indoor Plants Cebu Blue Pothos in Pot Fast Shipping,23.97,$23.97,False,14.61,+$14.61 delivery,False,False,False,uniquehomemart,93.8,51,93.8,False,0,0,False,True,False,False,False,False,False,False,False,False,False,False,United States,False,,True,True,True,True,15,Ѕpo؜nsored,0.09943765492438672,11.52763724053536,261,cebu blue pothos,13,84,True,84,,False
407218889626,Photos Live Cebu Blue Ivy Easy Care Plant Pothos Rooted Cuttings Home Potho Rare,14.99,$14.99,False,0.0,Free delivery,True,False,False,moacces_85,99.2,486,99.2,False,0,0,False,False,False,False,True,False,False,False,False,False,False,False,United States,False,,True,True,True,True,16,Ѕpo؜nsored,0.09943765492438672,11.52763724053536,261,cebu blue pothos,14,84,True,84,,False
127169335494,"Pothos Cebu Blue - Fish Tank Decor/Houseplants/Table Decor - 4"" Pot",34.99,$34.99,False,7.14,+$7.14 delivery,False,False,False,dimensionalprint,98.0,806,98.0,False,0,0,False,False,False,False,True,False,False,False,False,False,False,False,United States,False,,True,True,True,True,17,Ѕpo؜nsored,0.09943765492438672,11.52763724053536,261,cebu blue pothos,15,84,True,84,,False
257700652490,"Pothos Monstera Cuttings Bundle 8: Marble, Cebu, Satin, Neon, Adansonii,Global..",29.99,$29.99,False,0.0,Free delivery,True,False,False,abdullahalazam,99.1,410,99.1,False,0,0,False,False,False,False,False,False,False,False,False,False,False,False,United States,False,,True,True,True,True,18,Ѕpo؜nsored,0.09943765492438672,11.52763724053536,261,cebu blue pothos,16,84,True,84,,False
304456292836,Cebu Blue Pothos - Epipremnum Pinnatum - Easy Care Climbing Philodendron,6.0,$6.00,False,6.2,+$6.20 delivery,False,False,False,faetedgarden,98.7,4400,98.7,False,14,0,False,False,False,False,False,False,False,False,False,False,False,False,United States,False,,False,False,False,False,19,Sponsor⁧еd,-30.97629555665968,100.99029277292351,0,cebu blue pothos,17,84,True,84,9.0,False
336767136933,"Pothos Cebu Blue Plant Live - Size: 4""",22.99,$22.99,False,0.0,Free delivery,True,False,False,plants-zen,100.0,22,100.0,False,0,0,False,False,False,False,False,False,False,False,False,False,False,False,United States,False,,False,False,False,False,20,Sponsor⁧еd,-30.97629555665968,100.99029277292351,0,cebu blue pothos,18,84,True,84,10.0,False
407027368229,Cebu Blue Pothos Rooted Cutting | Epipremnum Pinnatum Cebu Blue | Trailing Aroid,11.99,$11.99,False,6.34,+$6.34 delivery,False,False,False,rachelunsupervised,100.0,61,100.0,False,0,0,False,True,False,False,False,False,False,False,False,False,False,False,United States,False,,False,False,False,False,21,Sponsor⁧еd,-30.97629555665968,100.99029277292351,0,cebu blue pothos,19,84,True,84,11.0,False
188820715578,Cebu Blue Epipremnum Pothos Live Plant~Well Rooted 4 to 5 leaves as picture,7.0,$7.00,False,7.5,+$7.50 delivery,False,False,False,anniestore2010,97.8,21100,97.8,False,0,0,False,True,False,False,False,False,False,False,False,False,False,False,United States,False,,False,False,False,False,22,Sponsor⁧еd,-30.97629555665968,100.99029277292351,0,cebu blue pothos,20,84,True,84,12.0,False
298442094077,Cebu Blue Pothos Epipremnum pinnatum Starter Plants EXACT PLANT 2.5 Inch,5.99,$5.99,False,6.0,+$6.00 delivery,False,False,False,scaroidjungle,99.0,402,99.0,False,0,0,False,True,False,False,False,False,False,False,False,False,False,False,United States,False,,False,False,False,False,23,Sponsor⁧еd,-30.97629555665968,100.99029277292351,0,cebu blue pothos,21,84,True,84,13.0,False
257485997768,Rare Cebu Blue Pothos Climbing Indoor Outdoor Live Plant Rooted 2 Inch Pot,15.95,$15.95,False,0.0,Free delivery,True,False,False,abdullahalazam,99.1,410,99.1,False,0,12,False,False,False,False,True,False,False,False,False,False,False,False,United States,False,,False,False,False,False,24,Sponsor⁧еd,-30.97629555665968,100.99029277292351,0,cebu blue pothos,22,84,True,84,14.0,False
318530469992,Rooted Cebu Blue Pothos Starter Plant - Rare Live Houseplant 2.5 Inch Pot,6.0,$6.00,False,7.05,+$7.05 delivery,False,False,False,suzysplants,0.0,0,,True,0,0,False,False,False,False,False,False,False,False,False,False,False,False,United States,False,,False,False,False,False,25,Sponsor⁧еd,-30.97629555665968,100.99029277292351,0,cebu blue pothos,23,84,True,84,15.0,False
404527210444,"3 pothos (green, Marble, Lime), 1 Micans, 1 Cebu Blue, cuttings 5 varieties",18.0,$18.00,False,5.68,+$5.68 delivery,False,False,False,orchidelights,96.6,185,96.6,False,0,0,False,False,False,False,True,False,False,False,False,False,False,False,United States,False,,False,False,False,False,26,Sponsor⁧еd,-30.97629555665968,100.99029277292351,0,cebu blue pothos,24,84,True,84,16.0,False
298442106028,Cebu Blue Pothos Epipremnum pinnatum Starter Plants EXACT PLANT 2.5 Inch,5.99,$5.99,False,6.0,+$6.00 delivery,False,False,False,scaroidjungle,99.0,402,99.0,False,0,0,False,True,False,False,False,False,False,False,False,False,False,False,United States,False,,False,False,False,False,27,Sponsor⁧еd,-30.97629555665968,100.99029277292351,0,cebu blue pothos,25,84,True,84,17.0,False
227529817247,"7 Cuttings Variety Pack Golden, Marble, Jade , Cebu Blue Pothos+ Philo Micans",19.9,$19.90,False,0.0,Free delivery,True,False,False,tropicalflipper,99.5,1000,99.5,False,0,0,False,True,False,False,False,False,False,False,False,False,False,False,United States,False,,False,False,False,False,28,Sponsor⁧еd,-30.97629555665968,100.99029277292351,0,cebu blue pothos,26,84,True,84,18.0,False
257600772705,Cebu Blue Pothos Epipremnum Pinnatum Unrooted 4 Cuttings Easy Care Plant,15.99,$15.99,False,0.0,Free delivery,True,False,False,abdullahalazam,99.1,410,99.1,False,0,0,False,True,False,False,False,False,False,False,False,False,False,False,United States,False,,False,False,False,False,29,Sponsor⁧еd,-30.97629555665968,100.99029277292351,0,cebu blue pothos,27,84,True,84,19.0,False
318875359000,Cebu Blue Pothos Starter Plant 2 Inch Pot [Non Exact],8.99,$8.99,False,8.99,+$8.99 delivery,False,False,False,alexsexotics,100.0,25,100.0,False,0,0,False,False,False,False,False,False,False,False,False,False,False,False,United States,False,,False,False,False,False,30,Sponsor⁧еd,-30.97629555665968,100.99029277292351,0,cebu blue pothos,28,84,True,84,20.0,False
257755202005,"Plant Cuttings Set of 10, Indoor Outdoor House Plant Cuttings, Live Plants",27.99,$27.99,False,0.0,Free delivery,True,False,False,abdullahalazam,99.1,410,99.1,False,0,0,False,True,False,False,False,False,False,False,False,False,False,False,United States,False,,True,True,True,True,31,Ѕpo؜nsored,0.09943765492438672,11.52763724053536,261,cebu blue pothos,29,84,True,84,,False
198313397530,Cebu blue pothos unrooted 2 node cuttings for $8,8.0,$8.00,False,12.2,+$12.20 delivery,False,False,False,bigfootnursery,97.1,482,97.1,False,0,0,False,False,False,False,False,False,False,False,False,False,False,False,United States,False,,True,True,True,True,32,Ѕpo؜nsored,0.09943765492438672,11.52763724053536,261,cebu blue pothos,30,84,True,84,,False
317442503136,Pothos 'Cebu Blue' | Live Plant for Indoor & Outdoor,25.99,$25.99 to $105.99,True,9.8,+$9.80 delivery,False,False,False,ks_plants,100.0,68,100.0,False,0,0,False,False,False,False,False,False,False,False,False,False,False,False,United States,False,,True,True,True,True,33,Ѕpo؜nsored,0.09943765492438672,11.52763724053536,261,cebu blue pothos,31,84,True,84,,False
800610577225,Cebu Blue Pothos Live Houseplant - 4” Grow Pot,20.0,$20.00,False,15.78,+$15.78 delivery in 2-4 days,False,False,True,dynamic_gardens,100.0,153,100.0,False,0,0,False,True,False,True,False,False,False,False,False,False,False,False,United States,False,,True,True,True,True,34,Ѕpo؜nsored,0.09943765492438672,11.52763724053536,261,cebu blue pothos,32,84,True,84,,False
287410920000,Cebu Blue Pothos live plant in pot,25.0,$25.00,False,0.0,Free delivery,True,False,False,homegrown10860,96.2,1000,96.2,False,0,0,False,False,False,False,False,False,False,False,False,False,False,False,United States,False,,False,False,False,False,35,Sponsor⁧еd,-30.97629555665968,100.99029277292351,0,cebu blue pothos,33,84,True,84,21.0,False
407216142486,"Cebu Blue Pothos Live Plant 3"" Pot | Rooted Double Cutting | #P-008",12.99,$12.99,False,7.05,+$7.05 delivery,False,False,False,rachelunsupervised,100.0,61,100.0,False,0,0,False,True,False,False,False,False,False,False,False,False,False,False,United States,False,,False,False,False,False,36,Sponsor⁧еd,-30.97629555665968,100.99029277292351,0,cebu blue pothos,34,84,True,84,22.0,False
800088179696,Epipremnum “Cebu Blue” Baby plant,8.0,$8.00,False,5.68,+$5.68 delivery in 2-4 days,False,False,True,momogarden,100.0,100,100.0,False,0,0,False,False,False,False,False,False,False,False,False,False,False,False,United States,False,,False,False,False,False,37,Sponsor⁧еd,-30.97629555665968,100.99029277292351,0,cebu blue pothos,35,84,True,84,23.0,False
257617641951,"Cebu Blue Pathos Plant 3"" Pot, Epipremnum Rare Indoor Houseplant",19.99,$19.99,False,8.27,+$8.27 delivery,False,False,False,abdullahalazam,99.1,410,99.1,False,0,0,False,True,False,False,False,False,False,False,False,False,False,False,United States,False,,False,False,False,False,38,Sponsor⁧еd,-30.97629555665968,100.99029277292351,0,cebu blue pothos,36,84,True,84,24.0,False
226380237673,Lot of 2 Cebu Blue Pothos 2 Leaf 2 Nodes UNROOTED CUTTING Live Plant Blue-Green,8.88,$8.88,False,7.25,+$7.25 delivery,False,False,False,plantsandpicks,100.0,558,100.0,False,0,0,False,True,False,False,False,False,False,False,False,False,False,False,United States,False,,False,False,False,False,39,Sponsor⁧еd,-30.97629555665968,100.99029277292351,0,cebu blue pothos,37,84,True,84,25.0,False
356454817835,Potho Rare Cebu Blue Pothos Live Ivy Easy Care Plant Pothos Rooted Cuttings Home,9.99,$9.99,False,5.99,+$5.99 delivery,False,False,False,blackfitgardeners,97.5,407,97.5,False,0,0,False,True,False,False,True,False,False,False,False,False,False,False,United States,False,,False,False,False,False,40,Sponsor⁧еd,-30.97629555665968,100.99029277292351,0,cebu blue pothos,38,84,True,84,26.0,False
226014031886,Lot of 2 Golden Pothos & Cebu Blue Pothos 2 Leaf 2 Nodes UNROOTED CUTTINGS,19.99,$19.99,False,13.67,+$13.67 delivery,False,False,False,plantsandpicks,100.0,558,100.0,False,0,0,False,True,False,False,False,False,False,False,False,False,False,False,United States,False,,True,True,True,True,41,Ѕpo؜nsored,0.09943765492438672,11.52763724053536,261,cebu blue pothos,39,84,True,84,,False
227505593670,Cebu Blue Pothos 5x 3 Node Cutting Fresh Healthy + Manjula 3-node Cutting Bundle,15.99,$15.99,False,13.65,+$13.65 delivery,False,False,False,tropicalflipper,99.5,1000,99.5,False,0,0,False,False,False,False,False,False,False,False,False,False,False,False,United States,False,,True,True,True,True,42,Ѕpo؜nsored,0.09943765492438672,11.52763724053536,261,cebu blue pothos,40,84,True,84,,False
227486173879,Cebu Blue Pothos 5x 3 Node Cutting Fresh Healthy,9.99,$9.99,False,10.2,+$10.20 delivery,False,False,False,tropicalflipper,99.5,1000,99.5,False,0,0,False,False,False,False,False,False,False,False,False,False,False,False,United States,False,,False,False,False,False,43,Sponsor⁧еd,-30.97629555665968,100.99029277292351,0,cebu blue pothos,41,84,True,84,27.0,False
226068376981,"Lot of 3 Golden, Cebu Blue, Global Green Pothos 2 Leaf 2 Nodes UNROOTED CUTTINGS",11.99,$11.99,False,7.25,+$7.25 delivery,False,False,False,plantsandpicks,100.0,558,100.0,False,0,0,False,True,False,False,False,False,False,False,False,False,False,False,United States,False,,False,False,False,False,44,Sponsor⁧еd,-30.97629555665968,100.99029277292351,0,cebu blue pothos,42,84,True,84,28.0,False
398392329951,Cebu Blue Pothos - 3 Fresh Cuttings- house plants- ready to root,10.0,$10.00,False,5.58,+$5.58 delivery,False,False,False,brad_9542,100.0,1,100.0,False,0,0,False,True,False,False,False,False,False,False,False,False,False,False,United States,False,,False,False,False,False,45,Sponsor⁧еd,-30.97629555665968,100.99029277292351,0,cebu blue pothos,43,84,True,84,29.0,False
198619626574,Cebu blue plant with green-blue leaves #houseplant #tropical,13.0,$13.00,False,5.93,+$5.93 delivery,False,False,False,mayita246,100.0,303,100.0,False,0,0,False,True,False,False,False,False,False,False,False,False,False,False,United States,False,,False,False,False,False,46,Sponsor⁧еd,-30.97629555665968,100.99029277292351,0,cebu blue pothos,44,84,True,84,30.0,False
227121963526,Cebu Blue Pothos 2 Leaf 2 Nodes UNROOTED CUTTING Live Plant Vining Blue-Green,4.98,$4.98,False,7.25,+$7.25 delivery,False,False,False,plantsandpicks,100.0,558,100.0,False,0,0,False,True,False,False,False,False,False,False,False,False,False,False,United States,False,,False,False,False,False,47,Sponsor⁧еd,-30.97629555665968,100.99029277292351,0,cebu blue pothos,45,84,True,84,31.0,False
227270540976,Lot of 3 Cebu Blue Pothos 2 Leaf 2 Nodes UNROOTED CUTTING Live Plant Blue-Green,12.88,$12.88,False,7.25,+$7.25 delivery,False,False,False,plantsandpicks,100.0,558,100.0,False,0,0,False,True,False,False,False,False,False,False,False,False,False,False,United States,False,,False,False,False,False,48,Sponsor⁧еd,-30.97629555665968,100.99029277292351,0,cebu blue pothos,46,84,True,84,32.0,False
185424416385,Cebu Blue Pothos Cuttings Indoor/ Outdoor Vine Live Plant Globe,11.99,$11.99,False,12.4,+$12.40 delivery,False,False,False,succulentsandcactus,99.3,2400,99.3,False,0,0,False,False,False,False,False,False,False,False,False,False,False,False,United States,False,,False,False,False,False,49,Sponsor⁧еd,-30.97629555665968,100.99029277292351,0,cebu blue pothos,47,84,True,84,33.0,False
336812962831,Plant bundle ZZ plant Cebu Blue Swiss Cheese pothos and succulent,68.0,$68.00,False,6.03,+$6.03 delivery,False,False,False,debuff_0,0.0,0,,True,0,0,False,True,False,False,False,False,False,False,False,False,False,False,United States,False,,False,False,False,False,50,Sponsor⁧еd,-30.97629555665968,100.99029277292351,0,cebu blue pothos,48,84,True,84,34.0,False
267183646842,Cebu Blue Pothos Cuttings - Epipremnum Pinnatum - Bundle Of 5 Nodes,10.0,$10.00,False,6.34,+$6.34 delivery,False,False,False,ajd813793ot6,100.0,101,100.0,False,0,0,False,False,False,False,False,False,False,False,False,False,False,False,United States,False,,False,False,False,False,51,Sponsor⁧еd,-30.97629555665968,100.99029277292351,0,cebu blue pothos,49,84,True,84,35.0,False
406840548684,Rooted Cebu Blue Pothos cutting,6.95,$6.95,False,6.07,+$6.07 delivery,False,False,False,sama_0823,100.0,3,100.0,False,0,0,False,True,False,False,False,False,False,False,False,False,False,False,United States,False,,False,False,False,False,52,Sponsor⁧еd,-30.97629555665968,100.99029277292351,0,cebu blue pothos,50,84,True,84,36.0,False
377522877481,Plant bundle ZZ plant Cebu Blue Swiss Cheese pothos and succulent,69.0,$69.00,False,8.27,+$8.27 delivery,False,False,False,woo4578,0.0,0,,True,0,0,False,True,False,False,False,False,False,False,False,False,False,False,United States,False,,False,False,False,False,53,Sponsor⁧еd,-30.97629555665968,100.99029277292351,0,cebu blue pothos,51,84,True,84,37.0,False
168578976247,Cebu Blue Pothos 3 in Live Houseplant | Epipremnum Pinnatum,15.99,$15.99,False,6.99,+$6.99 delivery,False,False,False,riversidegreenhouses,100.0,4,100.0,False,0,0,False,False,False,False,False,False,False,False,False,False,False,False,United States,False,,False,False,False,False,54,Sponsor⁧еd,-30.97629555665968,100.99029277292351,0,cebu blue pothos,52,84,True,84,38.0,True
198432505314,Epipremnum Pinnatum Cebu Mint with 3D Printed Trellis 🇵🇭,25.0,$25.00,False,9.99,+$9.99 delivery,False,False,False,victoriarialto,100.0,55,100.0,False,0,0,False,True,False,False,False,False,False,False,False,False,False,False,United States,False,,False,False,False,False,55,Sponsor⁧еd,-30.97629555665968,100.99029277292351,0,cebu blue pothos,53,84,True,84,39.0,False
336194305598,Rooted Epipremnum Pinnatum Cebu Blue ● 5+ nodes per plant,5.0,$5.00,False,9.7,+$9.70 delivery,False,False,False,monicos_garden,100.0,431,100.0,False,0,0,False,False,False,False,False,False,False,False,False,False,False,False,United States,False,,False,False,False,False,56,Sponsor⁧еd,-30.97629555665968,100.99029277292351,0,cebu blue pothos,54,84,True,84,40.0,False
334509617684,(13) Cebu Blue Pothos Leaf Nodes 《 CUTTINGS,10.0,$10.00,False,12.7,+$12.70 delivery,False,False,False,monicos_garden,100.0,431,100.0,False,0,0,False,False,False,False,False,False,False,False,False,False,False,False,United States,False,,False,False,False,False,57,Sponsor⁧еd,-30.97629555665968,100.99029277292351,0,cebu blue pothos,55,84,True,84,41.0,False
226014015578,Lot of 2 Global Green Pothos & Cebu Blue Pothos 2 Leaf 2 Nodes UNROOTED CUTTINGS,19.99,$19.99,False,13.67,+$13.67 delivery,False,False,False,plantsandpicks,100.0,558,100.0,False,0,0,False,True,False,False,False,False,False,False,False,False,False,False,United States,False,,False,False,False,False,58,Sponsor⁧еd,-30.97629555665968,100.99029277292351,0,cebu blue pothos,56,84,True,84,42.0,False
226788750246,TRAILING Cebu Blue Pothos Rooted Potted Plant Houseplant Live Plant Blue-Green,21.88,$21.88,False,19.82,+$19.82 delivery,False,False,False,plantsandpicks,100.0,558,100.0,False,0,0,False,True,False,False,False,False,False,False,False,False,False,False,United States,False,,False,False,False,False,59,Sponsor⁧еd,-30.97629555665968,100.99029277292351,0,cebu blue pothos,57,84,True,84,43.0,False
304500082348,Cebu Blue Pothos | Epipremnum Pinnatum | Indoor/Outdoor | Rooted,45.0,$45.00,False,22.55,+$22.55 delivery,False,False,False,almuh_38,100.0,12,100.0,False,0,0,False,True,False,False,False,False,False,False,False,False,False,False,United States,False,,False,False,False,False,60,Sponsor⁧еd,-30.97629555665968,100.99029277292351,0,cebu blue pothos,58,84,True,84,44.0,False
286656693338,Epipremnum Pinnatum (Cebu Blue) Rooted Live Plants,25.0,$25.00,False,0.0,Free delivery,True,False,False,homegrown10860,96.2,1000,96.2,False,0,0,False,False,False,False,False,False,False,False,False,False,False,False,United States,False,,False,False,False,False,61,Sponsor⁧еd,-30.97629555665968,100.99029277292351,0,cebu blue pothos,59,84,True,84,45.0,False
334509604464,(6) Cebu Blue Pothos Leaf Nodes 《 CUTTINGS,5.0,$5.00,False,9.7,+$9.70 delivery,False,False,False,monicos_garden,100.0,431,100.0,False,0,0,False,False,False,False,False,False,False,False,False,False,False,False,United States,False,,False,False,False,False,62,Sponsor⁧еd,-30.97629555665968,100.99029277292351,0,cebu blue pothos,60,84,True,84,46.0,False
316951469524,"Cebu Blue Pothos, Rare Epipremnum Pinnatum live houseplant in 4"" pot",12.0,$12.00,False,10.11,+$10.11 delivery,False,False,False,angelinaah,0.0,0,,True,0,0,False,True,False,False,False,False,False,False,False,False,False,False,United States,False,,False,False,False,False,63,Sponsor⁧еd,-30.97629555665968,100.99029277292351,0,cebu blue pothos,61,84,True,84,47.0,False
174914417444,Rare! Live Epipremnum pinnatum Cebu Blue POTHOS Cutting well rooted Air Cleaning,9.93,$9.93,False,4.5,+$4.50 delivery,False,False,False,popopo2012,100.0,751,100.0,False,0,0,False,True,False,False,False,False,False,False,False,False,False,False,United States,False,,False,False,False,False,64,Sponsor⁧еd,-30.97629555665968,100.99029277292351,0,cebu blue pothos,62,84,True,84,48.0,False
257678000056,Mystery Plant Cuttings multi Pack Plant Cuttings Live Plants 8-10,30.0,$30.00,False,0.0,Free delivery,True,False,False,keedy2277,100.0,300,100.0,False,0,0,False,False,False,False,False,False,False,False,False,False,False,False,United States,False,,False,False,False,False,65,Sponsor⁧еd,-30.97629555665968,100.99029277292351,0,cebu blue pothos,63,84,True,84,49.0,False
393423101027,"8"" Large Beautiful Cebu Blue Pothos",140.0,$140.00,False,15.0,+$15.00 delivery,False,False,False,racmcdo26,0.0,5,,True,0,0,False,True,False,False,False,False,False,False,False,False,False,False,United States,False,,False,False,False,False,66,Sponsor⁧еd,-30.97629555665968,100.99029277292351,0,cebu blue pothos,64,84,True,84,50.0,False
294948679295,6 Mystery House Plant Cuttings Pothos Random Asssortment,19.99,$19.99,False,5.99,+$5.99 delivery,False,False,False,allmyshrimpsliveintexas,98.0,1700,98.0,False,0,12,False,False,False,False,True,False,False,False,False,False,False,False,United States,False,,False,False,False,False,67,Sponsor⁧еd,-30.97629555665968,100.99029277292351,0,cebu blue pothos,65,84,True,84,51.0,False
394867965566,Cebu Blue Pothos - Epipremnum Pinnatum Plant Unrooted 2 Node Cutting,7.0,$7.00,False,13.65,+$13.65 delivery,False,False,False,elizpre81,0.0,1,,True,0,0,False,False,False,False,False,False,False,False,False,False,False,False,United States,False,,False,False,False,False,68,Sponsor⁧еd,-30.97629555665968,100.99029277292351,0,cebu blue pothos,66,84,True,84,52.0,False
403648160751,Cebu Blue Pothos Cuttings (rooted),10.0,$10.00,False,9.7,+$9.70 delivery,False,False,False,veeshap85,0.0,9,,True,0,0,False,False,False,False,False,False,False,False,False,False,False,False,United States,False,,False,False,False,False,69,Sponsor⁧еd,-30.97629555665968,100.99029277292351,0,cebu blue pothos,67,84,True,84,53.0,False
403639794961,Fluffy Cebu Blue Pothos Epipremnum Pinnatum Rooted Live Plant 01,26.99,$26.99,False,9.0,+$9.00 delivery,False,False,False,peoniesplants,0.0,39,,True,0,0,False,True,False,False,False,False,False,False,False,False,False,False,United States,False,,False,False,False,False,70,Sponsor⁧еd,-30.97629555665968,100.99029277292351,0,cebu blue pothos,68,84,True,84,54.0,False
276593594691,plant clippings includes at least one node. These will be fresh chippings!,1.0,$1.00,False,14.61,+$14.61 delivery,False,False,False,klbrechbiel,0.0,232,,True,0,0,False,True,False,False,False,False,False,False,False,False,False,False,United States,False,,False,False,False,False,71,Sponsor⁧еd,-30.97629555665968,100.99029277292351,0,cebu blue pothos,69,84,True,84,55.0,False
402984642725,Cebu Blue Epipremnum Pinnatum 8in basket,75.0,$75.00,False,25.8,+$25.80 delivery,False,False,False,mxaplantlove,0.0,5,,True,0,0,False,True,False,False,False,False,False,False,False,False,False,False,United States,False,,False,False,False,False,72,Sponsor⁧еd,-30.97629555665968,100.99029277292351,0,cebu blue pothos,70,84,True,84,56.0,False
225236082125,RARE Variegated Epipremnum Cebu Blue “Ghost” *Rooted*,260.0,$260.00,False,11.7,+$11.70 delivery,False,False,False,brookysan-5,100.0,15,100.0,False,0,17,False,True,False,False,False,False,False,False,False,False,False,False,United States,False,,False,False,False,False,73,Sponsor⁧еd,-30.97629555665968,100.99029277292351,0,cebu blue pothos,71,84,True,84,57.0,False
394969153812,Cebu Blue Mint Well Rooted 4 Inch Pot,20.0,$20.00,False,16.6,+$16.60 delivery,False,False,False,deepalbodh-0,92.3,57,92.3,False,0,0,False,True,False,False,False,False,False,False,False,False,False,False,United States,False,,False,False,False,False,74,Sponsor⁧еd,-30.97629555665968,100.99029277292351,0,cebu blue pothos,72,84,True,84,58.0,False
384580868226,Global Green Pothos and cebu blue pothos,75.0,$75.00,False,25.8,+$25.80 delivery,False,False,False,psychotic_87,0.0,2,,True,0,0,False,True,False,False,False,False,False,False,False,False,False,False,United States,False,,False,False,False,False,75,Sponsor⁧еd,-30.97629555665968,100.99029277292351,0,cebu blue pothos,73,84,True,84,59.0,False
317636150891,Cebu Blue Pothos Plant | 4.5” Hanging Basket,24.99,$24.99,False,13.7,+$13.70 delivery,False,False,False,bronxplantlady1225,100.0,185,100.0,False,0,13,False,True,False,False,False,False,False,False,False,False,False,False,United States,False,,False,False,False,False,76,Sponsor⁧еd,-30.97629555665968,100.99029277292351,0,cebu blue pothos,74,84,True,84,60.0,False
318512159576,Cebu Blue Pothos Plant 6 inch Pot Live Houseplant,28.0,$28.00,False,15.81,+$15.81 delivery,False,False,False,bronxplantlady1225,100.0,185,100.0,False,0,0,False,True,False,False,False,False,False,False,False,False,False,False,United States,False,,False,False,False,False,77,Sponsor⁧еd,-30.97629555665968,100.99029277292351,0,cebu blue pothos,75,84,True,84,61.0,False
155306583264,Epipremnum pinnatum 'VARIEGATED Cebu Blue' - fresh cutting,7.99,$7.99,False,13.99,+$13.99 delivery,False,False,False,sarah_sellsstuff,100.0,2500,100.0,False,0,9,False,False,False,False,True,False,False,False,False,False,False,False,United States,False,,False,False,False,False,78,Sponsor⁧еd,-30.97629555665968,100.99029277292351,0,cebu blue pothos,76,84,True,84,62.0,False
168313061162,Pothos Assortment Golden Hawaiian Baltic Blue Cebu Blue Marble Queen Jade FREE S,34.99,$34.99,False,0.0,Free delivery,True,False,False,pressedflowerartplantsandgifts,96.6,650,96.6,False,0,0,False,True,False,True,True,False,False,False,False,False,False,False,United States,False,,False,False,False,False,79,Sponsor⁧еd,-30.97629555665968,100.99029277292351,0,cebu blue pothos,77,84,True,84,63.0,False
287584708263,Cebu Blue Pothos Cutting - Epipremnum Pinnatum - Node Cutting - Free Shipping!,10.0,$10.00,False,0.0,Free delivery,True,False,False,hollerpapaw,97.7,271,97.7,False,0,0,False,True,False,False,False,False,False,False,False,False,False,False,United States,False,,False,False,False,False,80,Sponsor⁧еd,-30.97629555665968,100.99029277292351,0,cebu blue pothos,78,84,True,84,64.0,False
387739201092,Cebu Blue,7.0,$7.00,False,19.8,+$19.80 delivery,False,False,False,titis_garden,80.0,44,80.0,False,0,0,False,True,False,False,False,False,False,False,False,False,False,False,United States,False,,False,False,False,False,81,Sponsor⁧еd,-30.97629555665968,100.99029277292351,0,cebu blue pothos,79,84,True,84,65.0,False
800472743987,"Cebu Blue Pothos Live Plant, 4 In. Pot, Part Shade",87.66,$87.66$97.40,False,0.0,Free delivery,True,False,False,theplantbrothers,91.7,17,91.7,False,0,0,False,True,False,False,False,False,False,False,False,False,False,False,United States,False,,False,False,False,False,82,Sponsor⁧еd,-30.97629555665968,100.99029277292351,0,cebu blue pothos,80,84,True,84,66.0,False
145419960473,Cebu Blue Pothos - Live Plant in a 4 Inch Pot - Epipremnum pinnatum 'Cebu Blue',30.98,$30.98,False,0.0,Free delivery,True,False,False,wekivafoliage,97.6,2100,97.6,False,0,0,False,False,False,False,False,False,False,False,False,False,False,False,United States,False,,False,False,False,False,83,Sponsor⁧еd,-30.97629555665968,100.99029277292351,0,cebu blue pothos,81,84,True,84,67.0,False
147362786990,Cebu Blue Pothos - 1 Live Plant in a 6 Inch Growers Pot - Epipremnum Pinnatum,46.48,$46.48,False,0.0,Free delivery,True,False,False,wekivafoliage,97.6,2100,97.6,False,0,0,False,False,False,False,False,False,False,False,False,False,False,False,United States,False,,False,False,False,False,84,Sponsor⁧еd,-30.97629555665968,100.99029277292351,0,cebu blue pothos,82,84,True,84,68.0,False
145432890498,Pothos - Live Plants in 4 Inch Pots - Epipremmum Aureum,29.78,$29.78 to $41.70,True,0.0,Free delivery,True,False,False,wekivafoliage,97.6,2100,97.6,False,0,0,False,False,False,False,False,False,False,False,False,False,False,False,United States,False,,False,False,False,False,85,Sponsor⁧еd,-30.97629555665968,100.99029277292351,0,cebu blue pothos,83,84,True,84,69.0,False
317303413853,Cebu Blue Pothos Houseplant | Rare Silver-Blue Starter Plant for Hanging Baskets,10.0,$10.00,False,12.4,+$12.40 delivery,False,False,False,vitalitym-60,97.0,161,97.0,False,0,0,False,True,False,False,True,False,False,False,False,False,False,False,United States,False,,False,False,False,False,86,Sponsor⁧еd,-30.97629555665968,100.99029277292351,0,cebu blue pothos,84,84,True,84,70.0,False
257658906611,"2"" Growers Choice Christmas/Thanksgiving Cactus - 3 plants - All Different",19.99,$19.99,False,0.0,Free delivery,True,False,False,rwwsr,100.0,3600,100.0,False,24,0,False,False,False,False,False,False,False,False,False,False,False,False,United States,False,,False,False,False,False,3,Sponsоr⁨ed,105.05944661676445,32.22038558200461,0,christmas cactus,1,120,True,1000,1.0,False
154892382998,1 Christmas 1 Easter Cactus 1 Thanksgiving Cactus 3 LIVE PLANTS FREE SHIPPING $,19.99,$19.99,False,0.0,Free delivery,True,False,False,baldmtgardens,99.3,7500,99.3,False,221,0,False,False,False,False,False,False,False,False,False,False,False,False,United States,False,,True,True,True,True,4,Sponѕo⁨red,0.010438234335978791,11.549145870260432,251,christmas cactus,2,120,True,1000,,False
398409734708,"Purple Christmas Cactus Plant Live, Holiday Cactus, 4-8 Inch Tall",21.99,$21.99,False,9.99,+$9.99 delivery,False,False,False,ahvnllc,100.0,8,100.0,False,0,7,False,False,False,False,False,False,False,False,False,False,False,False,United States,False,,True,True,True,True,5,Sponѕo⁨red,0.010438234335978791,11.549145870260432,251,christmas cactus,3,120,True,1000,,False
127181396658,"Yellow Christmas Cactus Plant 5-6"" Tall - 2 Plant in 3"" Pot - Holiday Cactus",17.99,$17.99,False,13.48,+$13.48 delivery,False,False,False,dimensionalprint,98.0,806,98.0,False,85,0,False,False,False,False,True,False,False,False,False,False,False,False,United States,False,,True,True,True,True,6,Sponѕo⁨red,0.010438234335978791,11.549145870260432,251,christmas cactus,4,120,True,1000,,False
257448600683,Thanksgiving/Christmas cactus cuttings assortment 12 different unique varieties,19.99,$19.99,False,0.0,Free delivery,True,False,False,rwwsr,100.0,3600,100.0,False,44,0,False,False,False,False,False,False,False,False,False,False,False,False,United States,False,,False,False,False,False,7,Sponsоr⁨ed,105.05944661676445,32.22038558200461,0,christmas cactus,5,120,True,1000,2.0,False
257549939889,Christmas/Thanksgiving Cactus Assortment - 5 Starter Size Plants - All Different,19.99,$19.99,False,0.0,Free delivery,True,False,False,rwwsr,100.0,3600,100.0,False,33,0,False,False,False,False,False,False,False,False,False,False,False,False,United States,False,,False,False,False,False,8,Sponsоr⁨ed,105.05944661676445,32.22038558200461,0,christmas cactus,6,120,True,1000,3.0,False
395911426433,"Christmas Cactus Zygocactus Purple flower Live Plant Succulent 4""pot",7.99,$7.99,False,6.99,+$6.99 delivery,False,False,False,nnplant,97.1,4900,97.1,False,0,0,False,False,False,False,True,False,False,False,False,False,False,False,United States,False,,False,False,False,False,9,Sponsоr⁨ed,105.05944661676445,32.22038558200461,0,christmas cactus,7,120,True,1000,4.0,False
389354871416,3 Cuttings True Christmas Cactus - Heirloom Old Fashioned Plant - Schlumbergera,9.99,$9.99,False,5.0,+$5.00 delivery,False,False,False,s3succulents,100.0,104,100.0,False,83,0,False,False,False,False,True,False,False,False,False,False,False,False,United States,False,,False,False,False,False,10,Sponsоr⁨ed,105.05944661676445,32.22038558200461,0,christmas cactus,8,120,True,1000,5.0,False
257460067721,"Thanksgiving/Christmas Cactus Schlumbergera ""Chiba Spot"" cuttings - no roots",12.99,$12.99,False,0.0,Free delivery,True,False,False,rwwsr,100.0,3600,100.0,False,0,21,False,False,False,False,False,False,False,False,False,False,False,False,United States,False,,False,False,False,False,11,Sponsоr⁨ed,105.05944661676445,32.22038558200461,0,christmas cactus,9,120,True,1000,6.0,False
800581447039,"Holiday Cactus Cuttings Bundle – Christmas, Variegated, Thanksgiving, Easter",13.99,$13.99,False,5.68,+$5.68 delivery,False,False,False,s3succulents,100.0,104,100.0,False,0,0,False,True,False,False,False,False,False,False,False,False,False,False,United States,False,,False,False,False,False,12,Sponsоr⁨ed,105.05944661676445,32.22038558200461,0,christmas cactus,10,120,True,1000,7.0,False
267642580071,"Thanksgiving/Christmas Cactus Schlumbergera ""Laranja Dobrada"" cutting no roots",14.99,$14.99,False,0.0,Free delivery,True,False,False,rwwsr,100.0,3600,100.0,False,0,11,False,False,False,False,False,False,False,False,False,False,False,False,United States,False,,False,False,False,False,13,Sponsоr⁨ed,105.05944661676445,32.22038558200461,0,christmas cactus,11,120,True,1000,8.0,False
336696144856,variegated christmas cactus,25.99,$25.99,False,8.6,+$8.60 delivery,False,False,False,arjav74,100.0,38,100.0,False,0,18,False,False,False,False,False,False,False,False,False,False,False,False,United States,False,,False,False,False,False,14,Sponsоr⁨ed,105.05944661676445,32.22038558200461,0,christmas cactus,12,120,True,1000,9.0,False
353272578080,Christmas Cactus Schlumbergera Buckleyi Old Fashion 6 fresh cuttings 4 Segments,8.95,$8.95,False,4.55,+$4.55 delivery,False,False,False,bjbw,99.3,21700,99.3,False,60,0,False,True,False,True,False,False,False,False,False,False,False,False,United States,False,,False,False,False,False,15,Sponsоr⁨ed,105.05944661676445,32.22038558200461,0,christmas cactus,13,120,True,1000,10.0,False
127181404833,"Orange Christmas Cactus Plant - 5-6"" Tall - 2 Plant in 3"" pot - Holiday Cactus",17.99,$17.99,False,13.48,+$13.48 delivery,False,False,False,dimensionalprint,98.0,806,98.0,False,0,80,False,False,False,False,True,False,False,False,False,False,False,False,United States,False,,True,True,True,True,16,Sponѕo⁨red,0.010438234335978791,11.549145870260432,251,christmas cactus,14,120,True,1000,,False
315123745775,"Christmas Cactus, 6 inch Holiday Cactus Thanksgiving Cactus, Crab Cactus, Easter",34.99,$34.99,False,5.95,+$5.95 delivery,False,False,False,bubbleblooms.shop,98.3,2500,98.3,False,0,0,False,True,False,False,True,False,False,False,False,False,False,False,United States,False,,True,True,True,True,17,Sponѕo⁨red,0.010438234335978791,11.549145870260432,251,christmas cactus,15,120,True,1000,,False
307088642198,Live Plant -Unique Boobie Cactus/Christmas Tree Cactus [Bare Root],12.9,$12.90,False,7.05,+$7.05 delivery,False,False,False,secretsucculentvilla,99.1,310,99.1,False,0,0,False,True,False,False,True,False,False,False,False,False,False,False,United States,False,,True,True,True,True,18,Sponѕo⁨red,0.010438234335978791,11.549145870260432,251,christmas cactus,16,120,True,1000,,False
257649721834,Double Flowering Thanksgiving/Christmas Cactus Cuttings Assortment - 3 varieties,24.99,$24.99,False,0.0,Free delivery,True,False,False,rwwsr,100.0,3600,100.0,False,0,4,False,False,False,False,False,False,False,False,False,False,False,False,United States,False,,False,False,False,False,19,Sponsоr⁨ed,105.05944661676445,32.22038558200461,0,christmas cactus,17,120,True,1000,11.0,False
377529898321,Schlumbergera Russelliana - Christmas/Thanksgiving Cactus,50.0,$50.00,False,0.0,Free delivery,True,False,False,nhai-45,100.0,31,100.0,False,0,0,False,True,False,False,False,False,False,False,False,False,False,False,United States,False,,False,False,False,False,20,Sponsоr⁨ed,105.05944661676445,32.22038558200461,0,christmas cactus,18,120,True,1000,12.0,False
389332369303,Variegated Christmas Cactus | Rooted Heirloom Plant,24.99,$24.99,False,5.68,+$5.68 delivery,False,False,False,s3succulents,100.0,104,100.0,False,0,77,False,False,False,False,True,False,False,False,False,False,False,False,United States,False,,False,False,False,False,21,Sponsоr⁨ed,105.05944661676445,32.22038558200461,0,christmas cactus,19,120,True,1000,13.0,False
267633288625,"Thanksgiving/Christmas Cactus Schlumbergera ""Outono Brazil"" cuttings - no roots",12.99,$12.99,False,0.0,Free delivery,True,False,False,rwwsr,100.0,3600,100.0,False,0,15,False,False,False,False,False,False,False,False,False,False,False,False,United States,False,,False,False,False,False,22,Sponsоr⁨ed,105.05944661676445,32.22038558200461,0,christmas cactus,20,120,True,1000,14.0,False
257448585083,"Thanksgiving/Christmas Cactus Schlumbergera ""Samba Brazil"" cuttings - no roots",12.99,$12.99,False,0.0,Free delivery,True,False,False,rwwsr,100.0,3600,100.0,False,0,16,False,False,False,False,False,False,False,False,False,False,False,False,United States,False,,False,False,False,False,23,Sponsоr⁨ed,105.05944661676445,32.22038558200461,0,christmas cactus,21,120,True,1000,15.0,False
336612857796,True Traditional Christmas Cactus Schlumbergera Live Cutting Pink,4.0,$4.00,False,5.8,+$5.80 delivery,False,False,False,robnski36,100.0,1200,100.0,False,0,6,False,True,False,False,False,False,False,False,False,False,False,False,United States,False,,False,False,False,False,24,Sponsоr⁨ed,105.05944661676445,32.22038558200461,0,christmas cactus,22,120,True,1000,16.0,False
155068212653,1 Christmas 1 Easter Cactus 1 Thanksgiving Cactus 3 LIVE PLANTS FREE SHIPPING $,19.99,$19.99,False,0.0,Free delivery,True,False,False,baldmtgardens,99.3,7500,99.3,False,52,0,False,False,False,False,False,False,False,False,False,False,False,False,United States,False,,False,False,False,False,25,Sponsоr⁨ed,105.05944661676445,32.22038558200461,0,christmas cactus,23,120,True,1000,17.0,False
377529178483,"Schlumbergera ""Goddess"" Exotica Christmas/Thanksgiving Cactus",40.0,$40.00,False,0.0,Free delivery,True,False,False,nhai-45,100.0,31,100.0,False,0,0,False,True,False,False,False,False,False,False,False,False,False,False,United States,False,,False,False,False,False,26,Sponsоr⁨ed,105.05944661676445,32.22038558200461,0,christmas cactus,24,120,True,1000,18.0,False
154951785564,RARE RED LIVE Easter Cactus LIVE PLANTS ! FREE SHIPPING $$,12.99,$12.99,False,0.0,Free delivery,True,False,False,baldmtgardens,99.3,7500,99.3,False,63,0,False,False,False,False,False,False,True,False,False,False,False,False,United States,False,,False,False,False,False,27,Sponsоr⁨ed,105.05944661676445,32.22038558200461,0,christmas cactus,25,120,True,1000,19.0,False
266382653668,Christmas Cactus/Thanksgiving Cactus STARTER Plant~Schlumbergera Truncata~Set #2,21.99,$21.99,False,0.0,Free delivery,True,False,False,daddyssweethope,99.6,10600,99.6,False,0,0,False,False,False,False,False,False,False,False,False,False,False,False,United States,False,,False,False,False,False,28,Sponsоr⁨ed,105.05944661676445,32.22038558200461,0,christmas cactus,26,120,True,1000,20.0,False
257460049724,"Thanksgiving/Christmas Cactus Schlumbergera ""Angel Dance"" cuttings - no roots",12.99,$12.99,False,0.0,Free delivery,True,False,False,rwwsr,100.0,3600,100.0,False,0,0,False,False,False,False,False,False,False,False,False,False,False,False,United States,False,,False,False,False,False,29,Sponsоr⁨ed,105.05944661676445,32.22038558200461,0,christmas cactus,27,120,True,1000,21.0,False
307177704246,"""BRANCA DOBRADA"" Thanksgiving Cactus - Double White Blooms - 4 Cuttings",15.0,$15.00,False,6.07,+$6.07 delivery,False,False,False,10khope,99.3,995,99.3,False,0,5,False,False,False,False,False,False,False,False,False,False,False,False,United States,False,,False,False,False,False,30,Sponsоr⁨ed,105.05944661676445,32.22038558200461,0,christmas cactus,28,120,True,1000,22.0,False
287540186950,Chiba Spot Schlumbergera Thanksgiving Christmas Cactus Starter 2-3 Piece Per Pot,15.95,$15.95,False,17.95,+$17.95 delivery,False,False,False,fromthebog,100.0,2800,100.0,False,0,11,False,False,False,False,False,False,True,False,False,False,False,False,United States,False,,True,True,True,True,31,Sponѕo⁨red,0.010438234335978791,11.549145870260432,251,christmas cactus,29,120,True,1000,,False
127949136680,"Red Christmas Cactus Plant 5-6"" Tall - 2 Plant in 3"" Pot - Holiday Cactus",16.99,$16.99,False,13.48,+$13.48 delivery,False,False,False,dimensionalprint,98.0,806,98.0,False,0,18,False,False,False,False,True,False,False,False,False,False,False,False,United States,False,,True,True,True,True,32,Sponѕo⁨red,0.010438234335978791,11.549145870260432,251,christmas cactus,30,120,True,1000,,False
398409734716,"Red Christmas Cactus Plant Live, Holiday Blooming Houseplant, 5-9 Inch Tall",31.99,$31.99,False,9.99,+$9.99 delivery,False,False,False,ahvnllc,100.0,8,100.0,False,0,0,False,False,False,False,False,False,False,False,False,False,False,False,United States,False,,True,True,True,True,33,Sponѕo⁨red,0.010438234335978791,11.549145870260432,251,christmas cactus,31,120,True,1000,,False
137538955380,"2 Purple Christmas Thanksgiving Cactus Live Plants 3-6"" Winter Succulents",31.99,$31.99,False,9.99,+$9.99 delivery,False,False,False,leaflyf,97.2,68,97.2,False,0,5,False,False,False,False,False,False,False,False,False,False,False,False,United States,False,,True,True,True,True,34,Sponѕo⁨red,0.010438234335978791,11.549145870260432,251,christmas cactus,32,120,True,1000,,False
168363266085,"Angel's Feather Christmas Cactus Schlumbergera ""White Flamenco"" Live plant 5inch",14.99,$14.99 to $49.99,True,8.8,+$8.80 delivery in 2-4 days,False,False,True,wzqkllc,99.3,1800,99.3,False,0,0,False,False,False,False,False,False,False,False,False,False,False,False,United States,False,,False,False,False,False,35,Sponsоr⁨ed,105.05944661676445,32.22038558200461,0,christmas cactus,33,120,True,1000,23.0,False
257466962236,RARE 'SANGEETA' Christmas Cactus Thanksgiving Schlumbergera Zygo 3 PLANTS,39.99,$39.99,False,5.93,+$5.93 delivery,False,False,False,1of9littleangels,100.0,1900,100.0,False,0,5,False,False,False,False,False,False,True,False,False,False,False,False,United States,False,,False,False,False,False,36,Sponsоr⁨ed,105.05944661676445,32.22038558200461,0,christmas cactus,34,120,True,1000,24.0,False
389354906125,3 Cuttings Variegated Christmas Cactus - Schlumbergera x,17.99,$17.99,False,5.0,+$5.00 delivery,False,False,False,s3succulents,100.0,104,100.0,False,0,62,False,False,False,False,True,False,False,False,False,False,False,False,United States,False,,False,False,False,False,37,Sponsоr⁨ed,105.05944661676445,32.22038558200461,0,christmas cactus,35,120,True,1000,25.0,False
267642382478,"Thanksgiving/Christmas Cactus Schlumbergera ""Olivia Sofia"" cuttings - no roots",19.99,$19.99,False,0.0,Free delivery,True,False,False,rwwsr,100.0,3600,100.0,False,0,0,False,False,False,False,False,False,False,False,False,False,False,False,United States,False,,False,False,False,False,38,Sponsоr⁨ed,105.05944661676445,32.22038558200461,0,christmas cactus,36,120,True,1000,26.0,False
298522586623,Variegated Christmas Cactus | Rooted Heirloom Plant,19.95,$19.95,False,9.54,+$9.54 delivery,False,False,False,powers1127a0x8,100.0,391,100.0,False,0,19,False,False,False,False,False,False,False,False,False,False,False,False,United States,False,,False,False,False,False,39,Sponsоr⁨ed,105.05944661676445,32.22038558200461,0,christmas cactus,37,120,True,1000,27.0,False
267101414167,Schlumbergera x buckleyi Christmas Cactus Succulent Plant,5.15,$5.15 to $16.02,True,4.0,+$4.00 delivery in 2-4 days,False,False,True,succulentsdepot,98.8,10200,98.8,False,0,0,False,False,False,False,False,False,False,False,False,False,False,False,United States,False,,False,False,False,False,40,Sponsоr⁨ed,105.05944661676445,32.22038558200461,0,christmas cactus,38,120,True,1000,28.0,False
377460836549,Beautiful Plant Cacti Cactus Succulent,253.0,$253.00,False,0.0,Free delivery,True,False,False,usplants,100.0,209,100.0,False,0,0,False,False,False,False,False,False,False,False,False,False,False,False,United States,False,,True,True,True,True,41,Sponѕo⁨red,0.010438234335978791,11.549145870260432,251,christmas cactus,39,120,True,1000,,False
398409734725,"White True Christmas Cactus Live Plant, Indoor Holiday Plant, 4-8 Inch Tall",36.99,$36.99,False,9.99,+$9.99 delivery,False,False,False,ahvnllc,100.0,8,100.0,False,0,0,False,False,False,False,False,False,False,False,False,False,False,False,United States,False,,True,True,True,True,42,Sponѕo⁨red,0.010438234335978791,11.549145870260432,251,christmas cactus,40,120,True,1000,,False
206568600282,Geneva - Thanksgiving/Christmas Cactus Schlumbergera,29.0,$29.00,False,0.0,Free delivery,True,False,False,bearsandsuch,100.0,4900,100.0,False,0,0,False,False,False,False,False,False,False,False,False,False,False,False,United States,False,,False,False,False,False,43,Sponsоr⁨ed,105.05944661676445,32.22038558200461,0,christmas cactus,41,120,True,1000,29.0,False
257461436456,"Thanksgiving/Christmas Cactus Schlumbergera ""Blushing Sugar"" cuttings no roots",19.99,$19.99,False,0.0,Free delivery,True,False,False,rwwsr,100.0,3600,100.0,False,0,10,False,False,False,False,False,False,False,False,False,False,False,False,United States,False,,False,False,False,False,44,Sponsоr⁨ed,105.05944661676445,32.22038558200461,0,christmas cactus,42,120,True,1000,30.0,False
257460046701,Thanksgiving Cactus - Schlumbergera cuttings select from named varieties,8.99,$8.99 to $9.99,True,0.0,Free delivery,True,False,False,rwwsr,100.0,3600,100.0,False,0,0,False,False,False,False,True,False,False,False,False,False,False,False,United States,False,,False,False,False,False,45,Sponsоr⁨ed,105.05944661676445,32.22038558200461,0,christmas cactus,43,120,True,1000,31.0,False
305318158399,Pink True Christmas Holiday Cactus Schlumbegera Buckleyi 3 Cuttings - No Roots,8.0,$8.00,False,6.07,+$6.07 delivery,False,False,False,10khope,99.3,995,99.3,False,204,0,False,False,False,False,False,False,False,False,False,False,False,False,United States,False,,False,False,False,False,46,Sponsоr⁨ed,105.05944661676445,32.22038558200461,0,christmas cactus,44,120,True,1000,32.0,False
326859647176,"4 Cutting - White ""Thanksgiving"" Cactus Schlumbergera Truncata",5.99,$5.99,False,5.0,+$5.00 delivery in 2-4 days,False,False,True,sunny0454,99.7,2900,99.7,False,33,0,False,False,False,False,False,False,True,False,False,False,False,False,United States,False,,False,False,False,False,47,Sponsоr⁨ed,105.05944661676445,32.22038558200461,0,christmas cactus,45,120,True,1000,33.0,False
117403075780,LIVE Christmas Cactus Plant (Schlumbergera) Young Rooted & Growing Pink Flowers,5.0,$5.00,False,6.34,+$6.34 delivery,False,False,False,faitjorda_44,98.7,429,98.7,False,0,0,False,False,False,False,False,False,False,False,False,False,False,False,United States,False,,False,False,False,False,48,Sponsоr⁨ed,105.05944661676445,32.22038558200461,0,christmas cactus,46,120,True,1000,34.0,False
325915318098,Christmas Cactus Cuttings 10pcs Schlumbergera Truncata Easy To Plant,21.99,$21.99,False,0.0,Free delivery,True,False,False,kylie_kay28,99.3,2100,99.3,False,0,17,False,True,False,False,False,False,False,False,False,False,False,False,United States,False,,False,False,False,False,49,Sponsоr⁨ed,105.05944661676445,32.22038558200461,0,christmas cactus,47,120,True,1000,35.0,False
257731682324,Old Fashioned True Christmas / Holiday Cactus Live Plants in 2.5” Plastic Pot,19.75,$19.75,False,7.05,+$7.05 delivery,False,False,False,liza1987ose,100.0,313,100.0,False,0,0,False,True,False,False,False,False,False,False,False,False,False,False,United States,False,,False,False,False,False,50,Sponsоr⁨ed,105.05944661676445,32.22038558200461,0,christmas cactus,48,120,True,1000,36.0,False
206569880545,Named varieties - 3 labeled pots - Thanksgiving/Christmas Cactus Schlumbergera,29.0,$29.00,False,0.0,Free delivery,True,False,False,bearsandsuch,100.0,4900,100.0,False,0,0,False,False,False,False,False,False,False,False,False,False,False,False,United States,False,,False,False,False,False,51,Sponsоr⁨ed,105.05944661676445,32.22038558200461,0,christmas cactus,49,120,True,1000,37.0,False
267642379372,"Thanksgiving/Christmas Cactus Schlumbergera ""Sunshine"" cuttings - no roots",19.99,$19.99,False,0.0,Free delivery,True,False,False,rwwsr,100.0,3600,100.0,False,0,0,False,False,False,False,False,False,False,False,False,False,False,False,United States,False,,False,False,False,False,52,Sponsоr⁨ed,105.05944661676445,32.22038558200461,0,christmas cactus,50,120,True,1000,38.0,False
306798373737,"""BRANCA DOBRADA"" Thanksgiving Cactus - Double White Blooms - 2 Cuttings",8.0,$8.00,False,6.07,+$6.07 delivery,False,False,False,10khope,99.3,995,99.3,False,0,21,False,False,False,False,False,False,False,False,False,False,False,False,United States,False,,False,False,False,False,53,Sponsоr⁨ed,105.05944661676445,32.22038558200461,0,christmas cactus,51,120,True,1000,39.0,False
206568602354,Branca Dobrada - Thanksgiving/Christmas Cactus Schlumbergera,29.0,$29.00,False,0.0,Free delivery,True,False,False,bearsandsuch,100.0,4900,100.0,False,0,0,False,False,False,False,False,False,False,False,False,False,False,False,United States,False,,False,False,False,False,54,Sponsоr⁨ed,105.05944661676445,32.22038558200461,0,christmas cactus,52,120,True,1000,40.0,False
396757831585,Purple Christmas Cactus Plants Live in 3 Inch Pot - 5-6in Tall - Holiday Cactus,16.99,$16.99,False,13.48,+$13.48 delivery,False,False,False,chuckyj-64,99.3,318,99.3,False,0,29,False,False,False,False,True,False,False,False,False,False,False,False,United States,False,,False,False,False,False,55,Sponsоr⁨ed,105.05944661676445,32.22038558200461,0,christmas cactus,53,120,True,1000,41.0,False
287575758082,Pink Christmas Cactus (Schlumbergera x buckleyi) - Live Plant - Multiple Sizes,6.25,$6.25 to $16.75,True,10.0,+$10.00 delivery,False,False,False,dylmangardens,99.4,8800,99.4,False,0,0,False,False,False,False,True,False,False,False,False,False,False,False,United States,False,,False,False,False,False,56,Sponsоr⁨ed,105.05944661676445,32.22038558200461,0,christmas cactus,54,120,True,1000,42.0,False
267642561990,"Thanksgiving/Christmas Cactus Schlumbergera ""Branca Dobrada"" cuttings no roots",14.99,$14.99,False,0.0,Free delivery,True,False,False,rwwsr,100.0,3600,100.0,False,0,0,False,False,False,False,False,False,False,False,False,False,False,False,United States,False,,False,False,False,False,57,Sponsоr⁨ed,105.05944661676445,32.22038558200461,0,christmas cactus,55,120,True,1000,43.0,False
236987216189,True Traditional Christmas Cactus Schlumbergera Live Cutting Pink,5.0,$5.00,False,6.2,+$6.20 delivery,False,False,False,robnski36,100.0,1200,100.0,False,0,0,False,True,False,False,False,False,False,False,False,False,False,False,United States,False,,False,False,False,False,58,Sponsоr⁨ed,105.05944661676445,32.22038558200461,0,christmas cactus,56,120,True,1000,44.0,False
167993130599,"Thanksgiving/Christmas Cactus Schlumbergera ""White Flamenco"" cuttings-no roots",14.99,$14.99,False,8.8,+$8.80 delivery in 2-4 days,False,False,True,wzqkllc,99.3,1800,99.3,False,26,0,False,False,False,False,True,False,True,False,False,False,False,False,United States,False,,False,False,False,False,59,Sponsоr⁨ed,105.05944661676445,32.22038558200461,0,christmas cactus,57,120,True,1000,45.0,False
198653818379,Charles Lemaire - Thanksgiving/Christmas Cactus Schlumbergera,29.0,$29.00,False,0.0,Free delivery,True,False,False,bearsandsuch,100.0,4900,100.0,False,0,0,False,False,False,False,False,False,False,False,False,False,False,False,United States,False,,False,False,False,False,60,Sponsоr⁨ed,105.05944661676445,32.22038558200461,0,christmas cactus,58,120,True,1000,46.0,False
227097100227,"Thanksgiving Cactus 1 White 1 Red 1 Orange, 3 Mixed Colour 3-4in Tall With 4”Pot",24.99,$24.99,False,0.0,Free delivery,True,False,False,aloyisouskona,99.9,1600,99.9,False,13,0,False,False,False,False,True,False,True,False,False,False,False,False,United States,False,,False,False,False,False,61,Sponsоr⁨ed,105.05944661676445,32.22038558200461,0,christmas cactus,59,120,True,1000,47.0,False
267515441448,U Pick Any 1 Christmas Cactus/Schlumbergera Truncata Plants,21.99,$21.99,False,0.0,Free delivery,True,False,False,daddyssweethope,99.6,10600,99.6,False,0,0,False,False,False,False,False,False,False,False,False,False,False,False,United States,False,,False,False,False,False,62,Sponsоr⁨ed,105.05944661676445,32.22038558200461,0,christmas cactus,60,120,True,1000,48.0,False
277543827476,Thanksgiving Cactus 20,25.0,$25.00,False,6.34,+$6.34 delivery,False,False,False,ashley656,100.0,75,100.0,False,0,22,False,True,False,False,True,False,False,False,False,False,False,False,United States,False,,False,False,False,False,63,Sponsоr⁨ed,105.05944661676445,32.22038558200461,0,christmas cactus,61,120,True,1000,49.0,False
198582916159,Lee G Goodfellow - Thanksgiving/Christmas Cactus Schlumbergera,24.0,$24.00,False,0.0,Free delivery,True,False,False,bearsandsuch,100.0,4900,100.0,False,0,0,False,False,False,False,False,False,False,False,False,False,False,False,United States,False,,False,False,False,False,64,Sponsоr⁨ed,105.05944661676445,32.22038558200461,0,christmas cactus,62,120,True,1000,50.0,False
145249274779,"2”/ 4” White Christmas Cactus live plant-Drought tolerant, Easy to Grow.",14.95,$14.95 to $24.95,True,3.99,+$3.99 delivery in 2-4 days,False,False,True,sugarrockusa,99.8,5100,99.8,False,0,14,True,False,False,False,False,False,False,False,False,False,False,False,United States,False,,False,False,False,False,65,Sponsоr⁨ed,105.05944661676445,32.22038558200461,0,christmas cactus,63,120,True,1000,51.0,False
255729131437,Christmas Cactus Starter Plant ~~Proud Mary~~ Schlumbergera Truncata,21.99,$21.99,False,0.0,Free delivery,True,False,False,daddyssweethope,99.6,10600,99.6,False,0,0,False,False,False,False,False,False,False,False,False,False,False,False,United States,False,,False,False,False,False,66,Sponsоr⁨ed,105.05944661676445,32.22038558200461,0,christmas cactus,64,120,True,1000,52.0,False
206426491123,Albert Loefgren - Thanksgiving/Christmas Cactus Schlumbergera,29.0,$29.00,False,0.0,Free delivery,True,False,False,bearsandsuch,100.0,4900,100.0,False,0,0,False,False,False,False,False,False,False,False,False,False,False,False,United States,False,,False,False,False,False,67,Sponsоr⁨ed,105.05944661676445,32.22038558200461,0,christmas cactus,65,120,True,1000,53.0,False
206539878205,Peaches & Cream - Thanksgiving/Christmas Cactus Schlumbergera,32.0,$32.00,False,0.0,Free delivery,True,False,False,bearsandsuch,100.0,4900,100.0,False,0,0,False,False,False,False,False,False,False,False,False,False,False,False,United States,False,,False,False,False,False,68,Sponsоr⁨ed,105.05944661676445,32.22038558200461,0,christmas cactus,66,120,True,1000,54.0,False
307200983525,Schlumbergera Lutea Sbsp Lutea,45.0,$45.00,False,18.0,+$18.00 delivery,False,False,False,miasorchids,100.0,389,100.0,False,0,0,False,False,False,False,False,False,False,False,False,False,False,False,United States,False,,False,False,False,False,69,Sponsоr⁨ed,105.05944661676445,32.22038558200461,0,christmas cactus,67,120,True,1000,55.0,False
115858992956,Pink True Christmas Cactus (Schlumbergera Buckleyi) - 3 Cuttings - RARE HERITAGE,13.99,$13.99,False,0.0,Free delivery,True,False,False,mossygathering,100.0,94,100.0,False,27,0,False,True,False,False,True,False,True,False,False,False,False,False,United States,False,,False,False,False,False,70,Sponsоr⁨ed,105.05944661676445,32.22038558200461,0,christmas cactus,68,120,True,1000,56.0,False
198623231757,Tinsley - Thanksgiving/Christmas Cactus Schlumbergera,29.0,$29.00,False,0.0,Free delivery,True,False,False,bearsandsuch,100.0,4900,100.0,False,0,0,False,False,False,False,False,False,False,False,False,False,False,False,United States,False,,False,False,False,False,71,Sponsоr⁨ed,105.05944661676445,32.22038558200461,0,christmas cactus,69,120,True,1000,57.0,False
206451230738,Alberta - #3 Thanksgiving/Christmas Cactus Schlumbergera,29.0,$29.00,False,0.0,Free delivery,True,False,False,bearsandsuch,100.0,4900,100.0,False,0,0,False,False,False,False,False,False,False,False,False,False,False,False,United States,False,,False,False,False,False,72,Sponsоr⁨ed,105.05944661676445,32.22038558200461,0,christmas cactus,70,120,True,1000,58.0,False
198509599219,Colibri Adriana - Thanksgiving/Christmas Cactus Schlumbergera,29.0,$29.00,False,0.0,Free delivery,True,False,False,bearsandsuch,100.0,4900,100.0,False,0,0,False,False,False,False,False,False,False,False,False,False,False,False,United States,False,,False,False,False,False,73,Sponsоr⁨ed,105.05944661676445,32.22038558200461,0,christmas cactus,71,120,True,1000,59.0,False
262483978233,Christmas Cactus Starter Plant ~~Fairy Tale~~ Schlumbergera Truncata,21.99,$21.99,False,0.0,Free delivery,True,False,False,daddyssweethope,99.6,10600,99.6,False,222,0,False,False,False,False,False,False,False,False,False,False,False,False,United States,False,,False,False,False,False,74,Sponsоr⁨ed,105.05944661676445,32.22038558200461,0,christmas cactus,72,120,True,1000,60.0,False
267720030478,RARE 'HARVEST GOLD' Christmas Cactus Thanksgiving Schlumbergera Zygo Full Potted,39.99,$39.99,False,5.93,+$5.93 delivery,False,False,False,1of9littleangels,100.0,1900,100.0,False,0,5,False,False,False,False,False,False,False,False,False,False,False,False,United States,False,,False,False,False,False,75,Sponsоr⁨ed,105.05944661676445,32.22038558200461,0,christmas cactus,73,120,True,1000,61.0,False
325348079605,"4 Cutting  - Red ""Thanksgiving"" Cactus Schlumbergera Truncata",5.99,$5.99,False,5.0,+$5.00 delivery in 2-4 days,False,False,True,sunny0454,99.7,2900,99.7,False,52,0,False,False,False,False,False,False,True,False,False,False,False,False,United States,False,,False,False,False,False,76,Sponsоr⁨ed,105.05944661676445,32.22038558200461,0,christmas cactus,74,120,True,1000,62.0,False
326859649323,"4 Cutting - Combo Red and White ""Thanksgiving"" Cactus Schlumbergera Truncata",5.99,$5.99,False,5.0,+$5.00 delivery in 2-4 days,False,False,True,sunny0454,99.7,2900,99.7,False,17,0,False,False,False,False,False,False,False,False,False,False,False,False,United States,False,,False,False,False,False,77,Sponsоr⁨ed,105.05944661676445,32.22038558200461,0,christmas cactus,75,120,True,1000,63.0,False
307190848274,"christmas cactus holiday cactus probably pink flowers, 5 rooted plants",15.0,$15.00,False,7.89,+$7.89 delivery,False,False,False,bna2810.pvisrn,100.0,1500,100.0,False,0,0,False,False,False,False,False,False,False,False,False,False,False,False,United States,False,,False,False,False,False,78,Sponsоr⁨ed,105.05944661676445,32.22038558200461,0,christmas cactus,76,120,True,1000,64.0,False
286618589889,ORANGE Schlumbergera Truncata Thanksgiving / Christmas Cactus - US Seller,5.99,$5.99 to $39.99,True,7.98,+$7.98 delivery,False,False,False,dynamitedeals35,99.7,2700,99.7,False,0,0,False,False,False,False,False,False,False,False,False,False,False,False,United States,False,,False,False,False,False,79,Sponsоr⁨ed,105.05944661676445,32.22038558200461,0,christmas cactus,77,120,True,1000,65.0,False
198655207713,Chick - Thanksgiving/Christmas Cactus Schlumbergera,34.0,$34.00,False,0.0,Free delivery,True,False,False,bearsandsuch,100.0,4900,100.0,False,0,0,False,False,False,False,False,False,False,False,False,False,False,False,United States,False,,False,False,False,False,80,Sponsоr⁨ed,105.05944661676445,32.22038558200461,0,christmas cactus,78,120,True,1000,66.0,False
198509636767,Manitoba Sunrise - Thanksgiving/Christmas Cactus Schlumbergera,22.0,$22.00,False,0.0,Free delivery,True,False,False,bearsandsuch,100.0,4900,100.0,False,0,0,False,False,False,False,False,False,False,False,False,False,False,False,United States,False,,False,False,False,False,81,Sponsоr⁨ed,105.05944661676445,32.22038558200461,0,christmas cactus,79,120,True,1000,67.0,False
307201128950,Schlumbergera Opuntioides Brazilian Species,45.0,$45.00,False,18.0,+$18.00 delivery,False,False,False,miasorchids,100.0,389,100.0,False,0,0,False,False,False,False,False,False,False,False,False,False,False,False,United States,False,,False,False,False,False,82,Sponsоr⁨ed,105.05944661676445,32.22038558200461,0,christmas cactus,80,120,True,1000,68.0,False
206504260713,Sunspot - Thanksgiving/Christmas Cactus Schlumbergera,29.0,$29.00,False,0.0,Free delivery,True,False,False,bearsandsuch,100.0,4900,100.0,False,0,0,False,False,False,False,False,False,False,False,False,False,False,False,United States,False,,False,False,False,False,83,Sponsоr⁨ed,105.05944661676445,32.22038558200461,0,christmas cactus,81,120,True,1000,69.0,False
198390354208,Frida - Thanksgiving/Christmas Cactus Schlumbergera,19.0,$19.00,False,0.0,Free delivery,True,False,False,bearsandsuch,100.0,4900,100.0,False,0,0,False,False,False,False,False,False,False,False,False,False,False,False,United States,False,,False,False,False,False,84,Sponsоr⁨ed,105.05944661676445,32.22038558200461,0,christmas cactus,82,120,True,1000,70.0,False
198653815091,Pink Ballerina - Thanksgiving/Christmas Cactus Schlumbergera,29.0,$29.00,False,0.0,Free delivery,True,False,False,bearsandsuch,100.0,4900,100.0,False,0,0,False,False,False,False,False,False,False,False,False,False,False,False,United States,False,,False,False,False,False,85,Sponsоr⁨ed,105.05944661676445,32.22038558200461,0,christmas cactus,83,120,True,1000,71.0,False
198622999392,Exotica Chibapoaru - Thanksgiving/Christmas Cactus Schlumbergera,29.0,$29.00,False,0.0,Free delivery,True,False,False,bearsandsuch,100.0,4900,100.0,False,0,0,False,False,False,False,False,False,False,False,False,False,False,False,United States,False,,False,False,False,False,86,Sponsоr⁨ed,105.05944661676445,32.22038558200461,0,christmas cactus,84,120,True,1000,72.0,False
326842004278,3 CUTTINGS Thor Sophia (NOT PLANT) NO Roots Thanksgiving/ Christmas Cactus.,9.99,$9.99,False,5.99,+$5.99 delivery,False,False,False,thegreenangels,100.0,2700,100.0,False,0,36,False,False,False,False,False,False,False,False,False,False,False,False,United States,False,,False,False,False,False,87,Sponsоr⁨ed,105.05944661676445,32.22038558200461,0,christmas cactus,85,120,True,1000,73.0,False
396757862348,Orange Christmas Cactus Plants Live in 3 Inch Pot - 5-6in Tall - Holiday Cactus,16.99,$16.99,False,13.48,+$13.48 delivery,False,False,False,chuckyj-64,99.3,318,99.3,False,0,58,False,False,False,False,True,False,False,False,False,False,False,False,United States,False,,False,False,False,False,88,Sponsоr⁨ed,105.05944661676445,32.22038558200461,0,christmas cactus,86,120,True,1000,74.0,False
314276971243,5 True Christmas Cactus Pink Schlumbergera Zygocactus Leaf - Ready to Plant,40.99,$40.99,False,0.0,Free delivery,True,False,False,joyfulblooms,100.0,586,100.0,False,56,0,False,False,False,False,False,False,False,False,False,False,False,False,United States,False,,False,False,False,False,89,Sponsоr⁨ed,105.05944661676445,32.22038558200461,0,christmas cactus,87,120,True,1000,75.0,False
206468261143,St Charles - Thanksgiving/Christmas Cactus Schlumbergera,29.0,$29.00,False,0.0,Free delivery,True,False,False,bearsandsuch,100.0,4900,100.0,False,0,0,False,False,False,False,False,False,False,False,False,False,False,False,United States,False,,False,False,False,False,90,Sponsоr⁨ed,105.05944661676445,32.22038558200461,0,christmas cactus,88,120,True,1000,76.0,False
252425253531,Christmas Cactus Starter Plant ~~Desert Sun~~ Schlumbergera Truncata,21.99,$21.99,False,0.0,Free delivery,True,False,False,daddyssweethope,99.6,10600,99.6,False,69,0,False,False,False,False,False,False,False,False,False,False,False,False,United States,False,,False,False,False,False,91,Sponsоr⁨ed,105.05944661676445,32.22038558200461,0,christmas cactus,89,120,True,1000,77.0,False
256333370654,"1 to 5 living Schlumbergera truncate Plants Zygocactus, Thanksgiving Cactus",5.0,$5.00 to $18.00,True,5.98,+$5.98 delivery,False,False,False,thebluebirdgarden,100.0,1000,100.0,False,0,0,False,False,False,False,False,False,False,False,False,False,False,False,United States,False,,False,False,False,False,92,Sponsоr⁨ed,105.05944661676445,32.22038558200461,0,christmas cactus,90,120,True,1000,78.0,False
206504282569,Empress - Thanksgiving/Christmas Cactus Schlumbergera,32.0,$32.00,False,0.0,Free delivery,True,False,False,bearsandsuch,100.0,4900,100.0,False,0,0,False,False,False,False,False,False,False,False,False,False,False,False,United States,False,,False,False,False,False,93,Sponsоr⁨ed,105.05944661676445,32.22038558200461,0,christmas cactus,91,120,True,1000,79.0,False
314970012329,5 Thanksgiving Holiday Cactus Pink Schlumbergera Zygocactus Leaf Ready to Plant,14.99,$14.99,False,0.0,Free delivery,True,False,False,joyfulblooms,100.0,586,100.0,False,0,7,False,False,False,False,False,False,False,False,False,False,False,False,United States,False,,False,False,False,False,94,Sponsоr⁨ed,105.05944661676445,32.22038558200461,0,christmas cactus,92,120,True,1000,80.0,False
198622998734,Cherie Olga - Thanksgiving/Christmas Cactus Schlumbergera,29.0,$29.00,False,0.0,Free delivery,True,False,False,bearsandsuch,100.0,4900,100.0,False,0,0,False,False,False,False,False,False,False,False,False,False,False,False,United States,False,,False,False,False,False,95,Sponsоr⁨ed,105.05944661676445,32.22038558200461,0,christmas cactus,93,120,True,1000,81.0,False
278046041552,"Orange Christmas Cactus Thanksgiving Cactus Plant Holiday Cactus Plant 3""Pot",15.49,$15.49,False,13.48,+$13.48 delivery,False,False,False,daniemorloc8,97.8,511,97.8,False,0,0,False,False,False,False,True,False,False,False,False,False,False,False,United States,False,,False,False,False,False,96,Sponsоr⁨ed,105.05944661676445,32.22038558200461,0,christmas cactus,94,120,True,1000,82.0,False
127483810138,"Purple Christmas Cactus Plant 4-6"" Tall - 2 Plant in 3"" Pot - Holiday Cactus",17.99,$17.99,False,13.48,+$13.48 delivery,False,False,False,dimensionalprint,98.0,806,98.0,False,0,14,False,False,False,False,True,False,False,False,False,False,False,False,United States,False,,False,False,False,False,97,Sponsоr⁨ed,105.05944661676445,32.22038558200461,0,christmas cactus,95,120,True,1000,83.0,False
266382559019,Christmas Cactus/Thanksgiving Cactus STARTER Plant~Schlumbergera Truncata~Set #1,21.99,$21.99,False,0.0,Free delivery,True,False,False,daddyssweethope,99.6,10600,99.6,False,0,0,False,False,False,False,False,False,False,False,False,False,False,False,United States,False,,False,False,False,False,98,Sponsоr⁨ed,105.05944661676445,32.22038558200461,0,christmas cactus,96,120,True,1000,84.0,False
206539870683,Izzie - Thanksgiving/Christmas Cactus Schlumbergera,29.0,$29.00,False,0.0,Free delivery,True,False,False,bearsandsuch,100.0,4900,100.0,False,0,0,False,False,False,False,False,False,False,False,False,False,False,False,United States,False,,False,False,False,False,99,Sponsоr⁨ed,105.05944661676445,32.22038558200461,0,christmas cactus,97,120,True,1000,85.0,False
307045596668,Live Plant -Stephania cepharantha /bulb plant “Lucky ‘Turtle[Bare Root],9.9,$9.90,False,7.05,+$7.05 delivery,False,False,False,secretsucculentvilla,99.1,310,99.1,False,0,0,False,False,False,False,True,False,False,False,False,False,False,False,United States,False,,False,False,False,False,100,Sponsоr⁨ed,105.05944661676445,32.22038558200461,0,christmas cactus,98,120,True,1000,86.0,False
206504288794,Capricious Queen - #2 Thanksgiving/Christmas Cactus Schlumbergera,32.0,$32.00,False,0.0,Free delivery,True,False,False,bearsandsuch,100.0,4900,100.0,False,0,0,False,False,False,False,False,False,False,False,False,False,False,False,United States,False,,False,False,False,False,101,Sponsоr⁨ed,105.05944661676445,32.22038558200461,0,christmas cactus,99,120,True,1000,87.0,False
252419748102,Christmas Cactus Starter Plant ~~Honolulu Sun~~ Schlumbergera Truncata,24.99,$24.99,False,0.0,Free delivery,True,False,False,daddyssweethope,99.6,10600,99.6,False,568,0,False,False,False,False,False,False,False,False,False,False,False,False,United States,False,,False,False,False,False,102,Sponsоr⁨ed,105.05944661676445,32.22038558200461,0,christmas cactus,100,120,True,1000,88.0,False
257729946179,Yellow Thanksgiving / Christmas / Holiday Cactus Live Plants in 2.5” Plastic Pot,19.5,$19.50,False,7.05,+$7.05 delivery,False,False,False,liza1987ose,100.0,313,100.0,False,0,0,False,True,False,False,False,False,False,False,False,False,False,False,United States,False,,False,False,False,False,103,Sponsоr⁨ed,105.05944661676445,32.22038558200461,0,christmas cactus,101,120,True,1000,89.0,False
128097217128,Thanksgiving / Christmas Cactus - Red Zygo Potted Live Plant Rooted,7.2,$7.20$12.00,False,6.99,+$6.99 delivery,False,False,False,spencer_941,99.7,4800,99.7,False,0,0,False,True,False,False,False,False,False,False,False,False,False,False,United States,False,,False,False,False,False,104,Sponsоr⁨ed,105.05944661676445,32.22038558200461,0,christmas cactus,102,120,True,1000,90.0,False
206381801946,Will Tjaden - Thanksgiving/Christmas Cactus Schlumbergera,32.0,$32.00,False,0.0,Free delivery,True,False,False,bearsandsuch,100.0,4900,100.0,False,0,0,False,False,False,False,False,False,False,False,False,False,False,False,United States,False,,False,False,False,False,105,Sponsоr⁨ed,105.05944661676445,32.22038558200461,0,christmas cactus,103,120,True,1000,91.0,False
198623235595,Limelight Dancer - Thanksgiving/Christmas Cactus Schlumbergera,29.0,$29.00,False,0.0,Free delivery,True,False,False,bearsandsuch,100.0,4900,100.0,False,0,0,False,False,False,False,False,False,False,False,False,False,False,False,United States,False,,False,False,False,False,106,Sponsоr⁨ed,105.05944661676445,32.22038558200461,0,christmas cactus,104,120,True,1000,92.0,False
376375294352,Schlumbergera Buckleyi True Old Fashion Original Christmas Cactu (3),9.99,$9.99,False,10.05,+$10.05 delivery in 2-4 days,False,False,True,pennyfountain,100.0,529,100.0,False,0,27,False,False,False,False,False,False,False,False,False,False,False,False,United States,False,,False,False,False,False,107,Sponsоr⁨ed,105.05944661676445,32.22038558200461,0,christmas cactus,105,120,True,1000,93.0,False
397156600916,Purple Christmas Cactus 3” Pot – Starter Plant Purple Holiday Cactus,12.98,$12.98,False,13.48,+$13.48 delivery,False,False,False,hannahserv81,98.5,277,98.5,False,0,0,False,False,False,False,False,False,False,False,False,False,False,False,United States,False,,False,False,False,False,108,Sponsоr⁨ed,105.05944661676445,32.22038558200461,0,christmas cactus,106,120,True,1000,94.0,False
198434938262,Sterling - Thanksgiving/Christmas Cactus Schlumbergera,29.0,$29.00,False,0.0,Free delivery,True,False,False,bearsandsuch,100.0,4900,100.0,False,0,0,False,False,False,False,False,False,False,False,False,False,False,False,United States,False,,False,False,False,False,109,Sponsоr⁨ed,105.05944661676445,32.22038558200461,0,christmas cactus,107,120,True,1000,95.0,False
147546962582,Vintage Pumpkin Like Pot With Live Christmas Cactus And Wandering Dude/ Purple H,25.67,$25.67,False,10.15,+$10.15 delivery,False,False,False,dragan6766_2012,99.8,431,99.8,False,0,0,False,True,False,False,False,False,False,False,False,False,False,False,United States,False,,False,False,False,False,110,Sponsоr⁨ed,105.05944661676445,32.22038558200461,0,christmas cactus,108,120,True,1000,96.0,False
366695342457,Schlumbergera truncata Thanksgiving Cactus Succulent Plant,15.99,$15.99,False,0.0,Free delivery,True,False,False,e-shoponestop,100.0,207,100.0,False,0,0,False,False,False,True,False,False,False,False,False,False,False,False,United States,False,,False,False,False,False,111,Sponsоr⁨ed,105.05944661676445,32.22038558200461,0,christmas cactus,109,120,True,1000,97.0,False
376376245375,Yellow Christmas Cactus Plants Live in 3 Inch Pot - 4-6in Tall - Holiday Cactus,16.99,$16.99,False,13.48,+$13.48 delivery,False,False,False,pzste-60,98.4,425,98.4,False,26,0,False,False,False,False,True,False,False,False,False,False,False,False,United States,False,,False,False,False,False,112,Sponsоr⁨ed,105.05944661676445,32.22038558200461,0,christmas cactus,110,120,True,1000,98.0,False
920005536607,"Live Plant Consolea Rubescens ""Roadkill"" Road-Kill Cactus Cacti Flowers & Fruits",24.95,$24.95,False,10.15,+$10.15 delivery,False,False,False,josnor_3000,99.3,193,99.3,False,0,0,False,True,False,False,False,False,False,False,False,False,False,False,United States,False,,False,False,False,False,113,Sponsоr⁨ed,105.05944661676445,32.22038558200461,0,christmas cactus,111,120,True,1000,99.0,False
198623238012,Wilma Brown - Thanksgiving/Christmas Cactus Schlumbergera,29.0,$29.00,False,0.0,Free delivery,True,False,False,bearsandsuch,100.0,4900,100.0,False,0,0,False,False,False,False,False,False,False,False,False,False,False,False,United States,False,,False,False,False,False,114,Sponsоr⁨ed,105.05944661676445,32.22038558200461,0,christmas cactus,112,120,True,1000,100.0,False
206259783198,"Cylindropuntia Leptocaulis, Christmas Cholla Cactus",12.0,$12.00,False,12.0,+$12.00 delivery,False,False,False,nicrev43,100.0,266,100.0,False,0,0,False,False,False,False,False,False,False,False,False,False,False,False,United States,False,,False,False,False,False,115,Sponsоr⁨ed,105.05944661676445,32.22038558200461,0,christmas cactus,113,120,True,1000,101.0,False
206216390324,Sanne - Thanksgiving/Christmas Cactus Schlumbergera,22.0,$22.00,False,0.0,Free delivery,True,False,False,bearsandsuch,100.0,4900,100.0,False,0,0,False,False,False,False,False,False,False,False,False,False,False,False,United States,False,,False,False,False,False,116,Sponsоr⁨ed,105.05944661676445,32.22038558200461,0,christmas cactus,114,120,True,1000,102.0,False
206539876716,Garden of Eden - Thanksgiving/Christmas Cactus Schlumbergera,29.0,$29.00,False,0.0,Free delivery,True,False,False,bearsandsuch,100.0,4900,100.0,False,0,0,False,False,False,False,False,False,False,False,False,False,False,False,United States,False,,False,False,False,False,117,Sponsоr⁨ed,105.05944661676445,32.22038558200461,0,christmas cactus,115,120,True,1000,103.0,False
198532677439,Chiba Etani - #2 Thanksgiving/Christmas Cactus Schlumbergera,29.0,$29.00,False,0.0,Free delivery,True,False,False,bearsandsuch,100.0,4900,100.0,False,0,0,False,False,False,False,False,False,False,False,False,False,False,False,United States,False,,False,False,False,False,118,Sponsоr⁨ed,105.05944661676445,32.22038558200461,0,christmas cactus,116,120,True,1000,104.0,False
398007586213,Rare Easter Cactus Clippings!! (Read Description),10.8,$10.80,False,2.99,+$2.99 delivery,False,False,False,carlyjonesco,90.5,47,90.5,False,0,9,False,True,False,False,False,False,False,False,False,False,False,False,United States,False,,False,False,False,False,119,Sponsоr⁨ed,105.05944661676445,32.22038558200461,0,christmas cactus,117,120,True,1000,105.0,False
133940754764,U PICK Any 8 Christmas Cactus/Schlumbergera Truncata Plants*U PICK WHAT U WANT!,59.99,$59.99,False,0.0,Free delivery,True,False,False,jessicastootielou,99.8,6700,99.8,False,51,0,False,False,False,False,True,False,False,False,False,False,False,False,United States,False,,False,False,False,False,120,Sponsоr⁨ed,105.05944661676445,32.22038558200461,0,christmas cactus,118,120,True,1000,106.0,False
396962445679,2 Orange Christmas Cactus Live Plants- 3in Pot - 5-6in Tall - Holiday Cactus,24.99,$24.99,False,13.7,+$13.70 delivery,False,False,False,chuckyj-64,99.3,318,99.3,False,0,13,False,False,False,False,True,False,False,False,False,False,False,False,United States,False,,True,True,True,True,121,Sponѕo⁨red,0.010438234335978791,11.549145870260432,251,christmas cactus,119,120,True,1000,,False
406059240867,"1 Live Yellow Christmas Cactus – 2 Plants Per Pot – 6–10"" Tall – 3"" Pot",24.99,$24.99,False,13.48,+$13.48 delivery,False,False,False,deme-8594,98.9,227,98.9,False,0,20,False,False,False,False,True,False,False,False,False,False,False,False,United States,False,,True,True,True,True,122,Sponѕo⁨red,0.010438234335978791,11.549145870260432,251,christmas cactus,120,120,True,1000,,False
158236107860,hoya australis lisa Veragated Plant,16.0,$16.00,False,9.0,+$9.00 delivery,False,False,False,irvin-sophi,97.2,1800,97.2,False,0,0,False,True,False,False,False,False,False,False,False,False,False,False,United States,False,,False,False,False,False,3,Sp⁩onѕored,28.469954646548537,-38.980261097685045,0,hoya australis lisa,1,120,True,150,1.0,False
188809280746,"Hoya Australis Lisa, 4"" Pot",14.95,$14.95,False,6.95,+$6.95 delivery,False,False,False,coastaltill1,99.4,25600,99.4,False,0,6,False,False,False,False,False,True,False,False,False,False,False,False,United States,False,,True,True,True,True,4,Ѕpons⁨ored,0.034730469920191354,11.569580313197598,261,hoya australis lisa,2,120,True,150,,False
315342716287,"Variegated Hoya Australis, Tricolor Lisa, Very Rare Limited Live Plant, in 4 inc",24.99,$24.99,False,5.95,+$5.95 delivery,False,False,False,bubbleblooms.shop,98.3,2500,98.3,False,0,165,False,False,False,False,True,False,False,False,False,False,False,False,United States,False,,True,True,True,True,5,Ѕpons⁨ored,0.034730469920191354,11.569580313197598,261,hoya australis lisa,3,120,True,150,,False
315342715157,"Hoya Australis, Lisa, Very Full 4"" Potted Starter, Honeyplant Samoan Waxplant",23.79,$23.79,False,5.95,+$5.95 delivery,False,False,False,bubbleblooms.shop,98.3,2500,98.3,False,0,0,False,False,False,False,True,False,False,False,False,False,False,False,United States,False,,True,True,True,True,6,Ѕpons⁨ored,0.034730469920191354,11.569580313197598,261,hoya australis lisa,4,120,True,150,,False
158236859830,hoya australis lisa,16.0,$16.00,False,9.0,+$9.00 delivery,False,False,False,irvin-sophi,97.2,1800,97.2,False,0,0,False,True,False,False,False,False,False,False,False,False,False,False,United States,False,,False,False,False,False,7,Sp⁩onѕored,28.469954646548537,-38.980261097685045,0,hoya australis lisa,5,120,True,150,2.0,False
298347368568,Hoya Australis Lisa,12.99,$12.99,False,9.0,+$9.00 delivery in 2-4 days,False,False,True,beautiflorist,99.5,23200,99.5,False,0,13,False,False,False,False,False,False,False,False,False,False,False,False,United States,False,,False,False,False,False,8,Sp⁩onѕored,28.469954646548537,-38.980261097685045,0,hoya australis lisa,6,120,True,150,3.0,False
267441646271,Hoya Australis Lisa- Variegated - multiple live houseplants - easy care,15.53,$15.53,False,8.05,+$8.05 delivery,False,False,False,reggicatt,100.0,878,100.0,False,0,9,False,True,False,False,False,False,False,False,False,False,False,False,United States,False,,False,False,False,False,9,Sp⁩onѕored,28.469954646548537,-38.980261097685045,0,hoya australis lisa,7,120,True,150,4.0,False
116810739178,"Hoya Australis Lisa, 4"" Pot",19.49,$19.49$25.99,False,7.08,+$7.08 delivery,False,False,False,fun_plantsandcactus,99.7,901,99.7,False,0,14,False,False,False,False,True,False,False,False,False,False,False,False,United States,False,,False,False,False,False,10,Sp⁩onѕored,28.469954646548537,-38.980261097685045,0,hoya australis lisa,8,120,True,150,5.0,False
188149510107,Hoya Australis Lisa Variegated – Live Plant in 4” Pot – Rare Colorful Foliage,18.0,$18.00,False,15.0,+$15.00 delivery,False,False,False,iwakuni2002,100.0,25,100.0,False,0,0,False,True,False,False,False,False,False,False,False,False,False,False,United States,False,,False,False,False,False,11,Sp⁩onѕored,28.469954646548537,-38.980261097685045,0,hoya australis lisa,9,120,True,150,6.0,False
298349962445,Hoya Australis Lisa,44.99,$44.99,False,19.99,+$19.99 delivery in 2-4 days,False,False,True,beautiflorist,99.5,23200,99.5,False,0,0,False,False,False,False,False,False,False,False,False,False,False,False,United States,False,,False,False,False,False,12,Sp⁩onѕored,28.469954646548537,-38.980261097685045,0,hoya australis lisa,10,120,True,150,7.0,False
318930413237,Rooted Hoya Bundle australis lisa Wilber Graves China Variegated Carnosa 100%USA,45.0,$45.00,False,12.0,+$12.00 delivery,False,False,False,adriennesadeniums38562,100.0,271,100.0,False,0,0,False,True,False,False,False,False,False,False,False,False,False,False,United States,False,,False,False,False,False,13,Sp⁩onѕored,28.469954646548537,-38.980261097685045,0,hoya australis lisa,11,120,True,150,8.0,False
314667167717,"Hoya Variety Assortment Plant Set, Hindu Rope, Varigated Australis, Lisa, Pubica",39.99,$39.99,False,5.95,+$5.95 delivery,False,False,False,bubbleblooms.shop,98.3,2500,98.3,False,0,0,False,False,False,False,True,False,False,False,False,False,False,False,United States,False,,False,False,False,False,14,Sp⁩onѕored,28.469954646548537,-38.980261097685045,0,hoya australis lisa,12,120,True,150,9.0,False
315342744677,Hoya Variegated Australis 2 inch Set of 3 Lisa Wax Plant Porcelain Flower Tiny M,34.99,$34.99,False,5.95,+$5.95 delivery,False,False,False,bubbleblooms.shop,98.3,2500,98.3,False,0,0,False,False,False,False,True,False,False,False,False,False,False,False,United States,False,,True,True,True,True,15,Ѕpons⁨ored,0.034730469920191354,11.569580313197598,261,hoya australis lisa,13,120,True,150,,False
314667156488,"Hoya Assortment Set, Hindu Rope, Krimson Queen, Ketiana, Chelsea, Australis, Lis",59.99,$59.99,False,5.95,+$5.95 delivery,False,False,False,bubbleblooms.shop,98.3,2500,98.3,False,0,0,False,False,False,False,True,False,False,False,False,False,False,False,United States,False,,True,True,True,True,16,Ѕpons⁨ored,0.034730469920191354,11.569580313197598,261,hoya australis lisa,14,120,True,150,,False
375424554748,"Vining Hoya Australis Lisa Exotic Medium Size Flowers In & Out Live Plant 2"" Pot",13.95,$13.95,False,9.95,+$9.95 delivery,False,False,False,gardenshops,98.9,5900,98.9,False,0,0,False,False,False,True,False,False,False,False,False,False,False,False,United States,False,,True,True,True,True,17,Ѕpons⁨ored,0.034730469920191354,11.569580313197598,261,hoya australis lisa,15,120,True,150,,False
317510879172,Hoya 'Lisa' | Live Plant for Indoor & Outdoor,53.99,$53.99,False,9.8,+$9.80 delivery,False,False,False,ks_plants,100.0,68,100.0,False,0,0,False,False,False,False,False,False,False,False,False,False,False,False,United States,False,,True,True,True,True,18,Ѕpons⁨ored,0.034730469920191354,11.569580313197598,261,hoya australis lisa,16,120,True,150,,False
257665580837,"Hoya LISA Australis variegated with 4"" hanging basket plant shown A",49.0,$49.00,False,18.35,+$18.35 delivery,False,False,False,bkb1fl62,100.0,3500,100.0,False,0,0,False,False,False,False,False,False,False,False,False,False,False,False,United States,False,,False,False,False,False,19,Sp⁩onѕored,28.469954646548537,-38.980261097685045,0,hoya australis lisa,17,120,True,150,10.0,False
358812793707,Hoya australis lisa starter plant,20.0,$20.00,False,10.15,+$10.15 delivery,False,False,False,planted-sights,100.0,11,100.0,False,0,0,False,False,False,False,False,False,False,False,False,False,False,False,United States,False,,False,False,False,False,20,Sp⁩onѕored,28.469954646548537,-38.980261097685045,0,hoya australis lisa,18,120,True,150,11.0,False
257665581866,"Hoya LISA Australis variegated with 4"" hanging basket plant shown B",49.0,$49.00,False,18.35,+$18.35 delivery,False,False,False,bkb1fl62,100.0,3500,100.0,False,0,0,False,False,False,False,False,False,False,False,False,False,False,False,United States,False,,False,False,False,False,21,Sp⁩onѕored,28.469954646548537,-38.980261097685045,0,hoya australis lisa,19,120,True,150,12.0,False
168540968700,Hoya Australis ‘Lisa’- Exact Plant - Shipping Guarantee,25.0,$25.00,False,16.05,+$16.05 delivery,False,False,False,indoorvines,100.0,515,100.0,False,0,0,False,True,False,False,False,False,False,False,False,False,False,False,United States,False,,False,False,False,False,22,Sp⁩onѕored,28.469954646548537,-38.980261097685045,0,hoya australis lisa,20,120,True,150,13.0,False
800754396265,Hoya linearis,22.0,$22.00,False,10.2,+$10.20 delivery,False,False,False,natita0905,100.0,119,100.0,False,0,0,False,True,False,False,False,False,False,False,False,True,False,False,United States,False,,False,False,False,False,23,Sp⁩onѕored,28.469954646548537,-38.980261097685045,0,hoya australis lisa,21,120,True,150,14.0,False
168143307710,Hoya Australis ‘Lisa’- Exact Plant - Shipping Guarantee,15.0,$15.00,False,16.05,+$16.05 delivery,False,False,False,indoorvines,100.0,515,100.0,False,0,0,False,False,False,False,False,False,False,False,False,False,False,False,United States,False,,False,False,False,False,24,Sp⁩onѕored,28.469954646548537,-38.980261097685045,0,hoya australis lisa,22,120,True,150,15.0,False
267550276517,"Hoya Australis Lisa, 1 node cutting",15.0,$15.00,False,10.99,+$10.99 delivery,False,False,False,gdarwich,100.0,287,100.0,False,0,0,False,False,False,False,True,False,False,False,False,False,False,False,United States,False,,False,False,False,False,25,Sp⁩onѕored,28.469954646548537,-38.980261097685045,0,hoya australis lisa,23,120,True,150,16.0,False
267770715829,"Hoya Australis LISA 4"" pot size, Newly rooted with small roots -",20.0,$20.00,False,19.45,+$19.45 delivery,False,False,False,kikibeauteak,98.5,1600,98.5,False,0,0,False,False,False,False,False,False,False,False,False,False,False,False,United States,False,,False,False,False,False,26,Sp⁩onѕored,28.469954646548537,-38.980261097685045,0,hoya australis lisa,24,120,True,150,17.0,False
168578976231,Hoya Australis Lisa 4 in Live Houseplant | Variegated Hoya,16.99,$16.99,False,6.99,+$6.99 delivery,False,False,False,riversidegreenhouses,100.0,4,100.0,False,0,0,False,False,False,False,False,False,False,False,False,False,False,False,United States,False,,False,False,False,False,27,Sp⁩onѕored,28.469954646548537,-38.980261097685045,0,hoya australis lisa,25,120,True,150,18.0,True
227533342407,Hoya ‘ lyi prism’ variegated fresh node cutting gorgeous variegation,65.0,$65.00,False,9.75,+$9.75 delivery,False,False,False,kellysucculentgarden,98.7,727,98.7,False,0,0,False,False,False,False,False,False,False,False,False,False,False,False,United States,False,,False,False,False,False,28,Sp⁩onѕored,28.469954646548537,-38.980261097685045,0,hoya australis lisa,26,120,True,150,19.0,False
407230212259,"Lisa Australis Hoya - Exotic Yet Easy - 2"" Pot",9.99,$9.99,False,22.55,+$22.55 delivery,False,False,False,hirtsgardens,99.8,202500,99.8,False,0,0,False,False,False,False,False,False,False,False,False,False,False,False,United States,False,,False,False,False,False,29,Sp⁩onѕored,28.469954646548537,-38.980261097685045,0,hoya australis lisa,27,120,True,150,20.0,False
178530421363,Hoya Lacunosa Lumina,80.0,$80.00,False,21.3,+$21.30 delivery,False,False,False,radiowall42,100.0,98,100.0,False,0,0,False,False,False,False,False,False,False,False,False,False,False,False,United States,False,,False,False,False,False,30,Sp⁩onѕored,28.469954646548537,-38.980261097685045,0,hoya australis lisa,28,120,True,150,21.0,False
314667132014,"Hoya Australis in a 2 inch Pot, Live Rooted Potted Tiny Mini Pixie Plant",21.99,$21.99,False,5.95,+$5.95 delivery,False,False,False,bubbleblooms.shop,98.3,2500,98.3,False,0,0,False,True,False,False,True,False,False,False,False,False,False,False,United States,False,,True,True,True,True,31,Ѕpons⁨ored,0.034730469920191354,11.569580313197598,261,hoya australis lisa,29,120,True,150,,False
317958616743,hoya austrailis lisa fully rooted big plant,30.0,$30.00,False,10.11,+$10.11 delivery,False,False,False,bigeasyhoyas,100.0,47,100.0,False,0,0,False,True,False,False,False,False,False,False,False,False,False,False,United States,False,,True,True,True,True,32,Ѕpons⁨ored,0.034730469920191354,11.569580313197598,261,hoya australis lisa,30,120,True,150,,False
205668835916,Hoya Callistophylla,18.5,$18.50,False,8.5,+$8.50 delivery,False,False,False,savv-7662,99.2,388,99.2,False,0,0,False,False,False,False,False,False,False,False,False,False,False,False,United States,False,,True,True,True,True,33,Ѕpons⁨ored,0.034730469920191354,11.569580313197598,261,hoya australis lisa,31,120,True,150,,False
257719197619,"4 Hoya Cuttings Bundle: Rare Hoya Variety, Kerrii Obovata Krinkle Wayetii Unroot",29.99,$29.99,False,6.17,+$6.17 delivery,False,False,False,abdullahalazam,99.1,410,99.1,False,0,0,False,False,False,False,False,False,False,False,False,False,False,False,United States,False,,True,True,True,True,34,Ѕpons⁨ored,0.034730469920191354,11.569580313197598,261,hoya australis lisa,32,120,True,150,,False
298721584002,Hoya Wibergiae Rare Well Rooted Growing!! Splash PINK,25.0,$25.00,False,16.0,+$16.00 delivery,False,False,False,yearsgonebynow,100.0,244,100.0,False,0,0,False,False,True,False,False,False,False,False,False,False,False,False,United States,False,,False,False,False,False,35,Sp⁩onѕored,28.469954646548537,-38.980261097685045,0,hoya australis lisa,33,120,True,150,22.0,False
158271591904,Hoya Flamingo Dream Purple Pride) - New Carnosa Variety - Live Plant,15.0,$15.00,False,9.0,+$9.00 delivery,False,False,False,irvin-sophi,97.2,1800,97.2,False,0,0,False,True,False,False,False,False,False,False,False,False,False,False,United States,False,,False,False,False,False,36,Sp⁩onѕored,28.469954646548537,-38.980261097685045,0,hoya australis lisa,34,120,True,150,23.0,False
178445242905,Hoya Lacunosa Nite Star,25.0,$25.00,False,6.34,+$6.34 delivery,False,False,False,olthegoldenboy,100.0,733,100.0,False,0,0,False,False,False,False,False,False,False,False,False,False,False,False,United States,False,,False,False,False,False,37,Sp⁩onѕored,28.469954646548537,-38.980261097685045,0,hoya australis lisa,35,120,True,150,24.0,False
128063793544,"Hoya SP. SR-2007-13 From Loei Province Shipped In 5"" Pot With All Soil",27.95,$27.95,False,13.95,+$13.95 delivery,False,False,False,mbufalo12,100.0,6900,100.0,False,0,7,False,False,False,False,False,False,False,False,False,False,False,False,United States,False,,False,False,False,False,38,Sp⁩onѕored,28.469954646548537,-38.980261097685045,0,hoya australis lisa,36,120,True,150,25.0,False
287393454681,"Hoya Lisa - 4"" Pot Live Plant - Free Shipping",35.99,$35.99,False,0.0,Free delivery,True,False,False,happilyplanted,100.0,230,100.0,False,0,0,False,False,False,False,False,False,False,False,False,False,False,False,United States,False,,False,False,False,False,39,Sp⁩onѕored,28.469954646548537,-38.980261097685045,0,hoya australis lisa,37,120,True,150,26.0,False
189006292006,Hoya Lacunosa Fraser Hill Well Rooted,6.0,$6.00,False,8.51,+$8.51 delivery,False,False,False,kattrinas-hoya-house,100.0,5,100.0,False,0,0,False,False,True,False,False,False,False,False,False,False,False,False,United States,False,,False,False,False,False,40,Sp⁩onѕored,28.469954646548537,-38.980261097685045,0,hoya australis lisa,38,120,True,150,27.0,False
398434624742,"3pk Collector cut hoya, project plants. H. sulawesiana, meredithii and carnosa",50.0,$50.00,False,18.0,+$18.00 delivery,False,False,False,bigthirdeye,95.0,32,95.0,False,0,0,False,False,False,False,False,False,False,False,False,False,False,False,United States,False,,True,True,True,True,41,Ѕpons⁨ored,0.034730469920191354,11.569580313197598,261,hoya australis lisa,39,120,True,150,,False
158135738711,HOYA MEREDITHII GPS 1105 (ROOTED PLANT),44.95,$44.95,False,14.0,+$14.00 delivery,False,False,False,luckypanda2,100.0,1700,100.0,False,0,16,False,False,False,False,False,False,False,False,False,False,False,False,United States,False,,True,True,True,True,42,Ѕpons⁨ored,0.034730469920191354,11.569580313197598,261,hoya australis lisa,40,120,True,150,,False
327361225191,"Hoya Neoebudica - RARE! Rooted in 3.5"" Pot -",29.99,$29.99,False,10.11,+$10.11 delivery,False,False,False,florida-grown-tropicals,100.0,1400,100.0,False,0,5,False,False,False,False,False,False,False,False,False,False,False,False,United States,False,,False,False,False,False,43,Sp⁩onѕored,28.469954646548537,-38.980261097685045,0,hoya australis lisa,41,120,True,150,28.0,False
147611105887,Hoya Lacunosa Plants In 3” Pot,5.0,$5.00,False,9.0,+$9.00 delivery,False,False,False,jensorchids,100.0,413,100.0,False,0,0,False,False,True,False,False,False,False,False,False,False,False,False,United States,False,,False,False,False,False,44,Sp⁩onѕored,28.469954646548537,-38.980261097685045,0,hoya australis lisa,42,120,True,150,29.0,False
158300439144,Hoya Matilde 'Super Splash' - 3 Active Growth Points - Rooted & Growing! #1,23.0,$23.00,False,13.0,+$13.00 delivery,False,False,False,greenbeeplantshop,100.0,779,100.0,False,0,0,False,True,False,False,False,False,False,False,False,False,False,False,United States,False,,False,False,False,False,45,Sp⁩onѕored,28.469954646548537,-38.980261097685045,0,hoya australis lisa,43,120,True,150,30.0,False
227466436209,Hoya Sigillatis Albomarginata-Outer Variegated Splash - Active growing-Rooted,58.0,$58.00,False,9.75,+$9.75 delivery,False,False,False,kellysucculentgarden,98.7,727,98.7,False,0,10,False,False,False,False,False,False,False,False,False,False,False,False,United States,False,,False,False,False,False,46,Sp⁩onѕored,28.469954646548537,-38.980261097685045,0,hoya australis lisa,44,120,True,150,31.0,False
188334314113,HOYA Sp.22 KHAO YAI IN 4.5”POT / EXACT PLANT / WELL ROOTED / SHIP IN NURSERY POT,25.0,$25.00,False,10.0,+$10.00 delivery,False,False,False,haileyshoya,100.0,235,100.0,False,0,0,False,False,False,False,False,False,False,False,False,False,False,False,United States,False,,False,False,False,False,47,Sp⁩onѕored,28.469954646548537,-38.980261097685045,0,hoya australis lisa,45,120,True,150,32.0,False
117345429058,Hoya Calistophyla Splash,50.0,$50.00,False,12.0,+$12.00 delivery,False,False,False,your_plant_haven,99.4,1300,99.4,False,0,0,False,False,False,False,False,False,False,False,False,False,False,False,United States,False,,False,False,False,False,48,Sp⁩onѕored,28.469954646548537,-38.980261097685045,0,hoya australis lisa,46,120,True,150,33.0,False
178484982462,Hoya Gunung Gading!! 💚,50.0,$50.00,False,7.05,+$7.05 delivery,False,False,False,olthegoldenboy,100.0,733,100.0,False,0,0,False,True,False,False,False,False,False,False,False,False,False,False,United States,False,,False,False,False,False,49,Sp⁩onѕored,28.469954646548537,-38.980261097685045,0,hoya australis lisa,47,120,True,150,34.0,False
188923854381,Hoya Jennifer in a 4.5”Pot,59.0,$59.00,False,12.0,+$12.00 delivery,False,False,False,haileyshoya,100.0,235,100.0,False,0,0,False,False,False,False,False,False,False,False,False,False,False,False,United States,False,,False,False,False,False,50,Sp⁩onѕored,28.469954646548537,-38.980261097685045,0,hoya australis lisa,48,120,True,150,35.0,False
327323089501,HOYA MB 1414 ('Christine' X aldrichii) SALE,28.99,$28.99,False,10.15,+$10.15 delivery,False,False,False,florida-grown-tropicals,100.0,1400,100.0,False,0,0,False,False,False,False,False,False,False,False,False,False,False,False,United States,False,,False,False,False,False,51,Sp⁩onѕored,28.469954646548537,-38.980261097685045,0,hoya australis lisa,49,120,True,150,36.0,False
157959844081,Hoya Carnosa ‘Flamingo Dream Purple Pride,9.0,$9.00,False,8.75,+$8.75 delivery,False,False,False,irvin-sophi,97.2,1800,97.2,False,18,0,False,True,False,False,False,False,False,False,False,False,False,False,United States,False,,False,False,False,False,52,Sp⁩onѕored,28.469954646548537,-38.980261097685045,0,hoya australis lisa,50,120,True,150,37.0,False
227495838809,Hoya Carnosa “Splash”,29.99,$29.99,False,0.0,Free delivery,True,False,False,rockymountain-mercantile,100.0,1100,100.0,False,0,0,False,False,False,True,False,False,False,False,False,False,False,False,United States,False,,False,False,False,False,53,Sp⁩onѕored,28.469954646548537,-38.980261097685045,0,hoya australis lisa,51,120,True,150,38.0,False
158122257745,hoya linearis 3 Long Plants In 3to 4inches Pot,30.0,$30.00,False,9.99,+$9.99 delivery,False,False,False,irvin-sophi,97.2,1800,97.2,False,0,6,False,True,False,False,False,False,False,False,False,False,False,False,United States,False,,False,False,False,False,54,Sp⁩onѕored,28.469954646548537,-38.980261097685045,0,hoya australis lisa,52,120,True,150,39.0,False
237049460516,"Hoya Lima Splash, Rooted multiple cuttings, US seller",31.0,$31.00,False,8.07,+$8.07 delivery in 2-4 days,False,False,True,plantspotsparadise,100.0,97,100.0,False,0,0,False,False,False,False,False,False,False,False,False,False,False,False,United States,False,,False,False,False,False,55,Sp⁩onѕored,28.469954646548537,-38.980261097685045,0,hoya australis lisa,53,120,True,150,40.0,False
384087093222,"Hoya lacunosa var. lacunosa, Two Rooted Plants Shipped in 2"" Pot",29.95,$29.95,False,9.5,+$9.50 delivery,False,False,False,cowboyflowerman,99.5,27900,99.5,False,0,28,False,False,False,False,False,False,False,False,False,False,False,False,United States,False,,False,False,False,False,56,Sp⁩onѕored,28.469954646548537,-38.980261097685045,0,hoya australis lisa,54,120,True,150,41.0,False
257777097566,"Hoya MINDORENSIS - Pink & Yellow blossom. 4"" pot size, rooted, Peduncle",19.0,$19.00,False,19.45,+$19.45 delivery,False,False,False,kikibeauteak,98.5,1600,98.5,False,0,0,False,False,False,False,False,False,False,False,False,False,False,False,United States,False,,False,False,False,False,57,Sp⁩onѕored,28.469954646548537,-38.980261097685045,0,hoya australis lisa,55,120,True,150,42.0,False
287563834185,Hoya Australia Lisa,15.0,$15.00,False,10.15,+$10.15 delivery,False,False,False,am2015.arap,100.0,292,100.0,False,0,0,False,False,False,False,False,False,False,False,False,False,False,False,United States,False,,False,False,False,False,58,Sp⁩onѕored,28.469954646548537,-38.980261097685045,0,hoya australis lisa,56,120,True,150,43.0,False
385169528896,"Hoya wayetii 'Lori Lyn', Rooted Plants Shipped in 2.5"" Pot",25.0,$25.00,False,10.5,+$10.50 delivery,False,False,False,cowboyflowerman,99.5,27900,99.5,False,0,60,False,False,False,False,False,False,False,False,False,False,False,False,United States,False,,False,False,False,False,59,Sp⁩onѕored,28.469954646548537,-38.980261097685045,0,hoya australis lisa,57,120,True,150,44.0,False
227495850613,Hoya Carinosa Splash,29.99,$29.99,False,0.0,Free delivery,True,False,False,rockymountain-mercantile,100.0,1100,100.0,False,0,0,False,False,False,True,False,False,False,False,False,False,False,False,United States,False,,False,False,False,False,60,Sp⁩onѕored,28.469954646548537,-38.980261097685045,0,hoya australis lisa,58,120,True,150,45.0,False
267347451793,"Hoya Carnosa AH074 Silver Moon, 1 node cutting",20.0,$20.00,False,10.99,+$10.99 delivery,False,False,False,gdarwich,100.0,287,100.0,False,0,5,False,False,False,False,True,False,False,False,False,False,False,False,United States,False,,False,False,False,False,61,Sp⁩onѕored,28.469954646548537,-38.980261097685045,0,hoya australis lisa,59,120,True,150,46.0,False
178536664465,Hoya Coriacea Silver rooted,35.0,$35.00,False,6.07,+$6.07 delivery,False,False,False,olthegoldenboy,100.0,733,100.0,False,0,0,False,False,False,False,False,False,False,False,False,False,False,False,United States,False,,False,False,False,False,62,Sp⁩onѕored,28.469954646548537,-38.980261097685045,0,hoya australis lisa,60,120,True,150,47.0,False
327303979269,Rare Hoya Buotii Creamy Pink Fuzzy Wax Flowers EXACT PLANT Vining Tropical,25.0,$25.00,False,10.2,+$10.20 delivery,False,False,False,bohogreenhouse,98.8,2700,98.8,False,0,0,False,False,False,True,False,False,False,False,False,False,False,False,United States,False,,False,False,False,False,63,Sp⁩onѕored,28.469954646548537,-38.980261097685045,0,hoya australis lisa,61,120,True,150,48.0,False
168346874510,Hoya Lima Splash- Exact Plant - Shipping Guarantee,27.0,$27.00,False,16.05,+$16.05 delivery,False,False,False,indoorvines,100.0,515,100.0,False,0,0,False,False,False,False,False,False,False,False,False,False,False,False,United States,False,,False,False,False,False,64,Sp⁩onѕored,28.469954646548537,-38.980261097685045,0,hoya australis lisa,62,120,True,150,49.0,False
406080884374,Hoya ‘Astralis( reverted Lisa)’ 2.5 pot,12.0,$12.00,False,19.52,+$19.52 delivery,False,False,False,natmc292,100.0,49,100.0,False,0,0,False,False,False,False,False,False,False,False,False,False,False,False,United States,False,,False,False,False,False,65,Sp⁩onѕored,28.469954646548537,-38.980261097685045,0,hoya australis lisa,63,120,True,150,50.0,False
188351326681,HOYA CARNOSA FRECKLES SPLASH IN 4.5”POT / WELL ROOTED / SHIP IN NUERSERY POT,39.0,$39.00,False,12.0,+$12.00 delivery,False,False,False,haileyshoya,100.0,235,100.0,False,0,0,False,False,False,False,False,False,False,False,False,False,False,False,United States,False,,False,False,False,False,66,Sp⁩onѕored,28.469954646548537,-38.980261097685045,0,hoya australis lisa,64,120,True,150,51.0,False
158036718516,"#267- HOYA AH 074- SPLASH LIVE PLANT, EXACTLY PLANT,",25.0,$25.00,False,13.65,+$13.65 delivery,False,False,False,tvu1147,100.0,456,100.0,False,0,0,False,True,False,False,False,False,False,False,False,False,False,False,United States,False,,False,False,False,False,67,Sp⁩onѕored,28.469954646548537,-38.980261097685045,0,hoya australis lisa,65,120,True,150,52.0,False
227495848187,Hoya Carnosa “Splash”,29.99,$29.99,False,0.0,Free delivery,True,False,False,rockymountain-mercantile,100.0,1100,100.0,False,0,0,False,False,False,True,False,False,False,False,False,False,False,False,United States,False,,False,False,False,False,68,Sp⁩onѕored,28.469954646548537,-38.980261097685045,0,hoya australis lisa,66,120,True,150,53.0,False
227495852487,Hoya Carinosa Splash,29.99,$29.99,False,0.0,Free delivery,True,False,False,rockymountain-mercantile,100.0,1100,100.0,False,0,0,False,False,False,True,False,False,False,False,False,False,False,False,United States,False,,False,False,False,False,69,Sp⁩onѕored,28.469954646548537,-38.980261097685045,0,hoya australis lisa,67,120,True,150,54.0,False
189006298678,hoya Jennifer,8.0,$8.00,False,10.25,+$10.25 delivery,False,False,False,kattrinas-hoya-house,100.0,5,100.0,False,0,0,False,False,True,False,False,False,False,False,False,False,False,False,United States,False,,False,False,False,False,70,Sp⁩onѕored,28.469954646548537,-38.980261097685045,0,hoya australis lisa,68,120,True,150,55.0,False
327342473853,Rare Hoya Joy (Laos X Vitellina Splash) EXACT PLANT Pink & Yellow Wax Flowers,30.0,$30.00,False,10.2,+$10.20 delivery,False,False,False,bohogreenhouse,98.8,2700,98.8,False,0,0,False,False,False,True,False,False,False,False,False,False,False,False,United States,False,,False,False,False,False,71,Sp⁩onѕored,28.469954646548537,-38.980261097685045,0,hoya australis lisa,69,120,True,150,56.0,False
227533374750,Rare Hoya Carnosa Madara 'Snow Angel' fresh node top cutting,225.0,$225.00,False,12.5,+$12.50 delivery,False,False,False,kellysucculentgarden,98.7,727,98.7,False,0,0,False,True,False,False,False,False,False,False,False,False,False,False,United States,False,,False,False,False,False,72,Sp⁩onѕored,28.469954646548537,-38.980261097685045,0,hoya australis lisa,70,120,True,150,57.0,False
267550301260,"Hoya Lacunosa Louisa' s silver, 2 nodes cutting",15.0,$15.00,False,10.99,+$10.99 delivery,False,False,False,gdarwich,100.0,287,100.0,False,0,0,False,False,False,False,True,False,False,False,False,False,False,False,United States,False,,False,False,False,False,73,Sp⁩onѕored,28.469954646548537,-38.980261097685045,0,hoya australis lisa,71,120,True,150,58.0,False
188667828310,HOYA CUMMINGIANA ALBOMARGINATA IN 4.5”POT / WELL ROOTED/SHIP IN NURSERY POT,52.0,$52.00,False,6.99,+$6.99 delivery,False,False,False,haileyshoya,100.0,235,100.0,False,0,0,False,False,False,False,False,False,False,False,False,False,False,False,United States,False,,False,False,False,False,74,Sp⁩onѕored,28.469954646548537,-38.980261097685045,0,hoya australis lisa,72,120,True,150,59.0,False
287437158059,"HOYA CARNOSA 4"" #22 3 flowers",34.95,$34.95,False,12.0,+$12.00 delivery,False,False,False,purple-prowler3,100.0,3400,100.0,False,0,0,False,False,False,False,False,False,False,False,False,False,False,False,United States,False,,False,False,False,False,75,Sp⁩onѕored,28.469954646548537,-38.980261097685045,0,hoya australis lisa,73,120,True,150,60.0,False
157955722840,"#215- HOYA AH074 SPLASH LIVE PLANT,",27.0,$27.00,False,13.65,+$13.65 delivery,False,False,False,tvu1147,100.0,456,100.0,False,0,0,False,True,False,False,False,False,False,False,False,False,False,False,United States,False,,False,False,False,False,76,Sp⁩onѕored,28.469954646548537,-38.980261097685045,0,hoya australis lisa,74,120,True,150,61.0,False
158271449897,Hoya Carnosa ‘Flamingo Dream Purple Pride,13.0,$13.00,False,9.0,+$9.00 delivery,False,False,False,irvin-sophi,97.2,1800,97.2,False,0,0,False,True,False,False,False,False,False,False,False,False,False,False,United States,False,,False,False,False,False,77,Sp⁩onѕored,28.469954646548537,-38.980261097685045,0,hoya australis lisa,75,120,True,150,62.0,False
227542299099,"Hoya Sunrise (Thailand form) in a 3” pot, rare!",23.99,$23.99,False,11.9,+$11.90 delivery,False,False,False,the6o3jungle,100.0,201,100.0,False,0,0,False,False,False,False,False,False,False,False,False,False,False,False,United States,False,,False,False,False,False,78,Sp⁩onѕored,28.469954646548537,-38.980261097685045,0,hoya australis lisa,76,120,True,150,63.0,False
157911192055,hoya Flamingo Dream Rare Vargated Plant,17.0,$17.00,False,9.0,+$9.00 delivery,False,False,False,irvin-sophi,97.2,1800,97.2,False,0,16,False,True,False,False,False,False,False,False,False,False,False,False,United States,False,,False,False,False,False,79,Sp⁩onѕored,28.469954646548537,-38.980261097685045,0,hoya australis lisa,77,120,True,150,64.0,False
398417762137,"Live Hoya kerrii Heart Leaf in 4"" Nursery Pot",19.95,$19.95,False,0.0,Free delivery,True,False,False,nygardenia,99.3,12200,99.3,False,0,0,False,False,False,False,False,False,False,False,False,False,False,False,United States,False,,False,False,False,False,80,Sp⁩onѕored,28.469954646548537,-38.980261097685045,0,hoya australis lisa,78,120,True,150,65.0,False
206408481317,Hoya Carnosa Splash,10.0,$10.00,False,12.0,+$12.00 delivery,False,False,False,nicrev43,100.0,266,100.0,False,0,0,False,False,False,False,False,False,False,False,False,False,False,False,United States,False,,False,False,False,False,81,Sp⁩onѕored,28.469954646548537,-38.980261097685045,0,hoya australis lisa,79,120,True,150,66.0,False
117388562362,Hoya Lacunosa ‘Suculta’/‘Backbone’ - Exact Rooted Plant - Silver Splash,36.0,$36.00,False,7.0,+$7.00 delivery,False,False,False,m_aracs,100.0,1200,100.0,False,0,0,False,False,False,False,False,False,False,False,False,False,False,False,United States,False,,False,False,False,False,82,Sp⁩onѕored,28.469954646548537,-38.980261097685045,0,hoya australis lisa,80,120,True,150,67.0,False
178522037191,Hoya austrailis Lisa 💚,14.0,$14.00,False,10.15,+$10.15 delivery,False,False,False,olthegoldenboy,100.0,733,100.0,False,0,0,False,False,False,False,False,False,False,False,False,False,False,False,United States,False,,False,False,False,False,83,Sp⁩onѕored,28.469954646548537,-38.980261097685045,0,hoya australis lisa,81,120,True,150,68.0,False
189006347381,Hoya Lacunosa Aceh,5.0,$5.00,False,8.51,+$8.51 delivery,False,False,False,kattrinas-hoya-house,100.0,5,100.0,False,0,0,False,False,True,False,False,False,False,False,False,False,False,False,United States,False,,False,False,False,False,84,Sp⁩onѕored,28.469954646548537,-38.980261097685045,0,hoya australis lisa,82,120,True,150,69.0,False
157981031293,hoya carnosa Freckles Splash Veragated Rare Plant,9.99,$9.99,False,8.0,+$8.00 delivery,False,False,False,irvin-sophi,97.2,1800,97.2,False,0,0,False,True,False,False,False,False,False,False,False,False,False,False,United States,False,,False,False,False,False,85,Sp⁩onѕored,28.469954646548537,-38.980261097685045,0,hoya australis lisa,83,120,True,150,70.0,False
178488206859,Hoya MRH,130.0,$130.00,False,0.0,Free delivery,True,False,False,radiowall42,100.0,98,100.0,False,0,0,False,False,False,False,False,False,False,False,False,False,False,False,United States,False,,False,False,False,False,86,Sp⁩onѕored,28.469954646548537,-38.980261097685045,0,hoya australis lisa,84,120,True,150,71.0,False
188622235560,HOYA NAP-03 IN 4.5”POT / EXACT PLANT / WELL ROOTED / SHIP IN NURSERY POT,36.0,$36.00,False,10.0,+$10.00 delivery,False,False,False,haileyshoya,100.0,235,100.0,False,0,0,False,False,False,False,False,False,False,False,False,False,False,False,United States,False,,False,False,False,False,87,Sp⁩onѕored,28.469954646548537,-38.980261097685045,0,hoya australis lisa,85,120,True,150,72.0,False
178424421062,Hoya MRH,230.0,$230.00,False,0.0,Free delivery,True,False,False,radiowall42,100.0,98,100.0,False,0,0,False,False,False,False,False,False,False,False,False,False,False,False,United States,False,,False,False,False,False,88,Sp⁩onѕored,28.469954646548537,-38.980261097685045,0,hoya australis lisa,86,120,True,150,73.0,False
257737163597,Hoya sp Ban Ngong Ngoy IML 1514 - Newly Rooted Plant - Hard to Find,15.0,$15.00,False,19.45,+$19.45 delivery,False,False,False,kikibeauteak,98.5,1600,98.5,False,0,0,False,False,False,False,False,False,False,False,False,False,False,False,United States,False,,False,False,False,False,89,Sp⁩onѕored,28.469954646548537,-38.980261097685045,0,hoya australis lisa,87,120,True,150,74.0,False
189006312800,Hoya Lacunosa Asami starter plant,8.0,$8.00,False,8.51,+$8.51 delivery,False,False,False,kattrinas-hoya-house,100.0,5,100.0,False,0,0,False,False,True,False,False,False,False,False,False,False,False,False,United States,False,,False,False,False,False,90,Sp⁩onѕored,28.469954646548537,-38.980261097685045,0,hoya australis lisa,88,120,True,150,75.0,False
158261548242,Hoya Lacunosa Veragated Sweet Fragrant Rare Plants,18.0,$18.00,False,9.0,+$9.00 delivery,False,False,False,irvin-sophi,97.2,1800,97.2,False,0,0,False,True,False,False,False,False,False,False,False,False,False,False,United States,False,,False,False,False,False,91,Sp⁩onѕored,28.469954646548537,-38.980261097685045,0,hoya australis lisa,89,120,True,150,76.0,False
178488203028,Hoya MRH,130.0,$130.00,False,0.0,Free delivery,True,False,False,radiowall42,100.0,98,100.0,False,0,0,False,False,False,False,False,False,False,False,False,False,False,False,United States,False,,False,False,False,False,92,Sp⁩onѕored,28.469954646548537,-38.980261097685045,0,hoya australis lisa,90,120,True,150,77.0,False
257739101899,"Hoya WIBERGIAE - 4"" POT SIZE SPLASHY #O - Splash turns pink in sun!",16.0,$16.00,False,20.45,+$20.45 delivery,False,False,False,kikibeauteak,98.5,1600,98.5,False,0,0,False,False,False,False,False,False,False,False,False,False,False,False,United States,False,,False,False,False,False,93,Sp⁩onѕored,28.469954646548537,-38.980261097685045,0,hoya australis lisa,91,120,True,150,78.0,False
398373773393,"Hoya sp nap 03, uncommon, large leaf splashy hoya species, potted",45.0,$45.00,False,20.0,+$20.00 delivery,False,False,False,bigthirdeye,95.0,32,95.0,False,0,0,False,True,False,False,False,False,False,False,False,False,False,False,United States,False,,False,False,False,False,94,Sp⁩onѕored,28.469954646548537,-38.980261097685045,0,hoya australis lisa,92,120,True,150,79.0,False
298418876779,"Rare Hoya Jennifer - Finlaysonii x Incrassata Hybrid - 2"" Pot",14.99,$14.99,False,28.1,+$28.10 delivery,False,False,False,hirtsgardens,99.8,202500,99.8,False,0,0,False,False,False,False,False,False,False,False,False,False,False,False,United States,False,,False,False,False,False,95,Sp⁩onѕored,28.469954646548537,-38.980261097685045,0,hoya australis lisa,93,120,True,150,80.0,False
158151231543,hoya lacunosa 4 Inches Pot You Will Receive,18.0,$18.00,False,9.0,+$9.00 delivery,False,False,False,irvin-sophi,97.2,1800,97.2,False,0,0,False,True,False,False,False,False,False,False,False,False,False,False,United States,False,,False,False,False,False,96,Sp⁩onѕored,28.469954646548537,-38.980261097685045,0,hoya australis lisa,94,120,True,150,81.0,False
287381976026,Hoya Lacunosa Asami Splash,80.0,$80.00,False,10.15,+$10.15 delivery,False,False,False,christinhigh_0,100.0,115,100.0,False,0,0,False,True,False,False,False,False,False,False,False,False,False,False,United States,False,,False,False,False,False,97,Sp⁩onѕored,28.469954646548537,-38.980261097685045,0,hoya australis lisa,95,120,True,150,82.0,False
188631957397,HOYA ICENSIS SPLASH IN 4.5”POT / RARE HOYA / WELL ROOTED/SHIP IN NURSERY POT,49.0,$49.00,False,10.0,+$10.00 delivery,False,False,False,haileyshoya,100.0,235,100.0,False,0,0,False,False,False,False,False,False,False,False,False,False,False,False,United States,False,,False,False,False,False,98,Sp⁩onѕored,28.469954646548537,-38.980261097685045,0,hoya australis lisa,96,120,True,150,83.0,False
178424605273,RARE Hoya Rainbow 🌈,2500.0,"$2,500.00",False,21.3,+$21.30 delivery,False,False,False,radiowall42,100.0,98,100.0,False,0,0,False,True,False,False,False,False,False,False,False,False,False,False,United States,False,,False,False,False,False,99,Sp⁩onѕored,28.469954646548537,-38.980261097685045,0,hoya australis lisa,97,120,True,150,84.0,False
237045817517,"Hoya Patcharawalai 023 Splash, Exact Rooted Plant, US Seller",109.0,$109.00,False,8.07,+$8.07 delivery in 2-4 days,False,False,True,plantspotsparadise,100.0,97,100.0,False,0,0,False,False,False,False,False,False,False,False,False,False,False,False,United States,False,,False,False,False,False,100,Sp⁩onѕored,28.469954646548537,-38.980261097685045,0,hoya australis lisa,98,120,True,150,85.0,False
188885411891,HOYA MICHELE SPLASH IN 4.5”POT / WELL ROOTED / SHIP IN NURSERY POT,179.0,$179.00,False,12.0,+$12.00 delivery,False,False,False,haileyshoya,100.0,235,100.0,False,0,0,False,False,False,False,False,False,False,False,False,False,False,False,United States,False,,False,False,False,False,101,Sp⁩onѕored,28.469954646548537,-38.980261097685045,0,hoya australis lisa,99,120,True,150,86.0,False
800715174471,Hoya Lacunosa 'Asami',68.0,$68.00,False,10.15,+$10.15 delivery,False,False,False,luc_383190,0.0,0,,True,0,0,False,False,False,False,False,False,False,False,False,False,False,False,United States,False,,False,False,False,False,102,Sp⁩onѕored,28.469954646548537,-38.980261097685045,0,hoya australis lisa,100,120,True,150,87.0,False
398296495177,"Hoya sp. menak (super silver, blushes pink) 💖",45.0,$45.00,False,15.0,+$15.00 delivery,False,False,False,bigthirdeye,95.0,32,95.0,False,0,0,False,False,False,False,False,False,False,False,False,False,False,False,United States,False,,False,False,False,False,103,Sp⁩onѕored,28.469954646548537,-38.980261097685045,0,hoya australis lisa,101,120,True,150,88.0,False
178504478496,Hoya Carnosa Silver Moon AH-074,25.0,$25.00,False,13.5,+$13.50 delivery,False,False,False,lesturn90,100.0,117,100.0,False,0,0,False,True,False,False,False,False,False,False,False,False,False,False,United States,False,,False,False,False,False,104,Sp⁩onѕored,28.469954646548537,-38.980261097685045,0,hoya australis lisa,102,120,True,150,89.0,False
314443691547,Rare Hoya Carnosa Plant Pink Fragrant Flowers Beautiful Splashed Leaves,17.0,$17.00,False,0.0,Free delivery,True,False,False,ricvela-5326,100.0,1500,100.0,False,0,3,False,False,False,False,False,False,False,False,False,False,False,False,United States,False,,False,False,False,False,105,Sp⁩onѕored,28.469954646548537,-38.980261097685045,0,hoya australis lisa,103,120,True,150,90.0,False
154499052279,Hoya Australis Lisa,45.0,$45.00,False,17.95,+$17.95 delivery,False,False,False,mainelycoastalplants,0.0,3,,True,0,0,False,True,False,False,False,False,False,False,False,False,False,False,United States,False,,False,False,False,False,106,Sp⁩onѕored,28.469954646548537,-38.980261097685045,0,hoya australis lisa,104,120,True,150,91.0,False
206495547223,Gorgeous Hoya Lacunosa Pink Flower Cutting. Price per node.,5.5,$5.50,False,13.48,+$13.48 delivery,False,False,False,rareplantaddictus,98.6,520,98.6,False,0,0,False,False,False,False,False,False,False,False,False,False,False,False,United States,False,,False,False,False,False,107,Sp⁩onѕored,28.469954646548537,-38.980261097685045,0,hoya australis lisa,105,120,True,150,92.0,False
237045816767,"Hoya Patcharawalai 023 Splash, Exact Rooted Plant, US Seller",109.0,$109.00,False,8.07,+$8.07 delivery in 2-4 days,False,False,True,plantspotsparadise,100.0,97,100.0,False,0,0,False,False,False,False,False,False,False,False,False,False,False,False,United States,False,,False,False,False,False,108,Sp⁩onѕored,28.469954646548537,-38.980261097685045,0,hoya australis lisa,106,120,True,150,93.0,False
178308037582,Hoya Splash VL9,120.0,$120.00,False,21.3,+$21.30 delivery,False,False,False,radiowall42,100.0,98,100.0,False,0,0,False,True,False,False,False,False,False,False,False,False,False,False,United States,False,,False,False,False,False,109,Sp⁩onѕored,28.469954646548537,-38.980261097685045,0,hoya australis lisa,107,120,True,150,94.0,False
285009924303,"UNIQUE HOYA HANHIAE PINK #111 4"" well established, mature",39.95,$39.95,False,10.45,+$10.45 delivery,False,False,False,purple-prowler3,100.0,3400,100.0,False,0,0,False,False,False,False,False,False,False,False,False,False,False,False,United States,False,,False,False,False,False,110,Sp⁩onѕored,28.469954646548537,-38.980261097685045,0,hoya australis lisa,108,120,True,150,95.0,False
158291610428,hoya lacunosa Veragated WellRooted Sentenced XXXL LARGE Flowers Pot With Plants,68.0,$68.00,False,18.0,+$18.00 delivery,False,False,False,irvin-sophi,97.2,1800,97.2,False,0,0,False,True,False,False,False,False,False,False,False,False,False,False,United States,False,,False,False,False,False,111,Sp⁩onѕored,28.469954646548537,-38.980261097685045,0,hoya australis lisa,109,120,True,150,96.0,False
366036308784,Hoya Lacunosa Moonshine - Rare Big Mature - US Seller,59.99,$59.99,False,13.99,+$13.99 delivery,False,False,False,abznursery,96.7,37,96.7,False,0,19,False,False,False,False,False,False,False,False,False,False,False,False,United States,False,,False,False,False,False,112,Sp⁩onѕored,28.469954646548537,-38.980261097685045,0,hoya australis lisa,110,120,True,150,97.0,False
178308038075,Hoya Splash VL9,90.0,$90.00,False,21.3,+$21.30 delivery,False,False,False,radiowall42,100.0,98,100.0,False,0,0,False,False,False,False,False,False,False,False,False,False,False,False,United States,False,,False,False,False,False,113,Sp⁩onѕored,28.469954646548537,-38.980261097685045,0,hoya australis lisa,111,120,True,150,98.0,False
206495583026,Hoya Lacunosa Pink Flowers. Price for 1 node Cutting.,5.0,$5.00,False,13.48,+$13.48 delivery,False,False,False,rareplantaddictus,98.6,520,98.6,False,0,0,False,False,False,False,True,False,False,False,False,False,False,False,United States,False,,False,False,False,False,114,Sp⁩onѕored,28.469954646548537,-38.980261097685045,0,hoya australis lisa,112,120,True,150,99.0,False
117431543757,Rare Variegated SILVER Hoya Patcharawalai Icensis 023 Silver BIG,250.0,$250.00,False,28.0,+$28.00 delivery,False,False,False,burritobowlbokchoy,100.0,617,100.0,False,0,0,False,True,False,False,False,False,False,False,False,False,False,False,United States,False,,False,False,False,False,115,Sp⁩onѕored,28.469954646548537,-38.980261097685045,0,hoya australis lisa,113,120,True,150,100.0,False
285028036356,"4"" Hoya Matilde very long 2 FLOWERS!",49.0,$49.00,False,10.55,+$10.55 delivery,False,False,False,purple-prowler3,100.0,3400,100.0,False,0,8,False,False,False,False,False,False,True,False,False,False,False,False,United States,False,,False,False,False,False,116,Sp⁩onѕored,28.469954646548537,-38.980261097685045,0,hoya australis lisa,114,120,True,150,101.0,False
286691281470,Hoya Flores Island - 3.5” Pot - Rooted In Pon,25.0,$25.00,False,9.22,+$9.22 delivery,False,False,False,rkmarket,100.0,187,100.0,False,0,0,False,False,False,False,False,False,False,False,False,False,False,False,United States,False,,False,False,False,False,117,Sp⁩onѕored,28.469954646548537,-38.980261097685045,0,hoya australis lisa,115,120,True,150,102.0,False
188672196299,Thoughtful Gift: Hoya Heart Live Plant/-$~--~-,59.99,$59.99$79.99,False,8.0,+$8.00 delivery,False,False,False,doqaan--com,97.7,2900,97.7,False,0,0,False,False,False,False,False,True,False,False,False,False,False,False,United States,False,,False,False,False,False,118,Sp⁩onѕored,28.469954646548537,-38.980261097685045,0,hoya australis lisa,116,120,True,150,103.0,False
146742144085,Hoya Lacunosa Silver Splash,50.0,$50.00,False,6.34,+$6.34 delivery,False,False,False,44ro-11,100.0,5,100.0,False,0,0,False,False,False,False,False,False,False,False,False,False,False,False,United States,False,,False,False,False,False,119,Sp⁩onѕored,28.469954646548537,-38.980261097685045,0,hoya australis lisa,117,120,True,150,104.0,False
366036312775,Hoya My Little Run Away - Rare On Market- full Mature plant - US Seller,89.99,$89.99,False,13.99,+$13.99 delivery,False,False,False,abznursery,96.7,37,96.7,False,0,15,False,False,False,False,False,False,True,False,False,False,False,False,United States,False,,False,False,False,False,120,Sp⁩onѕored,28.469954646548537,-38.980261097685045,0,hoya australis lisa,118,120,True,150,105.0,False
365826629892,C Hoya Freckles Splash - Full 4” Pot - Great deal,12.99,$12.99,False,13.99,+$13.99 delivery,False,False,False,abznursery,96.7,37,96.7,False,0,0,False,False,False,False,False,False,False,False,False,False,False,False,United States,False,,True,True,True,True,121,Ѕpons⁨ored,0.034730469920191354,11.569580313197598,261,hoya australis lisa,119,120,True,150,,False
286294279500,Hoya Flores Island - 3.5” Pot - Rooted In Pon,30.0,$30.00,False,9.22,+$9.22 delivery,False,False,False,rkmarket,100.0,187,100.0,False,0,0,False,False,False,False,False,False,False,False,False,False,False,False,United States,False,,True,True,True,True,122,Ѕpons⁨ored,0.034730469920191354,11.569580313197598,261,hoya australis lisa,120,120,True,150,,False
168537939852,Hoya carnosa compacta ‘Hindu Rope Plant’,14.29,$14.29,False,8.3,+$8.30 delivery,False,False,False,snakerootbotanicals,98.3,57,98.3,False,0,0,False,False,False,False,False,False,False,False,False,False,False,False,United States,False,,True,True,True,True,3,Spоn؜sored,0.030665954218207503,11.58639145862142,261,hoya carnosa compacta,1,69,True,69,,False
257706851712,"Hoya Hindu Rope 2"" Pot, Hoya Carnosa Compacta Wax Plant,Curly Rare Houseplant",19.99,$19.99,False,0.0,Free delivery,True,False,False,abdullahalazam,99.1,410,99.1,False,0,9,False,False,False,False,False,False,False,False,False,False,False,False,United States,False,,True,True,True,True,4,Spоn؜sored,0.030665954218207503,11.58639145862142,261,hoya carnosa compacta,2,69,True,69,,False
206585992096,Live Plant Hoya Carnosa Compacta Krimson Princess Tricolor Hoya Variegated Wax,39.99,$39.99,False,12.97,+$12.97 delivery,False,False,False,deporr-91,100.0,27,100.0,False,0,0,False,True,False,False,False,False,False,False,False,False,False,False,United States,False,,True,True,True,True,5,Spоn؜sored,0.030665954218207503,11.58639145862142,261,hoya carnosa compacta,3,69,True,69,,False
407109700076,"Hoya Hindu Rope Live Plant 4"" Pot Hoya Carnosa Compacta Wax Plant",26.99,$26.99,False,7.99,+$7.99 delivery,False,False,False,galactic.g_35,97.9,185,97.9,False,0,0,False,False,False,False,False,False,False,False,False,False,False,False,United States,False,,True,True,True,True,6,Spоn؜sored,0.030665954218207503,11.58639145862142,261,hoya carnosa compacta,4,69,True,69,,False
168578976224,Hoya Hindu Rope Variegated 2 in Live Houseplant | Hoya Carnosa Compacta,13.99,$13.99,False,6.99,+$6.99 delivery,False,False,False,riversidegreenhouses,100.0,4,100.0,False,0,0,False,False,False,False,False,False,False,False,False,False,False,False,United States,False,,False,False,False,False,7,Ѕp؜onsored,33.85316848011523,31.881083849234585,0,hoya carnosa compacta,5,69,True,69,1.0,True
405328224010,8” Hoya Rope - Hoya Compacta - Hindu Rope - Hoya Carnosa,40.99,$40.99,False,26.86,+$26.86 delivery,False,False,False,air_flora,100.0,85,100.0,False,0,81,False,False,False,False,False,False,False,False,False,False,False,False,United States,False,,False,False,False,False,8,Ѕp؜onsored,33.85316848011523,31.881083849234585,0,hoya carnosa compacta,6,69,True,69,2.0,False
336792340997,#7869 HOYA CARNOSA COMPACTA KRINKLE KURL HINDU ROPE BARE ROOT PLANT FIVE+ INCHES,20.0,$20.00,False,0.0,Free delivery,True,False,False,vicky8757,100.0,5900,100.0,False,0,0,False,False,False,False,False,False,False,False,False,False,False,False,United States,False,,False,False,False,False,9,Ѕp؜onsored,33.85316848011523,31.881083849234585,0,hoya carnosa compacta,7,69,True,69,3.0,False
405328257342,6” Hoya Rope - Hoya Compacta - Hindu Rope - Hoya Carnosa,25.99,$25.99,False,19.35,+$19.35 delivery,False,False,False,air_flora,100.0,85,100.0,False,0,0,False,False,False,False,False,False,False,False,False,False,False,False,United States,False,,False,False,False,False,10,Ѕp؜onsored,33.85316848011523,31.881083849234585,0,hoya carnosa compacta,8,69,True,69,4.0,False
287618596890,"Hoya Hindu Rope (Hoya carnosa 'Compacta')- 4"" Pot Live Plant - Free Shipping",39.99,$39.99,False,0.0,Free delivery,True,False,False,happilyplanted,100.0,230,100.0,False,0,0,False,False,False,False,False,False,False,False,False,False,False,False,United States,False,,False,False,False,False,11,Ѕp؜onsored,33.85316848011523,31.881083849234585,0,hoya carnosa compacta,9,69,True,69,5.0,False
315342717635,"Hoya carnosa compacta Hindu Rope Plant, 2"" Potted Starter, Krinkle Kurl, Porcela",24.99,$24.99,False,5.95,+$5.95 delivery,False,False,False,bubbleblooms.shop,98.3,2500,98.3,False,0,0,False,False,False,False,True,False,False,False,False,False,False,False,United States,False,,False,False,False,False,12,Ѕp؜onsored,33.85316848011523,31.881083849234585,0,hoya carnosa compacta,10,69,True,69,6.0,False
407005464897,Established Hoya Rope Plant | Rooted Carnosa Compacta in Nursery Pot,13.99,$13.99,False,6.34,+$6.34 delivery,False,False,False,rachelunsupervised,100.0,61,100.0,False,0,4,False,True,False,False,False,False,False,False,False,False,False,False,United States,False,,False,False,False,False,13,Ѕp؜onsored,33.85316848011523,31.881083849234585,0,hoya carnosa compacta,11,69,True,69,7.0,False
306918835998,Hoya Carnosa Compacta Krinkle Kurl Hindu Rope Live Indoor Houseplant (3 Pack),31.0,$31.00,False,0.0,Free delivery,True,False,False,mor-329450,98.4,183,98.4,False,0,0,False,True,False,False,False,False,False,False,False,False,False,False,United States,False,,False,False,False,False,14,Ѕp؜onsored,33.85316848011523,31.881083849234585,0,hoya carnosa compacta,12,69,True,69,8.0,False
315123702598,"Hoya Hindu Rope, 4 inch Carnosa Compacta Krinkle Kurl Curly Wax Plant",24.99,$24.99,False,5.95,+$5.95 delivery,False,False,False,bubbleblooms.shop,98.3,2500,98.3,False,0,0,False,True,False,False,True,False,False,False,False,False,False,False,United States,False,,True,True,True,True,15,Spоn؜sored,0.030665954218207503,11.58639145862142,261,hoya carnosa compacta,13,69,True,69,,False
377163209056,Live Hoya carnosa Compacta Green Plant – 4” Pot – Hindu Rope Plant,46.99,$46.99,False,7.08,+$7.08 delivery,False,False,False,brig_9823,98.6,229,98.6,False,0,0,False,False,False,False,False,False,False,False,False,False,False,False,United States,False,,True,True,True,True,16,Spоn؜sored,0.030665954218207503,11.58639145862142,261,hoya carnosa compacta,14,69,True,69,,False
257421326905,"Hoya Compacta Hindu Rope Plant 4"" Pot Live Houseplant Carnosa Krinkle Kurl",24.99,$24.99,False,8.27,+$8.27 delivery,False,False,False,abdullahalazam,99.1,410,99.1,False,0,13,False,False,False,False,False,False,False,False,False,False,False,False,United States,False,,True,True,True,True,17,Spоn؜sored,0.030665954218207503,11.58639145862142,261,hoya carnosa compacta,15,69,True,69,,False
286687009479,"Hoya Carnosa Compacta Hindu Rope 2""",21.9,$21.90,False,0.0,Free delivery,True,False,False,maiksylvia,99.8,8900,99.8,False,0,0,False,False,False,False,False,False,False,False,False,False,False,False,United States,False,,True,True,True,True,18,Spоn؜sored,0.030665954218207503,11.58639145862142,261,hoya carnosa compacta,16,69,True,69,,False
406725248587,"Hoya Hindu Rope Live Plant in 4"" pot Hoya Carnosa Compacta Curly Hoya Plant",25.99,$25.99,False,5.99,+$5.99 delivery,False,False,False,galactic.g_35,97.9,185,97.9,False,0,0,False,False,False,False,False,False,False,False,False,False,False,False,United States,False,,False,False,False,False,19,Ѕp؜onsored,33.85316848011523,31.881083849234585,0,hoya carnosa compacta,17,69,True,69,9.0,False
157922410436,hoya carnosa compacta Inner Veragated Plant,12.0,$12.00,False,9.0,+$9.00 delivery,False,False,False,irvin-sophi,97.2,1800,97.2,False,0,0,False,True,False,False,False,False,False,False,False,False,False,False,United States,False,,False,False,False,False,20,Ѕp؜onsored,33.85316848011523,31.881083849234585,0,hoya carnosa compacta,18,69,True,69,10.0,False
195747537754,"FlowerPotNursery Variegated Hindu Rope Hoya carnosa Compacta Variegata 6"" Basket",35.98,$35.98,False,12.0,+$12.00 delivery,False,False,False,theflowerpotnursery,98.3,3800,98.3,False,0,5,False,False,False,False,False,False,True,False,False,False,False,False,United States,False,,False,False,False,False,21,Ѕp؜onsored,33.85316848011523,31.881083849234585,0,hoya carnosa compacta,19,69,True,69,11.0,False
257678430822,"Hoya Hindu Rope 2"" Pot, Hoya Compacta, Wax Live Plant",19.99,$19.99,False,0.0,Free delivery,True,False,False,abdullahalazam,99.1,410,99.1,False,0,12,False,False,False,False,False,False,False,False,False,False,False,False,United States,False,,False,False,False,False,22,Ѕp؜onsored,33.85316848011523,31.881083849234585,0,hoya carnosa compacta,20,69,True,69,12.0,False
306935502493,Hoya Hindu Rope Carnosa Compacta 2 Pack Live Plant 4 or 6 Inch Pot,34.35,$34.35 to $47.15,True,0.0,Free delivery,True,False,False,mor-329450,98.4,183,98.4,False,0,0,False,False,False,False,True,False,False,False,False,False,False,False,United States,False,,False,False,False,False,23,Ѕp؜onsored,33.85316848011523,31.881083849234585,0,hoya carnosa compacta,21,69,True,69,13.0,False
185819135364,"Hindu Rope | Hoya Carnosa compacta | 6"" Pot",59.99,$59.99,False,0.0,Free delivery,True,False,False,succulentsandcactus,99.3,2400,99.3,False,0,20,False,False,False,False,False,False,False,False,False,False,False,False,United States,False,,False,False,False,False,24,Ѕp؜onsored,33.85316848011523,31.881083849234585,0,hoya carnosa compacta,22,69,True,69,14.0,False
284698876330,"Hoya Carnosa Chelsea Wax house Plant Live in 4"" pot",29.99,$29.99,False,0.0,Free delivery,True,False,False,sofiyan-6,99.5,2100,99.5,False,52,0,False,False,False,False,False,False,True,False,False,False,False,False,United States,False,,False,False,False,False,25,Ѕp؜onsored,33.85316848011523,31.881083849234585,0,hoya carnosa compacta,23,69,True,69,15.0,False
405328289472,2” Hoya Rope - Hoya Compacta - Hindu Rope - Hoya Carnosa,7.99,$7.99,False,14.48,+$14.48 delivery,False,False,False,air_flora,100.0,85,100.0,False,0,0,False,False,False,False,False,False,False,False,False,False,False,False,United States,False,,False,False,False,False,26,Ѕp؜onsored,33.85316848011523,31.881083849234585,0,hoya carnosa compacta,24,69,True,69,16.0,False
314755343481,"Hoya Hindu Rope live plant 4"" pot - 1 stem 6"" to 8"" long",24.99,$24.99,False,6.0,+$6.00 delivery in 2-4 days,False,False,True,malibuplants,100.0,772,100.0,False,84,0,False,False,False,False,False,False,False,False,False,False,False,False,United States,False,,False,False,False,False,27,Ѕp؜onsored,33.85316848011523,31.881083849234585,0,hoya carnosa compacta,25,69,True,69,17.0,False
314667154753,"Hoya Hindu Rope, Carnosa Compacta, in a 2 inch Pot, Live Tiny Mini Pixie Plant",19.99,$19.99,False,5.95,+$5.95 delivery,False,False,False,bubbleblooms.shop,98.3,2500,98.3,False,0,0,False,False,False,False,True,False,False,False,False,False,False,False,United States,False,,False,False,False,False,28,Ѕp؜onsored,33.85316848011523,31.881083849234585,0,hoya carnosa compacta,26,69,True,69,18.0,False
405328311653,4” Hoya Rope - Hoya Compacta - Hindu Rope - Hoya Carnosa,15.99,$15.99,False,14.48,+$14.48 delivery,False,False,False,air_flora,100.0,85,100.0,False,0,0,False,False,False,False,False,False,False,False,False,False,False,False,United States,False,,False,False,False,False,29,Ѕp؜onsored,33.85316848011523,31.881083849234585,0,hoya carnosa compacta,27,69,True,69,19.0,False
318280908435,"Hoya carnosa ‘Compacta’ — Hindu Rope Plant Succulent - 10"" Exact Specimen",65.0,$65.00,False,11.1,+$11.10 delivery in 2-4 days,False,False,True,shangri-hacactusranch,98.3,412,98.3,False,0,0,False,False,False,False,False,False,False,False,False,False,False,False,United States,False,,False,False,False,False,30,Ѕp؜onsored,33.85316848011523,31.881083849234585,0,hoya carnosa compacta,28,69,True,69,20.0,False
226395122767,Hoya Carnosa Chelsea Purple & Green Vining Tropical Plant,15.0,$15.00,False,10.2,+$10.20 delivery,False,False,False,bohogreenhouse,98.8,2700,98.8,False,0,26,False,False,False,False,False,False,True,False,False,False,False,False,United States,False,,True,True,True,True,31,Spоn؜sored,0.030665954218207503,11.58639145862142,261,hoya carnosa compacta,29,69,True,69,,False
185874904748,"Variegated Hindu Rope, 6 inch, Hoya Compacta Carnosa, Very Rare Limited",150.0,$150.00,False,0.0,Free delivery,True,False,False,succulentsandcactus,99.3,2400,99.3,False,0,0,False,False,False,False,False,False,False,False,False,False,False,False,United States,False,,True,True,True,True,32,Spоn؜sored,0.030665954218207503,11.58639145862142,261,hoya carnosa compacta,30,69,True,69,,False
186113881206,Hoya Carnosa Krimson Queen Live Plant~Variegated Hoya Carnosa In4” Pot,39.99,$39.99,False,0.0,Free delivery,True,False,False,succulentsandcactus,99.3,2400,99.3,False,0,0,False,False,False,False,False,False,False,False,False,False,False,False,United States,False,,True,True,True,True,33,Spоn؜sored,0.030665954218207503,11.58639145862142,261,hoya carnosa compacta,31,69,True,69,,False
175197235168,"Hoya Carnosa Variegata Krimson Queen Houseplant in 6"" Pots",34.95,$34.95,False,6.95,+$6.95 delivery,False,False,False,coastaltill1,99.4,25600,99.4,False,0,6,False,False,False,False,False,True,False,False,False,False,False,False,United States,False,,True,True,True,True,34,Spоn؜sored,0.030665954218207503,11.58639145862142,261,hoya carnosa compacta,32,69,True,69,,False
116333212304,"Hoya carnosa Tricolor' variegated house plant, Rooted 4” Pot",19.99,$19.99,False,5.93,+$5.93 delivery,False,False,False,greenacresvista,100.0,4500,100.0,False,0,0,False,False,False,False,False,False,False,False,False,False,False,False,United States,False,,False,False,False,False,35,Ѕp؜onsored,33.85316848011523,31.881083849234585,0,hoya carnosa compacta,33,69,True,69,21.0,False
195265549215,"FlowerPotNursery Krimson Queen Hoya Hoya carnosa Krimson Queen 4"" Pot",11.98,$11.98,False,9.0,+$9.00 delivery,False,False,False,theflowerpotnursery,98.3,3800,98.3,False,0,3,False,False,False,False,False,False,False,False,False,False,False,False,United States,False,,False,False,False,False,36,Ѕp؜onsored,33.85316848011523,31.881083849234585,0,hoya carnosa compacta,34,69,True,69,22.0,False
303896322695,Hoya Carnosa - Porcelain Flower - Tropical Wax Vine - Climbing House Plant,7.85,$7.85,False,6.8,+$6.80 delivery,False,False,False,faetedgarden,98.7,4400,98.7,False,98,0,False,False,False,False,False,False,False,False,False,False,False,False,United States,False,,False,False,False,False,37,Ѕp؜onsored,33.85316848011523,31.881083849234585,0,hoya carnosa compacta,35,69,True,69,23.0,False
125381985310,"Variegated Hindu Rope, 4 inch Rare Hoya Compacta Carnosa, Very Rare Limited",50.0,$50.00,False,14.46,+$14.46 delivery,False,False,False,jennest_4748,0.0,-2,,True,0,14,False,True,False,False,False,False,False,False,False,False,False,False,United States,False,,False,False,False,False,38,Ѕp؜onsored,33.85316848011523,31.881083849234585,0,hoya carnosa compacta,36,69,True,69,24.0,False
194359380929,"FlowerPotNursery Green Hoya Wax Plant Hoya carnosa Green 4"" Pot",11.98,$11.98,False,9.0,+$9.00 delivery,False,False,False,theflowerpotnursery,98.3,3800,98.3,False,10,0,False,False,False,False,False,False,True,False,False,False,False,False,United States,False,,False,False,False,False,39,Ѕp؜onsored,33.85316848011523,31.881083849234585,0,hoya carnosa compacta,37,69,True,69,25.0,False
186113880484,"Hoya Tricolor Carnosa Krimson Queen Live Plant 4"" Pot or Hoya Wax Houseplant",39.99,$39.99,False,0.0,Free delivery,True,False,False,succulentsandcactus,99.3,2400,99.3,False,0,0,False,False,False,False,False,False,False,False,False,False,False,False,United States,False,,False,False,False,False,40,Ѕp؜onsored,33.85316848011523,31.881083849234585,0,hoya carnosa compacta,38,69,True,69,26.0,False
296535873008,"Variegated Hoya Rope Plant, Hindu Rope Plant Variegated Rooted With Pot!",25.0,$25.00,False,6.0,+$6.00 delivery,False,False,False,draxis305,100.0,201,100.0,False,0,26,False,True,False,False,True,False,False,False,False,False,False,False,United States,False,,True,True,True,True,41,Spоn؜sored,0.030665954218207503,11.58639145862142,261,hoya carnosa compacta,39,69,True,69,,False
376433507843,"Hoya Hindu Rope Plant – Hoya Compacta Live Plant – 3"" Pot – Indoor Houseplant",28.99,$28.99,False,9.22,+$9.22 delivery,False,False,False,brig_9823,98.6,229,98.6,False,0,0,False,False,False,False,True,False,False,False,False,False,False,False,United States,False,,True,True,True,True,42,Spоn؜sored,0.030665954218207503,11.58639145862142,261,hoya carnosa compacta,40,69,True,69,,False
405328231974,4” Hoya Tri-colored Rubra | Hoya carnosa variegated rubra | Krimson Princess,14.99,$14.99,False,14.48,+$14.48 delivery,False,False,False,air_flora,100.0,85,100.0,False,0,0,False,False,False,False,False,False,False,False,False,False,False,False,United States,False,,False,False,False,False,43,Ѕp؜onsored,33.85316848011523,31.881083849234585,0,hoya carnosa compacta,41,69,True,69,27.0,False
193392286102,"FlowerPotNursery Hindu Rope Hoya Wax Plant Hoya carnosa Hindu Rope 4"" Pot",11.98,$11.98,False,9.0,+$9.00 delivery,False,False,False,theflowerpotnursery,98.3,3800,98.3,False,176,0,False,False,False,False,False,False,True,False,False,False,False,False,United States,False,,False,False,False,False,44,Ѕp؜onsored,33.85316848011523,31.881083849234585,0,hoya carnosa compacta,42,69,True,69,28.0,False
317483584472,Hoya Rope Plant | Live Plant for Indoor & Outdoor,38.99,$38.99 to $57.99,True,9.8,+$9.80 delivery,False,False,False,ks_plants,100.0,68,100.0,False,0,4,True,False,False,False,False,False,False,False,False,False,False,False,United States,False,,False,False,False,False,45,Ѕp؜onsored,33.85316848011523,31.881083849234585,0,hoya carnosa compacta,43,69,True,69,29.0,False
356013496180,hoya carnosa “krimson princess” cuttings,8.0,$8.00,False,10.11,+$10.11 delivery,False,False,False,planted-sights,100.0,11,100.0,False,0,6,False,False,False,False,False,False,False,False,False,False,False,False,United States,False,,False,False,False,False,46,Ѕp؜onsored,33.85316848011523,31.881083849234585,0,hoya carnosa compacta,44,69,True,69,30.0,False
186113878535,"Hoya Carnosa krimson queen, Hoya Tricolor Carnosa Krimson Queen in 4” Pot",39.99,$39.99,False,11.1,+$11.10 delivery,False,False,False,succulentsandcactus,99.3,2400,99.3,False,0,0,False,False,False,False,False,False,False,False,False,False,False,False,United States,False,,False,False,False,False,47,Ѕp؜onsored,33.85316848011523,31.881083849234585,0,hoya carnosa compacta,45,69,True,69,31.0,False
185819128533,"FlowerPotNursery Hindu Rope Hoya Wax Plant Hoya carnosa Hindu Rope 4"" Pot",29.99,$29.99,False,0.0,Free delivery,True,False,False,succulentsandcactus,99.3,2400,99.3,False,0,9,False,False,False,False,False,False,False,False,False,False,False,False,United States,False,,False,False,False,False,48,Ѕp؜onsored,33.85316848011523,31.881083849234585,0,hoya carnosa compacta,46,69,True,69,32.0,False
375424554929,"Hoya Rope Indian Hindu Exotic Wax Rather Easy To Grow Indoor Live Plant 4"" Pot",25.95,$25.95,False,11.95,+$11.95 delivery,False,False,False,gardenshops,98.9,5900,98.9,False,0,0,False,False,False,True,False,False,False,False,False,False,False,False,United States,False,,False,False,False,False,49,Ѕp؜onsored,33.85316848011523,31.881083849234585,0,hoya carnosa compacta,47,69,True,69,33.0,False
306805862870,Variegated Hoya Hindu Rope Plant,104.99,$104.99,False,19.99,+$19.99 delivery in 2-4 days,False,False,True,beautiflorist,99.5,23200,99.5,False,0,0,False,False,False,False,False,False,False,False,False,False,False,False,United States,False,,False,False,False,False,50,Ѕp؜onsored,33.85316848011523,31.881083849234585,0,hoya carnosa compacta,48,69,True,69,34.0,False
115988582415,"Porcelainflower Plant, Hoya Carnosa, Wax Plant, Great House Plant",8.0,$8.00,False,10.11,+$10.11 delivery,False,False,False,queuen,100.0,76,100.0,False,0,0,False,False,False,False,False,False,False,False,False,False,False,False,United States,False,,False,False,False,False,51,Ѕp؜onsored,33.85316848011523,31.881083849234585,0,hoya carnosa compacta,49,69,True,69,35.0,False
389410026124,"Hoya Hindu Rope Plant Live Carnosa Compacta Indoor Houseplant In 6""H Pot",69.95,$69.95,False,0.0,Free delivery,True,False,False,om.bro,98.0,227,98.0,False,0,0,False,True,False,False,True,False,False,False,False,False,False,False,United States,False,,False,False,False,False,52,Ѕp؜onsored,33.85316848011523,31.881083849234585,0,hoya carnosa compacta,50,69,True,69,36.0,False
323850363543,"Wax plant Vine Hoya Carnosa rooted cutting, Succulent tropical plant",12.0,$12.00,False,13.0,+$13.00 delivery,False,False,False,joyluck98,100.0,2800,100.0,False,0,12,False,False,False,False,False,False,False,False,False,False,False,False,United States,False,,False,False,False,False,53,Ѕp؜onsored,33.85316848011523,31.881083849234585,0,hoya carnosa compacta,51,69,True,69,37.0,False
185819130328,Hoya Hindu Rope Plant,29.99,$29.99,False,0.0,Free delivery,True,False,False,succulentsandcactus,99.3,2400,99.3,False,0,20,False,False,False,False,False,False,False,False,False,False,False,False,United States,False,,False,False,False,False,54,Ѕp؜onsored,33.85316848011523,31.881083849234585,0,hoya carnosa compacta,52,69,True,69,38.0,False
324263917032,"Wax plant Vine Hoya Carnosa rooted cutting, Succulent tropical plant",19.99,$19.99,False,15.0,+$15.00 delivery,False,False,False,joyluck98,100.0,2800,100.0,False,0,6,False,False,False,False,False,False,False,False,False,False,False,False,United States,False,,False,False,False,False,55,Ѕp؜onsored,33.85316848011523,31.881083849234585,0,hoya carnosa compacta,53,69,True,69,39.0,False
313580346919,Hoya Hindu Rope Plant planta de cera,19.0,$19.00,False,16.6,+$16.60 delivery,False,False,False,ricvela-5326,100.0,1500,100.0,False,0,12,False,False,False,False,False,False,False,False,False,False,False,False,United States,False,,False,False,False,False,56,Ѕp؜onsored,33.85316848011523,31.881083849234585,0,hoya carnosa compacta,54,69,True,69,40.0,False
389425968349,Hoya Hindu Rope Plant Live Indian Exotic Easy Grow Outdoor Flowering Clay Pot,55.95,$55.95,False,0.0,Free delivery,True,False,False,om.bro,98.0,227,98.0,False,0,0,False,True,False,False,True,False,False,False,False,False,False,False,United States,False,,False,False,False,False,57,Ѕp؜onsored,33.85316848011523,31.881083849234585,0,hoya carnosa compacta,55,69,True,69,41.0,False
265943228640,The Artisan Greenhouse - Hoya Carnosa 'Krimson Queen',30.0,$30.00,False,10.45,+$10.45 delivery,False,False,False,theartisangreenhouse,0.0,5,,True,0,0,False,False,False,False,False,False,False,False,False,False,False,False,United States,False,,False,False,False,False,58,Ѕp؜onsored,33.85316848011523,31.881083849234585,0,hoya carnosa compacta,56,69,True,69,42.0,False
285583583653,Hoya Carnosa Almost 5 Feet Tall - Super Healthy!!!,99.99,$99.99,False,,,,True,False,lokelanicrafts,100.0,3500,100.0,False,0,0,False,True,False,False,False,False,False,False,False,False,False,False,United States,False,,False,False,False,False,59,Ѕp؜onsored,33.85316848011523,31.881083849234585,0,hoya carnosa compacta,57,69,True,69,43.0,False
195429319511,"Hoya Carnosa “ snow ball ” well rooted cutting plant 10'-12""",15.95,$15.95,False,0.0,Free delivery,True,False,False,hong0318,98.2,962,98.2,False,0,21,False,False,False,False,False,False,True,False,False,False,False,False,United States,False,,False,False,False,False,60,Ѕp؜onsored,33.85316848011523,31.881083849234585,0,hoya carnosa compacta,58,69,True,69,44.0,False
314736677020,"Hindu Rope Variegated Live Houseplant - 2.5"" pot short stem - 4"" pot long stem",18.99,$18.99 to $26.99,True,6.0,+$6.00 delivery in 2-4 days,False,False,True,malibuplants,100.0,772,100.0,False,88,0,False,False,False,False,False,False,False,False,False,False,False,False,United States,False,,False,False,False,False,61,Ѕp؜onsored,33.85316848011523,31.881083849234585,0,hoya carnosa compacta,59,69,True,69,45.0,False
257736126117,"Hindu Rope 2"" Pot, Rare Live Houseplant",19.99,$19.99,False,0.0,Free delivery,True,False,False,abdullahalazam,99.1,410,99.1,False,0,0,False,True,False,False,False,False,False,False,False,False,False,False,United States,False,,False,False,False,False,62,Ѕp؜onsored,33.85316848011523,31.881083849234585,0,hoya carnosa compacta,60,69,True,69,46.0,False
225647182563,"Variegated Hindu Rope, Hoya Compacta Carnosa, Very Rare Limited Live Plant",29.99,$29.99,False,13.65,+$13.65 delivery,False,False,False,inezsila,100.0,167,100.0,False,0,19,False,False,False,False,False,False,False,False,False,False,False,False,United States,False,,False,False,False,False,63,Ѕp؜onsored,33.85316848011523,31.881083849234585,0,hoya carnosa compacta,61,69,True,69,47.0,False
225704727491,"Hoya Carnosa Krimson Queen, Variegated Hoya Carnosa Plant unrooted cutting 6 inc",30.0,$30.00,False,13.65,+$13.65 delivery,False,False,False,inezsila,100.0,167,100.0,False,0,0,False,False,False,False,False,False,False,False,False,False,False,False,United States,False,,False,False,False,False,64,Ѕp؜onsored,33.85316848011523,31.881083849234585,0,hoya carnosa compacta,62,69,True,69,48.0,False
377192318890,Hoya Hindu Rope live plant - Hoya Carnosa Compacta Green - Hindu Rope 4in pot,49.99,$49.99,False,7.08,+$7.08 delivery,False,False,False,hazel-9020,97.0,232,97.0,False,0,0,False,False,False,False,True,False,False,False,False,False,False,False,United States,False,,False,False,False,False,65,Ѕp؜onsored,33.85316848011523,31.881083849234585,0,hoya carnosa compacta,63,69,True,69,49.0,False
377192318909,Hoya Hindu Rope live plant - Hoya Carnosa Compacta Green - Hindu Rope 3in pot,28.99,$28.99,False,6.35,+$6.35 delivery,False,False,False,hazel-9020,97.0,232,97.0,False,0,0,False,False,False,False,True,False,False,False,False,False,False,False,United States,False,,False,False,False,False,66,Ѕp؜onsored,33.85316848011523,31.881083849234585,0,hoya carnosa compacta,64,69,True,69,50.0,False
146333055986,Hoya Albo Carnosa and Soil Mix Combo - Live Plant in a 4 Inch Pot Combo,48.25,$48.25,False,0.0,Free delivery,True,False,False,wekivafoliage,97.6,2100,97.6,False,0,0,False,False,False,False,False,False,False,False,False,False,False,False,United States,False,,False,False,False,False,67,Ѕp؜onsored,33.85316848011523,31.881083849234585,0,hoya carnosa compacta,65,69,True,69,51.0,False
145355109357,Hoya Australis - Live Plant in a 2 Inch Pot - Beautiful Vining Indoor Houseplant,21.45,$21.45 to $23.74,True,0.0,Free delivery,True,False,False,wekivafoliage,97.6,2100,97.6,False,0,0,False,False,False,False,False,False,False,False,False,False,False,False,United States,False,,False,False,False,False,68,Ѕp؜onsored,33.85316848011523,31.881083849234585,0,hoya carnosa compacta,66,69,True,69,52.0,False
145949383963,Hoya Krimson Queen - Live Plant in a 4 Inch Pot - Hoya Carnosa 'Krimson Queen',29.78,$29.78 to $77.49,True,0.0,Free delivery,True,False,False,wekivafoliage,97.6,2100,97.6,False,0,0,False,False,False,False,False,False,False,False,False,False,False,False,United States,False,,False,False,False,False,69,Ѕp؜onsored,33.85316848011523,31.881083849234585,0,hoya carnosa compacta,67,69,True,69,53.0,False
284496443135,Hoya Carnosa Krimson crimson Princess rooted plant variegated,16.99,$16.99,False,13.48,+$13.48 delivery,False,False,False,junglequeen02,100.0,731,100.0,False,0,35,False,False,False,False,False,False,False,False,False,False,False,False,United States,False,,False,False,False,False,70,Ѕp؜onsored,33.85316848011523,31.881083849234585,0,hoya carnosa compacta,68,69,True,69,54.0,False
205205215692,"Tricolor Hoya Krimson Queen, Hoya Carnosa Variegata",14.99,$14.99,False,10.2,+$10.20 delivery,False,False,False,freshyplants,85.3,1100,85.3,False,0,0,False,True,False,False,False,False,False,False,False,False,False,False,United States,False,,False,False,False,False,71,Ѕp؜onsored,33.85316848011523,31.881083849234585,0,hoya carnosa compacta,69,69,True,69,55.0,False
168284607684,Hoya Cummingiana - Live Houseplant - 6-inch Pot,30.19,$30.19,False,9.99,+$9.99 delivery,False,False,False,riversidegreenhouses,100.0,4,100.0,False,0,0,False,True,False,False,False,False,False,False,False,False,False,False,United States,False,,False,False,False,False,3,Spons⁩orеd,-24.464418483483797,33.690612613167616,0,hoya cummingiana,1,120,True,1200,1.0,True
128113635145,"Hoya, ROTUNDIFLORA, Tropical, Trailing, Rooted, in 2” pot. FRAGRANT",23.0,$23.00,False,11.7,+$11.70 delivery,False,False,False,381972kevin,100.0,421,100.0,False,0,0,False,False,False,False,False,False,False,False,False,True,False,False,United States,False,,True,True,True,True,4,Ѕponsor⁩ed,0.023667985894057608,11.55590398742909,261,hoya cummingiana,2,120,True,1200,,False
128086522990,"Hoya Mindorensis, Rare! Rooted, in 2” pot. Many Nodes! Easy",35.0,$35.00,False,11.7,+$11.70 delivery,False,False,False,381972kevin,100.0,421,100.0,False,0,12,False,True,False,False,False,False,True,False,False,False,False,False,United States,False,,True,True,True,True,5,Ѕponsor⁩ed,0.023667985894057608,11.55590398742909,261,hoya cummingiana,3,120,True,1200,,False
128113734043,"Hoya, MATHILDE, Tropical, Trailing, Rooted, in 2” pot. FRAGRANT",17.0,$17.00,False,11.7,+$11.70 delivery,False,False,False,381972kevin,100.0,421,100.0,False,0,0,False,True,False,False,False,False,False,False,False,True,False,False,United States,False,,True,True,True,True,6,Ѕponsor⁩ed,0.023667985894057608,11.55590398742909,261,hoya cummingiana,4,120,True,1200,,False
188667828310,HOYA CUMMINGIANA ALBOMARGINATA IN 4.5”POT / WELL ROOTED/SHIP IN NURSERY POT,52.0,$52.00,False,6.99,+$6.99 delivery,False,False,False,haileyshoya,100.0,235,100.0,False,0,0,False,False,False,False,False,False,False,False,False,False,False,False,United States,False,,False,False,False,False,7,Spons⁩orеd,-24.464418483483797,33.690612613167616,0,hoya cummingiana,5,120,True,1200,2.0,False
287531352171,"Hoya Cummingiana - 4"" Pot Live Plant - Free Shipping",36.99,$36.99,False,0.0,Free delivery,True,False,False,happilyplanted,100.0,230,100.0,False,0,0,False,False,False,False,False,False,False,False,False,False,False,False,United States,False,,False,False,False,False,8,Spons⁩orеd,-24.464418483483797,33.690612613167616,0,hoya cummingiana,6,120,True,1200,3.0,False
287372912796,"Hoya Cummingiana Albo - Exact Plant - 4"" Pot Live Plant - Free Shipping",69.99,$69.99,False,0.0,Free delivery,True,False,False,happilyplanted,100.0,230,100.0,False,0,0,False,False,False,False,False,False,False,False,False,False,False,False,United States,False,,False,False,False,False,9,Spons⁩orеd,-24.464418483483797,33.690612613167616,0,hoya cummingiana,7,120,True,1200,4.0,False
206593642497,"Hoya cummingiana variegated [2n6o013] 2 pots, 2 plants, 20-22 inches Rare!!!",99.99,$99.99,False,95.0,+$95.00 delivery,False,False,False,plumerindr,100.0,3100,100.0,False,0,0,False,False,True,False,False,False,False,False,False,False,False,False,Thailand,True,Brand New,False,False,False,False,10,Spons⁩orеd,-24.464418483483797,33.690612613167616,0,hoya cummingiana,8,120,True,1200,5.0,False
128106244687,"Hoya THOMSONII SPLASH Rooted, in 2” pot! Vining, Tropical. fragrant flowers",25.0,$25.00,False,11.7,+$11.70 delivery,False,False,False,381972kevin,100.0,421,100.0,False,0,5,False,True,False,False,False,False,False,False,False,False,False,False,United States,False,,False,False,False,False,11,Spons⁩orеd,-24.464418483483797,33.690612613167616,0,hoya cummingiana,9,120,True,1200,6.0,False
137776032530,Hoya inflata Plant Rare and Beautiful Asclepiad,50.0,$50.00,False,13.7,+$13.70 delivery,False,False,False,1018paul,100.0,374,100.0,False,0,0,False,False,True,False,False,False,False,False,False,False,False,False,United States,False,,False,False,False,False,12,Spons⁩orеd,-24.464418483483797,33.690612613167616,0,hoya cummingiana,10,120,True,1200,7.0,False
317852977586,Hoya bella louis variegated - cutting Live one stem - California grown,16.0,$16.00,False,6.0,+$6.00 delivery in 2-4 days,False,False,True,malibuplants,100.0,772,100.0,False,0,0,False,False,False,False,False,False,False,False,False,False,False,False,United States,False,,False,False,False,False,13,Spons⁩orеd,-24.464418483483797,33.690612613167616,0,hoya cummingiana,11,120,True,1200,8.0,False
800754396265,Hoya linearis,22.0,$22.00,False,10.2,+$10.20 delivery,False,False,False,natita0905,100.0,119,100.0,False,0,0,False,True,False,False,False,False,False,False,False,True,False,False,United States,False,,False,False,False,False,14,Spons⁩orеd,-24.464418483483797,33.690612613167616,0,hoya cummingiana,12,120,True,1200,9.0,False
128065720415,Hoya Stardust Silver,275.0,$275.00,False,10.15,+$10.15 delivery,False,False,False,1970bonita,100.0,878,100.0,False,0,0,False,True,False,False,False,False,False,False,False,False,True,False,United States,False,,True,True,True,True,15,Ѕponsor⁩ed,0.023667985894057608,11.55590398742909,261,hoya cummingiana,13,120,True,1200,,False
315342754610,BubbleBlooms Hoya Variegated Kentiana in a 4 inch Pot,29.99,$29.99,False,5.95,+$5.95 delivery,False,False,False,bubbleblooms.shop,98.3,2500,98.3,False,0,0,False,False,False,False,True,False,False,False,False,False,False,False,United States,False,,True,True,True,True,16,Ѕponsor⁩ed,0.023667985894057608,11.55590398742909,261,hoya cummingiana,14,120,True,1200,,False
128091652247,"Hoya Wayettii Tricolor in a 2 inch Pot, trailing. tropical. + free cuttings",17.0,$17.00,False,9.35,+$9.35 delivery,False,False,False,381972kevin,100.0,421,100.0,False,0,0,False,True,False,False,False,False,False,False,False,False,False,False,United States,False,,True,True,True,True,17,Ѕponsor⁩ed,0.023667985894057608,11.55590398742909,261,hoya cummingiana,15,120,True,1200,,False
128113755470,"Hoya,REBECCA , Tropical, Trailing, Rooted, in 2” pot. Many Nodes!",15.0,$15.00,False,11.7,+$11.70 delivery,False,False,False,381972kevin,100.0,421,100.0,False,0,0,False,False,True,False,False,False,False,False,False,True,False,False,United States,False,,True,True,True,True,18,Ѕponsor⁩ed,0.023667985894057608,11.55590398742909,261,hoya cummingiana,16,120,True,1200,,False
158370901111,HOYA CLEMENSIORUM BLACK EDGE (ROOTED PLANT),49.95,$49.95,False,14.0,+$14.00 delivery,False,False,False,luckypanda2,100.0,1700,100.0,False,0,0,False,False,False,False,False,False,False,False,False,False,False,False,United States,False,,False,False,False,False,19,Spons⁩orеd,-24.464418483483797,33.690612613167616,0,hoya cummingiana,17,120,True,1200,10.0,False
158370968290,HOYA PIESTOLEPIS (ROOTED PLANT),39.95,$39.95,False,14.0,+$14.00 delivery,False,False,False,luckypanda2,100.0,1700,100.0,False,0,0,False,False,False,False,False,False,False,False,False,False,False,False,United States,False,,False,False,False,False,20,Spons⁩orеd,-24.464418483483797,33.690612613167616,0,hoya cummingiana,18,120,True,1200,11.0,False
117441931319,Hoya Sheperdii” blooming size 3 Peduncles 3 inch pot. Easy,14.0,$14.00,False,13.48,+$13.48 delivery,False,False,False,ulmus,100.0,1700,100.0,False,0,0,False,False,False,False,False,False,False,False,False,False,False,False,United States,False,,False,False,False,False,21,Spons⁩orеd,-24.464418483483797,33.690612613167616,0,hoya cummingiana,19,120,True,1200,12.0,False
318392811913,Hoya Kerrii Variegated bare roots one stem - Heart shape leaves - CA Seller,18.99,$18.99 to $40.00,True,6.0,+$6.00 delivery in 2-4 days,False,False,True,malibuplants,100.0,772,100.0,False,0,0,False,False,False,False,True,False,False,False,False,False,False,False,United States,False,,False,False,False,False,22,Spons⁩orеd,-24.464418483483797,33.690612613167616,0,hoya cummingiana,20,120,True,1200,13.0,False
128112976011,"Hoya Endauensis, Tropical, Vining, rooted in 2” pot, Rare. +free cuttings",15.0,$15.00,False,11.7,+$11.70 delivery,False,False,False,381972kevin,100.0,421,100.0,False,0,0,False,False,True,False,False,False,False,False,False,True,False,False,United States,False,,False,False,False,False,23,Spons⁩orеd,-24.464418483483797,33.690612613167616,0,hoya cummingiana,21,120,True,1200,14.0,False
307184375016,Hoya Bella -F,22.99,$22.99,False,9.0,+$9.00 delivery in 2-4 days,False,False,True,beautiflorist,99.5,23200,99.5,False,0,0,False,False,False,False,False,False,False,False,False,False,False,False,United States,False,,False,False,False,False,24,Spons⁩orеd,-24.464418483483797,33.690612613167616,0,hoya cummingiana,22,120,True,1200,15.0,False
158095229079,Hoya Pachyclada Veragated Well rooted Rare Plant,38.0,$38.00,False,9.0,+$9.00 delivery,False,False,False,irvin-sophi,97.2,1800,97.2,False,0,7,False,True,False,False,False,False,True,False,False,False,False,False,United States,False,,False,False,False,False,25,Spons⁩orеd,-24.464418483483797,33.690612613167616,0,hoya cummingiana,23,120,True,1200,16.0,False
178530505659,Hoya Biruensis (FKA AFF. Spartioides),65.0,$65.00,False,21.3,+$21.30 delivery,False,False,False,radiowall42,100.0,98,100.0,False,0,0,False,False,False,False,False,False,False,False,False,False,False,False,United States,False,,False,False,False,False,26,Spons⁩orеd,-24.464418483483797,33.690612613167616,0,hoya cummingiana,24,120,True,1200,17.0,False
127955668722,"RARE Hoya sp. Pottsii 'Khao Yai' Shipped Inside 5.5"" Hanging Baskets",24.95,$24.95,False,13.95,+$13.95 delivery,False,False,False,mbufalo12,100.0,6900,100.0,False,0,12,False,False,False,False,False,False,False,False,False,False,False,False,United States,False,,False,False,False,False,27,Spons⁩orеd,-24.464418483483797,33.690612613167616,0,hoya cummingiana,25,120,True,1200,18.0,False
128112979605,"Hoya limoniaca, Tropical, Trailing, Rooted, in 2” pot. Many Nodes!",15.0,$15.00,False,11.7,+$11.70 delivery,False,False,False,381972kevin,100.0,421,100.0,False,0,0,False,False,True,False,False,False,False,False,False,False,False,False,United States,False,,False,False,False,False,28,Spons⁩orеd,-24.464418483483797,33.690612613167616,0,hoya cummingiana,26,120,True,1200,19.0,False
398451341102,Hoya Gunung Gading Ghost Silver Spalsh,85.0,$85.00,False,7.14,+$7.14 delivery,False,False,False,luzva-392,100.0,2,100.0,False,0,0,False,True,False,False,False,False,False,False,False,False,False,False,United States,False,,False,False,False,False,29,Spons⁩orеd,-24.464418483483797,33.690612613167616,0,hoya cummingiana,27,120,True,1200,20.0,False
178530421363,Hoya Lacunosa Lumina,80.0,$80.00,False,21.3,+$21.30 delivery,False,False,False,radiowall42,100.0,98,100.0,False,0,0,False,False,False,False,False,False,False,False,False,False,False,False,United States,False,,False,False,False,False,30,Spons⁩orеd,-24.464418483483797,33.690612613167616,0,hoya cummingiana,28,120,True,1200,21.0,False
318581693778,"Hoya Krohniana Black — ""Diving Dragon"" | 4"" Pot | Air-Layered Clone",15.99,$15.99,False,0.0,Free delivery,True,False,False,mint.monster,96.8,426,96.8,False,0,0,False,False,False,False,False,False,False,False,False,False,False,False,United States,False,,True,True,True,True,31,Ѕponsor⁩ed,0.023667985894057608,11.55590398742909,261,hoya cummingiana,29,120,True,1200,,False
314667156488,"Hoya Assortment Set, Hindu Rope, Krimson Queen, Ketiana, Chelsea, Australis, Lis",59.99,$59.99,False,5.95,+$5.95 delivery,False,False,False,bubbleblooms.shop,98.3,2500,98.3,False,0,0,False,False,False,False,True,False,False,False,False,False,False,False,United States,False,,True,True,True,True,32,Ѕponsor⁩ed,0.023667985894057608,11.55590398742909,261,hoya cummingiana,30,120,True,1200,,False
128097679735,"Hoya HAINANENSIS Rare! Rooted, in 2” pot. Many Nodes! Vining",27.0,$27.00,False,11.7,+$11.70 delivery,False,False,False,381972kevin,100.0,421,100.0,False,0,3,False,True,False,False,False,False,False,False,False,False,False,False,United States,False,,True,True,True,True,33,Ѕponsor⁩ed,0.023667985894057608,11.55590398742909,261,hoya cummingiana,31,120,True,1200,,False
227340075292,Rare Hoya SR 2007-13 Splash From Loei Province Wax Flowers Tropical Vining Plant,35.0,$35.00,False,10.2,+$10.20 delivery,False,False,False,bohogreenhouse,98.8,2700,98.8,False,0,0,False,False,False,True,False,False,False,False,False,False,False,False,United States,False,,True,True,True,True,34,Ѕponsor⁩ed,0.023667985894057608,11.55590398742909,261,hoya cummingiana,32,120,True,1200,,False
267550266259,"Hoya Heuschkeliana inner variegated, 2 nodes",15.0,$15.00,False,10.99,+$10.99 delivery,False,False,False,gdarwich,100.0,287,100.0,False,0,27,False,False,False,False,False,False,False,False,False,False,False,False,United States,False,,False,False,False,False,35,Spons⁩orеd,-24.464418483483797,33.690612613167616,0,hoya cummingiana,33,120,True,1200,22.0,False
178530806538,RARE Hoya Compacta Jody’s Silver,3500.0,"$3,500.00",False,0.0,Free delivery,True,False,False,radiowall42,100.0,98,100.0,False,0,0,False,False,False,False,False,False,False,False,False,False,False,False,United States,False,,False,False,False,False,36,Spons⁩orеd,-24.464418483483797,33.690612613167616,0,hoya cummingiana,34,120,True,1200,23.0,False
407210122048,Hoya multiflora Well Established Plant,25.0,$25.00,False,12.5,+$12.50 delivery,False,False,False,cutelittleelf,99.6,474,99.6,False,0,14,False,False,False,False,False,False,False,False,False,False,False,False,United States,False,,False,False,False,False,37,Spons⁩orеd,-24.464418483483797,33.690612613167616,0,hoya cummingiana,35,120,True,1200,24.0,False
267688160832,"Hoya Polyneura Broget, 1 node cutting",25.0,$25.00,False,10.99,+$10.99 delivery,False,False,False,gdarwich,100.0,287,100.0,False,0,14,False,True,False,False,True,False,False,False,False,False,False,False,United States,False,,False,False,False,False,38,Spons⁩orеd,-24.464418483483797,33.690612613167616,0,hoya cummingiana,36,120,True,1200,25.0,False
298721584002,Hoya Wibergiae Rare Well Rooted Growing!! Splash PINK,25.0,$25.00,False,16.0,+$16.00 delivery,False,False,False,yearsgonebynow,100.0,244,100.0,False,0,0,False,False,True,False,False,False,False,False,False,False,False,False,United States,False,,False,False,False,False,39,Spons⁩orеd,-24.464418483483797,33.690612613167616,0,hoya cummingiana,37,120,True,1200,26.0,False
227524277559,Rare Hoya Nabawanensis variegated Fully Rooted,58.0,$58.00,False,9.75,+$9.75 delivery,False,False,False,kellysucculentgarden,98.7,727,98.7,False,0,0,False,False,False,False,False,False,False,False,False,False,False,False,United States,False,,False,False,False,False,40,Spons⁩orеd,-24.464418483483797,33.690612613167616,0,hoya cummingiana,38,120,True,1200,27.0,False
366245919771,Hoya Kentiana 6inc Full - US Seller,79.99,$79.99,False,14.95,+$14.95 delivery,False,False,False,abznursery,96.7,37,96.7,False,0,10,False,False,False,False,False,False,False,False,False,False,False,False,United States,False,,True,True,True,True,41,Ѕponsor⁩ed,0.023667985894057608,11.55590398742909,261,hoya cummingiana,39,120,True,1200,,False
800748834181,Hoya Erythrostemma Silver Rooted Rare Collector Hoya Exact Plant item #441,50.0,$50.00,False,17.96,+$17.96 delivery,False,False,False,yviebk925,100.0,26,100.0,False,0,0,False,True,False,False,False,False,False,False,False,False,False,False,United States,False,,True,True,True,True,42,Ѕponsor⁩ed,0.023667985894057608,11.55590398742909,261,hoya cummingiana,40,120,True,1200,,False
278151074246,"Rare Hoya MB 1065-43 Lime Sherbert Shipped Inside 5"" Pot Multiple Plants Per Pot",27.95,$27.95,False,13.95,+$13.95 delivery,False,False,False,mbufalo12,100.0,6900,100.0,False,0,14,False,False,False,False,False,False,False,False,False,False,False,False,United States,False,,False,False,False,False,43,Spons⁩orеd,-24.464418483483797,33.690612613167616,0,hoya cummingiana,41,120,True,1200,28.0,False
168591137705,"Hoya kerrii ‘Sweetheart Flame’ - 2.5"" Pot",11.54,$11.54,False,7.59,+$7.59 delivery,False,False,False,snakerootbotanicals,98.3,57,98.3,False,0,0,False,False,False,False,False,False,False,False,False,False,False,False,United States,False,,False,False,False,False,44,Spons⁩orеd,-24.464418483483797,33.690612613167616,0,hoya cummingiana,42,120,True,1200,29.0,False
366176798434,Hoya cuttings Variety bundle Lot Rare Rangsan Splash Mathilde Cummingiana Krohni,30.0,$30.00,False,10.11,+$10.11 delivery,False,False,False,plantl19,100.0,194,100.0,False,0,0,False,True,False,False,False,False,False,False,False,False,False,False,United States,False,,False,False,False,False,45,Spons⁩orеd,-24.464418483483797,33.690612613167616,0,hoya cummingiana,43,120,True,1200,30.0,False
158300036688,Hoya Heuschkeliana Inner-Variegated - 4 Rooted Cuttings - Actively Growing!,29.0,$29.00,False,13.0,+$13.00 delivery,False,False,False,greenbeeplantshop,100.0,779,100.0,False,0,0,False,True,False,False,False,False,False,False,False,False,False,False,United States,False,,False,False,False,False,46,Spons⁩orеd,-24.464418483483797,33.690612613167616,0,hoya cummingiana,44,120,True,1200,31.0,False
237031789948,"Established HOYA Hoya KSB 01 / KSB01 Exact Plant Rare!!!! 24+"" USA",139.99,$139.99,False,28.1,+$28.10 delivery,False,False,False,stuffstuff01,100.0,7700,100.0,False,0,0,False,True,False,False,False,True,False,False,False,False,False,False,United States,False,,False,False,False,False,47,Spons⁩orеd,-24.464418483483797,33.690612613167616,0,hoya cummingiana,45,120,True,1200,32.0,False
278151074245,Hoya AH074 (2) Plants Per Pot Shipped Inside 5 Inch Hanging Basket,24.95,$24.95,False,13.95,+$13.95 delivery,False,False,False,mbufalo12,100.0,6900,100.0,False,0,12,False,False,False,False,False,False,False,False,False,False,False,False,United States,False,,False,False,False,False,48,Spons⁩orеd,-24.464418483483797,33.690612613167616,0,hoya cummingiana,46,120,True,1200,33.0,False
128063793544,"Hoya SP. SR-2007-13 From Loei Province Shipped In 5"" Pot With All Soil",27.95,$27.95,False,13.95,+$13.95 delivery,False,False,False,mbufalo12,100.0,6900,100.0,False,0,7,False,False,False,False,False,False,False,False,False,False,False,False,United States,False,,False,False,False,False,49,Spons⁩orеd,-24.464418483483797,33.690612613167616,0,hoya cummingiana,47,120,True,1200,34.0,False
158074114466,Hoya Veragated WellRooted Rare Plant,39.99,$39.99,False,9.0,+$9.00 delivery,False,False,False,irvin-sophi,97.2,1800,97.2,False,0,0,False,False,False,False,False,False,False,False,False,False,False,False,United States,False,,False,False,False,False,50,Spons⁩orеd,-24.464418483483797,33.690612613167616,0,hoya cummingiana,48,120,True,1200,35.0,False
407227691218,Hoya sp. Bangkok Black Beauty Well Rooted Established Plant,22.0,$22.00,False,11.5,+$11.50 delivery,False,False,False,cutelittleelf,99.6,474,99.6,False,0,0,False,False,False,False,False,False,False,False,False,False,False,False,United States,False,,False,False,False,False,51,Spons⁩orеd,-24.464418483483797,33.690612613167616,0,hoya cummingiana,49,120,True,1200,36.0,False
327362912459,Rare Hoya Treubiana GORGEOUS Fuzzy Flowers Tropical Vining EXACT Plant,35.0,$35.00,False,10.2,+$10.20 delivery,False,False,False,bohogreenhouse,98.8,2700,98.8,False,0,0,False,False,False,True,False,False,False,False,False,False,False,False,United States,False,,False,False,False,False,52,Spons⁩orеd,-24.464418483483797,33.690612613167616,0,hoya cummingiana,50,120,True,1200,37.0,False
178530680336,RARE Hoya Compacta Oblak,4500.0,"$4,500.00",False,0.0,Free delivery,True,False,False,radiowall42,100.0,98,100.0,False,0,0,False,False,False,False,False,False,False,False,False,False,False,False,United States,False,,False,False,False,False,53,Spons⁩orеd,-24.464418483483797,33.690612613167616,0,hoya cummingiana,51,120,True,1200,38.0,False
298265808724,"Rare Hoya Linearis - Collector's Series - 2"" Pot",14.99,$14.99,False,28.1,+$28.10 delivery,False,False,False,hirtsgardens,99.8,202500,99.8,False,0,0,False,False,False,False,False,False,False,False,False,False,False,False,United States,False,,False,False,False,False,54,Spons⁩orеd,-24.464418483483797,33.690612613167616,0,hoya cummingiana,52,120,True,1200,39.0,False
407210122030,Hoya indaisarae Well Established Plant,18.0,$18.00,False,12.5,+$12.50 delivery,False,False,False,cutelittleelf,99.6,474,99.6,False,0,0,False,False,False,False,False,False,False,False,False,False,False,False,United States,False,,False,False,False,False,55,Spons⁩orеd,-24.464418483483797,33.690612613167616,0,hoya cummingiana,53,120,True,1200,40.0,False
206593643014,"Hoya morning dew [n6o003] 1 pot, 1 plant, 10-12 inches Rare!!!",99.99,$99.99,False,95.0,+$95.00 delivery,False,False,False,plumerindr,100.0,3100,100.0,False,0,0,False,False,True,False,False,False,False,False,False,False,False,False,Thailand,True,Brand New,False,False,False,False,56,Spons⁩orеd,-24.464418483483797,33.690612613167616,0,hoya cummingiana,54,120,True,1200,41.0,False
178485153035,Hoya Gunung Gading Silver Ghost,35.0,$35.00,False,7.05,+$7.05 delivery,False,False,False,olthegoldenboy,100.0,733,100.0,False,0,0,False,True,False,False,False,False,False,False,False,False,True,False,United States,False,,False,False,False,False,57,Spons⁩orеd,-24.464418483483797,33.690612613167616,0,hoya cummingiana,55,120,True,1200,42.0,False
307184374027,Hoya Bella -E,22.99,$22.99,False,9.0,+$9.00 delivery in 2-4 days,False,False,True,beautiflorist,99.5,23200,99.5,False,0,0,False,False,False,False,False,False,False,False,False,False,False,False,United States,False,,False,False,False,False,58,Spons⁩orеd,-24.464418483483797,33.690612613167616,0,hoya cummingiana,56,120,True,1200,43.0,False
227533374750,Rare Hoya Carnosa Madara 'Snow Angel' fresh node top cutting,225.0,$225.00,False,12.5,+$12.50 delivery,False,False,False,kellysucculentgarden,98.7,727,98.7,False,0,0,False,True,False,False,False,False,False,False,False,False,False,False,United States,False,,False,False,False,False,59,Spons⁩orеd,-24.464418483483797,33.690612613167616,0,hoya cummingiana,57,120,True,1200,44.0,False
168537939453,"Hoya kerrii ‘Sweetheart Hoya’ - 2.5"" Pot",9.89,$9.89,False,7.59,+$7.59 delivery,False,False,False,snakerootbotanicals,98.3,57,98.3,False,0,0,False,False,False,False,False,False,False,False,False,False,False,False,United States,False,,False,False,False,False,60,Spons⁩orеd,-24.464418483483797,33.690612613167616,0,hoya cummingiana,58,120,True,1200,45.0,False
227447483529,Rare hoya Nabawanensis variegated Fresh Mid Cutting One Node Fully Rooted,55.0,$55.00,False,9.75,+$9.75 delivery,False,False,False,kellysucculentgarden,98.7,727,98.7,False,0,0,False,False,False,False,False,False,False,False,False,False,True,False,United States,False,,False,False,False,False,61,Spons⁩orеd,-24.464418483483797,33.690612613167616,0,hoya cummingiana,59,120,True,1200,46.0,False
206550813894,Hoya Archboldiana,38.5,$38.50,False,14.0,+$14.00 delivery,False,False,False,nicrev43,100.0,266,100.0,False,0,0,False,False,False,False,False,False,False,False,False,False,False,False,United States,False,,False,False,False,False,62,Spons⁩orеd,-24.464418483483797,33.690612613167616,0,hoya cummingiana,60,120,True,1200,47.0,False
920004412340,Hoya Mathilde splash/splashy top cut,3.0,$3.00,False,6.17,+$6.17 delivery,False,False,False,genavievwilliam0,100.0,80,100.0,False,0,0,False,True,True,False,False,False,False,False,False,False,False,False,United States,False,,False,False,False,False,63,Spons⁩orеd,-24.464418483483797,33.690612613167616,0,hoya cummingiana,61,120,True,1200,48.0,False
178445242905,Hoya Lacunosa Nite Star,25.0,$25.00,False,6.34,+$6.34 delivery,False,False,False,olthegoldenboy,100.0,733,100.0,False,0,0,False,False,False,False,False,False,False,False,False,False,False,False,United States,False,,False,False,False,False,64,Spons⁩orеd,-24.464418483483797,33.690612613167616,0,hoya cummingiana,62,120,True,1200,49.0,False
318930413237,Rooted Hoya Bundle australis lisa Wilber Graves China Variegated Carnosa 100%USA,45.0,$45.00,False,12.0,+$12.00 delivery,False,False,False,adriennesadeniums38562,100.0,271,100.0,False,0,0,False,True,False,False,False,False,False,False,False,False,False,False,United States,False,,False,False,False,False,65,Spons⁩orеd,-24.464418483483797,33.690612613167616,0,hoya cummingiana,63,120,True,1200,50.0,False
158370837310,HOYA SUSANTI A1 ARTHESWARA (ERYTHRINA X VITELLINOIDES SP BENGKULU) ROOTED PLANT),44.95,$44.95,False,14.0,+$14.00 delivery,False,False,False,luckypanda2,100.0,1700,100.0,False,0,0,False,False,False,False,False,False,False,False,False,False,False,False,United States,False,,False,False,False,False,66,Spons⁩orеd,-24.464418483483797,33.690612613167616,0,hoya cummingiana,64,120,True,1200,51.0,False
227522710037,Rare Hoya Swiffer's Dream Vining Tropical EXACT PLANT w/ yellow & pink flowers,35.0,$35.00,False,10.2,+$10.20 delivery,False,False,False,bohogreenhouse,98.8,2700,98.8,False,0,0,False,False,False,True,False,False,False,False,False,False,False,False,United States,False,,False,False,False,False,67,Spons⁩orеd,-24.464418483483797,33.690612613167616,0,hoya cummingiana,65,120,True,1200,52.0,False
327362910973,Rare Hoya UT-033 Yellow & Pink Wax Flowers Tropical Vining Plant,30.0,$30.00,False,10.2,+$10.20 delivery,False,False,False,bohogreenhouse,98.8,2700,98.8,False,0,0,False,False,False,True,False,False,False,False,False,False,False,False,United States,False,,False,False,False,False,68,Spons⁩orеd,-24.464418483483797,33.690612613167616,0,hoya cummingiana,66,120,True,1200,53.0,False
178484982462,Hoya Gunung Gading!! 💚,50.0,$50.00,False,7.05,+$7.05 delivery,False,False,False,olthegoldenboy,100.0,733,100.0,False,0,0,False,True,False,False,False,False,False,False,False,False,False,False,United States,False,,False,False,False,False,69,Spons⁩orеd,-24.464418483483797,33.690612613167616,0,hoya cummingiana,67,120,True,1200,54.0,False
117425674966,Hoya Grifithii Silver Splash,22.0,$22.00,False,11.5,+$11.50 delivery,False,False,False,amachelle_725,100.0,754,100.0,False,0,0,False,False,False,False,False,False,False,False,False,False,False,False,United States,False,,False,False,False,False,70,Spons⁩orеd,-24.464418483483797,33.690612613167616,0,hoya cummingiana,68,120,True,1200,55.0,False
318696482905,Hoya Leland Joe 3 Cuttings WYSIWYG USA Grown Free Priority Ship Must-have! (b),35.95,$35.95$39.95,False,0.0,Free delivery,True,False,False,hutchjr79,100.0,872,100.0,False,0,0,False,True,False,False,False,False,False,False,False,False,True,False,United States,False,,False,False,False,False,71,Spons⁩orеd,-24.464418483483797,33.690612613167616,0,hoya cummingiana,69,120,True,1200,56.0,False
298642963244,Hoya polyneura Fishtail,19.99,$19.99,False,9.0,+$9.00 delivery in 2-4 days,False,False,True,beautiflorist,99.5,23200,99.5,False,0,0,False,False,False,False,False,False,False,False,False,False,False,False,United States,False,,False,False,False,False,72,Spons⁩orеd,-24.464418483483797,33.690612613167616,0,hoya cummingiana,70,120,True,1200,57.0,False
136340158227,"Hoya cv. ruthie 8-12 inches well rooted, Shipped bare root",19.95,$19.95,False,8.0,+$8.00 delivery,False,False,False,don040201,100.0,1800,100.0,False,21,0,False,False,False,False,False,False,False,False,False,False,False,False,United States,False,Brand New,False,False,False,False,73,Spons⁩orеd,-24.464418483483797,33.690612613167616,0,hoya cummingiana,71,120,True,1200,58.0,False
147611094430,Hoya Krohniana Silver Splash In 3” Pot,3.25,$3.25,False,9.0,+$9.00 delivery,False,False,False,jensorchids,100.0,413,100.0,False,0,0,False,False,True,False,False,False,False,False,False,False,False,False,United States,False,,False,False,False,False,74,Spons⁩orеd,-24.464418483483797,33.690612613167616,0,hoya cummingiana,72,120,True,1200,59.0,False
188859633048,HOYA CRASSIPETIOLATA SPLASH IN 4.5”POT / WELL ROOTED/SHIP IN NURSERY POT,39.0,$39.00,False,6.99,+$6.99 delivery,False,False,False,haileyshoya,100.0,235,100.0,False,0,0,False,False,False,False,False,False,False,False,False,False,False,False,United States,False,,False,False,False,False,75,Spons⁩orеd,-24.464418483483797,33.690612613167616,0,hoya cummingiana,73,120,True,1200,60.0,False
407210126190,Hoya GPS 7240 Well Rooted Established Plant,15.0,$15.00,False,12.5,+$12.50 delivery,False,False,False,cutelittleelf,99.6,474,99.6,False,0,10,False,False,False,False,False,False,False,False,False,False,False,False,United States,False,,False,False,False,False,76,Spons⁩orеd,-24.464418483483797,33.690612613167616,0,hoya cummingiana,74,120,True,1200,61.0,False
227533345929,Hoya gunung gading ghost-fully Rooted,45.0,$45.00,False,9.75,+$9.75 delivery,False,False,False,kellysucculentgarden,98.7,727,98.7,False,0,0,False,False,False,False,False,False,False,False,False,False,False,False,United States,False,,False,False,False,False,77,Spons⁩orеd,-24.464418483483797,33.690612613167616,0,hoya cummingiana,75,120,True,1200,62.0,False
327361225191,"Hoya Neoebudica - RARE! Rooted in 3.5"" Pot -",29.99,$29.99,False,10.11,+$10.11 delivery,False,False,False,florida-grown-tropicals,100.0,1400,100.0,False,0,5,False,False,False,False,False,False,False,False,False,False,False,False,United States,False,,False,False,False,False,78,Spons⁩orеd,-24.464418483483797,33.690612613167616,0,hoya cummingiana,76,120,True,1200,63.0,False
147611105887,Hoya Lacunosa Plants In 3” Pot,5.0,$5.00,False,9.0,+$9.00 delivery,False,False,False,jensorchids,100.0,413,100.0,False,0,0,False,False,True,False,False,False,False,False,False,False,False,False,United States,False,,False,False,False,False,79,Spons⁩orеd,-24.464418483483797,33.690612613167616,0,hoya cummingiana,77,120,True,1200,64.0,False
189006292006,Hoya Lacunosa Fraser Hill Well Rooted,6.0,$6.00,False,8.51,+$8.51 delivery,False,False,False,kattrinas-hoya-house,100.0,5,100.0,False,0,0,False,False,True,False,False,False,False,False,False,False,False,False,United States,False,,False,False,False,False,80,Spons⁩orеd,-24.464418483483797,33.690612613167616,0,hoya cummingiana,78,120,True,1200,65.0,False
227514326255,Rare Hoya mitrata sp. Borneo (Silver)-Fully Rooted Gorgeous!,45.0,$45.00,False,9.75,+$9.75 delivery,False,False,False,kellysucculentgarden,98.7,727,98.7,False,0,0,False,False,False,False,False,False,False,False,False,False,False,False,United States,False,,False,False,False,False,81,Spons⁩orеd,-24.464418483483797,33.690612613167616,0,hoya cummingiana,79,120,True,1200,66.0,False
315342725082,"Hoya Assortment Set, 4 inch, Set of 3, Variety Random Different Growers Choice,",43.79,$43.79,False,5.95,+$5.95 delivery,False,False,False,bubbleblooms.shop,98.3,2500,98.3,False,0,0,False,False,False,False,True,False,False,False,False,False,False,False,United States,False,,False,False,False,False,82,Spons⁩orеd,-24.464418483483797,33.690612613167616,0,hoya cummingiana,80,120,True,1200,67.0,False
327362894020,Rare Hoya Russell (Ilagiorum X Viola) Will Sunstress ☀️ Hybrid Tropical Plant,30.0,$30.00,False,10.2,+$10.20 delivery,False,False,False,bohogreenhouse,98.8,2700,98.8,False,0,0,False,False,False,True,False,False,False,False,False,False,False,False,United States,False,,False,False,False,False,83,Spons⁩orеd,-24.464418483483797,33.690612613167616,0,hoya cummingiana,81,120,True,1200,68.0,False
198253281907,Hoya RHM 2313 Lightly Rooted,50.0,$50.00,False,15.0,+$15.00 delivery,False,False,False,starbl6030,100.0,84,100.0,False,0,0,False,False,False,False,False,False,False,False,False,False,False,False,United States,False,,False,False,False,False,84,Spons⁩orеd,-24.464418483483797,33.690612613167616,0,hoya cummingiana,82,120,True,1200,69.0,False
298683398149,Hoya Bella -Y,49.99,$49.99,False,17.99,+$17.99 delivery in 2-4 days,False,False,True,beautiflorist,99.5,23200,99.5,False,0,0,False,False,False,False,False,False,False,False,False,False,False,False,United States,False,,False,False,False,False,85,Spons⁩orеd,-24.464418483483797,33.690612613167616,0,hoya cummingiana,83,120,True,1200,70.0,False
298730898807,Hoya Hybrid Seedling RHM 25264 AH-026 Ceereen x UNK plant rare 1PGT,20.0,$20.00,False,18.0,+$18.00 delivery,False,False,False,yearsgonebynow,100.0,244,100.0,False,0,0,False,False,True,False,False,False,False,False,False,False,False,False,United States,False,,False,False,False,False,86,Spons⁩orеd,-24.464418483483797,33.690612613167616,0,hoya cummingiana,84,120,True,1200,71.0,False
366702430945,Hoya Clemensiorum Sp. Aceh Live Plant,50.0,$50.00,False,6.34,+$6.34 delivery,False,False,False,zonetenplants1,100.0,23,100.0,False,0,0,False,True,False,False,False,False,False,False,False,False,False,False,United States,False,,False,False,False,False,87,Spons⁩orеd,-24.464418483483797,33.690612613167616,0,hoya cummingiana,85,120,True,1200,72.0,False
117388528973,Hoya Yvesrocheri - Exact Rooted Plant - Rare,85.0,$85.00,False,7.0,+$7.00 delivery,False,False,False,m_aracs,100.0,1200,100.0,False,0,0,False,False,False,False,False,False,False,False,False,False,False,False,United States,False,,False,False,False,False,88,Spons⁩orеd,-24.464418483483797,33.690612613167616,0,hoya cummingiana,86,120,True,1200,73.0,False
128108032746,"Hoya priktai splash [2n6o011] 2 pots, 2 plants, 20-22 inches Rare!!!",129.99,$129.99,False,95.0,+$95.00 delivery,False,False,False,plumerindr,100.0,3100,100.0,False,0,0,False,False,True,False,False,False,False,False,False,False,False,False,Thailand,True,Brand New,False,False,False,False,89,Spons⁩orеd,-24.464418483483797,33.690612613167616,0,hoya cummingiana,87,120,True,1200,74.0,False
407227687388,Hoya sipitangensis Well Rooted Established Young Plant,12.0,$12.00,False,12.5,+$12.50 delivery,False,False,False,cutelittleelf,99.6,474,99.6,False,0,0,False,False,False,False,False,False,False,False,False,False,False,False,United States,False,,False,False,False,False,90,Spons⁩orеd,-24.464418483483797,33.690612613167616,0,hoya cummingiana,88,120,True,1200,75.0,False
257466011532,"Hoya Fungii x Publicalyx 3"" Pot Rare Silver Splash Wax Vine Live Plant",29.94,$29.94,False,0.0,Free delivery,True,False,False,abdullahalazam,99.1,410,99.1,False,0,13,False,False,False,False,True,False,False,False,False,False,False,False,United States,False,,False,False,False,False,91,Spons⁩orеd,-24.464418483483797,33.690612613167616,0,hoya cummingiana,89,120,True,1200,76.0,False
168537942252,"Hoya kerrii ‘Albo Sweetheart Hoya’ - 4"" Pot",36.84,$36.84,False,8.3,+$8.30 delivery,False,False,False,snakerootbotanicals,98.3,57,98.3,False,0,34,True,False,False,False,False,False,False,False,False,False,False,False,United States,False,,False,False,False,False,92,Spons⁩orеd,-24.464418483483797,33.690612613167616,0,hoya cummingiana,90,120,True,1200,77.0,False
128108025910,"Hoya meena silver ghost [n6o015] 1 pot, 1 plant, 20-22 inches Rare!!!",129.99,$129.99,False,95.0,+$95.00 delivery,False,False,False,plumerindr,100.0,3100,100.0,False,0,0,False,False,True,False,False,False,False,False,False,False,False,False,Thailand,True,Brand New,False,False,False,False,93,Spons⁩orеd,-24.464418483483797,33.690612613167616,0,hoya cummingiana,91,120,True,1200,78.0,False
137725447405,SALE...LARGE. .Hoya Burtonaie Houseplant Broadleaf Green Purple Foliage Vining,8.0,$8.00,False,10.15,+$10.15 delivery,False,False,False,theplantdeli,99.6,338,99.6,False,0,0,False,True,False,False,False,False,False,False,False,False,False,False,United States,False,,False,False,False,False,94,Spons⁩orеd,-24.464418483483797,33.690612613167616,0,hoya cummingiana,92,120,True,1200,79.0,False
178429949982,Hoya Thomsonii Silver fuzzy with peduncle,35.0,$35.00,False,10.15,+$10.15 delivery,False,False,False,olthegoldenboy,100.0,733,100.0,False,0,0,False,False,False,False,False,False,False,False,False,False,False,False,United States,False,,False,False,False,False,95,Spons⁩orеd,-24.464418483483797,33.690612613167616,0,hoya cummingiana,93,120,True,1200,80.0,False
189006303922,hoya Callstophylla Rooted With Active Growth 3ppp,5.0,$5.00,False,8.51,+$8.51 delivery,False,False,False,kattrinas-hoya-house,100.0,5,100.0,False,0,0,False,False,True,False,False,False,False,False,False,False,False,False,United States,False,,False,False,False,False,96,Spons⁩orеd,-24.464418483483797,33.690612613167616,0,hoya cummingiana,94,120,True,1200,81.0,False
307151656924,Hoya Heuschkeliana Plant,45.99,$45.99,False,19.99,+$19.99 delivery in 2-4 days,False,False,True,beautiflorist,99.5,23200,99.5,False,0,0,False,False,False,False,False,False,False,False,False,False,False,False,United States,False,,False,False,False,False,97,Spons⁩orеd,-24.464418483483797,33.690612613167616,0,hoya cummingiana,95,120,True,1200,82.0,False
398434624742,"3pk Collector cut hoya, project plants. H. sulawesiana, meredithii and carnosa",50.0,$50.00,False,18.0,+$18.00 delivery,False,False,False,bigthirdeye,95.0,32,95.0,False,0,0,False,False,False,False,False,False,False,False,False,False,False,False,United States,False,,False,False,False,False,98,Spons⁩orеd,-24.464418483483797,33.690612613167616,0,hoya cummingiana,96,120,True,1200,83.0,False
157959844081,Hoya Carnosa ‘Flamingo Dream Purple Pride,9.0,$9.00,False,8.75,+$8.75 delivery,False,False,False,irvin-sophi,97.2,1800,97.2,False,18,0,False,True,False,False,False,False,False,False,False,False,False,False,United States,False,,False,False,False,False,99,Spons⁩orеd,-24.464418483483797,33.690612613167616,0,hoya cummingiana,97,120,True,1200,84.0,False
327339074512,Rare Hoya Bright One Pubicalyx Vining Tropical EXACT PLANT,30.0,$30.00,False,10.2,+$10.20 delivery,False,False,False,bohogreenhouse,98.8,2700,98.8,False,0,14,False,False,False,True,False,False,False,False,False,False,False,False,United States,False,,False,False,False,False,100,Spons⁩orеd,-24.464418483483797,33.690612613167616,0,hoya cummingiana,98,120,True,1200,85.0,False
117388510844,Hoya Parasitica ‘Black Margin’ - Exact Plant in 3.5” Pot,28.0,$28.00,False,7.0,+$7.00 delivery,False,False,False,m_aracs,100.0,1200,100.0,False,0,0,False,False,False,False,False,False,False,False,False,False,False,False,United States,False,,False,False,False,False,101,Spons⁩orеd,-24.464418483483797,33.690612613167616,0,hoya cummingiana,99,120,True,1200,86.0,False
157989270742,hoya sarawak Cream Veragated Rare plant live,35.0,$35.00,False,13.0,+$13.00 delivery,False,False,False,irvin-sophi,97.2,1800,97.2,False,15,0,False,True,False,False,False,False,False,False,False,False,False,False,United States,False,,False,False,False,False,102,Spons⁩orеd,-24.464418483483797,33.690612613167616,0,hoya cummingiana,100,120,True,1200,87.0,False
227495850613,Hoya Carinosa Splash,29.99,$29.99,False,0.0,Free delivery,True,False,False,rockymountain-mercantile,100.0,1100,100.0,False,0,0,False,False,False,True,False,False,False,False,False,False,False,False,United States,False,,False,False,False,False,103,Spons⁩orеd,-24.464418483483797,33.690612613167616,0,hoya cummingiana,101,120,True,1200,88.0,False
227466436209,Hoya Sigillatis Albomarginata-Outer Variegated Splash - Active growing-Rooted,58.0,$58.00,False,9.75,+$9.75 delivery,False,False,False,kellysucculentgarden,98.7,727,98.7,False,0,10,False,False,False,False,False,False,False,False,False,False,False,False,United States,False,,False,False,False,False,104,Spons⁩orеd,-24.464418483483797,33.690612613167616,0,hoya cummingiana,102,120,True,1200,89.0,False
198531295970,Hoya Mathilde,20.0,$20.00,False,10.15,+$10.15 delivery,False,False,False,purple012,100.0,364,100.0,False,0,0,False,False,False,False,False,False,False,False,False,False,False,False,United States,False,,False,False,False,False,105,Spons⁩orеd,-24.464418483483797,33.690612613167616,0,hoya cummingiana,103,120,True,1200,90.0,False
147611094016,Hoya Rebecca Plants In 3” Pot,6.05,$6.05,False,9.0,+$9.00 delivery,False,False,False,jensorchids,100.0,413,100.0,False,0,0,False,False,True,False,False,False,False,False,False,False,False,False,United States,False,,False,False,False,False,106,Spons⁩orеd,-24.464418483483797,33.690612613167616,0,hoya cummingiana,104,120,True,1200,91.0,False
158167566436,HOYA CLEMENSIORUM SP BORNEO (ROOTED PLANT),44.95,$44.95,False,14.0,+$14.00 delivery,False,False,False,luckypanda2,100.0,1700,100.0,False,0,21,False,False,False,False,False,False,False,False,False,False,False,False,United States,False,,False,False,False,False,107,Spons⁩orеd,-24.464418483483797,33.690612613167616,0,hoya cummingiana,105,120,True,1200,92.0,False
158122257745,hoya linearis 3 Long Plants In 3to 4inches Pot,30.0,$30.00,False,9.99,+$9.99 delivery,False,False,False,irvin-sophi,97.2,1800,97.2,False,0,6,False,True,False,False,False,False,False,False,False,False,False,False,United States,False,,False,False,False,False,108,Spons⁩orеd,-24.464418483483797,33.690612613167616,0,hoya cummingiana,106,120,True,1200,93.0,False
158251592320,"#984- HOYA ENDAUENSIS LIVE PLANTS,COIN SIZE LEAF EXACTLY PLANTS,",30.0,$30.00,False,13.65,+$13.65 delivery,False,False,False,tvu1147,100.0,456,100.0,False,0,0,False,True,False,False,False,False,False,False,False,False,False,False,United States,False,,False,False,False,False,109,Spons⁩orеd,-24.464418483483797,33.690612613167616,0,hoya cummingiana,107,120,True,1200,94.0,False
237049460516,"Hoya Lima Splash, Rooted multiple cuttings, US seller",31.0,$31.00,False,8.07,+$8.07 delivery in 2-4 days,False,False,True,plantspotsparadise,100.0,98,100.0,False,0,0,False,False,False,False,False,False,False,False,False,False,False,False,United States,False,,False,False,False,False,110,Spons⁩orеd,-24.464418483483797,33.690612613167616,0,hoya cummingiana,108,120,True,1200,95.0,False
298730907914,Hoya Hybrid Seedling RHM 25263 Teresa x UNK plant rare 2PGT,20.0,$20.00,False,18.0,+$18.00 delivery,False,False,False,yearsgonebynow,100.0,244,100.0,False,0,0,False,False,True,False,False,False,False,False,False,False,False,False,United States,False,,False,False,False,False,111,Spons⁩orеd,-24.464418483483797,33.690612613167616,0,hoya cummingiana,109,120,True,1200,96.0,False
168675920671,"Hoya parasitica 'Black Margin' - 3"" Pot",18.14,$18.14,False,8.3,+$8.30 delivery,False,False,False,snakerootbotanicals,98.3,57,98.3,False,0,0,False,False,False,False,False,False,False,False,False,False,False,False,United States,False,,False,False,False,False,112,Spons⁩orеd,-24.464418483483797,33.690612613167616,0,hoya cummingiana,110,120,True,1200,97.0,False
158300439144,Hoya Matilde 'Super Splash' - 3 Active Growth Points - Rooted & Growing! #1,23.0,$23.00,False,13.0,+$13.00 delivery,False,False,False,greenbeeplantshop,100.0,779,100.0,False,0,0,False,True,False,False,False,False,False,False,False,False,False,False,United States,False,,False,False,False,False,113,Spons⁩orеd,-24.464418483483797,33.690612613167616,0,hoya cummingiana,111,120,True,1200,98.0,False
117388509440,Hoya Pottsii Hybrid - Wild Cross From Seed - Exact Rooted Plant - Red Sunstress,28.0,$28.00,False,7.0,+$7.00 delivery,False,False,False,m_aracs,100.0,1200,100.0,False,0,0,False,False,False,False,False,False,False,False,False,False,False,False,United States,False,,False,False,False,False,114,Spons⁩orеd,-24.464418483483797,33.690612613167616,0,hoya cummingiana,112,120,True,1200,99.0,False
158066827024,HOYA Pachyclada Veragated WellRooted Rare Plant,45.0,$45.00,False,9.99,+$9.99 delivery,False,False,False,irvin-sophi,97.2,1800,97.2,False,0,13,False,True,False,False,False,False,False,False,False,False,False,False,United States,False,,False,False,False,False,115,Spons⁩orеd,-24.464418483483797,33.690612613167616,0,hoya cummingiana,113,120,True,1200,100.0,False
298730905672,Hoya Hybrid Seedling RHM 25263 Teresa x UNK plant rare 1PGT,20.0,$20.00,False,18.0,+$18.00 delivery,False,False,False,yearsgonebynow,100.0,244,100.0,False,0,0,False,False,True,False,False,False,False,False,False,False,False,False,United States,False,,False,False,False,False,116,Spons⁩orеd,-24.464418483483797,33.690612613167616,0,hoya cummingiana,114,120,True,1200,101.0,False
206550810357,Hoya No ID,15.0,$15.00,False,13.0,+$13.00 delivery,False,False,False,nicrev43,100.0,266,100.0,False,0,0,False,False,False,False,False,False,False,False,False,False,False,False,United States,False,,False,False,False,False,117,Spons⁩orеd,-24.464418483483797,33.690612613167616,0,hoya cummingiana,115,120,True,1200,102.0,False
158251711172,"#269- HOYA POTTiSii HYBRID SILVER SPLASH LEAF, EXACTLY PLANT,",45.0,$45.00,False,13.65,+$13.65 delivery,False,False,False,tvu1147,100.0,456,100.0,False,0,0,False,True,False,False,False,False,False,False,False,False,False,False,United States,False,,False,False,False,False,118,Spons⁩orеd,-24.464418483483797,33.690612613167616,0,hoya cummingiana,116,120,True,1200,103.0,False
157872532390,Hoya Parviflora Splash Flowers,16.0,$16.00,False,8.0,+$8.00 delivery,False,False,False,irvin-sophi,97.2,1800,97.2,False,0,10,False,True,False,False,False,False,False,False,False,False,False,False,United States,False,,False,False,False,False,119,Spons⁩orеd,-24.464418483483797,33.690612613167616,0,hoya cummingiana,117,120,True,1200,104.0,False
188334314113,HOYA Sp.22 KHAO YAI IN 4.5”POT / EXACT PLANT / WELL ROOTED / SHIP IN NURSERY POT,25.0,$25.00,False,10.0,+$10.00 delivery,False,False,False,haileyshoya,100.0,235,100.0,False,0,0,False,False,False,False,False,False,False,False,False,False,False,False,United States,False,,False,False,False,False,120,Spons⁩orеd,-24.464418483483797,33.690612613167616,0,hoya cummingiana,118,120,True,1200,105.0,False
407002335709,Real Picture Hoya Piestolepis Sp Papua Lush Leaves Rare Plant,185.0,$185.00,False,65.0,+$65.00 delivery,False,False,False,babyve21,100.0,5,100.0,False,0,0,False,True,False,False,False,False,False,True,False,False,False,False,Indonesia,True,Brand New,True,True,True,True,121,Ѕponsor⁩ed,0.023667985894057608,11.55590398742909,261,hoya cummingiana,119,120,True,1200,,False
318201524385,Real Pict Hoya Decipulae Sp Bengkulu Rare Plant,85.0,$85.00,False,45.0,+$45.00 delivery,False,False,False,var_plant,100.0,17,100.0,False,0,13,False,True,False,False,False,False,False,True,False,False,False,False,Indonesia,True,Brand New,True,True,True,True,122,Ѕponsor⁩ed,0.023667985894057608,11.55590398742909,261,hoya cummingiana,120,120,True,1200,,False
366036303830,Hoya Kerrii Green - Sweetheart plant- Valentine Plant- Rare Love Gift,19.99,$19.99,False,13.99,+$13.99 delivery,False,False,False,abznursery,96.7,37,96.7,False,0,31,False,False,False,False,False,False,False,False,False,False,False,False,United States,False,,False,False,False,False,3,Spоn⁧sored,104.00011468499568,-98.30340073546533,0,hoya kerrii,1,120,True,643,1.0,False
128113635145,"Hoya, ROTUNDIFLORA, Tropical, Trailing, Rooted, in 2” pot. FRAGRANT",23.0,$23.00,False,11.7,+$11.70 delivery,False,False,False,381972kevin,100.0,421,100.0,False,0,0,False,False,False,False,False,False,False,False,False,False,False,False,United States,False,,True,True,True,True,4,Spon⁨sоred,0.08387553037222517,11.542636455920245,261,hoya kerrii,2,120,True,643,,False
128106244687,"Hoya THOMSONII SPLASH Rooted, in 2” pot! Vining, Tropical. fragrant flowers",25.0,$25.00,False,11.7,+$11.70 delivery,False,False,False,381972kevin,100.0,421,100.0,False,0,4,False,True,False,False,False,False,False,False,False,False,False,False,United States,False,,True,True,True,True,5,Spon⁨sоred,0.08387553037222517,11.542636455920245,261,hoya kerrii,3,120,True,643,,False
365842076436,Buy one pot get two types of Hoya Kerrii inner varigated and Hoya Kerrii Green,39.99,$39.99,False,13.99,+$13.99 delivery,False,False,False,abznursery,96.7,37,96.7,False,0,19,False,False,False,False,False,False,False,False,False,False,False,False,United States,False,,True,True,True,True,6,Spon⁨sоred,0.08387553037222517,11.542636455920245,261,hoya kerrii,4,120,True,643,,False
314755343481,"Hoya Hindu Rope live plant 4"" pot - 1 stem 6"" to 8"" long",24.99,$24.99,False,6.0,+$6.00 delivery in 2-4 days,False,False,True,malibuplants,100.0,772,100.0,False,84,0,False,False,False,False,False,False,False,False,False,False,False,False,United States,False,,False,False,False,False,7,Spоn⁧sored,104.00011468499568,-98.30340073546533,0,hoya kerrii,5,120,True,643,2.0,False
314829681403,Hoya Kerrii Reverse Variegated bare roots - Heart shape leaves - CA Seller,35.0,$35.00 to $40.00,True,6.0,+$6.00 delivery in 2-4 days,False,False,True,malibuplants,100.0,772,100.0,False,0,25,True,False,False,False,False,False,False,False,False,False,False,False,United States,False,,False,False,False,False,8,Spоn⁧sored,104.00011468499568,-98.30340073546533,0,hoya kerrii,6,120,True,643,3.0,False
366572234989,"Hoya Kerrii Sweetheart Live Plant - Partial Shade, Succulent, USDA Zone 10",31.98,$31.98,False,0.0,Free delivery,True,False,False,chau-4790,100.0,5,100.0,False,0,7,False,False,False,False,False,False,False,False,False,False,False,False,United States,False,,False,False,False,False,9,Spоn⁧sored,104.00011468499568,-98.30340073546533,0,hoya kerrii,7,120,True,643,4.0,False
315775247072,"Hoya Kerri Wax Plant 4"" Pot 3 to 4 leaves with soil - Ships from California",24.5,$24.50,False,6.0,+$6.00 delivery in 2-4 days,False,False,True,malibuplants,100.0,772,100.0,False,0,0,False,False,False,False,True,False,False,False,False,False,False,False,United States,False,,False,False,False,False,10,Spоn⁧sored,104.00011468499568,-98.30340073546533,0,hoya kerrii,8,120,True,643,5.0,False
227491522108,hoya kerrii reverse variegated,25.0,$25.00,False,12.5,+$12.50 delivery,False,False,False,kc121004,100.0,2800,100.0,False,0,0,False,False,False,False,False,False,False,False,False,False,False,False,United States,False,,False,False,False,False,11,Spоn⁧sored,104.00011468499568,-98.30340073546533,0,hoya kerrii,9,120,True,643,6.0,False
257583427026,"Hoya Kerrii Heart Plant 3"" Pot | Sweetheart Hoya | Rare Heart Leaf Hoya",27.98,$27.98,False,0.0,Free delivery,True,False,False,abdullahalazam,99.1,410,99.1,False,0,4,False,False,False,False,False,False,True,False,False,False,False,False,United States,False,,False,False,False,False,12,Spоn⁧sored,104.00011468499568,-98.30340073546533,0,hoya kerrii,10,120,True,643,7.0,False
318629288200,"Hoya Kerrii Heart Live Plant | Partial Shade, Indoor, USDA 10",31.98,$31.98,False,0.0,Free delivery,True,False,False,augustastore1,97.2,34,97.2,False,0,7,False,False,False,False,False,False,False,False,False,False,False,False,United States,False,,False,False,False,False,13,Spоn⁧sored,104.00011468499568,-98.30340073546533,0,hoya kerrii,11,120,True,643,8.0,False
318842552356,"Hoya Kerrii Heart Live Live Plant | Partial Shade, Houseplant for Indoor",31.98,$31.98,False,0.0,Free delivery,True,False,False,augustastore1,97.2,34,97.2,False,0,0,False,False,False,False,False,False,False,False,False,False,False,False,United States,False,,False,False,False,False,14,Spоn⁧sored,104.00011468499568,-98.30340073546533,0,hoya kerrii,12,120,True,643,9.0,False
315881224664,BubbleBlooms Hoya Endauensis in a 2 inch Pot,19.99,$19.99,False,5.95,+$5.95 delivery,False,False,False,bubbleblooms.shop,98.3,2500,98.3,False,0,0,False,False,False,False,True,False,False,False,False,False,False,False,United States,False,,True,True,True,True,15,Spon⁨sоred,0.08387553037222517,11.542636455920245,261,hoya kerrii,13,120,True,643,,False
365820977129,Hoya Kerrii long Full In 6” Pot,19.99,$19.99,False,13.99,+$13.99 delivery,False,False,False,abznursery,96.7,37,96.7,False,0,23,False,False,False,False,False,False,False,False,False,False,False,False,United States,False,,True,True,True,True,16,Spon⁨sоred,0.08387553037222517,11.542636455920245,261,hoya kerrii,14,120,True,643,,False
366655654231,"Hoya Kerrii Heart Live Live Plant - Partial Shade, Houseplant, USDA Zone 10",31.98,$31.98,False,0.0,Free delivery,True,False,False,chau-4790,100.0,5,100.0,False,0,0,False,False,False,False,False,False,False,False,False,False,False,False,United States,False,,False,False,False,False,17,Spоn⁧sored,104.00011468499568,-98.30340073546533,0,hoya kerrii,15,120,True,643,10.0,False
168591137705,"Hoya kerrii ‘Sweetheart Flame’ - 2.5"" Pot",11.54,$11.54,False,7.59,+$7.59 delivery,False,False,False,snakerootbotanicals,98.3,57,98.3,False,0,0,False,False,False,False,False,False,False,False,False,False,False,False,United States,False,,False,False,False,False,18,Spоn⁧sored,104.00011468499568,-98.30340073546533,0,hoya kerrii,16,120,True,643,11.0,False
318629288205,"Hoya Kerrii Heart Starter Plants (2-Pack) | Partial Shade, Indoor, USDA 10",42.98,$42.98,False,0.0,Free delivery,True,False,False,augustastore1,97.2,34,97.2,False,0,0,False,False,False,False,False,False,False,False,False,False,False,False,United States,False,,False,False,False,False,19,Spоn⁧sored,104.00011468499568,-98.30340073546533,0,hoya kerrii,17,120,True,643,12.0,False
178454120665,"Reverse Variegated Sweet Heart Houseplant Hoya Kerrii Vine in 6"" Hanging Pot",99.95,$99.95,False,0.0,Free delivery,True,False,False,coastaltill1,99.4,25600,99.4,False,0,5,False,False,False,False,False,True,False,False,False,False,False,False,United States,False,,False,False,False,False,20,Spоn⁧sored,104.00011468499568,-98.30340073546533,0,hoya kerrii,18,120,True,643,13.0,False
168537939453,"Hoya kerrii ‘Sweetheart Hoya’ - 2.5"" Pot",9.89,$9.89,False,7.59,+$7.59 delivery,False,False,False,snakerootbotanicals,98.3,57,98.3,False,0,0,False,False,False,False,False,False,False,False,False,False,False,False,United States,False,,False,False,False,False,21,Spоn⁧sored,104.00011468499568,-98.30340073546533,0,hoya kerrii,19,120,True,643,14.0,False
366698623025,Hoya kerrii Speckles Splash Variegation Houseplant Live Plant 4” Unique,35.0,$35.00,False,9.5,+$9.50 delivery,False,False,False,pottedjunglefl,100.0,23,100.0,False,0,0,False,False,False,False,False,False,False,False,False,False,False,False,United States,False,,False,False,False,False,22,Spоn⁧sored,104.00011468499568,-98.30340073546533,0,hoya kerrii,20,120,True,643,15.0,False
318842560725,"Hoya Kerrii Sweetheart Live Plant | Partial Shade, Houseplant for Indoor",35.77,$35.77,False,0.0,Free delivery,True,False,False,augustastore1,97.2,34,97.2,False,0,0,False,False,False,False,False,False,False,False,False,False,False,False,United States,False,,False,False,False,False,23,Spоn⁧sored,104.00011468499568,-98.30340073546533,0,hoya kerrii,21,120,True,643,16.0,False
307207701578,"Hoya Kerrii ""Sweetheart""- EXACT PLANT!",15.0,$15.00,False,6.34,+$6.34 delivery,False,False,False,hanwin-2412,100.0,60,100.0,False,0,0,False,False,False,False,False,False,False,False,False,False,False,False,United States,False,,False,False,False,False,24,Spоn⁧sored,104.00011468499568,-98.30340073546533,0,hoya kerrii,22,120,True,643,17.0,False
137708879847,"Variegated Kerrii Hoya Live Plant, Indoor Houseplant, 4 Inch Pot",36.99,$36.99,False,9.99,+$9.99 delivery,False,False,False,leaflyf,97.2,68,97.2,False,0,5,False,False,False,False,False,False,False,False,False,False,False,False,United States,False,,False,False,False,False,25,Spоn⁧sored,104.00011468499568,-98.30340073546533,0,hoya kerrii,23,120,True,643,18.0,False
168537942252,"Hoya kerrii ‘Albo Sweetheart Hoya’ - 4"" Pot",36.84,$36.84,False,8.3,+$8.30 delivery,False,False,False,snakerootbotanicals,98.3,57,98.3,False,0,34,True,False,False,False,False,False,False,False,False,False,False,False,United States,False,,False,False,False,False,26,Spоn⁧sored,104.00011468499568,-98.30340073546533,0,hoya kerrii,24,120,True,643,19.0,False
395529316859,Hoya Kerrii Heart Shaped Vine CUTTING Sweetheart Valentine 2 leaves 1 node,15.0,$15.00,False,6.34,+$6.34 delivery,False,False,False,succulentqueenvira,99.6,4200,99.6,False,0,24,False,False,False,False,False,False,False,False,False,False,False,False,United States,False,,False,False,False,False,27,Spоn⁧sored,104.00011468499568,-98.30340073546533,0,hoya kerrii,25,120,True,643,20.0,False
366655657008,"Hoya Kerrii Heart Live Live Plants, 4-Pack - Partial Sun, Houseplant",64.98,$64.98,False,0.0,Free delivery,True,False,False,chau-4790,100.0,5,100.0,False,0,0,False,False,False,False,False,False,False,False,False,False,False,False,United States,False,,False,False,False,False,28,Spоn⁧sored,104.00011468499568,-98.30340073546533,0,hoya kerrii,26,120,True,643,21.0,False
396932781223,Sweet Heart Houseplant Hoya Kerrii Vine in 5 Inc Tall Bareroot for Planting,18.99,$18.99,False,10.88,+$10.88 delivery,False,False,False,hannahserv81,98.5,277,98.5,False,0,0,False,True,False,False,True,False,False,False,False,False,False,False,United States,False,,False,False,False,False,29,Spоn⁧sored,104.00011468499568,-98.30340073546533,0,hoya kerrii,27,120,True,643,22.0,False
177989963450,"Sweet Heart Houseplant Hoya Kerrii Vine in 4"" Pot",19.95,$19.95,False,6.95,+$6.95 delivery,False,False,False,coastaltill1,99.4,25600,99.4,False,0,26,False,False,False,False,False,True,False,False,False,False,False,False,United States,False,,False,False,False,False,30,Spоn⁧sored,104.00011468499568,-98.30340073546533,0,hoya kerrii,28,120,True,643,23.0,False
365796038232,Hoya Kerrii Sweetheart Inner Variegate US seller exact picture Valentine,74.99,$74.99,False,13.99,+$13.99 delivery,False,False,False,abznursery,96.7,37,96.7,False,0,44,False,False,False,False,False,False,False,False,False,False,False,False,United States,False,,True,True,True,True,31,Spon⁨sоred,0.08387553037222517,11.542636455920245,261,hoya kerrii,29,120,True,643,,False
366702425306,Hoya Undulata Army VN-390,55.0,$55.00,False,6.07,+$6.07 delivery,False,False,False,zonetenplants1,100.0,23,100.0,False,0,0,False,True,False,False,False,False,False,False,False,False,False,False,United States,False,,True,True,True,True,32,Spon⁨sоred,0.08387553037222517,11.542636455920245,261,hoya kerrii,30,120,True,643,,False
366704656920,Hoya Red Undulata Sp. Borneo Live Plant,72.0,$72.00,False,7.05,+$7.05 delivery,False,False,False,zonetenplants1,100.0,23,100.0,False,0,0,False,True,False,False,False,False,False,False,False,False,False,False,United States,False,,True,True,True,True,33,Spon⁨sоred,0.08387553037222517,11.542636455920245,261,hoya kerrii,31,120,True,643,,False
128091652247,"Hoya Wayettii Tricolor in a 2 inch Pot, trailing. tropical. + free cuttings",17.0,$17.00,False,9.35,+$9.35 delivery,False,False,False,381972kevin,100.0,421,100.0,False,0,0,False,True,False,False,False,False,False,False,False,False,False,False,United States,False,,True,True,True,True,34,Spon⁨sоred,0.08387553037222517,11.542636455920245,261,hoya kerrii,32,120,True,643,,False
366655654258,"Hoya Kerrii Heart Live Live Plants, 3-Pack - Partial Shade, Houseplant",53.98,$53.98,False,0.0,Free delivery,True,False,False,chau-4790,100.0,5,100.0,False,0,0,False,False,False,False,False,False,False,False,False,False,False,False,United States,False,,False,False,False,False,35,Spоn⁧sored,104.00011468499568,-98.30340073546533,0,hoya kerrii,33,120,True,643,24.0,False
298381851062,Hoya Kerrii Sweet Heart Hoya,74.99,$74.99,False,19.99,+$19.99 delivery in 2-4 days,False,False,True,beautiflorist,99.5,23200,99.5,False,0,12,False,False,False,False,False,False,False,False,False,False,False,False,United States,False,,False,False,False,False,36,Spоn⁧sored,104.00011468499568,-98.30340073546533,0,hoya kerrii,34,120,True,643,25.0,False
137708879324,"Variegated Hoya Kerrii Heart Plant, Live, 2 Inch Pot",33.99,$33.99,False,9.99,+$9.99 delivery,False,False,False,leaflyf,97.2,68,97.2,False,0,0,False,False,False,False,False,False,False,False,False,False,False,False,United States,False,,False,False,False,False,37,Spоn⁧sored,104.00011468499568,-98.30340073546533,0,hoya kerrii,35,120,True,643,26.0,False
257751203974,"Hoya Kerrii Sweetheart Valentine Live Plant, Heart Shaped Leaves, Houseplant #B",49.99,$49.99,False,0.0,Free delivery,True,False,False,abdullahalazam,99.1,410,99.1,False,0,0,False,True,False,False,False,False,False,False,False,False,False,False,United States,False,,False,False,False,False,38,Spоn⁧sored,104.00011468499568,-98.30340073546533,0,hoya kerrii,36,120,True,643,27.0,False
318842563696,"Hoya Kerrii Heart Live Plants (2-Pack) | Partial Shade, Houseplant for Indoor",42.98,$42.98,False,0.0,Free delivery,True,False,False,augustastore1,97.2,34,97.2,False,0,0,False,False,False,False,False,False,False,False,False,False,False,False,United States,False,,False,False,False,False,39,Spоn⁧sored,104.00011468499568,-98.30340073546533,0,hoya kerrii,37,120,True,643,28.0,False
257719197619,"4 Hoya Cuttings Bundle: Rare Hoya Variety, Kerrii Obovata Krinkle Wayetii Unroot",29.99,$29.99,False,6.17,+$6.17 delivery,False,False,False,abdullahalazam,99.1,410,99.1,False,0,0,False,False,False,False,False,False,False,False,False,False,False,False,United States,False,,False,False,False,False,40,Spоn⁧sored,104.00011468499568,-98.30340073546533,0,hoya kerrii,38,120,True,643,29.0,False
315342725082,"Hoya Assortment Set, 4 inch, Set of 3, Variety Random Different Growers Choice,",43.79,$43.79,False,5.95,+$5.95 delivery,False,False,False,bubbleblooms.shop,98.3,2500,98.3,False,0,0,False,False,False,False,True,False,False,False,False,False,False,False,United States,False,,True,True,True,True,41,Spon⁨sоred,0.08387553037222517,11.542636455920245,261,hoya kerrii,39,120,True,643,,False
365934515162,Hoya Kerrii Sweetheart Inner Variegate US seller exact picture Valentine plan,49.99,$49.99,False,13.99,+$13.99 delivery,False,False,False,abznursery,96.7,37,96.7,False,0,21,False,False,False,False,False,False,False,False,False,False,False,False,United States,False,,True,True,True,True,42,Spon⁨sоred,0.08387553037222517,11.542636455920245,261,hoya kerrii,40,120,True,643,,False
366655654248,"Hoya Kerrii Sweetheart Live Plant - Partial Shade, Houseplant, USDA Zone 10",35.77,$35.77,False,0.0,Free delivery,True,False,False,chau-4790,100.0,5,100.0,False,0,0,False,False,False,False,False,False,False,False,False,False,False,False,United States,False,,False,False,False,False,43,Spоn⁧sored,104.00011468499568,-98.30340073546533,0,hoya kerrii,41,120,True,643,30.0,False
318842565278,Hoya Kerrii Heart Live Live Plants (3-Pack) | Partial Shade,53.98,$53.98,False,0.0,Free delivery,True,False,False,augustastore1,97.2,34,97.2,False,0,0,False,False,False,False,False,False,False,False,False,False,False,False,United States,False,,False,False,False,False,44,Spоn⁧sored,104.00011468499568,-98.30340073546533,0,hoya kerrii,42,120,True,643,31.0,False
257761794012,Hoya Kerrii Sweetheart Hoya Heart Leaf Houseplant Evergreen Exotic Succulent Pla,24.99,$24.99,False,0.0,Free delivery,True,False,False,abdullahalazam,99.1,410,99.1,False,0,0,False,True,False,False,False,False,False,False,False,False,False,False,United States,False,,False,False,False,False,45,Spоn⁧sored,104.00011468499568,-98.30340073546533,0,hoya kerrii,43,120,True,643,32.0,False
406277400036,"Live Variegated Hoya Kerrii - Heart Leaf Sweetheart Plant - 4"" Pot",42.99,$42.99,False,6.35,+$6.35 delivery,False,False,False,deme-8594,98.9,227,98.9,False,0,13,False,False,False,False,True,False,False,False,False,False,False,False,United States,False,,False,False,False,False,46,Spоn⁧sored,104.00011468499568,-98.30340073546533,0,hoya kerrii,44,120,True,643,33.0,False
178418239295,Sweet Heart Houseplant Hoya Kerrii,14.95,$14.95,False,6.95,+$6.95 delivery,False,False,False,coastaltill1,99.4,25600,99.4,False,0,3,False,False,False,False,False,True,False,False,False,False,False,False,United States,False,,False,False,False,False,47,Spоn⁧sored,104.00011468499568,-98.30340073546533,0,hoya kerrii,45,120,True,643,34.0,False
137708879395,"Kerrii Variegated Hoya Live Plant, Indoor Houseplant, 4 Inch Pot",40.99,$40.99,False,9.99,+$9.99 delivery,False,False,False,leaflyf,97.2,68,97.2,False,0,0,False,False,False,False,False,False,False,False,False,False,False,False,United States,False,,False,False,False,False,48,Spоn⁧sored,104.00011468499568,-98.30340073546533,0,hoya kerrii,46,120,True,643,35.0,False
127583203378,"Hoya Kerrii Live Plant - 3-6"" Tall - Heart-Shaped Leaf Houseplant for Indoor",19.99,$19.99,False,13.48,+$13.48 delivery,False,False,False,dimensionalprint,98.0,806,98.0,False,0,53,False,False,False,False,True,False,False,False,False,False,False,False,United States,False,,False,False,False,False,49,Spоn⁧sored,104.00011468499568,-98.30340073546533,0,hoya kerrii,47,120,True,643,36.0,False
185496366380,Variegated Sweetheart Hoya~Hoya kerrii Variegata~Well Rooted Single Leaf,29.99,$29.99,False,0.0,Free delivery,True,False,False,succulentsandcactus,99.3,2400,99.3,False,0,0,False,False,False,False,False,False,False,False,False,False,False,False,United States,False,,False,False,False,False,50,Spоn⁧sored,104.00011468499568,-98.30340073546533,0,hoya kerrii,48,120,True,643,37.0,False
397573399859,Hoya Kerrii Plant 4 inch pot,19.98,$19.98,False,13.48,+$13.48 delivery,False,False,False,hannahserv81,98.5,277,98.5,False,0,0,False,False,False,False,False,False,False,False,False,False,False,False,United States,False,,False,False,False,False,51,Spоn⁧sored,104.00011468499568,-98.30340073546533,0,hoya kerrii,49,120,True,643,38.0,False
178509639374,"Kerrii Hoya Plant Live, Indoor Vine Plant, 3-5 Inch Tall",22.99,$22.99,False,9.99,+$9.99 delivery,False,False,False,gardenialabllc,50.0,0,50.0,False,0,0,False,False,False,False,False,False,False,False,False,False,False,False,United States,False,,False,False,False,False,52,Spоn⁧sored,104.00011468499568,-98.30340073546533,0,hoya kerrii,50,120,True,643,39.0,False
137708879397,"Kerrii Variegated Hoya Live Plant Indoor Outdoor, Rare Houseplant, 4"" Pot",40.99,$40.99,False,9.99,+$9.99 delivery,False,False,False,leaflyf,97.2,68,97.2,False,0,0,False,False,False,False,False,False,False,False,False,False,False,False,United States,False,,False,False,False,False,53,Spоn⁧sored,104.00011468499568,-98.30340073546533,0,hoya kerrii,51,120,True,643,40.0,False
384952057577,"Hoya kerrii 'Quilt Leaf', Rare Hoya, Rooted Plant Shipped in 3"" Pot",45.0,$45.00,False,9.5,+$9.50 delivery,False,False,False,cowboyflowerman,99.5,27900,99.5,False,0,19,False,False,False,False,False,False,False,False,False,False,False,False,United States,False,,False,False,False,False,54,Spоn⁧sored,104.00011468499568,-98.30340073546533,0,hoya kerrii,52,120,True,643,41.0,False
157934841388,hoya hindu rope plant,12.0,$12.00,False,8.0,+$8.00 delivery,False,False,False,irvin-sophi,97.2,1800,97.2,False,0,22,False,True,False,False,False,False,False,False,False,False,False,False,United States,False,,False,False,False,False,55,Spоn⁧sored,104.00011468499568,-98.30340073546533,0,hoya kerrii,53,120,True,643,42.0,False
398417762137,"Live Hoya kerrii Heart Leaf in 4"" Nursery Pot",19.95,$19.95,False,0.0,Free delivery,True,False,False,nygardenia,99.3,12200,99.3,False,0,0,False,False,False,False,False,False,False,False,False,False,False,False,United States,False,,False,False,False,False,56,Spоn⁧sored,104.00011468499568,-98.30340073546533,0,hoya kerrii,54,120,True,643,43.0,False
318842567909,"Hoya Kerrii Heart Live Live Plants (4-Pack) | Partial Sun, Houseplant for Indoor",64.98,$64.98,False,0.0,Free delivery,True,False,False,augustastore1,97.2,34,97.2,False,0,0,False,False,False,False,False,False,False,False,False,False,False,False,United States,False,,False,False,False,False,57,Spоn⁧sored,104.00011468499568,-98.30340073546533,0,hoya kerrii,55,120,True,643,44.0,False
257751250822,Hoya Kerrii Live Plant - Heart Shaped Leaf Houseplant for Indoor #C,39.99,$39.99,False,0.0,Free delivery,True,False,False,abdullahalazam,99.1,410,99.1,False,0,0,False,True,False,False,False,False,False,False,False,False,False,False,United States,False,,False,False,False,False,58,Spоn⁧sored,104.00011468499568,-98.30340073546533,0,hoya kerrii,56,120,True,643,45.0,False
137708879846,"Variegated Kerrii Hoya Plant Live, Houseplant, 4 Inch Pot",36.99,$36.99,False,9.99,+$9.99 delivery,False,False,False,leaflyf,97.2,68,97.2,False,0,0,False,False,False,False,False,False,False,False,False,False,False,False,United States,False,,False,False,False,False,59,Spоn⁧sored,104.00011468499568,-98.30340073546533,0,hoya kerrii,57,120,True,643,46.0,False
366655654253,"Hoya Kerrii Heart Live Plants, 2-Pack - Partial Shade, Houseplant, USDA Zone 10",42.98,$42.98,False,0.0,Free delivery,True,False,False,chau-4790,100.0,5,100.0,False,0,0,False,False,False,False,False,False,False,False,False,False,False,False,United States,False,,False,False,False,False,60,Spоn⁧sored,104.00011468499568,-98.30340073546533,0,hoya kerrii,58,120,True,643,47.0,False
397972899427,"Live Kerrii hoya Plant – 2-5"" Tall – 4"" Pot – Ships Without Pot",24.99,$24.99,False,13.48,+$13.48 delivery,False,False,False,brit1799,99.2,535,99.2,False,0,4,False,False,False,False,True,False,False,False,False,False,False,False,United States,False,,False,False,False,False,61,Spоn⁧sored,104.00011468499568,-98.30340073546533,0,hoya kerrii,59,120,True,643,48.0,False
314972247321,Hoya Kerrii Reverse Variegated 6 inch pot with hanging basket,169.0,$169.00,False,6.0,+$6.00 delivery in 2-4 days,False,False,True,malibuplants,100.0,772,100.0,False,10,0,False,False,False,False,False,False,True,False,False,False,False,False,United States,False,,False,False,False,False,62,Spоn⁧sored,104.00011468499568,-98.30340073546533,0,hoya kerrii,60,120,True,643,49.0,False
406474926243,"Live Hoya Kerrii – Green – 3–6"" Tall – Ship No Pot – Starter Plant",21.99,$21.99,False,13.48,+$13.48 delivery,False,False,False,deme-8594,98.9,227,98.9,False,0,0,False,False,False,False,True,False,False,False,False,False,False,False,United States,False,,False,False,False,False,63,Spоn⁧sored,104.00011468499568,-98.30340073546533,0,hoya kerrii,61,120,True,643,50.0,False
185853774314,hoya kerrii variegated heart shaped leaf price is for 2 to 3  leaf plant  now,49.99,$49.99,False,0.0,Free delivery,True,False,False,succulentsandcactus,99.3,2400,99.3,False,0,11,False,False,False,False,False,False,False,False,False,False,False,False,United States,False,,False,False,False,False,64,Spоn⁧sored,104.00011468499568,-98.30340073546533,0,hoya kerrii,62,120,True,643,51.0,False
178509638988,"Kerrii Hoya Plant Live, Hoya Houseplant, 3-5 Inch Tall",25.99,$25.99,False,9.99,+$9.99 delivery,False,False,False,gardenialabllc,50.0,0,50.0,False,0,0,False,False,False,False,False,False,False,False,False,False,False,False,United States,False,,False,False,False,False,65,Spоn⁧sored,104.00011468499568,-98.30340073546533,0,hoya kerrii,63,120,True,643,52.0,False
127188566032,Hoya Kerrii Live plant – Sweetheart Plant | 4in Rooted Starter | No Pot,17.99,$17.99,False,13.48,+$13.48 delivery,False,False,False,oddauto64505,97.6,316,97.6,False,0,0,False,False,False,False,True,False,False,False,False,False,False,False,United States,False,,False,False,False,False,66,Spоn⁧sored,104.00011468499568,-98.30340073546533,0,hoya kerrii,64,120,True,643,53.0,False
237079652315,Variegated Kerrii Sweetheart Hoya Live Plant w/ Peduncle Valentine Mature Vines,76.0,$76.00,False,6.03,+$6.03 delivery,False,False,False,silvergreens,99.2,128,99.2,False,0,0,False,False,False,False,False,False,False,False,False,False,True,False,United States,False,,False,False,False,False,67,Spоn⁧sored,104.00011468499568,-98.30340073546533,0,hoya kerrii,65,120,True,643,54.0,False
377495994999,Hoya Kerrii Splash House Plant Live,66.0,$66.00,False,6.0,+$6.00 delivery,False,False,False,robi_589292,0.0,0,,True,0,0,False,False,False,False,False,False,False,False,False,False,False,False,United States,False,,False,False,False,False,68,Spоn⁧sored,104.00011468499568,-98.30340073546533,0,hoya kerrii,66,120,True,643,55.0,False
185496360095,"FlowerPotNursery Heart Hoya Kerrii Green Hoya kerrii Green 4"" Pot",29.99,$29.99,False,0.0,Free delivery,True,False,False,succulentsandcactus,99.3,2400,99.3,False,0,0,False,False,False,False,False,False,False,False,False,False,False,False,United States,False,,False,False,False,False,69,Spоn⁧sored,104.00011468499568,-98.30340073546533,0,hoya kerrii,67,120,True,643,56.0,False
185496365411,Sweet Heart Houseplant Hoya Kerrii FREE SHIPPING,29.99,$29.99,False,0.0,Free delivery,True,False,False,succulentsandcactus,99.3,2400,99.3,False,0,0,False,False,False,False,False,False,False,False,False,False,False,False,United States,False,,False,False,False,False,70,Spоn⁧sored,104.00011468499568,-98.30340073546533,0,hoya kerrii,68,120,True,643,57.0,False
257751184669,"Hoya Kerrii Sweetheart Valentine Live Plant, Heart Shaped Leaves, Houseplant #A",59.99,$59.99,False,0.0,Free delivery,True,False,False,abdullahalazam,99.1,410,99.1,False,0,0,False,True,False,False,False,False,False,False,False,False,False,False,United States,False,,False,False,False,False,71,Spоn⁧sored,104.00011468499568,-98.30340073546533,0,hoya kerrii,69,120,True,643,58.0,False
157942660236,"Hoya Kerrii Heartshaped Indoor Plant in 2.5 In. Grower Pot, Avg. Shipping Height",36.97,$36.97,False,0.0,Free delivery,True,False,False,gift--shop,99.7,26500,99.7,False,0,0,False,False,False,True,False,False,False,False,False,False,False,False,United States,False,,False,False,False,False,72,Spоn⁧sored,104.00011468499568,-98.30340073546533,0,hoya kerrii,70,120,True,643,59.0,False
194304856396,"FlowerPotNursery Heart Hoya Kerrii Green Hoya kerrii Green 4"" Pot",16.78,$16.78,False,9.0,+$9.00 delivery,False,False,False,theflowerpotnursery,98.3,3800,98.3,False,8,0,False,False,False,False,False,False,True,False,False,False,False,False,United States,False,,False,False,False,False,73,Spоn⁧sored,104.00011468499568,-98.30340073546533,0,hoya kerrii,71,120,True,643,60.0,False
157531943739,Hoya Kerrii,34.99,$34.99,False,13.99,+$13.99 delivery,False,False,False,sarah_sellsstuff,100.0,2500,100.0,False,0,0,False,True,False,False,False,False,False,False,False,False,False,False,United States,False,,False,False,False,False,74,Spоn⁧sored,104.00011468499568,-98.30340073546533,0,hoya kerrii,72,120,True,643,61.0,False
376370350641,"Live Hoya Kerrii Green Plant – 3–6"" Tall – 4"" Pot Size – Ships Without Pot",21.99,$21.99,False,13.48,+$13.48 delivery,False,False,False,brig_9823,98.6,229,98.6,False,0,0,False,False,False,False,True,False,False,False,False,False,False,False,United States,False,,False,False,False,False,75,Spоn⁧sored,104.00011468499568,-98.30340073546533,0,hoya kerrii,73,120,True,643,62.0,False
185496359335,hoya kerrii variegated heart shaped leaf,29.99,$29.99,False,0.0,Free delivery,True,False,False,succulentsandcactus,99.3,2400,99.3,False,0,0,False,False,False,False,False,False,False,False,False,False,False,False,United States,False,,False,False,False,False,76,Spоn⁧sored,104.00011468499568,-98.30340073546533,0,hoya kerrii,74,120,True,643,63.0,False
168636799904,Variegated Hoya Kerrii - Exact Plant 2” Pot “B”Shipping Guarantee,15.0,$15.00,False,19.85,+$19.85 delivery,False,False,False,indoorvines,100.0,515,100.0,False,0,0,False,True,False,False,False,False,False,False,False,False,False,False,United States,False,,False,False,False,False,77,Spоn⁧sored,104.00011468499568,-98.30340073546533,0,hoya kerrii,75,120,True,643,64.0,False
287487664753,Hoya Kerrii Live Indoor Houseplant Potted Vegetative Green Broadleaf 1 Pack,19.0,$19.00,False,10.15,+$10.15 delivery,False,False,False,cdel_1551,100.0,21,100.0,False,0,0,False,True,False,False,False,False,False,False,False,False,False,False,United States,False,,False,False,False,False,78,Spоn⁧sored,104.00011468499568,-98.30340073546533,0,hoya kerrii,76,120,True,643,65.0,False
306984884711,Hoya Hindu Rope Plant,64.99,$64.99,False,19.99,+$19.99 delivery in 2-4 days,False,False,True,beautiflorist,99.5,23200,99.5,False,0,18,False,False,False,False,False,False,False,False,False,False,False,False,United States,False,,False,False,False,False,79,Spоn⁧sored,104.00011468499568,-98.30340073546533,0,hoya kerrii,77,120,True,643,66.0,False
385015092590,"Hoya kerrii 'Splash' The Sweetheart Hoya, Rooted Plant Shipped in 3"" Pot",65.0,$65.00,False,9.5,+$9.50 delivery,False,False,False,cowboyflowerman,99.5,27900,99.5,False,0,1,False,False,False,False,False,False,True,False,False,False,False,False,United States,False,,False,False,False,False,80,Spоn⁧sored,104.00011468499568,-98.30340073546533,0,hoya kerrii,78,120,True,643,67.0,False
398333415339,"Kerrii Hoya Wax Live Plant, Indoor Houseplant, 4 Inch Pot",37.5,$37.50,False,9.99,+$9.99 delivery,False,False,False,ahvnllc,100.0,8,100.0,False,0,0,False,False,False,False,False,False,False,False,False,False,False,False,United States,False,,False,False,False,False,81,Spоn⁧sored,104.00011468499568,-98.30340073546533,0,hoya kerrii,79,120,True,643,68.0,False
143179872308,"Hoya Carnosa, Wax Plant, Beautiful Porcelain Flower Blooms- Great House Plant",13.95,$13.95,False,5.5,+$5.50 delivery,False,False,False,don040201,100.0,1800,100.0,False,300,0,False,False,False,False,False,False,False,False,False,False,False,False,United States,False,,False,False,False,False,82,Spоn⁧sored,104.00011468499568,-98.30340073546533,0,hoya kerrii,80,120,True,643,69.0,False
398409734915,"Kerrii Hoya Live Plant, Houseplant, 3-5 Inch Tall",27.99,$27.99,False,9.99,+$9.99 delivery,False,False,False,ahvnllc,100.0,8,100.0,False,0,0,False,False,False,False,False,False,False,False,False,False,False,False,United States,False,,False,False,False,False,83,Spоn⁧sored,104.00011468499568,-98.30340073546533,0,hoya kerrii,81,120,True,643,70.0,False
178509639383,"Kerrii Hoya Houseplant Live Plant, Indoor Vine Plant, 3-5 Inch Tall",26.99,$26.99,False,9.99,+$9.99 delivery,False,False,False,gardenialabllc,50.0,0,50.0,False,0,0,False,False,False,False,False,False,False,False,False,False,False,False,United States,False,,False,False,False,False,84,Spоn⁧sored,104.00011468499568,-98.30340073546533,0,hoya kerrii,82,120,True,643,71.0,False
317442490424,Hoya 'Sweetheart Variegated' | Live Plant for Indoor & Outdoor,24.99,$24.99 to $35.99,True,9.8,+$9.80 delivery,False,False,False,ks_plants,100.0,68,100.0,False,0,0,False,False,False,False,False,False,False,False,False,False,False,False,United States,False,,False,False,False,False,85,Spоn⁧sored,104.00011468499568,-98.30340073546533,0,hoya kerrii,83,120,True,643,72.0,False
366593950598,Hoya Kerri Inner Variegation,24.99,$24.99,False,10.15,+$10.15 delivery,False,False,False,housenplantsllc,100.0,45,100.0,False,0,0,False,False,False,False,False,False,False,False,False,False,False,False,United States,False,,False,False,False,False,86,Spоn⁧sored,104.00011468499568,-98.30340073546533,0,hoya kerrii,84,120,True,643,73.0,False
186691911254,"Variegated Heart Hoya Hoya kerrii Variegata 4"" Pot",79.99,$79.99,False,0.0,Free delivery,True,False,False,succulentsandcactus,99.3,2400,99.3,False,0,0,False,False,False,False,False,False,False,False,False,False,False,False,United States,False,,False,False,False,False,87,Spоn⁧sored,104.00011468499568,-98.30340073546533,0,hoya kerrii,85,120,True,643,74.0,False
137708879328,"Green Hoya Kerrii Live Plant, 2 Inch Potted Houseplant",28.99,$28.99,False,9.99,+$9.99 delivery,False,False,False,leaflyf,97.2,68,97.2,False,0,0,False,False,False,False,False,False,False,False,False,False,False,False,United States,False,,False,False,False,False,88,Spоn⁧sored,104.00011468499568,-98.30340073546533,0,hoya kerrii,86,120,True,643,75.0,False
168058821483,"Kerrii Hoya Live Plant, 3-6"" Tall, Ship No Pot, Indoor Heart-Shaped Succulent",24.99,$24.99,False,13.48,+$13.48 delivery,False,False,False,skaterc19,100.0,60,100.0,False,0,0,False,False,False,False,True,False,False,False,False,False,False,False,United States,False,,False,False,False,False,89,Spоn⁧sored,104.00011468499568,-98.30340073546533,0,hoya kerrii,87,120,True,643,76.0,False
177931030578,"Hoya Carnosa Krimson Queen Live Plant~Variegated Hoya Carnosa 5"" tall in 4"" pot",19.95,$19.95,False,0.0,Free delivery,True,False,False,anniestore2010,97.8,21100,97.8,False,0,0,False,True,False,False,True,False,False,False,False,False,False,False,United States,False,,False,False,False,False,90,Spоn⁧sored,104.00011468499568,-98.30340073546533,0,hoya kerrii,88,120,True,643,77.0,False
178509638512,"Kerrii Hoya Plant Live, Trailing Indoor Houseplant, 3-4 Inch Tall",25.89,$25.89,False,9.99,+$9.99 delivery,False,False,False,gardenialabllc,50.0,0,50.0,False,0,0,False,False,False,False,False,False,False,False,False,False,False,False,United States,False,,False,False,False,False,91,Spоn⁧sored,104.00011468499568,-98.30340073546533,0,hoya kerrii,89,120,True,643,78.0,False
188672196299,Thoughtful Gift: Hoya Heart Live Plant/-$~--~-,59.99,$59.99$79.99,False,8.0,+$8.00 delivery,False,False,False,doqaan--com,97.7,2900,97.7,False,0,0,False,False,False,False,False,True,False,False,False,False,False,False,United States,False,,False,False,False,False,92,Spоn⁧sored,104.00011468499568,-98.30340073546533,0,hoya kerrii,90,120,True,643,79.0,False
313994632608,Hoya Kerrii Sweet Heart Hoya #2,47.99,$47.99,False,14.99,+$14.99 delivery,False,False,False,mongoose202010,99.8,7400,99.8,False,0,0,False,False,False,False,False,False,False,False,False,False,False,False,United States,False,,False,False,False,False,93,Spоn⁧sored,104.00011468499568,-98.30340073546533,0,hoya kerrii,91,120,True,643,80.0,False
168578976223,Hoya Kerrii 4 in Variegated 1 Heart Leaf Live Succulent Heart Plant Easy Care,21.99,$21.99,False,6.99,+$6.99 delivery,False,False,False,riversidegreenhouses,100.0,4,100.0,False,0,0,False,False,False,False,False,False,False,False,False,False,False,False,United States,False,,False,False,False,False,94,Spоn⁧sored,104.00011468499568,-98.30340073546533,0,hoya kerrii,92,120,True,643,81.0,True
178509638984,"Kerrii Hoya Houseplant Live Plant, Foliage Houseplant, 3-5 Inch Tall",26.99,$26.99,False,9.99,+$9.99 delivery,False,False,False,gardenialabllc,50.0,0,50.0,False,0,0,False,False,False,False,False,False,False,False,False,False,False,False,United States,False,,False,False,False,False,95,Spоn⁧sored,104.00011468499568,-98.30340073546533,0,hoya kerrii,93,120,True,643,82.0,False
178551976750,"Hoya Carnosa, Wax Plant, Beautiful Porcelain Flower Blooms- Great House Plant",6.99,$6.99,False,10.11,+$10.11 delivery,False,False,False,lasexit,100.0,1300,100.0,False,0,0,False,False,True,False,False,False,False,False,False,False,False,False,United States,False,,False,False,False,False,96,Spоn⁧sored,104.00011468499568,-98.30340073546533,0,hoya kerrii,94,120,True,643,83.0,False
188672196183,Thoughtful Gift: Hoya Heart Live Plant/-$^--,59.99,$59.99$79.99,False,8.0,+$8.00 delivery,False,False,False,doqaan--com,97.7,2900,97.7,False,0,0,False,False,False,False,False,True,False,False,False,False,False,False,United States,False,,False,False,False,False,97,Spоn⁧sored,104.00011468499568,-98.30340073546533,0,hoya kerrii,95,120,True,643,84.0,False
188672196311,Thoughtful Gift: Hoya Heart Live Plant/-~--~-,59.99,$59.99$79.99,False,8.0,+$8.00 delivery,False,False,False,doqaan--com,97.7,2900,97.7,False,0,0,False,False,False,False,False,True,False,False,False,False,False,False,United States,False,,False,False,False,False,98,Spоn⁧sored,104.00011468499568,-98.30340073546533,0,hoya kerrii,96,120,True,643,85.0,False
314667166345,"Hoya Variegated Kerrii Heart, in a 4 Inch Pot, Sweet Heart Plant, Heart Shaped L",24.99,$24.99,False,5.95,+$5.95 delivery,False,False,False,bubbleblooms.shop,98.3,2500,98.3,False,0,0,False,False,False,False,True,False,False,False,False,False,False,False,United States,False,,False,False,False,False,99,Spоn⁧sored,104.00011468499568,-98.30340073546533,0,hoya kerrii,97,120,True,643,86.0,False
178189253041,"Hoya Carnosa Krimson Queen Live Plant~Variegated Hoya Carnosa 7"" tall in 4"" pot",8.99,$8.99,False,8.9,+$8.90 delivery,False,False,False,anniestore2010,97.8,21100,97.8,False,6,0,False,True,False,False,True,False,True,False,False,False,False,False,United States,False,,False,False,False,False,100,Spоn⁧sored,104.00011468499568,-98.30340073546533,0,hoya kerrii,98,120,True,643,87.0,False
188672196100,Thoughtful Gift: Hoya Heart Live Plant/-$^--~-,59.99,$59.99$79.99,False,8.0,+$8.00 delivery,False,False,False,doqaan--com,97.7,2900,97.7,False,0,0,False,False,False,False,False,True,False,False,False,False,False,False,United States,False,,False,False,False,False,101,Spоn⁧sored,104.00011468499568,-98.30340073546533,0,hoya kerrii,99,120,True,643,88.0,False
168284607681,Hoya Kerrii - Live Houseplant - 4-inch Pot,22.14,$22.14,False,9.99,+$9.99 delivery,False,False,False,riversidegreenhouses,100.0,4,100.0,False,0,0,False,True,False,False,False,False,False,False,False,False,False,False,United States,False,,False,False,False,False,102,Spоn⁧sored,104.00011468499568,-98.30340073546533,0,hoya kerrii,100,120,True,643,89.0,True
188633791892,Thoughtful Gift: Hoya Heart Live Plant/-$^-^,59.99,$59.99$79.99,False,8.0,+$8.00 delivery,False,False,False,doqaan--com,97.7,2900,97.7,False,0,0,False,False,False,False,False,True,False,False,False,False,False,False,United States,False,,False,False,False,False,103,Spоn⁧sored,104.00011468499568,-98.30340073546533,0,hoya kerrii,101,120,True,643,90.0,False
406725248587,"Hoya Hindu Rope Live Plant in 4"" pot Hoya Carnosa Compacta Curly Hoya Plant",25.99,$25.99,False,5.99,+$5.99 delivery,False,False,False,galactic.g_35,97.9,185,97.9,False,0,0,False,False,False,False,False,False,False,False,False,False,False,False,United States,False,,False,False,False,False,104,Spоn⁧sored,104.00011468499568,-98.30340073546533,0,hoya kerrii,102,120,True,643,91.0,False
316715710549,Hoya Sweetheart | Live Plant for Indoor & Outdoor,20.99,$20.99 to $34.99,True,9.8,+$9.80 delivery,False,False,False,ks_plants,100.0,68,100.0,False,0,0,False,False,False,False,False,False,False,False,False,False,False,False,United States,False,,False,False,False,False,105,Spоn⁧sored,104.00011468499568,-98.30340073546533,0,hoya kerrii,103,120,True,643,92.0,False
188633791769,Thoughtful Gift: Hoya Heart Live Plant/-$~--~^,59.99,$59.99$79.99,False,8.0,+$8.00 delivery,False,False,False,doqaan--com,97.7,2900,97.7,False,0,0,False,False,False,False,False,True,False,False,False,False,False,False,United States,False,,False,False,False,False,106,Spоn⁧sored,104.00011468499568,-98.30340073546533,0,hoya kerrii,104,120,True,643,93.0,False
188633791859,Thoughtful Gift: Hoya Heart Live Plant$^-~--~^,59.99,$59.99$79.99,False,8.0,+$8.00 delivery,False,False,False,doqaan--com,97.7,2900,97.7,False,0,0,False,False,False,False,False,True,False,False,False,False,False,False,United States,False,,False,False,False,False,107,Spоn⁧sored,104.00011468499568,-98.30340073546533,0,hoya kerrii,105,120,True,643,94.0,False
188672196125,Thoughtful Gift: Hoya Heart Live Plant/--,59.99,$59.99$79.99,False,8.0,+$8.00 delivery,False,False,False,doqaan--com,97.7,2900,97.7,False,0,0,False,False,False,False,False,True,False,False,False,False,False,False,United States,False,,False,False,False,False,108,Spоn⁧sored,104.00011468499568,-98.30340073546533,0,hoya kerrii,106,120,True,643,95.0,False
127918049875,Low-Maintenance Indoor Hoya Succulent$-~,33.74,$33.74$44.99,False,8.0,+$8.00 delivery,False,False,False,alisha_store_114,96.0,46,96.0,False,0,0,False,True,False,False,False,True,False,False,False,False,False,False,United States,False,,False,False,False,False,109,Spоn⁧sored,104.00011468499568,-98.30340073546533,0,hoya kerrii,107,120,True,643,96.0,False
127918050067,Low-Maintenance Indoor Hoya Succulent^^--~,33.74,$33.74$44.99,False,8.0,+$8.00 delivery,False,False,False,alisha_store_114,96.0,46,96.0,False,0,0,False,True,False,False,False,True,False,False,False,False,False,False,United States,False,,False,False,False,False,110,Spоn⁧sored,104.00011468499568,-98.30340073546533,0,hoya kerrii,108,120,True,643,97.0,False
188672196142,Thoughtful Gift: Hoya Heart Live Plant/--~-,59.99,$59.99$79.99,False,8.0,+$8.00 delivery,False,False,False,doqaan--com,97.7,2900,97.7,False,0,0,False,False,False,False,False,True,False,False,False,False,False,False,United States,False,,False,False,False,False,111,Spоn⁧sored,104.00011468499568,-98.30340073546533,0,hoya kerrii,109,120,True,643,98.0,False
188633791693,Thoughtful Gift: Hoya Heart Live Plant/-^-~--~^,59.99,$59.99$79.99,False,8.0,+$8.00 delivery,False,False,False,doqaan--com,97.7,2900,97.7,False,0,0,False,False,False,False,False,True,False,False,False,False,False,False,United States,False,,False,False,False,False,112,Spоn⁧sored,104.00011468499568,-98.30340073546533,0,hoya kerrii,110,120,True,643,99.0,False
188672196141,Thoughtful Gift: Hoya Heart Live Plant^$^--~-,59.99,$59.99$79.99,False,8.0,+$8.00 delivery,False,False,False,doqaan--com,97.7,2900,97.7,False,0,0,False,False,False,False,False,True,False,False,False,False,False,False,United States,False,,False,False,False,False,113,Spоn⁧sored,104.00011468499568,-98.30340073546533,0,hoya kerrii,111,120,True,643,100.0,False
188633791742,Thoughtful Gift: Hoya Heart Live Plant/-$^--~^,59.99,$59.99$79.99,False,8.0,+$8.00 delivery,False,False,False,doqaan--com,97.7,2900,97.7,False,0,0,False,False,False,False,False,True,False,False,False,False,False,False,United States,False,,False,False,False,False,114,Spоn⁧sored,104.00011468499568,-98.30340073546533,0,hoya kerrii,112,120,True,643,101.0,False
188633791792,Thoughtful Gift: Hoya Heart Live Plant^$^-~--~^,59.99,$59.99$79.99,False,8.0,+$8.00 delivery,False,False,False,doqaan--com,97.7,2900,97.7,False,0,0,False,False,False,False,False,True,False,False,False,False,False,False,United States,False,,False,False,False,False,115,Spоn⁧sored,104.00011468499568,-98.30340073546533,0,hoya kerrii,113,120,True,643,102.0,False
188672196397,Thoughtful Gift: Hoya Heart Live Plant$~--~-,59.99,$59.99$79.99,False,8.0,+$8.00 delivery,False,False,False,doqaan--com,97.7,2900,97.7,False,0,0,False,False,False,False,False,True,False,False,False,False,False,False,United States,False,,False,False,False,False,116,Spоn⁧sored,104.00011468499568,-98.30340073546533,0,hoya kerrii,114,120,True,643,103.0,False
188672196081,Thoughtful Gift: Hoya Heart Live Plant/-^-~--~-,59.99,$59.99$79.99,False,8.0,+$8.00 delivery,False,False,False,doqaan--com,97.7,2900,97.7,False,0,0,False,False,False,False,False,True,False,False,False,False,False,False,United States,False,,False,False,False,False,117,Spоn⁧sored,104.00011468499568,-98.30340073546533,0,hoya kerrii,115,120,True,643,104.0,False
127918050061,Low-Maintenance Indoor Hoya Succulent`//$^--~,33.74,$33.74$44.99,False,8.0,+$8.00 delivery,False,False,False,alisha_store_114,96.0,46,96.0,False,0,0,False,True,False,False,False,True,False,False,False,False,False,False,United States,False,,False,False,False,False,118,Spоn⁧sored,104.00011468499568,-98.30340073546533,0,hoya kerrii,116,120,True,643,105.0,False
188633791833,Thoughtful Gift: Hoya Heart Live Plant^$~--~^,59.99,$59.99$79.99,False,8.0,+$8.00 delivery,False,False,False,doqaan--com,97.7,2900,97.7,False,0,0,False,False,False,False,False,True,False,False,False,False,False,False,United States,False,,False,False,False,False,119,Spоn⁧sored,104.00011468499568,-98.30340073546533,0,hoya kerrii,117,120,True,643,106.0,False
127945068667,Low-Maintenance Indoor Hoya Succulent#*-,33.74,$33.74$44.99,False,8.0,+$8.00 delivery,False,False,False,alisha_store_114,96.0,46,96.0,False,0,0,False,True,False,False,False,True,False,False,False,False,False,False,United States,False,,False,False,False,False,120,Spоn⁧sored,104.00011468499568,-98.30340073546533,0,hoya kerrii,118,120,True,643,107.0,False
128086522990,"Hoya Mindorensis, Rare! Rooted, in 2” pot. Many Nodes! Easy",35.0,$35.00,False,11.7,+$11.70 delivery,False,False,False,381972kevin,100.0,421,100.0,False,0,12,False,True,False,False,False,False,True,False,False,False,False,False,United States,False,,True,True,True,True,121,Spon⁨sоred,0.08387553037222517,11.542636455920245,261,hoya kerrii,119,120,True,643,,False
398412769133,Hoya aceh noid,35.0,$35.00,False,6.03,+$6.03 delivery,False,False,False,luzva-392,100.0,2,100.0,False,0,0,False,True,False,False,False,False,False,False,False,False,False,False,United States,False,,True,True,True,True,122,Spon⁨sоred,0.08387553037222517,11.542636455920245,261,hoya kerrii,120,120,True,643,,False
117446109624,Hoya 'Sunrise' rare succulent 4''pot,15.99,$15.99,False,6.8,+$6.80 delivery,False,False,False,giorgios1972,99.9,9700,99.9,False,0,0,False,False,False,False,False,False,False,False,False,True,False,False,United States,False,,False,False,False,False,3,Sponsо؜red,103.25337684274231,-31.495671435511873,0,hoya sunrise,1,66,True,66,1.0,False
366702432675,Hoya Sunrise Live Plant,20.0,$20.00,False,6.34,+$6.34 delivery,False,False,False,zonetenplants1,100.0,23,100.0,False,0,0,False,True,False,False,False,False,False,False,False,False,False,False,United States,False,,True,True,True,True,4,Spons⁦оred,0.030068920726518344,11.508658623342393,251,hoya sunrise,2,66,True,66,,False
168753663376,"RARE Hoya Red Sunrise 35"" Tall Aroid Not Monstera Philodendron Anthurium",46.8,$46.80$65.00,False,28.1,+$28.10 delivery,False,False,False,plantasha_creatives,99.7,1700,99.7,False,0,0,False,False,False,False,False,False,False,False,False,False,False,False,United States,False,,True,True,True,True,5,Spons⁦оred,0.030068920726518344,11.508658623342393,251,hoya sunrise,3,66,True,66,,False
316481308479,BubbleBlooms Hoya Sunrise 2 inch,21.99,$21.99,False,5.95,+$5.95 delivery,False,False,False,bubbleblooms.shop,98.3,2500,98.3,False,0,0,False,False,False,False,True,False,False,False,False,False,False,False,United States,False,,True,True,True,True,6,Spons⁦оred,0.030068920726518344,11.508658623342393,251,hoya sunrise,4,66,True,66,,False
147611105029,Hoya Sunrise Plant In 3” Pot,0.99,$0.99,False,9.0,+$9.00 delivery,False,False,False,jensorchids,100.0,413,100.0,False,0,0,False,False,True,False,False,False,False,False,False,False,False,False,United States,False,,False,False,False,False,7,Sponsо؜red,103.25337684274231,-31.495671435511873,0,hoya sunrise,5,66,True,66,2.0,False
287549289497,"Hoya Sunrise - 4"" Pot Live Plant - Free Shipping",34.99,$34.99,False,0.0,Free delivery,True,False,False,happilyplanted,100.0,230,100.0,False,0,7,False,False,False,False,False,False,False,False,False,False,False,False,United States,False,,False,False,False,False,8,Sponsо؜red,103.25337684274231,-31.495671435511873,0,hoya sunrise,6,66,True,66,3.0,False
366655656977,"Hoya Sunrise Live Live Plant - Partial Sun, Houseplant",31.98,$31.98,False,0.0,Free delivery,True,False,False,chau-4790,100.0,5,100.0,False,0,0,False,False,False,False,False,False,False,False,False,False,False,False,United States,False,,False,False,False,False,9,Sponsо؜red,103.25337684274231,-31.495671435511873,0,hoya sunrise,7,66,True,66,4.0,False
206593643014,"Hoya morning dew [n6o003] 1 pot, 1 plant, 10-12 inches Rare!!!",99.99,$99.99,False,95.0,+$95.00 delivery,False,False,False,plumerindr,100.0,3100,100.0,False,0,0,False,False,True,False,False,False,False,False,False,False,False,False,Thailand,True,Brand New,False,False,False,False,10,Sponsо؜red,103.25337684274231,-31.495671435511873,0,hoya sunrise,8,66,True,66,5.0,False
168284607679,Hoya Sunrise - Live Houseplant - Standard Pot,26.74,$26.74,False,9.99,+$9.99 delivery,False,False,False,riversidegreenhouses,100.0,4,100.0,False,0,0,False,True,False,False,False,False,False,False,False,False,False,False,United States,False,,False,False,False,False,11,Sponsо؜red,103.25337684274231,-31.495671435511873,0,hoya sunrise,9,66,True,66,6.0,True
318842563694,"Hoya Sunrise Live Plants (2-Pack) | Partial Sun, Houseplant for Indoor",41.98,$41.98,False,0.0,Free delivery,True,False,False,augustastore1,97.2,34,97.2,False,0,0,False,False,False,False,False,False,False,False,False,False,False,False,United States,False,,False,False,False,False,12,Sponsо؜red,103.25337684274231,-31.495671435511873,0,hoya sunrise,10,66,True,66,7.0,False
168578976226,Hoya Sunrise 4 in Live Houseplant | Rare Hoya | Easy Care Indoor Vining Plant,18.99,$18.99,False,6.99,+$6.99 delivery,False,False,False,riversidegreenhouses,100.0,4,100.0,False,0,0,False,False,False,False,False,False,False,False,False,False,False,False,United States,False,,False,False,False,False,13,Sponsо؜red,103.25337684274231,-31.495671435511873,0,hoya sunrise,11,66,True,66,8.0,True
127987377929,Hoya lacunosa 'Sunrise' EXACT PLANT,41.0,$41.00,False,13.7,+$13.70 delivery,False,False,False,church_of_flora,100.0,1300,100.0,False,0,0,False,False,False,False,False,False,False,False,False,False,False,False,United States,False,,False,False,False,False,14,Sponsо؜red,103.25337684274231,-31.495671435511873,0,hoya sunrise,12,66,True,66,9.0,False
168697960330,"RARE Hoya Tequila Sunrise 21"" Tall Aroid Not Monstera Philodendron Anthurium",61.2,$61.20$85.00,False,28.1,+$28.10 delivery,False,False,False,plantasha_creatives,99.7,1700,99.7,False,0,0,False,False,False,False,False,False,False,False,False,False,False,False,United States,False,,True,True,True,True,15,Spons⁦оred,0.030068920726518344,11.508658623342393,251,hoya sunrise,13,66,True,66,,False
168632181829,"RARE Hoya Tequila Sunrise 33"" Tall Aroid Not Monstera Philodendron Anthurium",68.4,$68.40$95.00,False,28.1,+$28.10 delivery,False,False,False,plantasha_creatives,99.7,1700,99.7,False,0,0,False,False,False,False,False,False,False,False,False,False,True,False,United States,False,,True,True,True,True,16,Spons⁦оred,0.030068920726518344,11.508658623342393,251,hoya sunrise,14,66,True,66,,False
318794377978,Real Picture Hoya Mitrata Red Sunrise Lush Leaves,95.0,$95.00,False,45.0,+$45.00 delivery,False,False,False,var_plant,100.0,17,100.0,False,0,0,False,True,False,False,False,False,False,True,False,False,False,False,Indonesia,True,Brand New,True,True,True,True,17,Spons⁦оred,0.030068920726518344,11.508658623342393,251,hoya sunrise,15,66,True,66,,False
205716872977,Hoya Thai Sunrise Red Rare Tropical Wax Plant,75.0,$75.00,False,45.0,+$45.00 delivery,False,False,False,tekikplants_store,100.0,15,100.0,False,0,0,False,True,False,False,False,False,False,True,False,False,False,False,Indonesia,True,Brand New,True,True,True,True,18,Spons⁦оred,0.030068920726518344,11.508658623342393,251,hoya sunrise,16,66,True,66,,False
117362911492,Hoya Tequila Sunrise - Exact Rooted Plant - Sunstresses Red/Purple,38.0,$38.00,False,7.0,+$7.00 delivery,False,False,False,m_aracs,100.0,1200,100.0,False,0,0,False,False,False,False,False,False,False,False,False,False,False,False,United States,False,,False,False,False,False,19,Sponsо؜red,103.25337684274231,-31.495671435511873,0,hoya sunrise,17,66,True,66,10.0,False
366655656990,"Hoya Sunrise Live Plants, 2-Pack - Partial Sun, Houseplant",41.98,$41.98,False,0.0,Free delivery,True,False,False,chau-4790,100.0,5,100.0,False,0,0,False,False,False,False,False,False,False,False,False,False,False,False,United States,False,,False,False,False,False,20,Sponsо؜red,103.25337684274231,-31.495671435511873,0,hoya sunrise,18,66,True,66,11.0,False
366655657010,"Hoya Sunrise Live Plants, 4-Pack - Partial Sun, Houseplant",64.98,$64.98,False,0.0,Free delivery,True,False,False,chau-4790,100.0,5,100.0,False,0,0,False,False,False,False,False,False,False,False,False,False,False,False,United States,False,,False,False,False,False,21,Sponsо؜red,103.25337684274231,-31.495671435511873,0,hoya sunrise,19,66,True,66,12.0,False
318842555881,"Hoya Sunrise Live Live Plant | Partial Sun, Houseplant for Indoor",31.98,$31.98,False,0.0,Free delivery,True,False,False,augustastore1,97.2,34,97.2,False,0,0,False,False,False,False,False,False,False,False,False,False,False,False,United States,False,,False,False,False,False,22,Sponsо؜red,103.25337684274231,-31.495671435511873,0,hoya sunrise,20,66,True,66,13.0,False
366655656998,"Hoya Sunrise Live Plants, 3-Pack - Partial Sun, Houseplant",52.98,$52.98,False,0.0,Free delivery,True,False,False,chau-4790,100.0,5,100.0,False,0,0,False,False,False,False,False,False,False,False,False,False,False,False,United States,False,,False,False,False,False,23,Sponsо؜red,103.25337684274231,-31.495671435511873,0,hoya sunrise,21,66,True,66,14.0,False
117388541436,Hoya Tequila Sunrise - Exact Rooted Plant - Sunstresses Red/Purple,38.0,$38.00,False,7.0,+$7.00 delivery,False,False,False,m_aracs,100.0,1200,100.0,False,0,0,False,False,False,False,False,False,False,False,False,False,False,False,United States,False,,False,False,False,False,24,Sponsо؜red,103.25337684274231,-31.495671435511873,0,hoya sunrise,22,66,True,66,15.0,False
227542299099,"Hoya Sunrise (Thailand form) in a 3” pot, rare!",23.99,$23.99,False,11.9,+$11.90 delivery,False,False,False,the6o3jungle,100.0,201,100.0,False,0,0,False,False,False,False,False,False,False,False,False,False,False,False,United States,False,,False,False,False,False,25,Sponsо؜red,103.25337684274231,-31.495671435511873,0,hoya sunrise,23,66,True,66,16.0,False
318842567911,"Hoya Sunrise Live Plants (4-Pack) | Partial Sun, Houseplant for Indoor",64.98,$64.98,False,0.0,Free delivery,True,False,False,augustastore1,97.2,34,97.2,False,0,0,False,False,False,False,False,False,False,False,False,False,False,False,United States,False,,False,False,False,False,26,Sponsо؜red,103.25337684274231,-31.495671435511873,0,hoya sunrise,24,66,True,66,17.0,False
318842565286,"Hoya Sunrise Live Plants (3-Pack) | Partial Sun, Houseplant for Indoor",52.98,$52.98,False,0.0,Free delivery,True,False,False,augustastore1,97.2,34,97.2,False,0,0,False,False,False,False,False,False,False,False,False,False,False,False,United States,False,,False,False,False,False,27,Sponsо؜red,103.25337684274231,-31.495671435511873,0,hoya sunrise,25,66,True,66,18.0,False
133938840171,Hoya Sunrise | Rooted Plant | Hoya Lacunosa ssp. Pallidifloria x Hoya Obscura |,45.0,$45.00 to $50.00,True,0.0,Free delivery,True,False,False,globalgardensnursery,0.0,22,,True,0,0,False,False,False,False,False,False,False,False,False,False,False,False,United States,False,,False,False,False,False,28,Sponsо؜red,103.25337684274231,-31.495671435511873,0,hoya sunrise,26,66,True,66,19.0,False
128015604713,Hoya lacunosa 'Sunrise' EXACT PLANT,37.0,$37.00,False,13.7,+$13.70 delivery,False,False,False,church_of_flora,100.0,1300,100.0,False,0,0,False,False,False,False,False,False,False,False,False,False,False,False,United States,False,,False,False,False,False,29,Sponsо؜red,103.25337684274231,-31.495671435511873,0,hoya sunrise,27,66,True,66,20.0,False
267347459882,"Hoya Sunrise, 1 node cutting",15.0,$15.00,False,10.99,+$10.99 delivery,False,False,False,gdarwich,100.0,287,100.0,False,0,5,False,False,False,False,True,False,False,False,False,False,False,False,United States,False,,False,False,False,False,30,Sponsо؜red,103.25337684274231,-31.495671435511873,0,hoya sunrise,28,66,True,66,21.0,False
317442487451,Hoya 'Black Margin' | Live Plant for Indoor & Outdoor,40.99,$40.99,False,9.8,+$9.80 delivery,False,False,False,ks_plants,100.0,68,100.0,False,0,0,False,False,False,False,False,False,False,False,False,False,False,False,United States,False,,True,True,True,True,31,Spons⁦оred,0.030068920726518344,11.508658623342393,251,hoya sunrise,29,66,True,66,,False
205516680076,Hoya Buotii Sunrise Rare Tropical Wax Plant,75.0,$75.00,False,45.0,+$45.00 delivery,False,False,False,tekikplants_store,100.0,15,100.0,False,0,0,False,True,False,False,False,False,False,True,False,False,False,False,Indonesia,True,Brand New,True,True,True,True,32,Spons⁦оred,0.030068920726518344,11.508658623342393,251,hoya sunrise,30,66,True,66,,False
318628488080,Real Picture Hoya Sunrise Red Lush Leaves,75.0,$75.00,False,40.0,+$40.00 delivery,False,False,False,var_plant,100.0,17,100.0,False,0,0,False,True,False,False,False,False,False,True,False,False,False,False,Indonesia,True,Brand New,True,True,True,True,33,Spons⁦оred,0.030068920726518344,11.508658623342393,251,hoya sunrise,31,66,True,66,,False
318227225007,Real Pict Hoya Sunrise Rare Plant,95.0,$95.00,False,35.0,+$35.00 delivery,False,False,False,var_plant,100.0,17,100.0,False,0,0,False,True,False,False,False,False,False,True,False,False,False,False,Indonesia,True,Brand New,True,True,True,True,34,Spons⁦оred,0.030068920726518344,11.508658623342393,251,hoya sunrise,32,66,True,66,,False
377451163216,"Live Hoya Sunrise Plant Rare Fragrant Red Sun Stressed Trailing Vines 2.5"" Pot",69.95,$69.95,False,0.0,Free delivery,True,False,False,greeenlife,98.4,1600,98.4,False,0,0,False,True,False,False,True,False,False,False,False,False,False,False,United States,False,,False,False,False,False,35,Sponsо؜red,103.25337684274231,-31.495671435511873,0,hoya sunrise,33,66,True,66,22.0,False
206600466920,"Hoya morning dew [r18s004] 1 pot, 1 plant, 10-12 inches Rare!!!",129.99,$129.99,False,95.0,+$95.00 delivery,False,False,False,plumerindr,100.0,3100,100.0,False,0,0,False,False,True,False,False,False,False,False,False,False,False,False,Thailand,True,Brand New,False,False,False,False,36,Sponsо؜red,103.25337684274231,-31.495671435511873,0,hoya sunrise,34,66,True,66,23.0,False
286722763348,"4 Hoya SUNRISE DAHLIA Luxury Fine Crystal Wine Glasses Goblets Rare, Signed SET",299.99,$299.99,False,12.97,+$12.97 delivery,False,False,False,huns4funs,100.0,1000,100.0,False,0,0,False,True,False,False,False,False,False,False,False,False,False,False,United States,False,Pre-Owned,False,False,False,False,37,Sponsо؜red,103.25337684274231,-31.495671435511873,0,hoya sunrise,35,66,True,66,24.0,False
364584727962,Hoya Sunrise Dahlia Beverage 5432783,79.95,$79.95,False,12.99,+$12.99 delivery,False,False,False,replacementsltd,99.9,366000,99.9,False,0,0,False,False,False,True,False,False,False,False,False,False,False,False,United States,False,Pre-Owned,False,False,False,False,38,Sponsо؜red,103.25337684274231,-31.495671435511873,0,hoya sunrise,36,66,True,66,25.0,False
226337133175,"Hoya / Mikasa ""Sunrise Dahlia"" 5 1/4 Inch Tumbler / Highball",19.6,$19.60$28.00,False,8.95,+$8.95 delivery,False,False,False,dishbrokers4,100.0,8700,100.0,False,0,0,False,True,False,True,False,False,False,False,False,False,False,False,United States,False,Brand New,False,False,False,False,39,Sponsо؜red,103.25337684274231,-31.495671435511873,0,hoya sunrise,37,66,True,66,26.0,False
358823782838,Real Pict Hoya sunrise red Broad Leaves Lush Plant,85.0,$85.00,False,35.0,+$35.00 delivery,False,False,False,nusantara29,100.0,1,100.0,False,0,0,False,True,False,False,False,False,False,True,False,False,False,False,Indonesia,True,Brand New,False,False,False,False,40,Sponsо؜red,103.25337684274231,-31.495671435511873,0,hoya sunrise,38,66,True,66,27.0,False
396865573794,"Hoya Plant Potting Soil Mix (8 Quarts), Custom Blend for Growing 8 Quarts",35.94,$35.94,False,0.0,Free delivery,True,False,False,mattimich-0,99.4,5100,99.4,False,0,0,False,False,False,False,False,False,True,False,False,False,False,False,United States,False,,True,True,True,True,41,Spons⁦оred,0.030068920726518344,11.508658623342393,251,hoya sunrise,39,66,True,66,,False
389355825498,Soil Sunrise Hoya Plant Potting Mix (8 Quarts) Custom Blend for 8 Quarts,35.35,$35.35,False,0.0,Free delivery,True,False,False,ekontente68307,99.1,4000,99.1,False,0,0,False,False,False,False,False,False,False,False,False,False,False,False,United States,False,,True,True,True,True,42,Spons⁦оred,0.030068920726518344,11.508658623342393,251,hoya sunrise,40,66,True,66,,False
358721182337,Hoya Sunrise Live Rare Wax Plant Pink Sunstressed Hoya Easy Care Indoor,50.0,$50.00,False,45.0,+$45.00 delivery,False,False,False,jovans6669,100.0,4,100.0,False,0,0,False,False,False,False,False,False,False,True,False,False,False,False,Indonesia,True,Brand New,False,False,False,False,43,Sponsо؜red,103.25337684274231,-31.495671435511873,0,hoya sunrise,41,66,True,66,28.0,False
387428106008,Hoya Sunrise Dahlia Crystal Glass Set of 24,699.0,$699.00,False,263.7,+$263.70 delivery,False,False,False,labohemiacollective,100.0,84,100.0,False,0,0,False,True,False,False,False,False,False,False,False,False,False,False,United States,False,Brand New,False,False,False,False,44,Sponsо؜red,103.25337684274231,-31.495671435511873,0,hoya sunrise,42,66,True,66,29.0,False
257496140945,"Vintage Georgetown Hoyas University T-shirt, 2 Sided Sunrise Sportswear 2XL",55.99,$55.99,False,9.52,+$9.52 delivery,False,False,False,woodsalesrus,100.0,604,100.0,False,0,0,False,True,False,False,False,False,False,False,False,False,False,False,United States,False,Pre-Owned,False,False,False,False,45,Sponsо؜red,103.25337684274231,-31.495671435511873,0,hoya sunrise,43,66,True,66,30.0,False
800427160356,Hoya Sunrise Rare Color Changing Wax Plant Easy Care Indoor Climbing Houseplant,50.0,$50.00,False,45.0,+$45.00 delivery,False,False,False,ncha_6454,100.0,8,100.0,False,0,0,False,False,False,False,False,False,False,True,False,False,False,False,Indonesia,True,Brand New,False,False,False,False,46,Sponsо؜red,103.25337684274231,-31.495671435511873,0,hoya sunrise,44,66,True,66,31.0,False
128033921216,Soil Sunrise Hoya Plant Potting Soil Mix (8 Quarts) Custom Blend for Growing Hoy,36.23,$36.23,False,0.0,Free delivery,True,False,False,gr8tdeals4less,99.0,835,99.0,False,0,0,False,False,False,False,False,False,False,False,False,False,False,False,United States,False,Brand New,False,False,False,False,47,Sponsо؜red,103.25337684274231,-31.495671435511873,0,hoya sunrise,45,66,True,66,32.0,False
114402127716,"Lot Hoya 85, HOYA CS PRO 80A Telestar FL-D Tiffen NDO-6 & SUNRISE Quantaray UV",94.99,$94.99,False,0.0,Free delivery,True,False,False,h.s.industrialsupply,100.0,467,100.0,False,0,0,False,True,False,False,False,False,False,False,False,False,False,False,United States,False,Pre-Owned,False,False,False,False,48,Sponsо؜red,103.25337684274231,-31.495671435511873,0,hoya sunrise,46,66,True,66,33.0,False
366018695497,Hoya Sunrise Exotic Foliage Rare Unique,85.0,$85.00,False,45.0,+$45.00 delivery,False,False,False,ahda_5374,80.0,5,80.0,False,0,0,False,False,False,False,False,False,False,True,False,False,False,False,Indonesia,True,Brand New,False,False,False,False,49,Sponsо؜red,103.25337684274231,-31.495671435511873,0,hoya sunrise,47,66,True,66,34.0,False
397330794312,Hoya Sunrise Jungle Plant,40.0,$40.00,False,39.0,+$39.00 delivery,False,False,False,plantcore.id,100.0,3,100.0,False,0,0,False,False,False,False,False,False,False,True,False,False,False,False,Indonesia,True,Brand New,False,False,False,False,50,Sponsо؜red,103.25337684274231,-31.495671435511873,0,hoya sunrise,48,66,True,66,35.0,False
298500042557,"Hoya Sunrise - Easy House Plant - 4"" Pot - Collector's Series",19.99,$19.99,False,,,,True,False,hirtsgardens,99.8,202500,99.8,False,0,0,False,False,False,False,False,False,False,False,False,False,False,False,United States,False,,False,False,False,False,51,Sponsо؜red,103.25337684274231,-31.495671435511873,0,hoya sunrise,49,66,True,66,36.0,False
186425537784,"Hoya Plant Potting Soil Mix, Custom Blend for Growing Hoya Tropical Houseplants",24.99,$24.99,False,0.0,Free delivery,True,False,False,sixhogs,99.8,21200,99.8,False,0,0,False,False,False,False,False,False,False,False,False,False,False,False,United States,False,Brand New,False,False,False,False,52,Sponsо؜red,103.25337684274231,-31.495671435511873,0,hoya sunrise,50,66,True,66,37.0,False
960008747809,"2 Pcs Trellis for Climbing Plants Indoor 14.5"" Hoya Trellis Set Small Plant S...",17.09,$17.09,False,0.0,Free delivery,True,False,False,go_cohen,99.5,780,99.5,False,0,0,False,False,False,False,False,False,False,False,False,True,False,False,United States,False,Brand New,False,False,False,False,53,Sponsо؜red,103.25337684274231,-31.495671435511873,0,hoya sunrise,51,66,True,66,38.0,False
820148792214,"Set of 2 Small Hoya Trellis for Climbing Plants - 14.5"" Hoya Plant Trellis",17.61,$17.61,False,0.0,Free delivery,True,False,False,vit2845,99.4,200,99.4,False,0,0,False,False,False,False,False,False,False,False,False,False,False,False,United States,False,Brand New,False,False,False,False,54,Sponsо؜red,103.25337684274231,-31.495671435511873,0,hoya sunrise,52,66,True,66,39.0,False
188670744564,"2 Pcs Trellis for Climbing Plants Indoor 14.5"" Hoya Trellis Set Small Plant S...",15.29,$15.29$16.99,False,0.0,Free delivery,True,False,False,melloora,99.4,3500,99.4,False,0,0,False,True,False,True,False,False,False,False,False,False,False,False,United States,False,Brand New,False,False,False,False,55,Sponsо؜red,103.25337684274231,-31.495671435511873,0,hoya sunrise,53,66,True,66,40.0,False
188337009146,"2 Pcs Trellis for Climbing Plants Indoor 14.5"" Hoya Trellis Set Small Plant Supp",13.75,$13.75,False,5.89,+$5.89 delivery,False,False,False,yunons,99.9,16300,99.9,False,0,0,False,False,False,False,True,False,False,False,False,False,False,False,United States,False,Brand New,False,False,False,False,56,Sponsо؜red,103.25337684274231,-31.495671435511873,0,hoya sunrise,54,66,True,66,41.0,False
175885585767,HOYA 49.0s Color Film Filters 81A(Flash) & Type D 82A(Morn and Eve) Set of Two!,20.0,$20.00,False,0.0,Free delivery,True,False,False,dkheel82,100.0,935,100.0,False,0,0,False,False,False,False,False,False,False,False,False,False,False,False,United States,False,Brand New,False,False,False,False,57,Sponsо؜red,103.25337684274231,-31.495671435511873,0,hoya sunrise,55,66,True,66,42.0,False
318837958453,"2 Pcs Trellis for Climbing Plants Indoor 14.5"" Hoya Trellis Set Small Plant S...",16.99,$16.99,False,0.0,Free delivery in 2-4 days,True,False,True,laxanana,99.4,3100,99.4,False,0,0,False,True,False,True,False,False,False,False,False,False,False,False,United States,False,Brand New,False,False,False,False,58,Sponsо؜red,103.25337684274231,-31.495671435511873,0,hoya sunrise,56,66,True,66,43.0,False
358790238459,Hoya Plant Potting Soil Mix 8 Quarts Custom Blend for Growing Tropical,34.67,$34.67,False,0.0,Free delivery in 3-4 days,True,False,True,usa*stores,99.1,153900,99.1,False,0,0,False,False,False,True,False,False,False,False,False,False,False,False,United States,False,Brand New,False,False,False,False,59,Sponsо؜red,103.25337684274231,-31.495671435511873,0,hoya sunrise,57,66,True,66,44.0,False
800700578209,"4 Pcs Mini Metal Trellis for Potted Plants, Climbing Support for Hoya Vines B...",19.99,$19.99,False,0.0,Free delivery in 3-4 days,True,False,True,pokemon_genie,99.3,446,99.3,False,0,0,False,True,False,True,False,False,False,False,False,False,False,False,United States,False,Brand New,False,False,False,False,60,Sponsо؜red,103.25337684274231,-31.495671435511873,0,hoya sunrise,58,66,True,66,45.0,False
157532500701,"30"" Gold Metal Trellis for Climbing Plants 4-Pack - Monstera Pothos Hoya Support",27.18,$27.18,False,0.0,Free delivery,True,False,False,llamaboy17,99.6,2500,99.6,False,0,0,False,False,False,True,False,False,False,False,False,False,False,False,United States,False,Brand New,False,False,False,False,61,Sponsо؜red,103.25337684274231,-31.495671435511873,0,hoya sunrise,59,66,True,66,46.0,False
146490056484,"Rhipsalis salicornioides Cactus - Oversized in 3.5"" Pot - Dancing Bones",21.83,$21.83$25.99,False,8.23,+$8.23 delivery,False,False,False,pachyfoliaplants,99.6,751,99.6,False,0,43,False,False,False,False,True,False,False,False,False,False,False,False,United States,False,,False,False,False,False,62,Sponsо؜red,103.25337684274231,-31.495671435511873,0,hoya sunrise,60,66,True,66,47.0,False
398282554608,"4 Pcs Mini Metal Trellis for Potted Plants, Climbing Support for Hoya Vines B...",21.59,$21.59$23.99,False,0.0,Free delivery,True,False,False,pongoloshop,98.4,3000,98.4,False,0,0,False,True,False,True,False,False,False,False,False,False,True,False,United States,False,Brand New,False,False,False,False,63,Sponsо؜red,103.25337684274231,-31.495671435511873,0,hoya sunrise,61,66,True,66,48.0,False
366522096459,"2 Pcs Trellis Climbing Plants Indoor 14.5"" Hoya Trellis Set Small Plant Support",13.77,$13.77$14.81,False,0.0,Free delivery,True,False,False,hundredof,100.0,234,100.0,False,0,0,False,True,False,False,False,False,False,False,False,False,False,False,United States,False,Brand New,False,False,False,False,64,Sponsо؜red,103.25337684274231,-31.495671435511873,0,hoya sunrise,62,66,True,66,49.0,False
307017194095,"4 Pcs Mini Metal Trellis for Potted Plants, Climbing Support Hoya Black-1",17.11,$17.11,False,0.0,Free delivery,True,False,False,homespot,97.2,2600,97.2,False,0,0,False,False,False,False,False,False,False,False,False,False,False,False,United States,False,Brand New,False,False,False,False,65,Sponsо؜red,103.25337684274231,-31.495671435511873,0,hoya sunrise,63,66,True,66,50.0,False
236634159816,Soil Sunrise Hoya Plant Potting Soil Mix – 8 Quarts Custom Blend for Growing Hoy,51.71,$51.71,False,0.0,Free delivery,True,False,False,gbmvelect,97.4,394,97.4,False,0,0,False,False,False,True,False,False,False,False,False,False,False,False,United States,False,Brand New,False,False,False,False,66,Sponsо؜red,103.25337684274231,-31.495671435511873,0,hoya sunrise,64,66,True,66,51.0,False
127970054415,"25.6 Inch Plant Trellis for Climbing Plants, 4 Pack Metal Garden Trellis for Pot",16.79,$16.79,False,0.0,Free delivery,True,False,False,camelsupplies,99.5,23100,99.5,False,0,0,False,False,False,False,True,False,False,False,False,False,False,False,United States,False,Brand New,True,True,True,True,67,Spons⁦оred,0.030068920726518344,11.508658623342393,251,hoya sunrise,65,66,True,66,,False
137607692431,Extra Tall 3ft Wooden Ladder Trellis for Climbing Plants - Sturdy Indoor/Outdoor,15.85,$15.85,False,0.0,Free delivery,True,False,False,jesfleic_0,100.0,454,100.0,False,0,0,False,False,False,True,True,False,False,False,False,False,False,False,United States,False,Brand New,True,True,True,True,68,Spons⁦оred,0.030068920726518344,11.508658623342393,251,hoya sunrise,66,66,True,66,,False
257567497189,Monstera Siltepecana El Salvador Silver Leaf Climbing Plant Exotic Indoor Vine,29.99,$29.99,False,0.0,Free delivery,True,False,False,abdullahalazam,99.1,410,99.1,False,0,0,False,True,False,False,False,False,False,False,False,False,False,False,United States,False,,False,False,False,False,3,S⁦pоnsored,-31.464587126475593,37.637700705964505,0,monstera siltepecana,1,62,True,62,1.0,False
277369351729,Rare Monstera Siltepecana Cutting Houseplant 2 Node Cutting,14.98,$14.98,False,0.0,Free delivery,True,False,False,maiksylvia,99.8,8900,99.8,False,0,27,False,False,False,False,False,False,False,False,False,False,False,False,United States,False,,True,True,True,True,4,Ѕponsor؜ed,0.002778122809056427,11.513973668393966,246,monstera siltepecana,2,62,True,62,,False
307104595556,Rare Aroid Node Cuttings 🪴 Philodendron Epipremnum Monstera You Get 6 Types!,19.99,$19.99,False,5.8,+$5.80 delivery,False,False,False,moss.market,99.7,3200,99.7,False,0,18,False,True,False,False,False,False,True,False,False,False,False,False,United States,False,,True,True,True,True,5,Ѕponsor؜ed,0.002778122809056427,11.513973668393966,246,monstera siltepecana,3,62,True,62,,False
317743243148,Monstera 'Siltepecana' | Live Plant for Indoor & Outdoor,40.99,$40.99 to $68.99,True,9.8,+$9.80 delivery,False,False,False,ks_plants,100.0,68,100.0,False,0,0,False,False,False,False,False,False,False,False,False,False,False,False,United States,False,,True,True,True,True,6,Ѕponsor؜ed,0.002778122809056427,11.513973668393966,246,monstera siltepecana,4,62,True,62,,False
257776760256,Aroid tropical houseplant Monstera Siltepecana,4.0,$4.00,False,10.88,+$10.88 delivery,False,False,False,posdoctor,99.0,2500,99.0,False,0,0,False,False,True,False,False,False,False,False,False,False,False,False,United States,False,,False,False,False,False,7,S⁦pоnsored,-31.464587126475593,37.637700705964505,0,monstera siltepecana,5,62,True,62,2.0,False
276349896200,"Monstera Siltepecana rooted plant 2.5"" Pot",19.9,$19.90,False,0.0,Free delivery,True,False,False,maiksylvia,99.8,8900,99.8,False,0,12,False,False,False,False,False,False,False,False,False,False,False,False,United States,False,,False,False,False,False,8,S⁦pоnsored,-31.464587126475593,37.637700705964505,0,monstera siltepecana,6,62,True,62,3.0,False
407027431433,Monstera Siltepecana Rooted Cutting | Silver Starter Plant | Climbing Aroid,13.99,$13.99,False,6.34,+$6.34 delivery,False,False,False,rachelunsupervised,100.0,61,100.0,False,0,0,False,True,False,False,False,False,False,False,False,False,False,False,United States,False,,False,False,False,False,9,S⁦pоnsored,-31.464587126475593,37.637700705964505,0,monstera siltepecana,7,62,True,62,4.0,False
257703917139,"10 Plant Cuttings Bundle, Pothos Monstera Variety, Cebu Baltic Blue, Neon, Mican",25.99,$25.99,False,0.0,Free delivery,True,False,False,abdullahalazam,99.1,410,99.1,False,0,42,False,False,False,False,True,False,False,False,False,False,False,False,United States,False,,False,False,False,False,10,S⁦pоnsored,-31.464587126475593,37.637700705964505,0,monstera siltepecana,8,62,True,62,5.0,False
257611053770,Monstera Siltepecana Cuttings 3: El Salvador Indoor House Plant,15.99,$15.99,False,0.0,Free delivery,True,False,False,abdullahalazam,99.1,410,99.1,False,0,0,False,False,False,False,False,False,False,False,False,False,False,False,United States,False,,False,False,False,False,11,S⁦pоnsored,-31.464587126475593,37.637700705964505,0,monstera siltepecana,9,62,True,62,6.0,False
388989572734,Monstera Siltepecana “El Salvador” Cutting x(1),15.0,$15.00,False,5.27,+$5.27 delivery,False,False,False,momogarden,100.0,100,100.0,False,0,0,False,False,False,False,False,False,False,False,False,False,False,False,United States,False,,False,False,False,False,12,S⁦pоnsored,-31.464587126475593,37.637700705964505,0,monstera siltepecana,10,62,True,62,7.0,False
168571169190,Monstera Mint,29.0,$29.00,False,10.49,+$10.49 delivery,False,False,False,baysidenursery02,99.3,254,99.3,False,10,0,False,False,False,False,False,False,True,False,False,False,False,False,United States,False,,False,False,False,False,13,S⁦pоnsored,-31.464587126475593,37.637700705964505,0,monstera siltepecana,11,62,True,62,8.0,False
407191082898,"Monstera Siltepecana Live Plant | 4"" Pot | Exact Plant | #P-012",18.99,$18.99,False,7.05,+$7.05 delivery,False,False,False,rachelunsupervised,100.0,61,100.0,False,0,0,False,True,False,False,False,False,False,False,False,False,False,False,United States,False,,False,False,False,False,14,S⁦pоnsored,-31.464587126475593,37.637700705964505,0,monstera siltepecana,12,62,True,62,9.0,False
178148621823,"Monstera Siltepecana, 3x Cuttings, Ships in Moss Off Mature Mom Plant",14.99,$14.99,False,7.0,+$7.00 delivery,False,False,False,pikaplants,100.0,635,100.0,False,0,10,False,True,False,False,False,False,False,False,False,False,False,False,United States,False,,True,True,True,True,15,Ѕponsor؜ed,0.002778122809056427,11.513973668393966,246,monstera siltepecana,13,62,True,62,,False
256784399029,"Monstera Siltepecana, Silver Leaf Monstera in 6 inch Pot",35.0,$35.00,False,19.8,+$19.80 delivery,False,False,False,palmcoastplants,100.0,581,100.0,False,0,0,False,True,False,False,False,False,False,False,False,False,False,False,United States,False,,True,True,True,True,16,Ѕponsor؜ed,0.002778122809056427,11.513973668393966,246,monstera siltepecana,14,62,True,62,,False
388237575110,Monstera siltepecana - Silver Monstera - El Salvador Starter Plant - RARE plant,13.0,$13.00,False,10.15,+$10.15 delivery,False,False,False,verdantgreenery,0.0,1,,True,0,0,False,True,False,False,False,False,False,False,False,False,False,False,United States,False,,True,True,True,True,17,Ѕponsor؜ed,0.002778122809056427,11.513973668393966,246,monstera siltepecana,15,62,True,62,,False
257735805763,"10 Plant Cuttings Bundle, Pothos Monstera Variety, Cebu Baltic Blue, Neon,Lemon",25.99,$25.99,False,0.0,Free delivery,True,False,False,abdullahalazam,99.1,410,99.1,False,0,0,False,True,False,False,True,False,False,False,False,False,False,False,United States,False,,True,True,True,True,18,Ѕponsor؜ed,0.002778122809056427,11.513973668393966,246,monstera siltepecana,16,62,True,62,,False
206455807516,Monstera Siltepecana Plant Full Established Green Without The moss Poll.,19.5,$19.50,False,8.5,+$8.50 delivery,False,False,False,savv-7662,99.2,388,99.2,False,0,0,False,True,False,False,False,False,False,False,False,False,False,False,United States,False,,False,False,False,False,19,S⁦pоnsored,-31.464587126475593,37.637700705964505,0,monstera siltepecana,17,62,True,62,10.0,False
157809416592,"Monstera Siltepecana, Silver Leaf Plant Cuttings",9.0,$9.00,False,8.0,+$8.00 delivery,False,False,False,irvin-sophi,97.2,1800,97.2,False,0,7,False,True,False,False,False,False,True,False,False,False,False,False,United States,False,,False,False,False,False,20,S⁦pоnsored,-31.464587126475593,37.637700705964505,0,monstera siltepecana,18,62,True,62,11.0,False
287624651453,Monstera,20.0,$20.00,False,10.15,+$10.15 delivery,False,False,False,caseymae13,100.0,48,100.0,False,0,0,False,True,False,False,False,False,False,False,False,True,False,False,United States,False,,False,False,False,False,21,S⁦pоnsored,-31.464587126475593,37.637700705964505,0,monstera siltepecana,19,62,True,62,12.0,False
388933773307,Monstera Siltepecana Cuttings x(5),10.0,$10.00,False,5.68,+$5.68 delivery,False,False,False,momogarden,100.0,100,100.0,False,0,0,False,False,False,False,False,False,False,False,False,False,False,False,United States,False,,False,False,False,False,22,S⁦pоnsored,-31.464587126475593,37.637700705964505,0,monstera siltepecana,20,62,True,62,13.0,False
168578976222,Monstera Siltepecana 4 in Live Houseplant | Silver Monstera,21.99,$21.99,False,6.99,+$6.99 delivery,False,False,False,riversidegreenhouses,100.0,4,100.0,False,0,0,False,False,False,False,False,False,False,False,False,False,False,False,United States,False,,False,False,False,False,23,S⁦pоnsored,-31.464587126475593,37.637700705964505,0,monstera siltepecana,21,62,True,62,14.0,True
198282400153,Monstera Siltepecana 2 node cuttings for $8,8.0,$8.00,False,12.2,+$12.20 delivery,False,False,False,bigfootnursery,97.1,482,97.1,False,0,0,False,False,False,False,True,False,False,False,False,False,False,False,United States,False,,False,False,False,False,24,S⁦pоnsored,-31.464587126475593,37.637700705964505,0,monstera siltepecana,22,62,True,62,15.0,False
366589508981,Monstera Siltepecana Rooted Healthy Plant!,14.99,$14.99,False,13.7,+$13.70 delivery,False,False,False,housenplantsllc,100.0,45,100.0,False,0,0,False,True,False,False,False,False,False,False,False,False,False,False,United States,False,,False,False,False,False,25,S⁦pоnsored,-31.464587126475593,37.637700705964505,0,monstera siltepecana,23,62,True,62,16.0,False
389117767394,"Monstera siltepeccana, Rooted Plants Shipped in 3"" Pot",12.95,$12.95,False,11.5,+$11.50 delivery,False,False,False,cowboyflowerman,99.5,27900,99.5,False,0,11,False,False,False,False,False,False,False,False,False,False,False,False,United States,False,,False,False,False,False,26,S⁦pоnsored,-31.464587126475593,37.637700705964505,0,monstera siltepecana,24,62,True,62,17.0,False
257700652490,"Pothos Monstera Cuttings Bundle 8: Marble, Cebu, Satin, Neon, Adansonii,Global..",29.99,$29.99,False,0.0,Free delivery,True,False,False,abdullahalazam,99.1,410,99.1,False,0,0,False,False,False,False,False,False,False,False,False,False,False,False,United States,False,,False,False,False,False,27,S⁦pоnsored,-31.464587126475593,37.637700705964505,0,monstera siltepecana,25,62,True,62,18.0,False
235031573371,Monstera Siltepecana El Salvador,100.0,$100.00,False,10.0,+$10.00 delivery,False,False,False,the_plantista,100.0,37,100.0,False,0,0,False,True,False,False,False,False,False,False,False,False,False,False,United States,False,,False,False,False,False,28,S⁦pоnsored,-31.464587126475593,37.637700705964505,0,monstera siltepecana,26,62,True,62,19.0,False
313480767672,Monstera Deliciosa seedlings from my variegated ..you get green one not the albo,9.0,$9.00,False,8.0,+$8.00 delivery,False,False,False,ricvela-5326,100.0,1500,100.0,False,53,0,False,False,False,False,False,False,False,False,False,False,False,False,United States,False,,False,False,False,False,29,S⁦pоnsored,-31.464587126475593,37.637700705964505,0,monstera siltepecana,27,62,True,62,20.0,False
800537362711,Monstera Mint,100.0,$100.00,False,5.0,+$5.00 delivery,False,False,False,nickelsplants,100.0,24,100.0,False,0,0,False,True,False,False,False,False,False,False,False,False,False,False,United States,False,,False,False,False,False,30,S⁦pоnsored,-31.464587126475593,37.637700705964505,0,monstera siltepecana,28,62,True,62,21.0,False
298680781001,Aroid Node Cutting Lot🪴 Fenestrated Marble Queen Monstera Pothos You Get 7!,32.99,$32.99,False,5.8,+$5.80 delivery,False,False,False,moss.market,99.7,3200,99.7,False,0,0,False,True,False,False,False,False,False,False,False,False,False,False,United States,False,,True,True,True,True,31,Ѕponsor؜ed,0.002778122809056427,11.513973668393966,246,monstera siltepecana,29,62,True,62,,False
398220710902,"Monstera siltepecana, 3-4 planter""",15.0,$15.00,False,11.51,+$11.51 delivery,False,False,False,redberryorchid,100.0,29,100.0,False,0,0,False,True,False,False,False,False,False,False,False,False,False,False,United States,False,,True,True,True,True,32,Ѕponsor؜ed,0.002778122809056427,11.513973668393966,246,monstera siltepecana,30,62,True,62,,False
257216248554,Monstera Mint,76.99,$76.99 to $117.99,True,14.99,+$14.99 delivery,False,False,False,greenvue,98.0,13400,98.0,False,0,0,False,False,False,False,False,False,False,False,False,False,False,False,United States,False,,True,True,True,True,33,Ѕponsor؜ed,0.002778122809056427,11.513973668393966,246,monstera siltepecana,31,62,True,62,,False
257671124819,"Pothos Monstera Cuttings Collection 8,",29.99,$29.99,False,6.82,+$6.82 delivery,False,False,False,abdullahalazam,99.1,410,99.1,False,0,0,False,True,False,False,False,False,False,False,False,False,False,False,United States,False,,True,True,True,True,34,Ѕponsor؜ed,0.002778122809056427,11.513973668393966,246,monstera siltepecana,32,62,True,62,,False
313678832467,Monstera Deliciosa seedlings from my variegated ..you get green one not the albo,15.0,$15.00,False,8.0,+$8.00 delivery,False,False,False,ricvela-5326,100.0,1500,100.0,False,96,0,False,False,False,False,False,False,False,False,False,False,False,False,United States,False,,False,False,False,False,35,S⁦pоnsored,-31.464587126475593,37.637700705964505,0,monstera siltepecana,33,62,True,62,22.0,False
920002437826,Monstera Pinnatipartita,5.0,$5.00,False,15.0,+$15.00 delivery,False,False,False,jacksonacar6607,100.0,453,100.0,False,0,0,False,False,True,False,False,False,False,False,False,False,False,False,United States,False,,False,False,False,False,36,S⁦pоnsored,-31.464587126475593,37.637700705964505,0,monstera siltepecana,34,62,True,62,23.0,False
168537961029,Monstera deliciosa 'Split Leaf',14.99,$14.99 to $24.99,True,10.79,+$10.79 delivery,False,False,False,snakerootbotanicals,98.3,57,98.3,False,0,0,False,False,False,False,False,False,False,False,False,False,False,False,United States,False,,False,False,False,False,37,S⁦pоnsored,-31.464587126475593,37.637700705964505,0,monstera siltepecana,35,62,True,62,24.0,False
358876071901,"Monstera Peru • Monstera karstenianum • Thick Textured Leaves • Rare • 6"" Pot",25.0,$25.00,False,49.26,+$49.26 delivery,False,False,False,thebarenode,100.0,3,100.0,False,0,0,False,True,False,False,False,False,False,False,False,False,False,False,United States,False,,False,False,False,False,38,S⁦pоnsored,-31.464587126475593,37.637700705964505,0,monstera siltepecana,36,62,True,62,25.0,False
406914427487,Monstera Miracle Tricolor,250.0,$250.00,False,8.13,+$8.13 delivery,False,False,False,erhul_2516,0.0,2,,True,0,0,False,False,False,False,False,False,False,False,False,False,False,False,United States,False,,False,False,False,False,39,S⁦pоnsored,-31.464587126475593,37.637700705964505,0,monstera siltepecana,37,62,True,62,26.0,False
257762973572,"Monstera Legacy - 6"" Pot Exact Plants",163.99,$163.99 to $238.39$204.99,True,14.99,+$14.99 delivery,False,False,False,greenvue,98.0,13400,98.0,False,0,0,False,False,False,False,False,False,False,False,False,False,False,False,United States,False,,False,False,False,False,40,S⁦pоnsored,-31.464587126475593,37.637700705964505,0,monstera siltepecana,38,62,True,62,27.0,False
257216250043,Monstera Mint in 4 Inch Pot,76.99,$76.99,False,14.99,+$14.99 delivery,False,False,False,greenvue,98.0,13400,98.0,False,0,0,False,False,False,False,False,False,False,False,False,False,False,False,United States,False,,True,True,True,True,41,Ѕponsor؜ed,0.002778122809056427,11.513973668393966,246,monstera siltepecana,39,62,True,62,,False
236441873471,"Mature Monstera Deliciosa Cutting,Huge Fenestrated Leaves,Multi-Node + roots",350.0,$350.00,False,42.79,+$42.79 delivery,False,False,False,devigree_0,0.0,4,,True,0,0,False,True,False,False,False,False,False,False,False,False,False,False,United States,False,,False,False,False,False,42,S⁦pоnsored,-31.464587126475593,37.637700705964505,0,monstera siltepecana,40,62,True,62,28.0,False
393424312262,"Monstera Siltepecana 4.5"" Hanging Basket",80.0,$80.00,False,15.0,+$15.00 delivery,False,False,False,racmcdo26,0.0,5,,True,0,0,False,True,False,False,False,False,False,False,False,False,False,False,United States,False,,False,False,False,False,43,S⁦pоnsored,-31.464587126475593,37.637700705964505,0,monstera siltepecana,41,62,True,62,29.0,False
406914426020,Monstera Miracle Tricolor,250.0,$250.00,False,5.99,+$5.99 delivery,False,False,False,erhul_2516,0.0,2,,True,0,0,False,False,False,False,False,False,False,False,False,False,False,False,United States,False,,False,False,False,False,44,S⁦pоnsored,-31.464587126475593,37.637700705964505,0,monstera siltepecana,42,62,True,62,30.0,False
256784397340,Monstera Siltepecana growing in 4 inch container,15.0,$15.00,False,23.65,+$23.65 delivery,False,False,False,palmcoastplants,100.0,581,100.0,False,0,0,False,False,False,False,False,False,False,False,False,False,False,False,United States,False,,False,False,False,False,45,S⁦pоnsored,-31.464587126475593,37.637700705964505,0,monstera siltepecana,43,62,True,62,31.0,False
366072771892,Mint Monstera,140.0,$140.00,False,34.7,+$34.70 delivery,False,False,False,5tudri-18,0.0,1,,True,0,0,False,False,False,False,False,False,False,False,False,False,False,False,United States,False,,False,False,False,False,46,S⁦pоnsored,-31.464587126475593,37.637700705964505,0,monstera siltepecana,44,62,True,62,32.0,False
127942425834,Monstera deliciosa White Lava,460.0,$460.00,False,15.0,+$15.00 delivery,False,False,False,cattaraugusseedco,94.9,2600,94.9,False,0,5,False,False,False,False,False,False,False,False,False,False,False,False,United States,False,,False,False,False,False,47,S⁦pоnsored,-31.464587126475593,37.637700705964505,0,monstera siltepecana,45,62,True,62,33.0,False
306012881206,Monstera Mint,550.0,$550.00,False,0.0,Free delivery,True,False,False,jtg-jto-csyxhd,100.0,41,100.0,False,0,0,False,True,False,False,False,False,False,False,False,False,False,False,United States,False,,False,False,False,False,48,S⁦pоnsored,-31.464587126475593,37.637700705964505,0,monstera siltepecana,46,62,True,62,34.0,False
305971860381,Monstera Mint,650.0,$650.00,False,0.0,Free delivery,True,False,False,jtg-jto-csyxhd,100.0,41,100.0,False,0,0,False,False,False,False,False,False,False,False,False,False,False,False,United States,False,,False,False,False,False,49,S⁦pоnsored,-31.464587126475593,37.637700705964505,0,monstera siltepecana,47,62,True,62,35.0,False
234527554981,"Monstera Deliciosa, 10” Pot",60.0,$60.00,False,31.04,+$31.04 delivery,False,False,False,rainbowlassie,100.0,691,100.0,False,0,0,False,False,False,False,False,False,False,False,False,False,False,False,United States,False,,False,False,False,False,50,S⁦pоnsored,-31.464587126475593,37.637700705964505,0,monstera siltepecana,48,62,True,62,36.0,False
318390025955,Monstera Siltepecana Plant 4.5 Inch Hanging Basket Live Indoor Plant,30.0,$30.00,False,10.88,+$10.88 delivery,False,False,False,bronxplantlady1225,100.0,185,100.0,False,0,0,False,True,False,False,False,False,False,False,False,False,False,False,United States,False,,False,False,False,False,51,S⁦pоnsored,-31.464587126475593,37.637700705964505,0,monstera siltepecana,49,62,True,62,37.0,False
316930194093,Monstera Siltepecana Plant - 4 inch pot- Indoor Houseplant,19.99,$19.99,False,13.7,+$13.70 delivery,False,False,False,bronxplantlady1225,100.0,185,100.0,False,0,24,False,False,False,False,False,False,False,False,False,False,False,False,United States,False,,False,False,False,False,52,S⁦pоnsored,-31.464587126475593,37.637700705964505,0,monstera siltepecana,50,62,True,62,38.0,False
256700228138,"Monstera Peru ""Karstenianum"", Cutting Made Upon Order",30.0,$30.00,False,19.8,+$19.80 delivery,False,False,False,palmcoastplants,100.0,581,100.0,False,0,0,False,True,False,False,False,False,False,False,False,False,False,False,United States,False,,False,False,False,False,53,S⁦pоnsored,-31.464587126475593,37.637700705964505,0,monstera siltepecana,51,62,True,62,39.0,False
205698542186,White Monstera In 7inch Pot,250.0,$250.00,False,,,,True,False,newgirl_6286,0.0,0,,True,0,0,False,True,False,False,False,False,False,False,False,False,False,False,United States,False,,False,False,False,False,54,S⁦pоnsored,-31.464587126475593,37.637700705964505,0,monstera siltepecana,52,62,True,62,40.0,False
388743569893,"Monstera Deliciosa, 2 Yr. Old Cuttings. Leaves Are Fenestrated With Healthy N",15.0,$15.00,False,,,,True,False,capor6873,0.0,0,,True,0,0,False,True,False,False,False,False,False,False,False,False,False,False,United States,False,,False,False,False,False,55,S⁦pоnsored,-31.464587126475593,37.637700705964505,0,monstera siltepecana,53,62,True,62,41.0,False
398073250720,Monstera,272.55,$272.55,False,,,,True,False,ke_725164,0.0,0,,True,0,0,False,True,False,False,False,False,False,False,False,False,False,False,United States,False,,False,False,False,False,56,S⁦pоnsored,-31.464587126475593,37.637700705964505,0,monstera siltepecana,54,62,True,62,42.0,False
145627348570,monstera mint,450.0,$450.00,False,,,,True,False,kibashair,100.0,19,100.0,False,0,0,False,True,False,False,False,False,False,False,False,False,False,False,United States,False,,False,False,False,False,57,S⁦pоnsored,-31.464587126475593,37.637700705964505,0,monstera siltepecana,55,62,True,62,43.0,False
145333794881,Mint Monstera,350.0,$350.00,False,23.17,+$23.17 delivery,False,False,False,floridaplantmanllc,0.0,1,,True,0,0,False,False,False,False,False,False,False,False,False,False,False,False,United States,False,,False,False,False,False,58,S⁦pоnsored,-31.464587126475593,37.637700705964505,0,monstera siltepecana,56,62,True,62,44.0,False
145333782734,Mint Monstera,350.0,$350.00,False,23.17,+$23.17 delivery,False,False,False,floridaplantmanllc,0.0,1,,True,0,20,False,False,False,False,False,False,False,False,False,False,False,False,United States,False,,False,False,False,False,59,S⁦pоnsored,-31.464587126475593,37.637700705964505,0,monstera siltepecana,57,62,True,62,45.0,False
145333798271,Mint Monstera,350.0,$350.00,False,23.17,+$23.17 delivery,False,False,False,floridaplantmanllc,0.0,1,,True,0,0,False,False,False,False,False,False,False,False,False,False,False,False,United States,False,,False,False,False,False,60,S⁦pоnsored,-31.464587126475593,37.637700705964505,0,monstera siltepecana,58,62,True,62,46.0,False
125321363674,Monstera Spruceana,28.0,$28.00,False,29.0,+$29.00 delivery,False,False,False,dreye_el,0.0,57,,True,0,0,False,False,False,False,False,False,False,False,False,False,False,False,United States,False,,False,False,False,False,61,S⁦pоnsored,-31.464587126475593,37.637700705964505,0,monstera siltepecana,59,62,True,62,47.0,False
204541227537,monstera deliciosa In Pot,12.99,$12.99,False,10.2,+$10.20 delivery,False,False,False,freshyplants,85.3,1100,85.3,False,0,0,False,True,False,False,True,False,False,False,False,False,False,False,United States,False,,False,False,False,False,62,S⁦pоnsored,-31.464587126475593,37.637700705964505,0,monstera siltepecana,60,62,True,62,48.0,False
204718141606,Monstera deliciosa Huge Size,14.99,$14.99,False,17.95,+$17.95 delivery,False,False,False,freshyplants,85.3,1100,85.3,False,0,0,False,True,False,False,False,False,False,False,False,False,False,False,United States,False,,False,False,False,False,63,S⁦pоnsored,-31.464587126475593,37.637700705964505,0,monstera siltepecana,61,62,True,62,49.0,False
206596060651,Monstera Mint Top Variagation,49.99,$49.99,False,10.2,+$10.20 delivery,False,False,False,freshyplants,85.3,1100,85.3,False,0,0,False,True,False,False,False,False,False,False,False,False,False,False,United States,False,,False,False,False,False,64,S⁦pоnsored,-31.464587126475593,37.637700705964505,0,monstera siltepecana,62,62,True,62,50.0,False
287556713484,"Peperomia Hope - 4"" Pot - Free Shipping",24.99,$24.99,False,0.0,Free delivery,True,False,False,happilyplanted,100.0,230,100.0,False,0,2,False,False,False,False,False,False,False,False,False,False,False,False,United States,False,,False,False,False,False,3,Spo⁦nѕored,26.44817355072348,-109.40385397506977,0,peperomia hope,1,57,True,57,1.0,False
395446273871,15 Cuttings Peperomia Hope Succlent Hanging Foliage 6inches Long Live Plant,4.99,$4.99,False,6.99,+$6.99 delivery,False,False,False,nnplant,97.1,4900,97.1,False,0,0,False,False,False,False,True,False,False,False,False,False,False,False,United States,False,,True,True,True,True,4,Sp⁧оnsored,0.05823252148397451,11.5514156324703,261,peperomia hope,2,57,True,57,,False
315342713116,"Peperomia Assortment, Foliage Set, Rosso, Frost, albovittata, caperata, Premium",29.99,$29.99,False,5.95,+$5.95 delivery,False,False,False,bubbleblooms.shop,98.3,2500,98.3,False,0,0,False,False,False,False,True,False,False,False,False,False,False,False,United States,False,,True,True,True,True,5,Sp⁧оnsored,0.05823252148397451,11.5514156324703,261,peperomia hope,3,57,True,57,,False
315342712939,"Peperomia Hope, Peperomia rotundifolia, pecuniifolia in a 4 inch Pot,",21.99,$21.99,False,5.95,+$5.95 delivery,False,False,False,bubbleblooms.shop,98.3,2500,98.3,False,0,0,False,False,False,False,True,False,False,False,False,False,False,False,United States,False,,True,True,True,True,6,Sp⁧оnsored,0.05823252148397451,11.5514156324703,261,peperomia hope,4,57,True,57,,False
137687408036,Peperomia Hope Collector Plant – Rooted Cutting – Rare Trailing Peperomia,18.0,$18.00,False,5.68,+$5.68 delivery in 2-4 days,False,False,True,krifian_0,100.0,3,100.0,False,0,0,False,True,False,False,False,False,False,False,False,False,False,False,United States,False,,False,False,False,False,7,Spo⁦nѕored,26.44817355072348,-109.40385397506977,0,peperomia hope,5,57,True,57,2.0,False
178332076676,Peperomia pink lady/some orange,30.0,$30.00,False,10.15,+$10.15 delivery,False,False,False,olthegoldenboy,100.0,733,100.0,False,0,0,False,True,False,False,False,False,False,False,False,False,True,False,United States,False,,False,False,False,False,8,Spo⁦nѕored,26.44817355072348,-109.40385397506977,0,peperomia hope,6,57,True,57,3.0,False
314667132225,"Peperomia Hope, Peperomia rotundifolia, pecuniifolia in a 4 inch Pot,",21.99,$21.99,False,5.95,+$5.95 delivery,False,False,False,bubbleblooms.shop,98.3,2500,98.3,False,0,0,False,True,False,False,True,False,False,False,False,False,False,False,United States,False,,False,False,False,False,9,Spo⁦nѕored,26.44817355072348,-109.40385397506977,0,peperomia hope,7,57,True,57,4.0,False
198614681182,"Peperomia Hope 4 Cuttings, 6 inches each Round leafed Peperomia plant",10.0,$10.00,False,5.93,+$5.93 delivery,False,False,False,mayita246,100.0,303,100.0,False,0,0,False,True,False,False,False,False,False,False,False,False,False,False,United States,False,,False,False,False,False,10,Spo⁦nѕored,26.44817355072348,-109.40385397506977,0,peperomia hope,8,57,True,57,5.0,False
186143504423,"Peperomia Hope ,Rare Peperomia Rotundifolia ,Air Purifying in 4"" Pot",29.99,$29.99,False,0.0,Free delivery,True,False,False,succulentsandcactus,99.3,2400,99.3,False,0,0,False,False,False,False,False,False,False,False,False,False,False,False,United States,False,,False,False,False,False,11,Spo⁦nѕored,26.44817355072348,-109.40385397506977,0,peperomia hope,9,57,True,57,6.0,False
158323126127,Peperomia Hope Live Plant 4in Pot Rooted Trailing Round Leaf Houseplant,28.0,$28.00,False,8.99,+$8.99 delivery,False,False,False,ar_trendz,100.0,276,100.0,False,0,0,False,True,False,False,False,False,False,False,False,False,False,False,United States,False,,False,False,False,False,12,Spo⁦nѕored,26.44817355072348,-109.40385397506977,0,peperomia hope,10,57,True,57,7.0,False
186143503817,"Peperomia Hope ,Rare Peperomia Rotundifolia ,Air Purifying in 4"" Pot",29.99,$29.99,False,0.0,Free delivery,True,False,False,succulentsandcactus,99.3,2400,99.3,False,0,0,False,False,False,False,False,False,False,False,False,False,False,False,United States,False,,False,False,False,False,13,Spo⁦nѕored,26.44817355072348,-109.40385397506977,0,peperomia hope,11,57,True,57,8.0,False
394614046558,"String of coins Peperomia hope tetraphylla Acorn Trailing Jade plant 4""pot",4.99,$4.99,False,6.99,+$6.99 delivery,False,False,False,nnplant,97.1,4900,97.1,False,52,0,False,False,False,False,True,False,False,False,False,False,False,False,United States,False,,False,False,False,False,14,Spo⁦nѕored,26.44817355072348,-109.40385397506977,0,peperomia hope,12,57,True,57,9.0,False
315342736716,"Peperomia Maculosa, Spotted-Stalked Pep, Monster Peperomia, 4 inch",34.99,$34.99,False,5.95,+$5.95 delivery,False,False,False,bubbleblooms.shop,98.3,2500,98.3,False,0,0,False,False,False,False,True,False,False,False,False,False,False,False,United States,False,,True,True,True,True,15,Sp⁧оnsored,0.05823252148397451,11.5514156324703,261,peperomia hope,13,57,True,57,,False
394614046552,"String of coins Peperomia hope tetraphylla Acorn Trailing Jade plant 6""pot",18.99,$18.99,False,0.0,Free delivery,True,False,False,nnplant,97.1,4900,97.1,False,0,0,False,False,False,False,True,False,False,False,False,False,False,False,United States,False,,True,True,True,True,16,Sp⁧оnsored,0.05823252148397451,11.5514156324703,261,peperomia hope,14,57,True,57,,False
314667165247,"Peperomia Assortment, Foliage Set, Rosso, Frost, albovittata, caperata, Premium",34.99,$34.99,False,5.95,+$5.95 delivery,False,False,False,bubbleblooms.shop,98.3,2500,98.3,False,0,0,False,True,False,False,True,False,False,False,False,False,False,False,United States,False,,True,True,True,True,17,Sp⁧оnsored,0.05823252148397451,11.5514156324703,261,peperomia hope,15,57,True,57,,False
377163240803,"Live Peperomia Hope Plant – 2"" Pot – Houseplant – Trailing Ornamental Foliage",61.99,$61.99,False,5.93,+$5.93 delivery,False,False,False,brig_9823,98.6,229,98.6,False,0,0,False,False,False,False,False,False,False,False,False,False,False,False,United States,False,,True,True,True,True,18,Sp⁧оnsored,0.05823252148397451,11.5514156324703,261,peperomia hope,16,57,True,57,,False
186143505849,Peperomia Hope 4inches Pot Live Plant Trailing Peperomia Rotundifolia Succlent,29.99,$29.99,False,0.0,Free delivery,True,False,False,succulentsandcactus,99.3,2400,99.3,False,0,0,False,False,False,False,False,False,False,False,False,False,False,False,United States,False,,False,False,False,False,19,Spo⁦nѕored,26.44817355072348,-109.40385397506977,0,peperomia hope,17,57,True,57,10.0,False
168578976263,Peperomia Hope 4 in Live Houseplant | Trailing Peperomia,16.99,$16.99,False,6.99,+$6.99 delivery,False,False,False,riversidegreenhouses,100.0,4,100.0,False,0,0,False,False,False,False,False,False,False,False,False,False,False,False,United States,False,,False,False,False,False,20,Spo⁦nѕored,26.44817355072348,-109.40385397506977,0,peperomia hope,18,57,True,57,11.0,True
186143505108,"Peperomia Hope, Peperomia rotundifolia, pecuniifolia in a 4 inch Pot, Very Fille",29.99,$29.99,False,0.0,Free delivery,True,False,False,succulentsandcactus,99.3,2400,99.3,False,0,0,False,False,False,False,False,False,False,False,False,False,False,False,United States,False,,False,False,False,False,21,Spo⁦nѕored,26.44817355072348,-109.40385397506977,0,peperomia hope,19,57,True,57,12.0,False
282208347900,"PARALLEL PEPEROMIA (PEPEROMIA PUTEOLATA) - 2"" POT",4.94,$4.94,False,16.7,+$16.70 delivery,False,False,False,ricklogeesrareplants,100.0,5400,100.0,False,122,0,False,False,False,False,False,False,False,False,False,False,False,False,United States,False,,False,False,False,False,22,Spo⁦nѕored,26.44817355072348,-109.40385397506977,0,peperomia hope,20,57,True,57,13.0,False
405841706465,Pepperomia Assortment 6pk,29.99,$29.99,False,10.15,+$10.15 delivery,False,False,False,wicatetfarm,100.0,87,100.0,False,0,21,False,False,False,False,True,False,False,False,False,False,False,False,United States,False,,False,False,False,False,23,Spo⁦nѕored,26.44817355072348,-109.40385397506977,0,peperomia hope,21,57,True,57,14.0,False
116957994367,Peperomia Ginny,18.0,$18.00,False,12.0,+$12.00 delivery,False,False,False,your_plant_haven,99.4,1300,99.4,False,0,0,False,False,False,False,False,False,False,False,False,False,False,False,United States,False,,False,False,False,False,24,Spo⁦nѕored,26.44817355072348,-109.40385397506977,0,peperomia hope,22,57,True,57,15.0,False
168284607715,Peperomia Hope - Live Houseplant - 6-inch Pot,33.64,$33.64,False,9.99,+$9.99 delivery,False,False,False,riversidegreenhouses,100.0,4,100.0,False,0,0,False,True,False,False,False,False,False,False,False,False,False,False,United States,False,,False,False,False,False,25,Spo⁦nѕored,26.44817355072348,-109.40385397506977,0,peperomia hope,23,57,True,57,16.0,True
196446185633,Peperomia Hope 4inches Pot Live Plant Trailing Peperomia Rotundifolia Succlent,10.0,$10.00,False,7.14,+$7.14 delivery,False,False,False,laurantoni-76,100.0,110,100.0,False,0,7,False,False,False,False,False,False,False,False,False,False,False,False,United States,False,,False,False,False,False,26,Spo⁦nѕored,26.44817355072348,-109.40385397506977,0,peperomia hope,24,57,True,57,17.0,False
168629261058,Peperomia 'Caracas',9.99,$9.99 to $35.99,True,8.3,+$8.30 delivery,False,False,False,snakerootbotanicals,98.3,57,98.3,False,0,4,True,False,False,False,False,False,False,False,False,False,False,False,United States,False,,False,False,False,False,27,Spo⁦nѕored,26.44817355072348,-109.40385397506977,0,peperomia hope,25,57,True,57,18.0,False
168742420810,Peperomia 'Hope',15.99,$15.99,False,7.59,+$7.59 delivery,False,False,False,snakerootbotanicals,98.3,57,98.3,False,0,0,False,False,False,False,False,False,False,False,False,False,False,False,United States,False,,False,False,False,False,28,Spo⁦nѕored,26.44817355072348,-109.40385397506977,0,peperomia hope,26,57,True,57,19.0,False
315342749472,Peperomia Luna Red 4 inch Ripple Pep Caperata,21.99,$21.99,False,5.95,+$5.95 delivery,False,False,False,bubbleblooms.shop,98.3,2500,98.3,False,0,0,False,False,False,False,True,False,False,False,False,False,False,False,United States,False,,False,False,False,False,29,Spo⁦nѕored,26.44817355072348,-109.40385397506977,0,peperomia hope,27,57,True,57,20.0,False
317442495934,Peperomia 'Hope' | Live Plant for Indoor & Outdoor,26.99,$26.99 to $99.99,True,9.8,+$9.80 delivery,False,False,False,ks_plants,100.0,68,100.0,False,0,0,False,False,False,False,False,False,False,False,False,False,False,False,United States,False,,False,False,False,False,30,Spo⁦nѕored,26.44817355072348,-109.40385397506977,0,peperomia hope,28,57,True,57,21.0,False
314667160742,"Peperomia Puteolata, 4 inch, Stilt Peperomia, Parallel Peperomia",24.99,$24.99,False,5.95,+$5.95 delivery,False,False,False,bubbleblooms.shop,98.3,2500,98.3,False,0,0,False,True,False,False,True,False,False,False,False,False,False,False,United States,False,,True,True,True,True,31,Sp⁧оnsored,0.05823252148397451,11.5514156324703,261,peperomia hope,29,57,True,57,,False
315342748023,Peperomia Luna Red 2 inch Set of 3 Red Emerald Ripple Pep Caperata,24.99,$24.99,False,5.95,+$5.95 delivery,False,False,False,bubbleblooms.shop,98.3,2500,98.3,False,0,5,False,False,False,False,True,False,False,False,False,False,False,False,United States,False,,True,True,True,True,32,Sp⁧оnsored,0.05823252148397451,11.5514156324703,261,peperomia hope,30,57,True,57,,False
296458897257,Peperomia Meridana in a 2 inch pot Green Meridensis,11.99,$11.99,False,6.95,+$6.95 delivery,False,False,False,harmonyfoliage,100.0,168,100.0,False,0,0,False,True,False,True,True,False,False,False,False,False,False,False,United States,False,,True,True,True,True,33,Sp⁧оnsored,0.05823252148397451,11.5514156324703,261,peperomia hope,31,57,True,57,,False
375368151576,"Peperomia Hope Live Plant Indoor Easy to Grow Houseplant - 2.5"" Pot",11.95,$11.95,False,9.95,+$9.95 delivery,False,False,False,gardenshops,98.9,5900,98.9,False,0,0,False,False,False,True,True,False,False,False,False,False,False,False,United States,False,,True,True,True,True,34,Sp⁧оnsored,0.05823252148397451,11.5514156324703,261,peperomia hope,32,57,True,57,,False
168658554810,"Peperomia 'Lima' - 3"" Pot",9.99,$9.99,False,8.3,+$8.30 delivery,False,False,False,snakerootbotanicals,98.3,57,98.3,False,0,0,False,False,False,False,False,False,False,False,False,False,False,False,United States,False,,False,False,False,False,35,Spo⁦nѕored,26.44817355072348,-109.40385397506977,0,peperomia hope,33,57,True,57,22.0,False
186120238509,Peperomia Assortment Rosso Premium In 4” Pot,29.99,$29.99,False,0.0,Free delivery,True,False,False,succulentsandcactus,99.3,2400,99.3,False,0,0,False,False,False,False,False,False,False,False,False,False,False,False,United States,False,,False,False,False,False,36,Spo⁦nѕored,26.44817355072348,-109.40385397506977,0,peperomia hope,34,57,True,57,23.0,False
117347708954,🌿 Peperomia cubensis 🌿,17.99,$17.99,False,7.09,+$7.09 delivery,False,False,False,sandrus_zuodl,100.0,164,100.0,False,0,0,False,False,False,False,False,False,False,False,False,False,False,False,United States,False,,False,False,False,False,37,Spo⁦nѕored,26.44817355072348,-109.40385397506977,0,peperomia hope,35,57,True,57,24.0,False
235593926897,"PEPEROMIA SCANDENS (ALSO KNOWN AS CUPID PEPEROMIA, TRAILING PEPEROMIA)",20.0,$20.00,False,0.0,Free delivery,True,False,False,cocotropics239,100.0,1800,100.0,False,0,7,False,True,False,False,False,False,False,False,False,False,False,False,United States,False,,False,False,False,False,38,Spo⁦nѕored,26.44817355072348,-109.40385397506977,0,peperomia hope,36,57,True,57,25.0,False
407217049890,Peperomia glabella 3x3in Size,20.0,$20.00,False,5.78,+$5.78 delivery,False,False,False,orchidelights,96.6,185,96.6,False,0,0,False,True,False,False,False,False,False,False,False,False,False,False,United States,False,,False,False,False,False,39,Spo⁦nѕored,26.44817355072348,-109.40385397506977,0,peperomia hope,37,57,True,57,26.0,False
315342742169,"Peperomia Hope, 2 inch Set of 3, tetraphylla Tiny Mini Pixie Plants",39.99,$39.99,False,5.95,+$5.95 delivery,False,False,False,bubbleblooms.shop,98.3,2500,98.3,False,0,0,False,False,False,False,True,False,False,False,False,False,False,False,United States,False,,False,False,False,False,40,Spo⁦nѕored,26.44817355072348,-109.40385397506977,0,peperomia hope,38,57,True,57,27.0,False
315342738133,"Peperomia Turboensis, 4 inch, Black Metallic Pep",29.99,$29.99,False,5.95,+$5.95 delivery,False,False,False,bubbleblooms.shop,98.3,2500,98.3,False,0,0,False,False,False,False,True,False,False,False,False,False,False,False,United States,False,,True,True,True,True,41,Sp⁧оnsored,0.05823252148397451,11.5514156324703,261,peperomia hope,39,57,True,57,,False
315395401333,Peperomia Meridana in a 2 inch Pot Green Meridensis,12.99,$12.99,False,5.95,+$5.95 delivery,False,False,False,bubbleblooms.shop,98.3,2500,98.3,False,0,0,False,False,False,False,True,False,False,False,False,False,False,False,United States,False,,True,True,True,True,42,Sp⁧оnsored,0.05823252148397451,11.5514156324703,261,peperomia hope,40,57,True,57,,False
405630906634,Pepperomia 4 pack,19.99,$19.99,False,10.15,+$10.15 delivery,False,False,False,wicatetfarm,100.0,87,100.0,False,0,0,False,False,False,False,False,False,False,False,False,False,False,False,United States,False,,False,False,False,False,43,Spo⁦nѕored,26.44817355072348,-109.40385397506977,0,peperomia hope,41,57,True,57,28.0,False
315123706641,"Peperomia Hope, 2 inch Set of 3, tetraphylla Tiny Mini Pixie Plants",39.99,$39.99,False,5.95,+$5.95 delivery,False,False,False,bubbleblooms.shop,98.3,2500,98.3,False,0,0,False,True,False,False,True,False,False,False,False,False,False,False,United States,False,,False,False,False,False,44,Spo⁦nѕored,26.44817355072348,-109.40385397506977,0,peperomia hope,42,57,True,57,29.0,False
315342726387,"Peperomia Hope, 2 inch, Trailing Jade peperomia rotundifolia Tiny Mini Pixie Pla",15.99,$15.99,False,5.95,+$5.95 delivery,False,False,False,bubbleblooms.shop,98.3,2500,98.3,False,0,0,False,False,False,False,True,False,False,False,False,False,False,False,United States,False,,False,False,False,False,45,Spo⁦nѕored,26.44817355072348,-109.40385397506977,0,peperomia hope,43,57,True,57,30.0,False
315123705324,"Peperomia Maculosa, Spotted-Stalked Pep, Monster Peperomia, 4 inch",54.99,$54.99,False,5.95,+$5.95 delivery,False,False,False,bubbleblooms.shop,98.3,2500,98.3,False,0,0,False,True,False,False,True,False,False,False,False,False,False,False,United States,False,,False,False,False,False,46,Spo⁦nѕored,26.44817355072348,-109.40385397506977,0,peperomia hope,44,57,True,57,31.0,False
315342714564,"Peperomia Rosso albovittata, Piccolo Banda/Ivy Leaf Peperomia/Peperomia Piccolo",21.99,$21.99,False,5.95,+$5.95 delivery,False,False,False,bubbleblooms.shop,98.3,2500,98.3,False,0,0,False,False,False,False,True,False,False,False,False,False,False,False,United States,False,,False,False,False,False,47,Spo⁦nѕored,26.44817355072348,-109.40385397506977,0,peperomia hope,45,57,True,57,32.0,False
154499025551,Peperomia Frost,32.0,$32.00,False,22.55,+$22.55 delivery,False,False,False,mainelycoastalplants,0.0,3,,True,0,0,False,True,False,False,False,False,False,False,False,False,False,False,United States,False,,False,False,False,False,48,Spo⁦nѕored,26.44817355072348,-109.40385397506977,0,peperomia hope,46,57,True,57,33.0,False
315342719599,"Peperomia Puteolata, 4 inch, Stilt Peperomia, Parallel Peperomia",24.99,$24.99,False,5.95,+$5.95 delivery,False,False,False,bubbleblooms.shop,98.3,2500,98.3,False,0,0,False,False,False,False,True,False,False,False,False,False,False,False,United States,False,,False,False,False,False,49,Spo⁦nѕored,26.44817355072348,-109.40385397506977,0,peperomia hope,47,57,True,57,34.0,False
314667149280,"Peperomia Rosso albovittata, Piccolo Banda/Ivy Leaf Peperomia/Peperomia Piccolo",21.99,$21.99,False,5.95,+$5.95 delivery,False,False,False,bubbleblooms.shop,98.3,2500,98.3,False,0,0,False,True,False,False,True,False,False,False,False,False,False,False,United States,False,,False,False,False,False,50,Spo⁦nѕored,26.44817355072348,-109.40385397506977,0,peperomia hope,48,57,True,57,35.0,False
314667131150,"Peperomia Hope, 2 inch, Trailing Jade peperomia rotundifolia Tiny Mini Pixie Pla",17.99,$17.99,False,5.95,+$5.95 delivery,False,False,False,bubbleblooms.shop,98.3,2500,98.3,False,0,0,False,True,False,False,True,False,False,False,False,False,False,False,United States,False,,False,False,False,False,51,Spo⁦nѕored,26.44817355072348,-109.40385397506977,0,peperomia hope,49,57,True,57,36.0,False
154499042577,Peperomia Trinervula,32.0,$32.00,False,17.95,+$17.95 delivery,False,False,False,mainelycoastalplants,0.0,3,,True,0,0,False,True,False,False,False,False,False,False,False,False,False,False,United States,False,,False,False,False,False,52,Spo⁦nѕored,26.44817355072348,-109.40385397506977,0,peperomia hope,50,57,True,57,37.0,False
286226161486,"Peperomia Obtusifolia 'Obtipan Green', ""Fittonia, Firetail""",15.0,$15.00,False,,,,True,False,adsedd-0,0.0,0,,True,0,0,False,True,False,False,False,False,False,False,False,False,False,False,United States,False,,False,False,False,False,53,Spo⁦nѕored,26.44817355072348,-109.40385397506977,0,peperomia hope,51,57,True,57,38.0,False
375104880650,Peperomia Ginny - Peperomia Clusiifolia - Tricolor Peperomia (Piperaceae family),16.95,$16.95,False,8.75,+$8.75 delivery,False,False,False,nilsatropicalgarden,99.0,329,99.0,False,0,6,False,True,False,False,True,False,False,False,False,False,False,False,United States,False,,False,False,False,False,54,Spo⁦nѕored,26.44817355072348,-109.40385397506977,0,peperomia hope,52,57,True,57,39.0,False
376187750014,Peperomia Ginny - Peperomia Clusiifolia - Tricolor Peperomia (Piperaceae family,15.95,$15.95,False,8.75,+$8.75 delivery,False,False,False,nilsatropicalgarden,99.0,329,99.0,False,0,0,False,True,False,False,True,False,False,False,False,False,False,False,United States,False,,False,False,False,False,55,Spo⁦nѕored,26.44817355072348,-109.40385397506977,0,peperomia hope,53,57,True,57,40.0,False
168561788233,"1 Live 16"" - 24"" Long Vine Peperomia Hope Peperomia rotundifolia pecuniifolia",8.88,$8.88,False,10.11,+$10.11 delivery,False,False,False,nukemhi,99.1,2600,99.1,False,0,0,False,False,False,False,False,False,False,False,False,False,False,False,United States,False,,False,False,False,False,56,Spo⁦nѕored,26.44817355072348,-109.40385397506977,0,peperomia hope,54,57,True,57,41.0,False
128006476096,"Peperomia Hope Rare Variegated Live Plant Houseplant 4"" Pot",46.99,$46.99$78.99,False,0.0,Free delivery,True,False,False,nocturnalgardens,100.0,98,100.0,False,0,0,False,False,False,False,False,False,False,False,False,False,True,False,United States,False,,False,False,False,False,57,Spo⁦nѕored,26.44817355072348,-109.40385397506977,0,peperomia hope,55,57,True,57,42.0,False
377192318894,Peperomia Hope Live Plant - 4in Pot – Easy Care Plant for Bright Indirect Light,35.99,$35.99,False,7.08,+$7.08 delivery,False,False,False,hazel-9020,97.0,232,97.0,False,0,0,False,False,False,False,True,False,False,False,False,False,False,False,United States,False,,False,False,False,False,58,Spo⁦nѕored,26.44817355072348,-109.40385397506977,0,peperomia hope,56,57,True,57,43.0,False
204855131333,Pepperomia Hope,16.0,$16.00,False,10.2,+$10.20 delivery,False,False,False,freshyplants,85.3,1100,85.3,False,0,7,False,True,False,False,False,False,False,False,False,False,False,False,United States,False,,False,False,False,False,59,Spo⁦nѕored,26.44817355072348,-109.40385397506977,0,peperomia hope,57,57,True,57,44.0,False
185632530752,3 Cuttings Brazil Philodendron Brasil Heart,14.99,$14.99,False,0.0,Free delivery,True,False,False,succulentsandcactus,99.3,2400,99.3,False,0,0,False,False,False,False,False,False,False,False,False,False,False,False,United States,False,,False,False,False,False,3,Sponsоr⁩ed,-31.88046853474718,-37.4995101489979,0,philodendron brasil,1,120,True,169,1.0,False
366700343798,Philodendron Brasil Live Potted Tropical Broadleaf Climbing Green Yellow,17.0,$17.00,False,6.34,+$6.34 delivery,False,False,False,zonetenplants1,100.0,23,100.0,False,0,0,False,True,False,False,False,False,False,False,False,False,False,False,United States,False,,True,True,True,True,4,Spo⁨nsorеd,0.07542068556559411,11.575956194796996,261,philodendron brasil,2,120,True,169,,False
178167083631,Philodendron Brazil 3x Plant Cuttings - Rooting in Moss Cut from Mature Mom,5.99,$5.99,False,7.0,+$7.00 delivery,False,False,False,pikaplants,100.0,635,100.0,False,0,0,False,False,False,False,False,False,False,False,False,False,False,False,United States,False,,True,True,True,True,5,Spo⁨nsorеd,0.07542068556559411,11.575956194796996,261,philodendron brasil,3,120,True,169,,False
389006131747,Philodendron Brazil Rooted Cuttings (5) Beautiful Yellow Green Variation,8.99,$8.99,False,6.34,+$6.34 delivery,False,False,False,beckybackyard,100.0,75,100.0,False,0,6,False,True,False,False,True,False,True,False,False,False,False,False,United States,False,,True,True,True,True,6,Spo⁨nsorеd,0.07542068556559411,11.575956194796996,261,philodendron brasil,4,120,True,169,,False
198644566387,Philodendron Brasil Fresh 3 Unrooted Cuttings Live House Plant! 2 Nodes Per Cut,7.65,$7.65$9.00,False,6.07,+$6.07 delivery,False,False,False,vintagelife365,100.0,429,100.0,False,0,0,False,False,False,False,True,False,False,False,False,False,False,False,United States,False,,False,False,False,False,7,Sponsоr⁩ed,-31.88046853474718,-37.4995101489979,0,philodendron brasil,5,120,True,169,2.0,False
185632525804,"3 Cuttings Philodendron ‘Brasil’ Brazil Pothos, Sweetheart 3-5 Nodes Unrooted",14.99,$14.99,False,0.0,Free delivery,True,False,False,succulentsandcactus,99.3,2400,99.3,False,0,0,False,False,False,False,False,False,False,False,False,False,False,False,United States,False,,False,False,False,False,8,Sponsоr⁩ed,-31.88046853474718,-37.4995101489979,0,philodendron brasil,6,120,True,169,3.0,False
395259220011,"Philodendron Brasil Plant 4"" Pot stripe yellow Hederaceum vine Live Plant",4.99,$4.99,False,6.99,+$6.99 delivery,False,False,False,nnplant,97.1,4900,97.1,False,0,0,False,False,False,False,True,False,False,False,False,False,False,False,United States,False,,False,False,False,False,9,Sponsоr⁩ed,-31.88046853474718,-37.4995101489979,0,philodendron brasil,7,120,True,169,4.0,False
336767126175,3 Philodendron Brasil Cuttings - Cuttings: 3,9.99,$9.99,False,0.0,Free delivery,True,False,False,plants-zen,100.0,24,100.0,False,0,0,False,False,False,False,False,False,False,False,False,False,False,False,United States,False,,False,False,False,False,10,Sponsоr⁩ed,-31.88046853474718,-37.4995101489979,0,philodendron brasil,8,120,True,169,5.0,False
198681097379,Variegated Philodendron Brazil Heart - 2 cuttings,8.99,$8.99,False,5.0,+$5.00 delivery,False,False,False,jos.jungle,100.0,18,100.0,False,0,0,False,False,False,False,False,False,False,False,False,False,False,False,United States,False,,False,False,False,False,11,Sponsоr⁩ed,-31.88046853474718,-37.4995101489979,0,philodendron brasil,9,120,True,169,6.0,False
800469244681,"Brasil Philodendron Rooted Cutting, Live Plant, Easy Care, No Soil 5’’~",12.5,$12.50,False,0.0,Free delivery,True,False,False,mysocksfelloff,100.0,13,100.0,False,0,5,False,False,False,False,True,False,False,False,False,False,False,False,United States,False,,False,False,False,False,12,Sponsоr⁩ed,-31.88046853474718,-37.4995101489979,0,philodendron brasil,10,120,True,169,7.0,False
405460963816,"Philodendron Brazil, Philodendron Brasil, Rare LIVE Brasil in 4"" Pot",10.99,$10.99,False,10.11,+$10.11 delivery,False,False,False,wicatetfarm,100.0,87,100.0,False,0,27,False,True,False,False,True,False,False,False,False,False,False,False,United States,False,,False,False,False,False,13,Sponsоr⁩ed,-31.88046853474718,-37.4995101489979,0,philodendron brasil,11,120,True,169,8.0,False
137740610403,Philodendron Brasil XL Green Yellow Live Potted Houseplant Broadleaf Indoor,8.25,$8.25,False,10.15,+$10.15 delivery,False,False,False,theplantdeli,99.6,338,99.6,False,0,0,False,True,False,False,False,False,False,False,False,False,False,False,United States,False,,False,False,False,False,14,Sponsоr⁩ed,-31.88046853474718,-37.4995101489979,0,philodendron brasil,12,120,True,169,9.0,False
186270927734,Philodendron Brasil Live House Plant FREE Shipping In 6” Pot,69.99,$69.99,False,0.0,Free delivery,True,False,False,succulentsandcactus,99.3,2400,99.3,False,0,0,False,False,False,False,False,False,False,False,False,False,False,False,United States,False,,True,True,True,True,15,Spo⁨nsorеd,0.07542068556559411,11.575956194796996,261,philodendron brasil,13,120,True,169,,False
186181995620,Brazil Brasil Philodendron Cordatum - Brazilian Pothos - Heart Leaf -3 Cuttings,14.99,$14.99,False,0.0,Free delivery,True,False,False,succulentsandcactus,99.3,2400,99.3,False,0,48,False,False,False,False,False,False,False,False,False,False,False,False,United States,False,,True,True,True,True,16,Spo⁨nsorеd,0.07542068556559411,11.575956194796996,261,philodendron brasil,14,120,True,169,,False
188607787440,"Philodendron Cordatum Brazil Vining Houseplant, 4” Pot",14.95,$14.95,False,6.95,+$6.95 delivery,False,False,False,coastaltill1,99.4,25600,99.4,False,0,0,False,False,False,False,False,True,False,False,False,False,False,False,United States,False,,True,True,True,True,17,Spo⁨nsorеd,0.07542068556559411,11.575956194796996,261,philodendron brasil,15,120,True,169,,False
317765599064,"Philodendron Brasil Heartleaf Hanging Live Indoor Plant, Easy Care Houseplant in",26.76,$26.76,False,0.0,Free delivery,True,False,False,ereekstei0,99.8,2400,99.8,False,0,7,False,False,False,True,False,False,True,False,False,False,False,False,United States,False,,True,True,True,True,18,Spo⁨nsorеd,0.07542068556559411,11.575956194796996,261,philodendron brasil,16,120,True,169,,False
158285682603,Live Variegated Philodendron Brasil Plant – Easy Care Trailing Houseplant,8.0,$8.00,False,9.54,+$9.54 delivery,False,False,False,romax_96,100.0,460,100.0,False,0,6,False,False,False,False,True,False,False,False,False,False,False,False,United States,False,,False,False,False,False,19,Sponsоr⁩ed,-31.88046853474718,-37.4995101489979,0,philodendron brasil,17,120,True,169,10.0,False
185632531365,Philodendron Brasil 3 Unrooted Cuttings Live House Plant,14.99,$14.99,False,0.0,Free delivery,True,False,False,succulentsandcactus,99.3,2400,99.3,False,0,80,False,False,False,False,False,False,False,False,False,False,False,False,United States,False,,False,False,False,False,20,Sponsоr⁩ed,-31.88046853474718,-37.4995101489979,0,philodendron brasil,18,120,True,169,11.0,False
800148775762,Philodendron Brasil Baby Plant,8.0,$8.00,False,5.68,+$5.68 delivery in 2-4 days,False,False,True,momogarden,100.0,100,100.0,False,0,0,False,False,False,False,False,False,False,False,False,False,False,False,United States,False,,False,False,False,False,21,Sponsоr⁩ed,-31.88046853474718,-37.4995101489979,0,philodendron brasil,19,120,True,169,12.0,False
185632524642,Philodendron Brasil Fresh 3 Unrooted Cuttings Live House Plant! EASY TO GROW!,14.99,$14.99,False,0.0,Free delivery,True,False,False,succulentsandcactus,99.3,2400,99.3,False,0,30,False,False,False,False,False,False,False,False,False,False,False,False,United States,False,,False,False,False,False,22,Sponsоr⁩ed,-31.88046853474718,-37.4995101489979,0,philodendron brasil,20,120,True,169,13.0,False
287600676364,3 Philodendron Brasil Heartleaf Cuttings plus something extra included,13.99,$13.99,False,0.0,Free delivery,True,False,False,plants_42,100.0,147,100.0,False,0,0,False,False,False,False,False,False,False,False,False,False,False,False,United States,False,,False,False,False,False,23,Sponsоr⁩ed,-31.88046853474718,-37.4995101489979,0,philodendron brasil,21,120,True,169,14.0,False
397982407634,"Philodendron hederaceum Brasil Lemon lime Stripe vine 4"" pot Live plant",4.99,$4.99,False,6.99,+$6.99 delivery,False,False,False,nnplant,97.1,4900,97.1,False,0,0,False,False,False,False,False,False,False,False,False,False,False,False,United States,False,,False,False,False,False,24,Sponsоr⁩ed,-31.88046853474718,-37.4995101489979,0,philodendron brasil,22,120,True,169,15.0,False
168537976863,Philodendron 'Brasil',13.99,$13.99,False,10.79,+$10.79 delivery,False,False,False,snakerootbotanicals,98.3,57,98.3,False,0,0,False,False,False,False,False,False,False,False,False,False,False,False,United States,False,,False,False,False,False,25,Sponsоr⁩ed,-31.88046853474718,-37.4995101489979,0,philodendron brasil,23,120,True,169,16.0,False
125784049676,Philodendron Brasil 2~3 Cuttings w/ Total 3 Leaves Indoor House Plant,6.99,$6.99,False,6.34,+$6.34 delivery,False,False,False,deason-spares,100.0,643,100.0,False,0,16,False,False,False,False,False,False,False,False,False,False,False,False,United States,False,,False,False,False,False,26,Sponsоr⁩ed,-31.88046853474718,-37.4995101489979,0,philodendron brasil,24,120,True,169,17.0,False
147607945282,"Philodendron Brasil Variegated Green Yellow Fully Rooted Plant, Pot Not Included",8.88,$8.88,False,6.8,+$6.80 delivery,False,False,False,melangez,98.5,219,98.5,False,0,0,False,False,False,False,False,False,False,False,False,False,False,False,United States,False,,False,False,False,False,27,Sponsоr⁩ed,-31.88046853474718,-37.4995101489979,0,philodendron brasil,25,120,True,169,18.0,False
267800227913,Philodendron Brazil cuttings (5),7.0,$7.00,False,7.0,+$7.00 delivery,False,False,False,chinabitbitsgarden,100.0,870,100.0,False,0,0,False,False,False,False,False,False,False,False,False,False,False,False,United States,False,,False,False,False,False,28,Sponsоr⁩ed,-31.88046853474718,-37.4995101489979,0,philodendron brasil,26,120,True,169,19.0,False
298679652027,Philodendron Brasil Plant Live Plant Houseplant Exact Plant 2.5 inch,5.99,$5.99,False,6.0,+$6.00 delivery,False,False,False,scaroidjungle,99.0,402,99.0,False,0,0,False,False,False,False,False,False,False,False,False,False,False,False,United States,False,,False,False,False,False,29,Sponsоr⁩ed,-31.88046853474718,-37.4995101489979,0,philodendron brasil,27,120,True,169,20.0,False
128017063867,"PHILODENDRON RECURVIFOLIUM, Beautiful Leaf, Red Margin, Brazilian Aroid Plant!!!",17.99,$17.99,False,12.22,+$12.22 delivery,False,False,False,rskusd,100.0,2300,100.0,False,0,4,False,False,False,False,False,False,False,False,False,False,False,False,United States,False,,False,False,False,False,30,Sponsоr⁩ed,-31.88046853474718,-37.4995101489979,0,philodendron brasil,28,120,True,169,21.0,False
128104560030,Set 2 Philodendron Brasil Plants - Variegated Heartleaf Houseplants - No ship CA,17.99,$17.99,False,13.35,+$13.35 delivery,False,False,False,dimensionalprint,98.0,806,98.0,False,0,0,False,False,False,False,True,False,False,False,False,False,False,False,United States,False,,True,True,True,True,31,Spo⁨nsorеd,0.07542068556559411,11.575956194796996,261,philodendron brasil,29,120,True,169,,False
405298319317,"Plant Bundle Neon ,golden ,and N Joy Potho And Philo Brazil 4inch",32.0,$32.00,False,6.4,+$6.40 delivery,False,False,False,vmcplants,100.0,77,100.0,False,0,4,False,False,False,False,False,False,True,False,False,False,False,False,United States,False,,True,True,True,True,32,Spo⁨nsorеd,0.07542068556559411,11.575956194796996,261,philodendron brasil,30,120,True,169,,False
286787250827,Rooted Brazil Philodendron houseplants for balcony home decoration,23.99,$23.99,False,10.0,+$10.00 delivery,False,False,False,uniquehomemart,93.8,51,93.8,False,0,0,False,True,False,False,True,False,False,False,False,False,False,False,United States,False,,True,True,True,True,33,Spo⁨nsorеd,0.07542068556559411,11.575956194796996,261,philodendron brasil,31,120,True,169,,False
287585245908,"Live Philodendron Brasil- 3"" Pot,Beautiful Variegated Trailing Houseplant Vine",11.99,$11.99,False,7.09,+$7.09 delivery,False,False,False,sustyshop,100.0,256,100.0,False,0,0,False,True,False,False,False,False,False,False,False,False,False,False,United States,False,,True,True,True,True,34,Spo⁨nsorеd,0.07542068556559411,11.575956194796996,261,philodendron brasil,32,120,True,169,,False
334572160557,"(6) Philodendron Cutting Bundle! 2 Neon Philo, 2 Green Philo, & 2 Brasil Philo",10.0,$10.00,False,9.7,+$9.70 delivery,False,False,False,monicos_garden,100.0,431,100.0,False,0,0,False,False,False,False,False,False,False,False,False,False,False,False,United States,False,,False,False,False,False,35,Sponsоr⁩ed,-31.88046853474718,-37.4995101489979,0,philodendron brasil,33,120,True,169,22.0,False
257353289112,"Philodendron Brasil 3” Pot Starter, Live Rooted Indoor Houseplant",5.99,$5.99 to $16.99,True,8.27,+$8.27 delivery,False,False,False,abdullahalazam,99.1,410,99.1,False,0,0,False,False,False,False,True,False,False,False,False,False,False,False,United States,False,,False,False,False,False,36,Sponsоr⁩ed,-31.88046853474718,-37.4995101489979,0,philodendron brasil,34,120,True,169,23.0,False
396989341440,"Brazil Philodendron Brasil Heart stripe Neon Yellow Live plant 4"" pot",4.99,$4.99,False,6.99,+$6.99 delivery,False,False,False,nnplant,97.1,4900,97.1,False,0,0,False,False,False,False,True,False,False,False,False,False,False,False,United States,False,,False,False,False,False,37,Sponsоr⁩ed,-31.88046853474718,-37.4995101489979,0,philodendron brasil,35,120,True,169,24.0,False
318110856070,"Brasil Philodendron Unrooted Cutting || High Varigation, Varigated Rare",1.05,$1.05,False,7.05,+$7.05 delivery,False,False,False,alicidutro_0,100.0,70,100.0,False,0,0,False,False,False,False,False,False,False,False,False,False,False,False,United States,False,,False,False,False,False,38,Sponsоr⁩ed,-31.88046853474718,-37.4995101489979,0,philodendron brasil,36,120,True,169,25.0,False
117347586764,"🌿 Philodendron ‘Brasil’ 4"" Pot 🌿",15.99,$15.99,False,8.16,+$8.16 delivery,False,False,False,sandrus_zuodl,100.0,164,100.0,False,0,0,False,False,False,False,True,False,False,False,False,False,False,False,United States,False,,False,False,False,False,39,Sponsоr⁩ed,-31.88046853474718,-37.4995101489979,0,philodendron brasil,37,120,True,169,26.0,False
257774157283,"Philodendron hastatum Plant in 4"" Pot 16"" Tall 11"" Wide",19.99,$19.99,False,13.35,+$13.35 delivery,False,False,False,flsunnybargains,99.9,4900,99.9,False,0,0,False,False,True,False,False,False,False,False,False,False,False,False,United States,False,,False,False,False,False,40,Sponsоr⁩ed,-31.88046853474718,-37.4995101489979,0,philodendron brasil,38,120,True,169,27.0,False
286816529765,BRAZILIAN Pothos Hederaceum BRASIL BRAZIL Cordatum Plant Variegated Cutting,11.99,$11.99,False,0.0,Free delivery,True,False,False,maiksylvia,99.8,8900,99.8,False,0,0,False,False,False,False,True,False,False,False,False,False,False,False,United States,False,,True,True,True,True,41,Spo⁨nsorеd,0.07542068556559411,11.575956194796996,261,philodendron brasil,39,120,True,169,,False
406157326858,Philodendron Brasil – Rooted Trailing Houseplant | Easy Care Indoor Vine Plant,10.0,$10.00,False,8.0,+$8.00 delivery,False,False,False,twilighttropics,100.0,55,100.0,False,0,0,False,True,False,False,False,False,False,False,False,False,False,False,United States,False,,True,True,True,True,42,Spo⁨nsorеd,0.07542068556559411,11.575956194796996,261,philodendron brasil,40,120,True,169,,False
397903799288,Philodendron Brasil Cuttings,6.0,$6.00,False,5.99,+$5.99 delivery,False,False,False,realnmtumbleweeds,0.0,0,,True,0,0,False,False,False,False,False,False,False,False,False,False,False,False,United States,False,,False,False,False,False,43,Sponsоr⁩ed,-31.88046853474718,-37.4995101489979,0,philodendron brasil,41,120,True,169,28.0,False
358434583557,"Philodendron Brasil Heartleaf Hanging Live Indoor Plant, Easy Care Houseplant in",31.35,$31.35,False,0.0,Free delivery,True,False,False,pg71-91,99.5,2300,99.5,False,0,4,False,False,False,True,False,False,True,False,False,False,False,False,United States,False,,False,False,False,False,44,Sponsоr⁩ed,-31.88046853474718,-37.4995101489979,0,philodendron brasil,42,120,True,169,29.0,False
377485291555,Philodendron Brasil Live Plant,69.0,$69.00,False,5.68,+$5.68 delivery,False,False,False,richa-281094,0.0,0,,True,0,0,False,False,False,False,False,False,False,False,False,False,False,False,United States,False,,False,False,False,False,45,Sponsоr⁩ed,-31.88046853474718,-37.4995101489979,0,philodendron brasil,43,120,True,169,30.0,False
307204141854,"Philodendron Brasil Plant 4"" Pot Yellow Striped Hederaceum Vine Live Plant",9.99,$9.99,False,6.82,+$6.82 delivery,False,False,False,moss.market,99.7,3200,99.7,False,0,0,False,True,False,False,False,False,False,False,False,False,False,False,United States,False,,False,False,False,False,46,Sponsоr⁩ed,-31.88046853474718,-37.4995101489979,0,philodendron brasil,44,120,True,169,31.0,False
227491433684,Variegated Philodendron Brasil (Philodendron hederaceum 'Brasil'),11.99,$11.99,False,7.99,+$7.99 delivery,False,False,False,matneyfarms,100.0,230,100.0,False,0,0,False,False,False,False,False,False,False,False,False,False,False,False,United States,False,,False,False,False,False,47,Sponsоr⁩ed,-31.88046853474718,-37.4995101489979,0,philodendron brasil,45,120,True,169,32.0,False
168578976257,Philodendron Brasil 6 in Live Houseplant | Variegated Heartleaf Philodendron,18.99,$18.99,False,6.99,+$6.99 delivery,False,False,False,riversidegreenhouses,100.0,4,100.0,False,0,0,False,False,False,False,False,False,False,False,False,False,False,False,United States,False,,False,False,False,False,48,Sponsоr⁩ed,-31.88046853474718,-37.4995101489979,0,philodendron brasil,46,120,True,169,33.0,True
294195269643,Brazil Brasil Philodendron Cordatum - Brazilian Pothos - Heart Leaf,6.5,$6.50,False,6.8,+$6.80 delivery,False,False,False,faetedgarden,98.7,4400,98.7,False,40,0,False,False,False,False,False,False,False,False,False,False,False,False,United States,False,,False,False,False,False,49,Sponsоr⁩ed,-31.88046853474718,-37.4995101489979,0,philodendron brasil,47,120,True,169,34.0,False
318842563690,Philodendron Brasil Live Live Plants (2-Pack) | Partial Shade,42.98,$42.98,False,0.0,Free delivery,True,False,False,augustastore1,97.2,34,97.2,False,0,0,False,False,False,False,False,False,False,False,False,False,False,False,United States,False,,False,False,False,False,50,Sponsоr⁩ed,-31.88046853474718,-37.4995101489979,0,philodendron brasil,48,120,True,169,35.0,False
366655658275,"Philodendron Mix Live Plants, 2-Pack - Partial Shade, Houseplant",44.98,$44.98,False,0.0,Free delivery,True,False,False,chau-4790,100.0,5,100.0,False,0,0,False,False,False,False,False,False,False,False,False,False,False,False,United States,False,,False,False,False,False,51,Sponsоr⁩ed,-31.88046853474718,-37.4995101489979,0,philodendron brasil,49,120,True,169,36.0,False
366694076389,Philodendron Brasil Live Plant Starter Variegated Houseplant,25.99,$25.99,False,16.34,+$16.34 delivery,False,False,False,kri232696,100.0,12,100.0,False,0,0,False,True,False,False,False,False,False,False,False,False,False,False,United States,False,,False,False,False,False,52,Sponsоr⁩ed,-31.88046853474718,-37.4995101489979,0,philodendron brasil,50,120,True,169,37.0,False
188907578813,"RARE BRAZIL BRASIL PHILODENDRON VINE LIVE PLANT IN 4"" POT ~ CLEAN AIR PURIFIER",6.99,$6.99,False,8.9,+$8.90 delivery,False,False,False,anniestore2010,97.8,21100,97.8,False,0,0,False,True,False,False,True,False,False,False,False,False,False,False,United States,False,,False,False,False,False,53,Sponsоr⁩ed,-31.88046853474718,-37.4995101489979,0,philodendron brasil,51,120,True,169,38.0,False
198382416501,Philodendron Brasil Variegated Green Yellow 3 node cuttings for $8,8.0,$8.00,False,12.2,+$12.20 delivery,False,False,False,bigfootnursery,97.1,482,97.1,False,0,0,False,False,False,False,False,False,False,False,False,False,False,False,United States,False,,False,False,False,False,54,Sponsоr⁩ed,-31.88046853474718,-37.4995101489979,0,philodendron brasil,52,120,True,169,39.0,False
394398775239,philodendron brasil,8.0,$8.00,False,5.99,+$5.99 delivery,False,False,False,kunjmat_42,96.8,696,96.8,False,0,0,False,False,False,False,False,False,False,False,False,False,False,False,United States,False,,False,False,False,False,55,Sponsоr⁩ed,-31.88046853474718,-37.4995101489979,0,philodendron brasil,53,120,True,169,40.0,False
366655658285,"Philodendron Brasil Live Plants, 3-Pack - Partial Shade, Houseplant",54.98,$54.98,False,0.0,Free delivery,True,False,False,chau-4790,100.0,5,100.0,False,0,0,False,False,False,False,False,False,False,False,False,False,False,False,United States,False,,False,False,False,False,56,Sponsоr⁩ed,-31.88046853474718,-37.4995101489979,0,philodendron brasil,54,120,True,169,41.0,False
318842567913,Philodendron Brasil Live Live Plants (4-Pack) | Partial Shade,64.98,$64.98,False,0.0,Free delivery,True,False,False,augustastore1,97.2,34,97.2,False,0,0,False,False,False,False,False,False,False,False,False,False,False,False,United States,False,,False,False,False,False,57,Sponsоr⁩ed,-31.88046853474718,-37.4995101489979,0,philodendron brasil,55,120,True,169,42.0,False
257693222417,Philodendron Brasil Fresh 3 Unrooted Cuttings Live House Plant! EASY TO GROW!,7.75,$7.75,False,5.93,+$5.93 delivery,False,False,False,giftsemporium,94.5,961,94.5,False,0,0,False,False,False,False,True,False,False,False,False,False,False,False,United States,False,,False,False,False,False,58,Sponsоr⁩ed,-31.88046853474718,-37.4995101489979,0,philodendron brasil,56,120,True,169,43.0,False
366655658289,"Philodendron Brasil Live Live Plants, 4-Pack - Partial Shade, Houseplant",64.98,$64.98,False,0.0,Free delivery,True,False,False,chau-4790,100.0,5,100.0,False,0,0,False,False,False,False,False,False,False,False,False,False,False,False,United States,False,,False,False,False,False,59,Sponsоr⁩ed,-31.88046853474718,-37.4995101489979,0,philodendron brasil,57,120,True,169,44.0,False
278372379115,"Philodendron Brazil 2, 12 Inch Cuttings Yellow Green Variation",8.99,$8.99,False,6.34,+$6.34 delivery,False,False,False,shylasgarden,100.0,1000,100.0,False,0,0,False,False,False,True,False,False,False,False,False,False,False,False,United States,False,,False,False,False,False,60,Sponsоr⁩ed,-31.88046853474718,-37.4995101489979,0,philodendron brasil,58,120,True,169,45.0,False
366655658261,"Philodendron Brasil Live Live Plant - Partial Shade, Houseplant",29.98,$29.98,False,0.0,Free delivery,True,False,False,chau-4790,100.0,5,100.0,False,0,0,False,False,False,False,False,False,False,False,False,False,False,False,United States,False,,False,False,False,False,61,Sponsоr⁩ed,-31.88046853474718,-37.4995101489979,0,philodendron brasil,59,120,True,169,46.0,False
366655658273,"Philodendron Brasil Live Live Plants, 2-Pack - Partial Shade, Houseplant",42.98,$42.98,False,0.0,Free delivery,True,False,False,chau-4790,100.0,5,100.0,False,0,0,False,False,False,False,False,False,False,False,False,False,False,False,United States,False,,False,False,False,False,62,Sponsоr⁩ed,-31.88046853474718,-37.4995101489979,0,philodendron brasil,60,120,True,169,47.0,False
366601464084,"3 Cuttings Philodendron ‘Brasil’ Brazil Pothos, Sweetheart 3-5 Nodes Unrooted",15.0,$15.00,False,10.15,+$10.15 delivery,False,False,False,racheic0,100.0,50,100.0,False,0,0,False,True,False,False,False,False,False,False,False,False,False,False,United States,False,,False,False,False,False,63,Sponsоr⁩ed,-31.88046853474718,-37.4995101489979,0,philodendron brasil,61,120,True,169,48.0,False
336804265094,"Large Philodendron Brasil Live Variegated Heartleaf Trailing Plant 6"" plastc Pot",75.0,$75.00,False,25.0,+$25.00 delivery,False,False,False,plantieshoppe,100.0,1,100.0,False,0,0,False,False,False,False,False,False,False,False,False,False,False,False,United States,False,,False,False,False,False,64,Sponsоr⁩ed,-31.88046853474718,-37.4995101489979,0,philodendron brasil,62,120,True,169,49.0,False
318842552330,"Philodendron Brasil Live Live Plant | Partial Shade, Houseplant for Indoor",29.98,$29.98,False,0.0,Free delivery,True,False,False,augustastore1,97.2,34,97.2,False,0,0,False,False,False,False,False,False,False,False,False,False,False,False,United States,False,,False,False,False,False,65,Sponsоr⁩ed,-31.88046853474718,-37.4995101489979,0,philodendron brasil,63,120,True,169,50.0,False
355782244437,"Brasil Philodendron Rooted Cutting, Live Plant, Easy Care, Natural Decor Plant",5.99,$5.99,False,5.99,+$5.99 delivery,False,False,False,blackfitgardeners,97.5,407,97.5,False,0,17,False,True,False,False,True,False,False,False,False,False,False,False,United States,False,,False,False,False,False,66,Sponsоr⁩ed,-31.88046853474718,-37.4995101489979,0,philodendron brasil,64,120,True,169,51.0,False
404816504161,"Philodendron Brazil, LIVE Brasil in 4"" Pot Easy Maintenance Tropical Plant",14.99,$14.99,False,7.14,+$7.14 delivery,False,False,False,vmcplants,100.0,77,100.0,False,0,13,False,True,False,False,True,False,False,False,False,False,False,False,United States,False,,False,False,False,False,67,Sponsоr⁩ed,-31.88046853474718,-37.4995101489979,0,philodendron brasil,65,120,True,169,52.0,False
188830101356,"Philodendron Cordatum Neon Vining Houseplant, 4” Pot",14.95,$14.95,False,6.95,+$6.95 delivery,False,False,False,coastaltill1,99.4,25600,99.4,False,0,0,False,False,False,False,False,True,False,False,False,False,False,False,United States,False,,False,False,False,False,68,Sponsоr⁩ed,-31.88046853474718,-37.4995101489979,0,philodendron brasil,66,120,True,169,53.0,False
318842565284,"Philodendron Brasil Live Plants (3-Pack) | Partial Shade, Houseplant for Indoor",54.98,$54.98,False,0.0,Free delivery,True,False,False,augustastore1,97.2,34,97.2,False,0,0,False,False,False,False,False,False,False,False,False,False,False,False,United States,False,,False,False,False,False,69,Sponsоr⁩ed,-31.88046853474718,-37.4995101489979,0,philodendron brasil,67,120,True,169,54.0,False
285465538272,BRAZILIAN Pothos Hederaceum BRASIL BRAZIL Cordatum Live Plant Variegated Rooted,8.99,$8.99,False,7.9,+$7.90 delivery,False,False,False,maiksylvia,99.8,8900,99.8,False,0,24,False,False,False,False,True,False,False,False,False,False,False,False,United States,False,,False,False,False,False,70,Sponsоr⁩ed,-31.88046853474718,-37.4995101489979,0,philodendron brasil,68,120,True,169,55.0,False
185632532788,Variegated Green & Yellow Brazil Philodendron Starter Plant 3 Cuttings,11.99,$11.99,False,0.0,Free delivery,True,False,False,succulentsandcactus,99.3,2400,99.3,False,0,34,False,False,False,False,False,False,False,False,False,False,False,False,United States,False,,False,False,False,False,71,Sponsоr⁩ed,-31.88046853474718,-37.4995101489979,0,philodendron brasil,69,120,True,169,56.0,False
318505953694,Philodendron Spiritus Sancti 2 Inch Pot Starter Plant [Non Exact],19.99,$19.99,False,8.99,+$8.99 delivery,False,False,False,alexsexotics,100.0,25,100.0,False,0,16,False,False,False,False,False,False,False,False,False,False,False,False,United States,False,,False,False,False,False,72,Sponsоr⁩ed,-31.88046853474718,-37.4995101489979,0,philodendron brasil,70,120,True,169,57.0,False
257480747534,Philodendron Billietiae Variegated,127.99,$127.99 to $255.99$159.99,True,14.99,+$14.99 delivery,False,False,False,greenvue,98.0,13400,98.0,False,0,0,False,False,False,False,False,False,False,False,False,False,False,False,United States,False,,False,False,False,False,73,Sponsоr⁩ed,-31.88046853474718,-37.4995101489979,0,philodendron brasil,71,120,True,169,58.0,False
124892028036,Philodendron Combo 6 Cuttings Indoor House Plant - 3 Micans 3 Brasil,14.99,$14.99,False,6.34,+$6.34 delivery,False,False,False,deason-spares,100.0,643,100.0,False,0,32,False,False,False,False,False,False,False,False,False,False,False,False,United States,False,,False,False,False,False,74,Sponsоr⁩ed,-31.88046853474718,-37.4995101489979,0,philodendron brasil,72,120,True,169,59.0,False
318496764286,Philodendron Brasil Live Plant Well Rooted Vining Variegated Starter Plug,10.0,$10.00,False,7.05,+$7.05 delivery,False,False,False,suzysplants,0.0,0,,True,0,0,False,False,False,False,False,False,False,False,False,False,False,False,United States,False,,False,False,False,False,75,Sponsоr⁩ed,-31.88046853474718,-37.4995101489979,0,philodendron brasil,73,120,True,169,60.0,False
168748568753,"Brasil' Philodendron Hanging Basket, 6"" Pot, Heart Leaf Live Plant by Plants",46.8,$46.80,False,0.0,Free delivery,True,False,False,se_school_seasonal,99.1,4400,99.1,False,0,0,False,False,False,True,False,True,False,False,False,False,False,False,United States,False,,False,False,False,False,76,Sponsоr⁩ed,-31.88046853474718,-37.4995101489979,0,philodendron brasil,74,120,True,169,61.0,False
257755202005,"Plant Cuttings Set of 10, Indoor Outdoor House Plant Cuttings, Live Plants",27.99,$27.99,False,0.0,Free delivery,True,False,False,abdullahalazam,99.1,410,99.1,False,0,0,False,True,False,False,False,False,False,False,False,False,False,False,United States,False,,False,False,False,False,77,Sponsоr⁩ed,-31.88046853474718,-37.4995101489979,0,philodendron brasil,75,120,True,169,62.0,False
124923044992,Philodendron Combo 6 Cuttings Indoor House Plant 2 Micans 2 Brasil 2 Green,14.99,$14.99,False,6.34,+$6.34 delivery,False,False,False,deason-spares,100.0,643,100.0,False,0,35,False,False,False,False,False,False,False,False,False,False,False,False,United States,False,,False,False,False,False,78,Sponsоr⁩ed,-31.88046853474718,-37.4995101489979,0,philodendron brasil,76,120,True,169,63.0,False
318842564412,"Philodendron Mix Live Plants (2-Pack) | Partial Shade, Houseplant for Indoor",44.98,$44.98,False,0.0,Free delivery,True,False,False,augustastore1,97.2,34,97.2,False,0,0,False,False,False,False,False,False,False,False,False,False,False,False,United States,False,,False,False,False,False,79,Sponsоr⁩ed,-31.88046853474718,-37.4995101489979,0,philodendron brasil,77,120,True,169,64.0,False
186276648936,Philodendron Brasil 6” Pot rooted Cuttings Live House Plant FREE Shipping,69.99,$69.99,False,0.0,Free delivery,True,False,False,succulentsandcactus,99.3,2400,99.3,False,0,0,False,False,False,False,False,False,False,False,False,False,False,False,United States,False,,False,False,False,False,80,Sponsоr⁩ed,-31.88046853474718,-37.4995101489979,0,philodendron brasil,78,120,True,169,65.0,False
267274674833,Philadendron Brazil + Heartleaf Philadendron + Marble Queen Pothos Cuttings,15.0,$15.00,False,0.75,+$0.75 delivery,False,False,False,flower-fan,99.9,3800,99.9,False,0,4,False,False,False,False,False,False,False,False,False,False,False,False,United States,False,,False,False,False,False,81,Sponsоr⁩ed,-31.88046853474718,-37.4995101489979,0,philodendron brasil,79,120,True,169,66.0,False
398368327486,2 Live Philodendron Brasil Plants - Heartleaf Houseplants - Tropical Foliage,21.99,$21.99,False,13.35,+$13.35 delivery,False,False,False,brit1799,99.2,535,99.2,False,0,0,False,False,False,False,True,False,False,False,False,False,False,False,United States,False,,False,False,False,False,82,Sponsоr⁩ed,-31.88046853474718,-37.4995101489979,0,philodendron brasil,80,120,True,169,67.0,False
267274666957,Philadendron Brazil + Heartleaf Philadendron Cuttings Combo Unrooted for Rooting,12.0,$12.00,False,0.75,+$0.75 delivery,False,False,False,flower-fan,99.9,3800,99.9,False,0,0,False,False,False,False,True,False,False,False,False,False,False,False,United States,False,,False,False,False,False,83,Sponsоr⁩ed,-31.88046853474718,-37.4995101489979,0,philodendron brasil,81,120,True,169,68.0,False
189006159704,"Philodendron hederaceum Brasil Lemon lime Stripe vine 4"" pot Live plant",5.0,$5.00,False,7.22,+$7.22 delivery,False,False,False,kattrinas-hoya-house,100.0,5,100.0,False,0,0,False,False,True,False,False,False,False,False,False,False,False,False,United States,False,,False,False,False,False,84,Sponsоr⁩ed,-31.88046853474718,-37.4995101489979,0,philodendron brasil,82,120,True,169,69.0,False
226436173165,Brazilian Philodendron,15.0,$15.00,False,0.0,Free delivery,True,False,False,bluecrashfish,100.0,1000,100.0,False,0,0,False,False,False,True,False,False,False,False,False,False,False,False,United States,False,,False,False,False,False,85,Sponsоr⁩ed,-31.88046853474718,-37.4995101489979,0,philodendron brasil,83,120,True,169,70.0,False
257058519904,philodendron Brasil - 3 Rooted Cuttings - House Plant -Vine Plant - Heart Leaf,9.99,$9.99,False,13.65,+$13.65 delivery,False,False,False,mairim55563,100.0,281,100.0,False,0,0,False,False,False,False,False,False,False,False,False,False,False,False,United States,False,,False,False,False,False,86,Sponsоr⁩ed,-31.88046853474718,-37.4995101489979,0,philodendron brasil,84,120,True,169,71.0,False
314231048152,Green & Gold Variegated Brasil Philodendron Starter Plant,5.69,$5.69,False,4.99,+$4.99 delivery,False,False,False,thegard1,100.0,559,100.0,False,0,8,False,False,False,False,False,False,False,False,False,False,False,False,United States,False,,False,False,False,False,87,Sponsоr⁩ed,-31.88046853474718,-37.4995101489979,0,philodendron brasil,85,120,True,169,72.0,False
403928107319,"philodendron hederaceum bundle - Green, Brazil, Micans",15.0,$15.00,False,8.01,+$8.01 delivery in 2-4 days,False,False,True,orchidelights,96.6,185,96.6,False,0,0,False,False,False,False,True,False,False,False,False,False,False,False,United States,False,,False,False,False,False,88,Sponsоr⁩ed,-31.88046853474718,-37.4995101489979,0,philodendron brasil,86,120,True,169,73.0,False
227195687544,"Philodendron crassinervium Aroid cutting houseplant . Not Anthurium, Monstera.",40.0,$40.00,False,28.1,+$28.10 delivery,False,False,False,dirtslinger561,100.0,315,100.0,False,0,9,False,False,False,False,False,False,False,False,False,False,False,False,United States,False,,False,False,False,False,89,Sponsоr⁩ed,-31.88046853474718,-37.4995101489979,0,philodendron brasil,87,120,True,169,74.0,False
117302398210,Philodendron Silver Stripe,20.0,$20.00,False,12.0,+$12.00 delivery,False,False,False,your_plant_haven,99.4,1300,99.4,False,0,0,False,False,False,False,False,False,False,False,False,False,False,False,United States,False,,False,False,False,False,90,Sponsоr⁩ed,-31.88046853474718,-37.4995101489979,0,philodendron brasil,88,120,True,169,75.0,False
317442491420,Philodendron 'Silver Stripe' | Live Plant for Indoor & Outdoor,38.99,$38.99,False,9.8,+$9.80 delivery,False,False,False,ks_plants,100.0,68,100.0,False,0,0,False,False,False,False,False,False,False,False,False,False,False,False,United States,False,,False,False,False,False,91,Sponsоr⁩ed,-31.88046853474718,-37.4995101489979,0,philodendron brasil,89,120,True,169,76.0,False
398372646909,ROOTED Philodendron Brasil,66.0,$66.00,False,5.68,+$5.68 delivery,False,False,False,lynan731,0.0,0,,True,0,0,False,False,False,False,False,False,False,False,False,False,False,False,United States,False,,False,False,False,False,92,Sponsоr⁩ed,-31.88046853474718,-37.4995101489979,0,philodendron brasil,90,120,True,169,77.0,False
267783654330,live plant house hanging with roots cutting Philodendron Brasil,6.99,$6.99,False,13.48,+$13.48 delivery,False,False,False,uniquetreasures000,100.0,4800,100.0,False,0,0,False,False,False,False,False,False,False,False,False,False,False,False,United States,False,,False,False,False,False,93,Sponsоr⁩ed,-31.88046853474718,-37.4995101489979,0,philodendron brasil,91,120,True,169,78.0,False
354763906738,"Cordatum Philodendron Heartleaf Rooted Cutting, House Plant Decor Air Plant",5.99,$5.99,False,5.99,+$5.99 delivery,False,False,False,blackfitgardeners,97.5,407,97.5,False,0,0,False,True,False,False,True,False,False,False,False,False,False,False,United States,False,,False,False,False,False,94,Sponsоr⁩ed,-31.88046853474718,-37.4995101489979,0,philodendron brasil,92,120,True,169,79.0,False
306921189571,Philodendron Florida Green 3 Pack Live Tropical Climbing Indoor Houseplant,30.0,$30.00,False,0.0,Free delivery,True,False,False,mor-329450,98.4,183,98.4,False,0,5,False,True,False,False,False,False,False,False,False,False,False,False,United States,False,,False,False,False,False,95,Sponsоr⁩ed,-31.88046853474718,-37.4995101489979,0,philodendron brasil,93,120,True,169,80.0,False
128079075104,"Costa Farms Philodendron, Live Small (8-12 Inches Tall), Decorative Plant Pot",34.69,$34.69,False,0.0,Free delivery,True,False,False,bazaarstoree,100.0,119,100.0,False,0,0,False,False,False,True,False,False,False,False,False,False,False,False,United States,False,,False,False,False,False,96,Sponsоr⁩ed,-31.88046853474718,-37.4995101489979,0,philodendron brasil,94,120,True,169,81.0,False
389706225775,Philodendron Rio Green white Yellow Cutting Air Purifying Indoor/Outdoor,15.99,$15.99,False,9.52,+$9.52 delivery,False,False,False,mellly9-64,0.0,0,,True,0,0,False,True,False,False,False,False,False,False,False,False,False,False,United States,False,,False,False,False,False,97,Sponsоr⁩ed,-31.88046853474718,-37.4995101489979,0,philodendron brasil,95,120,True,169,82.0,False
227496525682,American Plant Exchange Philodendron Brasil 6-Inch Pot Chartruse Variegated,42.89,$42.89,False,0.0,Free delivery,True,False,False,leri_56,100.0,69,100.0,False,0,0,False,False,False,True,False,False,False,False,False,False,False,False,United States,False,,False,False,False,False,98,Sponsоr⁩ed,-31.88046853474718,-37.4995101489979,0,philodendron brasil,96,120,True,169,83.0,False
397756500953,"Philodendron Brasil Plant 6"" Pot stripe yellow Hederaceum vine Live Plant",9.99,$9.99,False,10.99,+$10.99 delivery,False,False,False,nnplant,97.1,4900,97.1,False,0,0,False,False,False,False,True,False,False,False,False,False,False,False,United States,False,,False,False,False,False,99,Sponsоr⁩ed,-31.88046853474718,-37.4995101489979,0,philodendron brasil,97,120,True,169,84.0,False
277006264947,"Large BRAZILIAN Pothos Hederaceum BRASIL BRAZIL Cordatum 8"" Hanging Pot",49.9,$49.90,False,0.0,Free delivery,True,False,False,maiksylvia,99.8,8900,99.8,False,0,0,False,False,False,False,False,False,False,False,False,False,False,False,United States,False,,False,False,False,False,100,Sponsоr⁩ed,-31.88046853474718,-37.4995101489979,0,philodendron brasil,98,120,True,169,85.0,False
317428650667,Philodendron 'Brasil' | Live Plant for Indoor & Outdoor,20.99,$20.99 to $61.99,True,9.8,+$9.80 delivery,False,False,False,ks_plants,100.0,68,100.0,False,0,0,False,False,False,False,False,False,False,False,False,False,False,False,United States,False,,False,False,False,False,101,Sponsоr⁩ed,-31.88046853474718,-37.4995101489979,0,philodendron brasil,99,120,True,169,86.0,False
196844234919,"Philodendron Hederaceum 'Brasil' Variegated Heartleaf Houseplant 4"" trailing pot",19.99,$19.99,False,13.48,+$13.48 delivery,False,False,False,jenaw336,92.9,139,92.9,False,0,0,False,True,False,False,False,False,False,False,False,False,False,False,United States,False,,False,False,False,False,102,Sponsоr⁩ed,-31.88046853474718,-37.4995101489979,0,philodendron brasil,100,120,True,169,87.0,False
336194291322,Rooted Philodendron Rio ● 5+ nodes per plant,6.0,$6.00,False,9.7,+$9.70 delivery,False,False,False,monicos_garden,100.0,431,100.0,False,0,7,False,False,False,False,False,False,False,False,False,False,False,False,United States,False,,False,False,False,False,103,Sponsоr⁩ed,-31.88046853474718,-37.4995101489979,0,philodendron brasil,101,120,True,169,88.0,False
206211018877,Green & Gold Variegated Brasil Philodendron Starter Plant Rooted BEAUTY Plus 🎁,12.95,$12.95,False,7.95,+$7.95 delivery,False,False,False,savv-7662,99.2,388,99.2,False,0,0,False,True,False,False,True,False,False,False,False,False,False,False,United States,False,,False,False,False,False,104,Sponsоr⁩ed,-31.88046853474718,-37.4995101489979,0,philodendron brasil,102,120,True,169,89.0,False
256021201963,"1ct Philodendron Brazil. 4"" pot",7.0,$7.00,False,6.47,+$6.47 delivery,False,False,False,rikyroad,100.0,93,100.0,False,0,0,False,False,False,False,False,False,False,False,False,False,False,False,United States,False,,False,False,False,False,105,Sponsоr⁩ed,-31.88046853474718,-37.4995101489979,0,philodendron brasil,103,120,True,169,90.0,False
356454584702,"House Plant Variety Pack of 3, Golden Pothos, Algerian Ivy and Brasil Phil",8.99,$8.99,False,5.99,+$5.99 delivery,False,False,False,blackfitgardeners,97.5,407,97.5,False,0,0,False,True,False,False,True,False,False,False,False,False,False,False,United States,False,,False,False,False,False,106,Sponsоr⁩ed,-31.88046853474718,-37.4995101489979,0,philodendron brasil,104,120,True,169,91.0,False
195332780275,"FlowerPotNursery Brasil Philodendron Philodendron hederaceum Brasil 4"" Pot",11.98,$11.98,False,9.0,+$9.00 delivery,False,False,False,theflowerpotnursery,98.3,3800,98.3,False,0,0,False,False,False,False,False,False,False,False,False,False,False,False,United States,False,,False,False,False,False,107,Sponsоr⁩ed,-31.88046853474718,-37.4995101489979,0,philodendron brasil,105,120,True,169,92.0,False
227543635137,"Philodendron crassinervium Aroid potted houseplant . Not Anthurium, Monstera.",35.0,$35.00,False,22.55,+$22.55 delivery,False,False,False,dirtslinger561,100.0,315,100.0,False,0,0,False,False,False,False,False,False,False,False,False,False,False,False,United States,False,,False,False,False,False,108,Sponsоr⁩ed,-31.88046853474718,-37.4995101489979,0,philodendron brasil,106,120,True,169,93.0,False
315529539135,Philodendron Brazil | indoor or outdoor | rooted plant High Contact | seedling,8.0,$8.00,False,7.05,+$7.05 delivery,False,False,False,plantyhands,100.0,87,100.0,False,0,0,False,True,False,False,False,False,False,False,False,False,False,False,United States,False,,False,False,False,False,109,Sponsоr⁩ed,-31.88046853474718,-37.4995101489979,0,philodendron brasil,107,120,True,169,94.0,False
394479500103,philodendron brasil 4 inch pot,8.0,$8.00,False,5.99,+$5.99 delivery,False,False,False,kunjmat_42,96.8,696,96.8,False,0,0,False,False,False,False,False,False,False,False,False,False,False,False,United States,False,,False,False,False,False,110,Sponsоr⁩ed,-31.88046853474718,-37.4995101489979,0,philodendron brasil,108,120,True,169,95.0,False
278372494522,Neon Pothos Epipremnum Two 12 Inch Cuttings House Plant Hanging Basket,8.99,$8.99,False,6.34,+$6.34 delivery,False,False,False,shylasgarden,100.0,1000,100.0,False,0,0,False,False,False,True,False,False,False,False,False,False,False,False,United States,False,,False,False,False,False,111,Sponsоr⁩ed,-31.88046853474718,-37.4995101489979,0,philodendron brasil,109,120,True,169,96.0,False
153632336263,Philodendron Hederaceum 'BRASIL' Variegated Trailing Houseplant-4 cuttings,10.0,$10.00,False,10.2,+$10.20 delivery,False,False,False,palmsathyco,100.0,2400,100.0,False,38,0,False,False,False,False,True,False,False,False,False,False,False,False,United States,False,,False,False,False,False,112,Sponsоr⁩ed,-31.88046853474718,-37.4995101489979,0,philodendron brasil,110,120,True,169,97.0,False
204113635166,Philodendron Brazil 4”,12.0,$12.00,False,13.48,+$13.48 delivery,False,False,False,ellasgarden,100.0,438,100.0,False,0,0,False,False,False,False,False,False,False,False,False,False,False,False,United States,False,,False,False,False,False,113,Sponsоr⁩ed,-31.88046853474718,-37.4995101489979,0,philodendron brasil,111,120,True,169,98.0,False
305417766591,Brazil Brasil Philodendron 4 Cuttings Unrooted Single Leaf Single Node,6.99,$6.99,False,9.54,+$9.54 delivery,False,False,False,shanor39,0.0,1,,True,0,0,False,True,False,False,False,False,False,False,False,False,False,False,United States,False,,False,False,False,False,114,Sponsоr⁩ed,-31.88046853474718,-37.4995101489979,0,philodendron brasil,112,120,True,169,99.0,False
227097129517,Philodendron Brazil Live Plant 4-inch Pot,15.0,$15.00,False,34.6,+$34.60 delivery,False,False,False,asheleys,100.0,9,100.0,False,0,0,False,True,False,False,False,False,False,False,False,False,False,False,United States,False,,False,False,False,False,115,Sponsоr⁩ed,-31.88046853474718,-37.4995101489979,0,philodendron brasil,113,120,True,169,100.0,False
397907414908,"Philodendron ""Brasil;"" 2-3 inch planter",10.0,$10.00,False,11.51,+$11.51 delivery,False,False,False,redberryorchid,100.0,29,100.0,False,0,0,False,False,False,False,False,False,False,False,False,False,False,False,United States,False,,False,False,False,False,116,Sponsоr⁩ed,-31.88046853474718,-37.4995101489979,0,philodendron brasil,114,120,True,169,101.0,False
315772497680,BubbleBlooms Philodendron Brazil 4 inch Brazillian Pothos,21.99,$21.99,False,5.95,+$5.95 delivery,False,False,False,bubbleblooms.shop,98.3,2500,98.3,False,0,0,False,False,False,False,True,False,False,False,False,False,False,False,United States,False,,False,False,False,False,117,Sponsоr⁩ed,-31.88046853474718,-37.4995101489979,0,philodendron brasil,115,120,True,169,102.0,False
407235859089,Philodendron Brasil Hanging Basket-Live Plant in an 8 Inch Hanging Basket Housep,126.65,$126.65,False,0.0,Free delivery,True,False,False,the_internet_shop,99.5,6000,99.5,False,0,0,False,False,False,True,False,False,False,False,False,False,False,False,United States,False,,False,False,False,False,118,Sponsоr⁩ed,-31.88046853474718,-37.4995101489979,0,philodendron brasil,116,120,True,169,103.0,False
126149197497,Philodendron Scandens ‘BRAZIL (1) plant in 3” POT,25.7,$25.70,False,12.0,+$12.00 delivery,False,False,False,yahtasha,100.0,1200,100.0,False,0,0,False,False,False,False,False,False,False,False,False,False,False,False,United States,False,,False,False,False,False,119,Sponsоr⁩ed,-31.88046853474718,-37.4995101489979,0,philodendron brasil,117,120,True,169,104.0,False
374731311042,"Philodendron Brazil Leaf Live Plant Easy To Grow Purifies Air Indoor In 4"" Pot",40.95,$40.95,False,0.0,Free delivery,True,False,False,greeenlife,98.4,1600,98.4,False,0,0,False,True,False,False,False,False,False,False,False,False,False,False,United States,False,,False,False,False,False,120,Sponsоr⁩ed,-31.88046853474718,-37.4995101489979,0,philodendron brasil,118,120,True,169,105.0,False
286327034396,Rooted Indoor Plants Brasil Philodendron,21.5,$21.50,False,14.65,+$14.65 delivery,False,False,False,uniquehomemart,93.8,51,93.8,False,0,0,False,False,False,False,True,False,False,False,False,False,False,False,United States,False,,True,True,True,True,121,Spo⁨nsorеd,0.07542068556559411,11.575956194796996,261,philodendron brasil,119,120,True,169,,False
255663196210,Philodendron Brasil Live Plant Rooted & Potted Vine,16.99,$16.99,False,13.7,+$13.70 delivery,False,False,False,earthandparadisee,100.0,195,100.0,False,0,0,False,False,False,False,False,False,False,False,False,False,False,False,United States,False,,True,True,True,True,122,Spo⁨nsorеd,0.07542068556559411,11.575956194796996,261,philodendron brasil,120,120,True,169,,False
860002641382,"Pink Variegated Philodendron Bundle: Red Medusa, Micans, Hoya EXACT",64.35,$64.35$99.00,False,0.0,Free delivery,True,False,False,tinyturtlestropicals,100.0,8,100.0,False,0,0,False,False,False,False,False,False,False,False,False,False,False,False,United States,False,,False,False,False,False,3,Sp⁦onsоred,-37.9218948347713,-103.29878499704068,0,philodendron micans,1,111,True,111,1.0,False
860002692001,Pink Variegated Type 1 Gloriosum Albo Philodendron: NOT a Galaxy,194.35,$194.35$299.00,False,10.0,+$10.00 delivery,False,False,False,tinyturtlestropicals,100.0,8,100.0,False,0,0,False,False,False,False,False,False,False,False,False,False,False,False,United States,False,,True,True,True,True,4,Sрons؜ored,0.09376311712935603,11.536306582333355,261,philodendron micans,2,111,True,111,,False
314667130630,"Philodendron Micans Hederaceum, 4 inch, Heart-Leaf Philo, Sweetheart Plant",19.99,$19.99,False,5.95,+$5.95 delivery,False,False,False,bubbleblooms.shop,98.3,2500,98.3,False,0,0,False,True,False,False,True,False,False,False,False,False,False,False,United States,False,,True,True,True,True,5,Sрons؜ored,0.09376311712935603,11.536306582333355,261,philodendron micans,3,111,True,111,,False
314667168161,"Philodendron Micans, 6 inch, Velvet Leaf, Philo hederaceum, Sweetheart Plant",30.99,$30.99,False,5.95,+$5.95 delivery,False,False,False,bubbleblooms.shop,98.3,2500,98.3,False,0,0,False,False,False,False,True,False,False,False,False,False,False,False,United States,False,,True,True,True,True,6,Sрons؜ored,0.09376311712935603,11.536306582333355,261,philodendron micans,4,111,True,111,,False
326747809068,Philodendron Micans Live Plant in 2 Inch Pot,14.9,$14.90,False,0.0,Free delivery,True,False,False,czgrainllc,99.6,31400,99.6,False,0,0,False,False,False,False,False,False,False,False,False,False,False,False,United States,False,,False,False,False,False,7,Sp⁦onsоred,-37.9218948347713,-103.29878499704068,0,philodendron micans,5,111,True,111,2.0,False
860002732750,Philodendron Micans Variegated: mother plant entire pot 2 years established,116.35,$116.35$179.00,False,0.0,Free delivery,True,False,False,tinyturtlestropicals,100.0,8,100.0,False,0,0,False,False,False,False,False,False,False,False,False,False,False,False,United States,False,,False,False,False,False,8,Sp⁦onsоred,-37.9218948347713,-103.29878499704068,0,philodendron micans,6,111,True,111,3.0,False
820194890973,Rare Philodendron micans live potted plant- exact plant,18.49,$18.49,False,0.0,Free delivery,True,False,False,inkblotstickers,99.5,565,99.5,False,0,0,False,True,False,False,False,True,False,False,False,False,False,False,United States,False,,False,False,False,False,9,Sp⁦onsоred,-37.9218948347713,-103.29878499704068,0,philodendron micans,7,111,True,111,4.0,False
237030264957,"Philodendron Pink Mint Micans(Dusty Galaxy Pink Mint), Rooted , Exact, US Seller",57.0,$57.00,False,8.07,+$8.07 delivery in 2-4 days,False,False,True,plantspotsparadise,100.0,97,100.0,False,0,0,False,False,False,False,False,False,False,False,False,False,False,False,United States,False,,False,False,False,False,10,Sp⁦onsоred,-37.9218948347713,-103.29878499704068,0,philodendron micans,8,111,True,111,5.0,False
168754494251,"Rare Philodendron Multicolor Micans Ferrari 10"" Tall Aroid No Anthurium Monstera",54.0,$54.00$75.00,False,17.95,+$17.95 delivery,False,False,False,plantasha_creatives,99.7,1700,99.7,False,0,0,False,False,False,False,False,False,False,False,False,False,False,False,United States,False,,False,False,False,False,11,Sp⁦onsоred,-37.9218948347713,-103.29878499704068,0,philodendron micans,9,111,True,111,6.0,False
277059773805,"Philodendron Micans 4 Cuttings, Rare Plant, Velvet Leaf Green & Bronze",10.99,$10.99,False,4.99,+$4.99 delivery,False,False,False,kelrpitts,100.0,484,100.0,False,0,25,False,False,False,False,False,False,False,False,False,False,False,False,United States,False,,False,False,False,False,12,Sp⁦onsоred,-37.9218948347713,-103.29878499704068,0,philodendron micans,10,111,True,111,7.0,False
137801390971,Philodendron Micans Live Potted Houseplant Trailing Green/Red in Face Planter,20.0,$20.00,False,10.15,+$10.15 delivery,False,False,False,theplantdeli,99.6,338,99.6,False,0,0,False,True,False,False,False,False,False,False,False,False,False,False,United States,False,,False,False,False,False,13,Sp⁦onsоred,-37.9218948347713,-103.29878499704068,0,philodendron micans,11,111,True,111,8.0,False
237096131309,"Philodendron Pink Mint Micans(Dusty Galaxy Pink Mint), Rooted, Exact, US Seller",56.99,$56.99,False,8.07,+$8.07 delivery in 2-4 days,False,False,True,plantspotsparadise,100.0,97,100.0,False,0,0,False,False,False,False,False,False,False,False,False,False,False,False,United States,False,,False,False,False,False,14,Sp⁦onsоred,-37.9218948347713,-103.29878499704068,0,philodendron micans,12,111,True,111,9.0,False
318917579406,Philodendron Micans variegated True Pink Micans,125.0,$125.00,False,13.65,+$13.65 delivery,False,False,False,victoriababyfarms07,100.0,591,100.0,False,0,0,False,True,False,False,False,False,False,False,False,False,False,False,United States,False,,True,True,True,True,15,Sрons؜ored,0.09376311712935603,11.536306582333355,261,philodendron micans,13,111,True,111,,False
318694624788,Oreo Variegated Aurea Micans Philodendron Exact Plant,79.74,$79.74$88.60,False,13.65,+$13.65 delivery,False,False,False,victoriababyfarms07,100.0,591,100.0,False,0,0,False,True,False,False,False,False,False,False,False,False,False,False,United States,False,,True,True,True,True,16,Sрons؜ored,0.09376311712935603,11.536306582333355,261,philodendron micans,14,111,True,111,,False
318802630247,Variegated True Pink Micans Exact Starter Plant Philodendron,66.6,$66.60$74.00,False,13.65,+$13.65 delivery,False,False,False,victoriababyfarms07,100.0,591,100.0,False,0,0,False,True,False,False,False,False,False,False,False,False,True,False,United States,False,,True,True,True,True,17,Sрons؜ored,0.09376311712935603,11.536306582333355,261,philodendron micans,15,111,True,111,,False
307104595556,Rare Aroid Node Cuttings 🪴 Philodendron Epipremnum Monstera You Get 6 Types!,19.99,$19.99,False,5.8,+$5.80 delivery,False,False,False,moss.market,99.7,3200,99.7,False,0,18,False,True,False,False,False,False,True,False,False,False,False,False,United States,False,,True,True,True,True,18,Sрons؜ored,0.09376311712935603,11.536306582333355,261,philodendron micans,16,111,True,111,,False
820156995690,Variegated Philodendron Pink&Green Variegated Mint Micans,50.0,$50.00,False,7.05,+$7.05 delivery,False,False,False,danniialocasia410,100.0,28,100.0,False,0,0,False,True,False,False,False,False,False,False,False,False,False,False,United States,False,,False,False,False,False,19,Sp⁦onsоred,-37.9218948347713,-103.29878499704068,0,philodendron micans,17,111,True,111,10.0,False
137751562193,Philodendron Micans Large Potted Indoor Vining Houseplant Broadleaf Green/Red,12.5,$12.50,False,10.15,+$10.15 delivery,False,False,False,theplantdeli,99.6,338,99.6,False,0,0,False,True,False,False,False,False,False,False,False,False,True,False,United States,False,,False,False,False,False,20,Sp⁦onsоred,-37.9218948347713,-103.29878499704068,0,philodendron micans,18,111,True,111,11.0,False
318874918439,Philodendron micans Starter Plant 2 Inch Pot [Non Exact],7.99,$7.99,False,8.99,+$8.99 delivery,False,False,False,alexsexotics,100.0,25,100.0,False,0,0,False,False,False,False,False,False,False,False,False,False,False,False,United States,False,,False,False,False,False,21,Sp⁦onsоred,-37.9218948347713,-103.29878499704068,0,philodendron micans,19,111,True,111,12.0,False
285465559377,Philodendron Micans Live Plant 2 inch Pot Fully Rooted,8.9,$8.90,False,7.9,+$7.90 delivery,False,False,False,maiksylvia,99.8,8900,99.8,False,25,0,False,False,False,False,False,False,True,False,False,False,False,False,United States,False,,False,False,False,False,22,Sp⁦onsоred,-37.9218948347713,-103.29878499704068,0,philodendron micans,20,111,True,111,13.0,False
168724347690,"Rare Philodendron Pink Albo Micans 7"" Tall Aroid Not Anthurium Monstera",68.4,$68.40$95.00,False,17.95,+$17.95 delivery,False,False,False,plantasha_creatives,99.7,1700,99.7,False,0,0,False,False,False,False,False,False,False,False,False,False,False,False,United States,False,,False,False,False,False,23,Sp⁦onsоred,-37.9218948347713,-103.29878499704068,0,philodendron micans,21,111,True,111,14.0,False
366369116216,Rare Philodendron Micans Variegated Bare Root Live Plant Ship From NY,46.0,$46.00,False,13.48,+$13.48 delivery,False,False,False,upshining,100.0,28,100.0,False,0,29,False,False,False,False,False,False,False,False,False,False,False,False,United States,False,,False,False,False,False,24,Sp⁦onsоred,-37.9218948347713,-103.29878499704068,0,philodendron micans,22,111,True,111,15.0,False
147535618796,Philodendron Micans Variegated “Halo” 4 plants in 3” pot,25.0,$25.00,False,9.0,+$9.00 delivery,False,False,False,jensorchids,100.0,413,100.0,False,0,0,False,False,False,False,False,False,False,False,False,False,False,False,United States,False,,False,False,False,False,25,Sp⁦onsоred,-37.9218948347713,-103.29878499704068,0,philodendron micans,23,111,True,111,16.0,False
236992529730,"Philodendron True Pink Micans, Exact Plant, US Seller",155.0,$155.00,False,8.07,+$8.07 delivery in 2-4 days,False,False,True,plantspotsparadise,100.0,97,100.0,False,0,0,False,False,False,False,False,False,False,False,False,False,False,False,United States,False,,False,False,False,False,26,Sp⁦onsоred,-37.9218948347713,-103.29878499704068,0,philodendron micans,24,111,True,111,17.0,False
237068433872,"Philodendron Pink Mint Micans(Dusty Galaxy Pink Mint), Rooted, Exact, US Seller",56.99,$56.99,False,8.07,+$8.07 delivery in 2-4 days,False,False,True,plantspotsparadise,100.0,97,100.0,False,0,0,False,False,False,False,False,False,False,False,False,False,False,False,United States,False,,False,False,False,False,27,Sp⁦onsоred,-37.9218948347713,-103.29878499704068,0,philodendron micans,25,111,True,111,18.0,False
168735822685,"Rare Philodendron Multicolor Micans Ferrari 11"" Tall Aroid No Anthurium Monstera",68.4,$68.40$95.00,False,17.95,+$17.95 delivery,False,False,False,plantasha_creatives,99.7,1700,99.7,False,0,0,False,False,False,False,False,False,False,False,False,False,False,False,United States,False,,False,False,False,False,28,Sp⁦onsоred,-37.9218948347713,-103.29878499704068,0,philodendron micans,26,111,True,111,19.0,False
800550850780,"Philodendron Hederaceum 'Micans', Velvet Leaf, 4""",12.5,$12.50,False,12.5,+$12.50 delivery,False,False,False,floriculture-us,100.0,381,100.0,False,0,2,False,False,False,False,False,False,False,False,False,False,False,False,United States,False,,False,False,False,False,29,Sp⁦onsоred,-37.9218948347713,-103.29878499704068,0,philodendron micans,27,111,True,111,20.0,False
236743164517,Philodendron Micans-1 Live Plant in a 2 Inch Pot-Philodendron hederaceum Micans,22.78,$22.78 to $38.19,True,0.0,Free delivery,True,False,False,formosa_plants,100.0,103,100.0,False,0,0,False,False,False,False,False,False,False,False,False,False,False,False,United States,False,,False,False,False,False,30,Sp⁦onsоred,-37.9218948347713,-103.29878499704068,0,philodendron micans,28,111,True,111,21.0,False
406081309508,Rare Philodendron Aurea Micans – Chartreuse Velvet Vine – Starter Plant,25.0,$25.00 to $30.00,True,10.08,+$10.08 delivery,False,False,False,twilighttropics,100.0,55,100.0,False,0,4,True,False,False,False,False,False,False,False,False,False,False,False,United States,False,,True,True,True,True,31,Sрons؜ored,0.09376311712935603,11.536306582333355,261,philodendron micans,29,111,True,111,,False
398368322637,2 Live Philodendron Micans Plants - Velvet Leaf Houseplants - Tropical Indoor,21.99,$21.99,False,13.35,+$13.35 delivery,False,False,False,brit1799,99.2,535,99.2,False,0,0,False,False,False,False,False,False,False,False,False,False,False,False,United States,False,,True,True,True,True,32,Sрons؜ored,0.09376311712935603,11.536306582333355,261,philodendron micans,30,111,True,111,,False
358595707462,Micans Philodendron 2 Pack Velvet Leaf Tropical Houseplants Live Plants,31.2,$31.20 to $46.40,True,0.0,Free delivery,True,False,False,vero-413641,99.4,159,99.4,False,0,0,False,False,False,False,False,False,False,False,False,False,False,False,United States,False,,True,True,True,True,33,Sрons؜ored,0.09376311712935603,11.536306582333355,261,philodendron micans,31,111,True,111,,False
315342724360,"Philodendron Micans Hederaceum, 4 inch, Heart-Leaf Philo, Sweetheart Plant",19.99,$19.99,False,5.95,+$5.95 delivery,False,False,False,bubbleblooms.shop,98.3,2500,98.3,False,0,0,False,False,False,False,True,False,False,False,False,False,False,False,United States,False,,True,True,True,True,34,Sрons؜ored,0.09376311712935603,11.536306582333355,261,philodendron micans,32,111,True,111,,False
185836162183,Philodendron Micans Vining Rare Plant 3 Cutting Fuzzy Leaves Terrarium Vivarium,13.99,$13.99,False,0.0,Free delivery,True,False,False,succulentsandcactus,99.3,2400,99.3,False,0,22,False,False,False,False,False,False,False,False,False,False,False,False,United States,False,,False,False,False,False,35,Sp⁦onsоred,-37.9218948347713,-103.29878499704068,0,philodendron micans,33,111,True,111,22.0,False
257548564902,Velvet Leaf Philodendron Micans Rooted 2in Pot Live Indoor/Outdr Trailing Plant,14.99,$14.99,False,0.0,Free delivery,True,False,False,abdullahalazam,99.1,410,99.1,False,0,0,False,False,False,False,False,False,False,False,False,False,False,False,United States,False,,False,False,False,False,36,Sp⁦onsоred,-37.9218948347713,-103.29878499704068,0,philodendron micans,34,111,True,111,23.0,False
237096116253,"Philodendron Pink Mint Micans(Dusty Galaxy Pink Mint), Rooted, Exact, US Seller",55.99,$55.99,False,8.07,+$8.07 delivery in 2-4 days,False,False,True,plantspotsparadise,100.0,97,100.0,False,0,0,False,False,False,False,False,False,False,False,False,False,False,False,United States,False,,False,False,False,False,37,Sp⁦onsоred,-37.9218948347713,-103.29878499704068,0,philodendron micans,35,111,True,111,24.0,False
168699174532,"Philodendron Micans Mint Pink Variegated, 2.5” pot, Fedex 2 day*",49.0,$49.00,False,17.0,+$17.00 delivery,False,False,False,canopygems,99.7,2100,99.7,False,0,0,False,False,False,False,False,False,False,False,False,False,False,False,United States,False,,False,False,False,False,38,Sp⁦onsоred,-37.9218948347713,-103.29878499704068,0,philodendron micans,36,111,True,111,25.0,False
257609030864,"Philodendron Micans Cuttings 3, Rare Plant, Velvet Leaf Green Bronze Terrarium",16.99,$16.99,False,0.0,Free delivery,True,False,False,abdullahalazam,99.1,410,99.1,False,0,0,False,True,False,False,False,False,False,False,False,False,False,False,United States,False,,False,False,False,False,39,Sp⁦onsоred,-37.9218948347713,-103.29878499704068,0,philodendron micans,37,111,True,111,26.0,False
127062415552,Variegated Micans Aurea Philodendron High Variegation Thai Import Fully Rooted,29.99,$29.99,False,9.54,+$9.54 delivery,False,False,False,kuuhaku0,100.0,84,100.0,False,0,14,False,True,False,False,False,False,False,False,False,False,False,False,United States,False,,False,False,False,False,40,Sp⁦onsоred,-37.9218948347713,-103.29878499704068,0,philodendron micans,38,111,True,111,27.0,False
128104364180,Set 2 Philodendron Micans Live Plants - Velvet Heartleaf Houseplant - No ship CA,17.99,$17.99,False,13.35,+$13.35 delivery,False,False,False,dimensionalprint,98.0,806,98.0,False,0,0,False,False,False,False,True,False,False,False,False,False,False,False,United States,False,,True,True,True,True,41,Sрons؜ored,0.09376311712935603,11.536306582333355,261,philodendron micans,39,111,True,111,,False
307182834073,Aroid Node Cutting Lot 🪴 Pothos Sunburst Skeleton Key Baltic Blue You Get 6!,27.99,$27.99,False,5.8,+$5.80 delivery,False,False,False,moss.market,99.7,3200,99.7,False,0,0,False,True,False,False,False,False,False,False,False,False,False,False,United States,False,,True,True,True,True,42,Sрons؜ored,0.09376311712935603,11.536306582333355,261,philodendron micans,40,111,True,111,,False
275756297809,Philodendron Hederaceum Micans 3 node fresh Starter cutting,11.99,$11.99,False,0.0,Free delivery,True,False,False,maiksylvia,99.8,8900,99.8,False,0,17,False,False,False,False,False,False,False,False,False,False,False,False,United States,False,,False,False,False,False,43,Sp⁦onsоred,-37.9218948347713,-103.29878499704068,0,philodendron micans,41,111,True,111,28.0,False
158136489876,"Philodendron Hederaceum Micans Aurea, 2.5” pot, Fedex 2 day*",65.0,$65.00,False,17.0,+$17.00 delivery,False,False,False,canopygems,99.7,2100,99.7,False,0,0,False,False,False,False,False,False,False,False,False,False,False,False,United States,False,,False,False,False,False,44,Sp⁦onsоred,-37.9218948347713,-103.29878499704068,0,philodendron micans,42,111,True,111,29.0,False
205691592323,Philodendron Micans Variegated “Velvet Halo” Cutting W Nodes Un Rooted See Mom,19.9,$19.90,False,9.5,+$9.50 delivery,False,False,False,savv-7662,99.2,388,99.2,False,0,14,False,True,False,False,True,False,False,False,False,False,False,False,United States,False,,False,False,False,False,45,Sp⁦onsоred,-37.9218948347713,-103.29878499704068,0,philodendron micans,43,111,True,111,30.0,False
388933921926,Philodendron Micans Cuttings x (5),10.0,$10.00,False,5.68,+$5.68 delivery in 2-4 days,False,False,True,momogarden,100.0,100,100.0,False,0,0,False,False,False,False,False,False,False,False,False,False,False,False,United States,False,,False,False,False,False,46,Sp⁦onsоred,-37.9218948347713,-103.29878499704068,0,philodendron micans,44,111,True,111,31.0,False
237080498324,"8"" Philodendron Micans Hanging Basket Live Plant",69.99,$69.99,False,10.0,+$10.00 delivery,False,False,False,thornbloomplants,100.0,26,100.0,False,0,0,False,False,False,False,False,False,False,False,False,False,False,False,United States,False,,False,False,False,False,47,Sp⁦onsоred,-37.9218948347713,-103.29878499704068,0,philodendron micans,45,111,True,111,32.0,False
327075796855,Philodendron Micans - Rare Velvety Bronze-Green Tropical Houseplant,25.99,$25.99,False,15.0,+$15.00 delivery,False,False,False,330treetrash,100.0,138,100.0,False,0,5,False,False,False,False,False,False,False,False,False,False,False,False,United States,False,,False,False,False,False,48,Sp⁦onsоred,-37.9218948347713,-103.29878499704068,0,philodendron micans,46,111,True,111,33.0,False
327243737129,"Philodendron Micans 3 Cuttings, Rare Plant, Velvet Leaf Green & Bronze",12.0,$12.00,False,6.5,+$6.50 delivery,False,False,False,upa_llc,99.3,1600,99.3,False,0,0,False,True,False,False,False,False,False,False,False,False,False,False,United States,False,,False,False,False,False,49,Sp⁦onsоred,-37.9218948347713,-103.29878499704068,0,philodendron micans,47,111,True,111,34.0,False
117345404421,Philodendron Micans,15.0,$15.00,False,12.0,+$12.00 delivery,False,False,False,your_plant_haven,99.4,1300,99.4,False,0,0,False,False,False,False,False,False,False,False,False,False,False,False,United States,False,,False,False,False,False,50,Sp⁦onsоred,-37.9218948347713,-103.29878499704068,0,philodendron micans,48,111,True,111,35.0,False
168578976248,Philodendron Micans 4 in Live Houseplant | Velvet Leaf Philodendron,15.99,$15.99,False,6.99,+$6.99 delivery,False,False,False,riversidegreenhouses,100.0,4,100.0,False,0,0,False,False,False,False,False,False,False,False,False,False,False,False,United States,False,,False,False,False,False,51,Sp⁦onsоred,-37.9218948347713,-103.29878499704068,0,philodendron micans,49,111,True,111,36.0,True
185836160823,philodendron micans/3 unrooted cuttings/violet leaf plants rare,13.99,$13.99,False,0.0,Free delivery,True,False,False,succulentsandcactus,99.3,2400,99.3,False,0,0,False,False,False,False,False,False,False,False,False,False,False,False,United States,False,,False,False,False,False,52,Sp⁦onsоred,-37.9218948347713,-103.29878499704068,0,philodendron micans,50,111,True,111,37.0,False
203497677479,Philodendron micans cuttings,8.0,$8.00,False,6.34,+$6.34 delivery,False,False,False,ellasgarden,100.0,438,100.0,False,0,16,False,False,False,False,False,False,False,False,False,False,False,False,United States,False,,False,False,False,False,53,Sp⁦onsоred,-37.9218948347713,-103.29878499704068,0,philodendron micans,51,111,True,111,38.0,False
236881570865,"Philodendron Pink Mint Micans, Highly Variegated, Exact , US Seller",68.9,$68.90,False,8.07,+$8.07 delivery in 2-4 days,False,False,True,plantspotsparadise,100.0,97,100.0,False,0,0,False,False,False,False,False,False,False,False,False,False,False,False,United States,False,,False,False,False,False,54,Sp⁦onsоred,-37.9218948347713,-103.29878499704068,0,philodendron micans,52,111,True,111,39.0,False
137357670329,"philodendron micans in 3"" Pot",8.0,$8.00,False,10.11,+$10.11 delivery,False,False,False,theplantdeli,99.6,338,99.6,False,0,0,False,True,False,False,False,False,False,False,False,False,False,False,United States,False,,False,False,False,False,55,Sp⁦onsоred,-37.9218948347713,-103.29878499704068,0,philodendron micans,53,111,True,111,40.0,False
168537967535,Philodendron 'Micans',17.99,$17.99,False,10.79,+$10.79 delivery,False,False,False,snakerootbotanicals,98.3,57,98.3,False,0,0,False,False,False,False,False,False,False,False,False,False,False,False,United States,False,,False,False,False,False,56,Sp⁦onsоred,-37.9218948347713,-103.29878499704068,0,philodendron micans,54,111,True,111,41.0,False
377512934707,Philodendron Micans Live Rooted Plant Velvet Leaf Trailing Houseplant,9.99,$9.99,False,10.11,+$10.11 delivery,False,False,False,20believe12,100.0,311,100.0,False,0,0,False,True,False,False,False,False,False,False,False,False,False,False,United States,False,,False,False,False,False,57,Sp⁦onsоred,-37.9218948347713,-103.29878499704068,0,philodendron micans,55,111,True,111,42.0,False
227529817247,"7 Cuttings Variety Pack Golden, Marble, Jade , Cebu Blue Pothos+ Philo Micans",19.9,$19.90,False,0.0,Free delivery,True,False,False,tropicalflipper,99.5,1000,99.5,False,0,0,False,True,False,False,False,False,False,False,False,False,False,False,United States,False,,False,False,False,False,58,Sp⁦onsоred,-37.9218948347713,-103.29878499704068,0,philodendron micans,56,111,True,111,43.0,False
124923044992,Philodendron Combo 6 Cuttings Indoor House Plant 2 Micans 2 Brasil 2 Green,14.99,$14.99,False,6.34,+$6.34 delivery,False,False,False,deason-spares,100.0,643,100.0,False,0,35,False,False,False,False,False,False,False,False,False,False,False,False,United States,False,,False,False,False,False,59,Sp⁦onsоred,-37.9218948347713,-103.29878499704068,0,philodendron micans,57,111,True,111,44.0,False
206354740075,Philodendron Micans Variegated Velvet Halo Cutting W Node Un Rooted See Mom BOGO,24.9,$24.90,False,9.5,+$9.50 delivery,False,False,False,savv-7662,99.2,388,99.2,False,0,4,False,True,False,False,True,False,False,False,False,False,False,False,United States,False,,False,False,False,False,60,Sp⁦onsоred,-37.9218948347713,-103.29878499704068,0,philodendron micans,58,111,True,111,45.0,False
403928107319,"philodendron hederaceum bundle - Green, Brazil, Micans",15.0,$15.00,False,8.01,+$8.01 delivery in 2-4 days,False,False,True,orchidelights,96.6,185,96.6,False,0,0,False,False,False,False,True,False,False,False,False,False,False,False,United States,False,,False,False,False,False,61,Sp⁦onsоred,-37.9218948347713,-103.29878499704068,0,philodendron micans,59,111,True,111,46.0,False
124892028036,Philodendron Combo 6 Cuttings Indoor House Plant - 3 Micans 3 Brasil,14.99,$14.99,False,6.34,+$6.34 delivery,False,False,False,deason-spares,100.0,643,100.0,False,0,32,False,False,False,False,False,False,False,False,False,False,False,False,United States,False,,False,False,False,False,62,Sp⁦onsоred,-37.9218948347713,-103.29878499704068,0,philodendron micans,60,111,True,111,47.0,False
398132265590,PHILODENDRON MICANS - NO SHIP CA,15.0,$15.00,False,10.43,+$10.43 delivery,False,False,False,angelan-65,100.0,9,100.0,False,0,0,False,True,False,False,False,False,False,False,False,False,False,False,United States,False,,False,False,False,False,63,Sp⁦onsоred,-37.9218948347713,-103.29878499704068,0,philodendron micans,61,111,True,111,48.0,False
186659485843,"Philodendron Micans Cuttings, Rare Plant, Velvet Leaf Green & Bronze Terrarium",17.0,$17.00,False,7.14,+$7.14 delivery,False,False,False,livingbreathingcreations,100.0,11,100.0,False,0,28,False,False,False,False,False,False,False,False,False,False,False,False,United States,False,,False,False,False,False,64,Sp⁦onsоred,-37.9218948347713,-103.29878499704068,0,philodendron micans,62,111,True,111,49.0,False
800520562878,Philodendron Micans Pink Mint,45.0,$45.00,False,20.28,+$20.28 delivery,False,False,False,streetkids,100.0,322,100.0,False,0,0,False,True,False,False,False,False,False,False,False,False,False,False,United States,False,,False,False,False,False,65,Sp⁦onsоred,-37.9218948347713,-103.29878499704068,0,philodendron micans,63,111,True,111,50.0,False
318497270001,Philodendron Micans,10.0,$10.00,False,7.05,+$7.05 delivery,False,False,False,suzysplants,0.0,0,,True,0,0,False,False,False,False,False,False,False,False,False,False,False,False,United States,False,,False,False,False,False,66,Sp⁦onsоred,-37.9218948347713,-103.29878499704068,0,philodendron micans,64,111,True,111,51.0,False
317442485337,Philodendron 'Velvet' | Live Plant for Indoor & Outdoor,30.99,$30.99 to $82.99,True,9.8,+$9.80 delivery,False,False,False,ks_plants,100.0,68,100.0,False,0,0,False,False,False,False,False,False,False,False,False,False,False,False,United States,False,,False,False,False,False,67,Sp⁦onsоred,-37.9218948347713,-103.29878499704068,0,philodendron micans,65,111,True,111,52.0,False
398239415316,"Philodendron ""Micans,"" 3-4 inch planter",12.0,$12.00,False,11.51,+$11.51 delivery,False,False,False,redberryorchid,100.0,29,100.0,False,0,0,False,True,False,False,False,False,False,False,False,False,False,False,United States,False,,False,False,False,False,68,Sp⁦onsоred,-37.9218948347713,-103.29878499704068,0,philodendron micans,66,111,True,111,53.0,False
318335015526,15 Live Unrooted Cuttings Of Common And Semi-rare Houseplants Mystery Box,29.95,$29.95,False,8.27,+$8.27 delivery,False,False,False,milar71,99.4,261,99.4,False,0,7,False,True,False,False,True,False,False,False,False,False,False,False,United States,False,,False,False,False,False,69,Sp⁦onsоred,-37.9218948347713,-103.29878499704068,0,philodendron micans,67,111,True,111,54.0,False
395462923730,Philodendron 6 Inches Philodendron Micans Velvet Leaf Philodendron Live Plant,16.49,$16.49,False,10.99,+$10.99 delivery,False,False,False,nnplant,97.1,4900,97.1,False,0,0,False,False,False,False,True,False,False,False,False,False,False,False,United States,False,,False,False,False,False,70,Sp⁦onsоred,-37.9218948347713,-103.29878499704068,0,philodendron micans,68,111,True,111,55.0,False
366577228203,Large Philodendron Micans on Trellis – Full Velvety Vining Houseplant,20.0,$20.00,False,10.15,+$10.15 delivery,False,False,False,joc-3170,100.0,4,100.0,False,0,0,False,True,False,False,False,False,False,False,False,False,False,False,United States,False,,False,False,False,False,71,Sp⁦onsоred,-37.9218948347713,-103.29878499704068,0,philodendron micans,69,111,True,111,56.0,False
178415045887,"4"" Philodendron Micans",17.99,$17.99,False,13.63,+$13.63 delivery,False,False,False,purposeofplantscutureplantshop,0.0,0,,True,0,0,False,False,False,False,False,False,False,False,False,False,False,False,United States,False,,False,False,False,False,72,Sp⁦onsоred,-37.9218948347713,-103.29878499704068,0,philodendron micans,70,111,True,111,57.0,False
298499958649,Philodendron Micans Starter Plant,88.0,$88.00,False,16.0,+$16.00 delivery,False,False,False,sekostk_0,0.0,0,,True,0,0,False,False,False,False,False,False,False,False,False,False,False,False,United States,False,,False,False,False,False,73,Sp⁦onsоred,-37.9218948347713,-103.29878499704068,0,philodendron micans,71,111,True,111,58.0,False
227522015582,Philodendron Halo Mican Variantes - Rooted Halo Mican Plant With New Growth,12.99,$12.99,False,15.81,+$15.81 delivery,False,False,False,junglehouseplantsco,100.0,205,100.0,False,0,0,False,True,False,False,False,False,False,False,False,False,False,False,United States,False,,False,False,False,False,74,Sp⁦onsоred,-37.9218948347713,-103.29878499704068,0,philodendron micans,72,111,True,111,59.0,False
318573148875,Philodendron Micans Starter Plant,88.0,$88.00,False,16.0,+$16.00 delivery,False,False,False,burc_5550,0.0,0,,True,0,0,False,False,False,False,False,False,False,False,False,False,False,False,United States,False,,False,False,False,False,75,Sp⁦onsоred,-37.9218948347713,-103.29878499704068,0,philodendron micans,73,111,True,111,60.0,False
127703451652,Signature house plants cuttings - big combo (see details in the description),68.99,$68.99,False,13.7,+$13.70 delivery,False,False,False,deason-spares,100.0,643,100.0,False,0,0,False,False,False,False,False,False,False,False,False,False,False,False,United States,False,,False,False,False,False,76,Sp⁦onsоred,-37.9218948347713,-103.29878499704068,0,philodendron micans,74,111,True,111,61.0,False
358876095522,"Philodendron melonchrysum Potted Plant, Indoor, Climbing, Broadleaf, 4 in",40.0,$40.00,False,13.48,+$13.48 delivery,False,False,False,thebarenode,100.0,3,100.0,False,0,0,False,True,False,False,False,False,False,False,False,False,False,False,United States,False,,False,False,False,False,77,Sp⁦onsоred,-37.9218948347713,-103.29878499704068,0,philodendron micans,75,111,True,111,62.0,False
188380844198,"Philodendron Micans 4""",22.0,$22.00,False,14.97,+$14.97 delivery,False,False,False,loverboys_0,0.0,0,,True,0,0,False,True,False,False,False,False,False,False,False,False,False,False,United States,False,,False,False,False,False,78,Sp⁦onsоred,-37.9218948347713,-103.29878499704068,0,philodendron micans,76,111,True,111,63.0,False
404554196910,phildendron 7 Species Starter Plants (pick 4) Choose Your Own!! In Description,55.0,$55.00,False,7.29,+$7.29 delivery in 2-4 days,False,False,True,orchidelights,96.6,185,96.6,False,0,0,False,False,False,False,True,False,False,False,False,False,False,False,United States,False,,False,False,False,False,79,Sp⁦onsоred,-37.9218948347713,-103.29878499704068,0,philodendron micans,77,111,True,111,64.0,False
405005977270,"Philodendron Birkin, Rare White Vein Leaves, 3 Inch Pot Size",25.0,$25.00,False,5.78,+$5.78 delivery,False,False,False,orchidelights,96.6,185,96.6,False,0,0,False,True,False,False,False,False,False,False,False,False,False,False,United States,False,,False,False,False,False,80,Sp⁦onsоred,-37.9218948347713,-103.29878499704068,0,philodendron micans,78,111,True,111,65.0,False
266851195524,"Micans Philodendron Cutting | plants for propagation, philodendron cuttings",3.49,$3.49,False,13.48,+$13.48 delivery,False,False,False,plantasticrootsllc,100.0,1000,100.0,False,0,5,False,False,False,False,False,False,False,False,False,False,False,False,United States,False,,False,False,False,False,81,Sp⁦onsоred,-37.9218948347713,-103.29878499704068,0,philodendron micans,79,111,True,111,66.0,False
377414660546,Philodendron Micans Live Plant Velvet Leaf Indoor Tropical Trailing Vine 4in Pot,55.95,$55.95,False,0.0,Free delivery,True,False,False,greeenlife,98.4,1600,98.4,False,0,0,False,True,False,False,True,False,False,False,False,False,False,False,United States,False,,False,False,False,False,82,Sp⁦onsоred,-37.9218948347713,-103.29878499704068,0,philodendron micans,80,111,True,111,67.0,False
314658778116,Beautiful Philodendron Halo Micans,250.0,$250.00,False,0.0,Free delivery,True,False,False,tropical-76,0.0,0,,True,0,0,False,False,False,False,False,False,False,False,False,False,False,False,United States,False,,False,False,False,False,83,Sp⁦onsоred,-37.9218948347713,-103.29878499704068,0,philodendron micans,81,111,True,111,68.0,False
275410488428,Philodendron Micans,55.0,$55.00,False,25.86,+$25.86 delivery,False,False,False,aershop19,100.0,133,100.0,False,0,0,False,False,False,False,False,False,False,False,False,False,False,False,United States,False,,False,False,False,False,84,Sp⁦onsоred,-37.9218948347713,-103.29878499704068,0,philodendron micans,82,111,True,111,69.0,False
305420017088,Philodendron Micans Vining Plant Cuttings 4 Single Leaf/node Cuttings,6.99,$6.99,False,9.54,+$9.54 delivery,False,False,False,shanor39,0.0,1,,True,0,0,False,True,False,False,False,False,False,False,False,False,False,False,United States,False,,False,False,False,False,85,Sp⁦onsоred,-37.9218948347713,-103.29878499704068,0,philodendron micans,83,111,True,111,70.0,False
376875741939,Philodendron Micans Live Plant 2-inch Pot Fully Rooted,15.0,$15.00,False,9.52,+$9.52 delivery,False,False,False,mirdib_24,0.0,20,,True,0,0,False,True,False,False,False,False,False,False,False,False,False,False,United States,False,,False,False,False,False,86,Sp⁦onsоred,-37.9218948347713,-103.29878499704068,0,philodendron micans,84,111,True,111,71.0,False
403879500818,Philodendron Micans Live House Plant 2 (Two) Unrooted Cuttings,15.0,$15.00,False,14.7,+$14.70 delivery,False,False,False,amandabr12,0.0,8,,True,0,0,False,True,False,False,False,False,False,False,False,False,False,False,United States,False,,False,False,False,False,87,Sp⁦onsоred,-37.9218948347713,-103.29878499704068,0,philodendron micans,85,111,True,111,72.0,False
354079203195,"variegated micans philodendron, velvet halo,rare philodendron",150.0,$150.00,False,17.95,+$17.95 delivery,False,False,False,darhug-4936,0.0,10,,True,0,0,False,True,False,False,False,False,False,False,False,False,False,False,United States,False,,False,False,False,False,88,Sp⁦onsоred,-37.9218948347713,-103.29878499704068,0,philodendron micans,86,111,True,111,73.0,False
354079204305,"variegated micans philodendron, velvet halo,rare philodendron",150.0,$150.00,False,17.95,+$17.95 delivery,False,False,False,darhug-4936,0.0,10,,True,0,0,False,True,False,False,False,False,False,False,False,False,False,False,United States,False,,False,False,False,False,89,Sp⁦onsоred,-37.9218948347713,-103.29878499704068,0,philodendron micans,87,111,True,111,74.0,False
407068179359,Philodendron Micans Starter Plant,88.0,$88.00,False,16.0,+$16.00 delivery,False,False,False,tra_3682,0.0,0,,True,0,0,False,False,False,False,False,False,False,False,False,False,False,False,United States,False,,False,False,False,False,90,Sp⁦onsоred,-37.9218948347713,-103.29878499704068,0,philodendron micans,88,111,True,111,75.0,False
287456856884,Philodendron Micans Starter Plant,87.0,$87.00,False,16.0,+$16.00 delivery,False,False,False,todirl0,0.0,0,,True,0,0,False,False,False,False,False,False,False,False,False,False,False,False,United States,False,,False,False,False,False,91,Sp⁦onsоred,-37.9218948347713,-103.29878499704068,0,philodendron micans,89,111,True,111,76.0,False
393427311765,Philodendron Birkin Plant,24.0,$24.00,False,6.99,+$6.99 delivery,False,False,False,kunjmat_42,96.8,696,96.8,False,0,0,False,False,False,False,False,False,False,False,False,False,False,False,United States,False,,False,False,False,False,92,Sp⁦onsоred,-37.9218948347713,-103.29878499704068,0,philodendron micans,90,111,True,111,77.0,False
374829932395,"Philodendron ""Brandi"" Silver Leaf Rooted Bundle",35.0,$35.00,False,0.0,Free delivery,True,False,False,yayaroots,0.0,2,,True,0,0,False,True,False,False,False,False,False,False,False,False,False,False,United States,False,,False,False,False,False,93,Sp⁦onsоred,-37.9218948347713,-103.29878499704068,0,philodendron micans,91,111,True,111,78.0,False
256271892432,Philodendron Ring Of Fire Variegated,25.0,$25.00,False,13.7,+$13.70 delivery,False,False,False,trees_22,100.0,474,100.0,False,0,0,False,False,False,False,False,False,False,False,False,False,False,False,United States,False,,False,False,False,False,94,Sp⁦onsоred,-37.9218948347713,-103.29878499704068,0,philodendron micans,92,111,True,111,79.0,False
315201185373,Rare Variegated Philodendron Strawberry Shakes US SELLER,91.0,$91.00,False,13.48,+$13.48 delivery,False,False,False,cbcruz_rn_2,0.0,40,,True,0,0,False,False,False,False,False,False,False,False,False,False,False,False,United States,False,,False,False,False,False,95,Sp⁦onsоred,-37.9218948347713,-103.29878499704068,0,philodendron micans,93,111,True,111,80.0,False
225899564906,Philodendron Billietaie Live Plant in 4.5” Nursery Pot,25.0,$25.00,False,8.13,+$8.13 delivery,False,False,False,mystri-0,0.0,-1,,True,0,0,False,True,False,False,False,False,False,False,False,False,False,False,United States,False,,False,False,False,False,96,Sp⁦onsоred,-37.9218948347713,-103.29878499704068,0,philodendron micans,94,111,True,111,81.0,False
287624752930,Philodendron Micans 4 inch Velvet Heartleaf Vining Live Indoor Houseplant,11.76,$11.76,False,23.55,+$23.55 delivery,False,False,False,momsgotthegoods,99.2,213,99.2,False,0,0,False,True,False,False,False,False,False,False,False,True,False,False,United States,False,,False,False,False,False,97,Sp⁦onsоred,-37.9218948347713,-103.29878499704068,0,philodendron micans,95,111,True,111,82.0,False
318692759959,Philodendron Micans Plant 8” Hanging Basket Live Houseplant,48.0,$48.00,False,18.75,+$18.75 delivery,False,False,False,bronxplantlady1225,100.0,185,100.0,False,0,0,False,True,False,False,False,False,False,False,False,False,False,False,United States,False,,False,False,False,False,98,Sp⁦onsоred,-37.9218948347713,-103.29878499704068,0,philodendron micans,96,111,True,111,83.0,False
167844103375,"Mican Philodendron | Velvet Leaf Philo| Indoor & Outdoor Live Tropical in 6"" Pot",29.94,$29.94,False,0.0,Free delivery,True,False,False,stellarplants,99.1,3600,99.1,False,0,18,False,True,False,False,True,False,False,False,False,False,False,False,United States,False,,False,False,False,False,99,Sp⁦onsоred,-37.9218948347713,-103.29878499704068,0,philodendron micans,97,111,True,111,84.0,False
226035317987,Joepii Philodendron Tropical Houseplant In2 Inch Pot,15.0,$15.00,False,18.15,+$18.15 delivery,False,False,False,tratanke8,0.0,8,,True,0,0,False,True,False,False,False,False,False,False,False,False,False,False,United States,False,,False,False,False,False,100,Sp⁦onsоred,-37.9218948347713,-103.29878499704068,0,philodendron micans,98,111,True,111,85.0,False
206402950830,Philodendron Micans - NO SHIP CA,15.0,$15.00,False,27.88,+$27.88 delivery,False,False,False,tampanurserya0,100.0,365,100.0,False,0,0,False,False,False,False,False,False,False,False,False,False,False,False,United States,False,,False,False,False,False,101,Sp⁦onsоred,-37.9218948347713,-103.29878499704068,0,philodendron micans,99,111,True,111,86.0,False
335273104549,Philodendron Micans propagated with roots,15.0,$15.00,False,,,,True,False,rootedbymarii,0.0,0,,True,0,0,False,True,False,False,False,False,False,False,False,False,False,False,United States,False,,False,False,False,False,102,Sp⁦onsоred,-37.9218948347713,-103.29878499704068,0,philodendron micans,100,111,True,111,87.0,False
145313461264,Split-Leaf Philodendron - Live Plant in a 3 Gallon Growers Pot - Selloum,120.1,$120.10,False,0.0,Free delivery in 2-4 days,True,False,True,wekivafoliage,97.6,2100,97.6,False,0,11,False,False,False,False,False,False,False,False,False,False,False,False,United States,False,,False,False,False,False,103,Sp⁦onsоred,-37.9218948347713,-103.29878499704068,0,philodendron micans,101,111,True,111,88.0,False
145359463533,Philodendron Micans Hanging Basket - Live Plant in a 4 Inch Hanging Pot,46.48,$46.48,False,0.0,Free delivery,True,False,False,wekivafoliage,97.6,2100,97.6,False,0,0,False,False,False,False,False,False,False,False,False,False,False,False,United States,False,,False,False,False,False,104,Sp⁦onsоred,-37.9218948347713,-103.29878499704068,0,philodendron micans,102,111,True,111,89.0,False
145507210710,Birkin Philodendron - Live Plant in a 4 Inch Pot,24.97,$24.97,False,0.0,Free delivery,True,False,False,wekivafoliage,97.6,2100,97.6,False,0,22,False,False,False,False,False,False,False,False,False,False,False,False,United States,False,,False,False,False,False,105,Sp⁦onsоred,-37.9218948347713,-103.29878499704068,0,philodendron micans,103,111,True,111,90.0,False
145507327683,Cordatum Philodendron - Live Plant in a 4 Inch Pot,24.97,$24.97,False,0.0,Free delivery,True,False,False,wekivafoliage,97.6,2100,97.6,False,0,0,False,False,False,False,False,False,False,False,False,False,False,False,United States,False,,False,False,False,False,106,Sp⁦onsоred,-37.9218948347713,-103.29878499704068,0,philodendron micans,104,111,True,111,91.0,False
145905401309,Velvet Leaf Philodendron Micans - Live Plant in a 6 Inch Growers Pot,43.65,$43.65,False,0.0,Free delivery,True,False,False,wekivafoliage,97.6,2100,97.6,False,0,0,False,False,False,False,False,False,False,False,False,False,False,False,United States,False,,False,False,False,False,107,Sp⁦onsоred,-37.9218948347713,-103.29878499704068,0,philodendron micans,105,111,True,111,92.0,False
146358876228,Philodendron Micans and Soil Mix Combo - Live Plant in a 4 Inch Pot Combo,40.2,$40.20,False,0.0,Free delivery,True,False,False,wekivafoliage,97.6,2100,97.6,False,0,0,False,False,False,False,False,False,False,False,False,False,False,False,United States,False,,False,False,False,False,108,Sp⁦onsоred,-37.9218948347713,-103.29878499704068,0,philodendron micans,106,111,True,111,93.0,False
145546451962,Moonlight Philodendron - Live Plants in 4 Inch Pots,27.28,$27.28 to $85.83,True,0.0,Free delivery,True,False,False,wekivafoliage,97.6,2100,97.6,False,0,0,False,False,False,False,False,False,False,False,False,False,False,False,United States,False,,False,False,False,False,109,Sp⁦onsоred,-37.9218948347713,-103.29878499704068,0,philodendron micans,107,111,True,111,94.0,False
145731736361,Philodendron Micans - Live Plants in 4 Inch Growers Pots - Philodendron 'Micans',29.78,$29.78 to $85.83,True,0.0,Free delivery,True,False,False,wekivafoliage,97.6,2100,97.6,False,0,0,False,False,False,False,False,False,False,False,False,False,False,False,United States,False,,False,False,False,False,110,Sp⁦onsоred,-37.9218948347713,-103.29878499704068,0,philodendron micans,108,111,True,111,95.0,False
204438170176,philodendron micans In Pot,5.99,$5.99,False,10.2,+$10.20 delivery,False,False,False,freshyplants,85.3,1100,85.3,False,0,0,False,True,False,False,True,False,False,False,False,False,False,False,United States,False,,False,False,False,False,111,Sp⁦onsоred,-37.9218948347713,-103.29878499704068,0,philodendron micans,109,111,True,111,96.0,False
204548148702,Philodendron Birkin In Pot Médium Size,18.0,$18.00,False,10.2,+$10.20 delivery,False,False,False,freshyplants,85.3,1100,85.3,False,0,0,False,True,False,False,False,False,False,False,False,False,False,False,United States,False,,False,False,False,False,112,Sp⁦onsоred,-37.9218948347713,-103.29878499704068,0,philodendron micans,110,111,True,111,97.0,False
204814244305,Philodendron Ring of Fire Variegated Plant,18.99,$18.99,False,10.2,+$10.20 delivery,False,False,False,freshyplants,85.3,1100,85.3,False,0,0,False,True,False,False,False,False,False,False,False,False,False,False,United States,False,,False,False,False,False,113,Sp⁦onsоred,-37.9218948347713,-103.29878499704068,0,philodendron micans,111,111,True,111,98.0,False
307212273185,Pink Princess Marble Galaxy Philodendron- HIGH VARIEGATION EXACT PLANT! 🩷,30.0,$30.00,False,10.11,+$10.11 delivery,False,False,False,hanwin-2412,100.0,60,100.0,False,0,0,False,False,False,False,False,False,False,False,False,True,False,False,United States,False,,False,False,False,False,3,Ѕponso⁨red,-37.09615323823982,41.82960593200019,0,philodendron pink princess,1,120,True,165,1.0,False
137494817871,"Princess Pink Philodendron Live Plant 5-8 Inch Tall, Rare Variegated",27.99,$27.99,False,9.99,+$9.99 delivery,False,False,False,leaflyf,97.2,68,97.2,False,0,34,False,False,False,False,False,False,False,False,False,False,False,False,United States,False,,True,True,True,True,4,Spon⁧sorеd,0.07393590087992163,11.584504145479713,261,philodendron pink princess,2,120,True,165,,False
315772497595,BubbleBlooms Philodendron Pink Naomi 4 inch Pink Princess,34.99,$34.99,False,5.95,+$5.95 delivery,False,False,False,bubbleblooms.shop,98.3,2500,98.3,False,0,0,False,False,False,False,True,False,False,False,False,False,False,False,United States,False,,True,True,True,True,5,Spon⁧sorеd,0.07393590087992163,11.584504145479713,261,philodendron pink princess,3,120,True,165,,False
315772499886,BubbleBlooms Philodendron Pink Naomi 2 inch Pink Princess,21.99,$21.99,False,5.95,+$5.95 delivery,False,False,False,bubbleblooms.shop,98.3,2500,98.3,False,0,0,False,False,False,False,True,False,False,False,False,False,False,False,United States,False,,True,True,True,True,6,Spon⁧sorеd,0.07393590087992163,11.584504145479713,261,philodendron pink princess,4,120,True,165,,False
307212262520,Pink Princess Philodendron- EXACT PLANT!,22.0,$22.00,False,10.11,+$10.11 delivery,False,False,False,hanwin-2412,100.0,60,100.0,False,0,0,False,False,False,False,False,False,False,False,False,True,False,False,United States,False,,False,False,False,False,7,Ѕponso⁨red,-37.09615323823982,41.82960593200019,0,philodendron pink princess,5,120,True,165,2.0,False
307212272357,Pink Princess Philodendron- EXACT PLANT!,20.0,$20.00,False,10.11,+$10.11 delivery,False,False,False,hanwin-2412,100.0,60,100.0,False,0,0,False,False,False,False,False,False,False,False,False,True,False,False,United States,False,,False,False,False,False,8,Ѕponso⁨red,-37.09615323823982,41.82960593200019,0,philodendron pink princess,6,120,True,165,3.0,False
278150405517,Philodendron Pink Princess,22.0,$22.00,False,0.0,Free delivery,True,False,False,karinnastreasures,100.0,1000,100.0,False,0,11,False,False,False,False,True,False,False,False,False,False,False,False,United States,False,,False,False,False,False,9,Ѕponso⁨red,-37.09615323823982,41.82960593200019,0,philodendron pink princess,7,120,True,165,4.0,False
255646694975,PINK PRINCESS Variegated Philodendron SMALL Rooted Starter Plant~~VERY RARE!,29.99,$29.99,False,0.0,Free delivery,True,False,False,daddyssweethope,99.6,10600,99.6,False,178,0,False,False,False,False,False,False,False,False,False,False,False,False,United States,False,,False,False,False,False,10,Ѕponso⁨red,-37.09615323823982,41.82960593200019,0,philodendron pink princess,8,120,True,165,5.0,False
326854064719,Philodendron Pink Princess rare live house plant in 4 inch pot,19.99,$19.99,False,0.0,Free delivery,True,False,False,exoticwholesale,99.6,2800,99.6,False,28,0,False,False,False,False,True,False,False,False,False,False,False,False,United States,False,,False,False,False,False,11,Ѕponso⁨red,-37.09615323823982,41.82960593200019,0,philodendron pink princess,9,120,True,165,6.0,False
147528879281,"Philodendron Pink Princess NOT From TC 4"" Pot",14.99,$14.99,False,13.7,+$13.70 delivery,False,False,False,southernoakaquaticsfl,100.0,7200,100.0,False,0,4,False,False,False,False,False,False,True,False,False,False,False,False,United States,False,,False,False,False,False,12,Ѕponso⁨red,-37.09615323823982,41.82960593200019,0,philodendron pink princess,10,120,True,165,7.0,False
287434615726,"Philodendron Pink Princess Galaxy - 4"" Pot - Free Shipping",49.99,$49.99,False,0.0,Free delivery,True,False,False,happilyplanted,100.0,230,100.0,False,0,2,False,False,False,False,False,False,True,False,False,False,False,False,United States,False,,False,False,False,False,13,Ѕponso⁨red,-37.09615323823982,41.82960593200019,0,philodendron pink princess,11,120,True,165,8.0,False
366621052155,Philodendron Pink Princess Galaxy Marbled Variegated House Plant Indoor Aroid,22.0,$22.00,False,12.0,+$12.00 delivery,False,False,False,pottedjunglefl,100.0,23,100.0,False,0,3,False,False,False,False,False,False,True,False,False,False,False,False,United States,False,,False,False,False,False,14,Ѕponso⁨red,-37.09615323823982,41.82960593200019,0,philodendron pink princess,12,120,True,165,9.0,False
315342727325,"Pink Princess Philodendron, in 2 inch Pot Blushing Philodendron, Philodendron Er",27.99,$27.99,False,5.95,+$5.95 delivery,False,False,False,bubbleblooms.shop,98.3,2500,98.3,False,0,0,False,False,False,False,True,False,False,False,False,False,False,False,United States,False,,True,True,True,True,15,Spon⁧sorеd,0.07393590087992163,11.584504145479713,261,philodendron pink princess,13,120,True,165,,False
137494817867,"2 Assorted Princess Philodendron Plants, Variegated Leaf Houseplant",39.99,$39.99,False,9.99,+$9.99 delivery,False,False,False,leaflyf,97.2,68,97.2,False,0,13,False,False,False,False,False,False,True,False,False,False,False,False,United States,False,,True,True,True,True,16,Spon⁧sorеd,0.07393590087992163,11.584504145479713,261,philodendron pink princess,14,120,True,165,,False
406093474868,Real Pict Philodendron Pink Frozen Princess Variegated,215.0,$215.00,False,45.0,+$45.00 delivery,False,False,False,babyve21,100.0,5,100.0,False,0,2,False,True,False,False,False,False,False,True,False,False,False,False,Indonesia,True,Brand New,True,True,True,True,17,Spon⁧sorеd,0.07393590087992163,11.584504145479713,261,philodendron pink princess,15,120,True,165,,False
168735725197,"Rare Philodendron Dark Scarlet Princess 14"" Tall Aroid Not Anthurium Monstera",118.8,$118.80$165.00,False,33.95,+$33.95 delivery,False,False,False,plantasha_creatives,99.7,1700,99.7,False,0,0,False,False,False,False,False,False,False,False,False,False,False,False,United States,False,,True,True,True,True,18,Spon⁧sorеd,0.07393590087992163,11.584504145479713,261,philodendron pink princess,16,120,True,165,,False
318934661668,Philodendron Pink Princess Potted Indoor Houseplant Plantlet Broadleaf,15.0,$15.00,False,11.3,+$11.30 delivery,False,False,False,sa_119549,0.0,0,,True,0,0,False,True,False,False,False,False,False,False,False,False,False,False,United States,False,,False,False,False,False,19,Ѕponso⁨red,-37.09615323823982,41.82960593200019,0,philodendron pink princess,17,120,True,165,10.0,False
287616519156,"Philodendron Pink Princess x Billietiae - 4"" Pot Live Plant - Free Shipping",59.99,$59.99,False,0.0,Free delivery,True,False,False,happilyplanted,100.0,230,100.0,False,0,0,False,False,False,False,False,False,False,False,False,False,False,False,United States,False,,False,False,False,False,20,Ѕponso⁨red,-37.09615323823982,41.82960593200019,0,philodendron pink princess,18,120,True,165,11.0,False
267751587991,"Philodendron White Princess 6"" Pot Rare Exact Plant #070",26.95,$26.95,False,0.0,Free delivery,True,False,False,mfyplants,100.0,1400,100.0,False,0,0,False,False,False,True,False,False,False,False,False,False,False,False,United States,False,,False,False,False,False,21,Ѕponso⁨red,-37.09615323823982,41.82960593200019,0,philodendron pink princess,19,120,True,165,12.0,False
267797560385,"Philodendron Pink Princess Half Moon 6"" Pot Rare Exact Plant #126",39.95,$39.95,False,0.0,Free delivery,True,False,False,mfyplants,100.0,1400,100.0,False,0,0,False,False,False,True,False,False,False,False,False,False,False,False,United States,False,,False,False,False,False,22,Ѕponso⁨red,-37.09615323823982,41.82960593200019,0,philodendron pink princess,20,120,True,165,13.0,False
267658412636,"Philodendron White Princess Full Moon 6"" Pot Rare Exact Plant #048",29.95,$29.95,False,0.0,Free delivery,True,False,False,mfyplants,100.0,1400,100.0,False,0,12,False,False,False,True,False,False,False,False,False,False,False,False,United States,False,,False,False,False,False,23,Ѕponso⁨red,-37.09615323823982,41.82960593200019,0,philodendron pink princess,21,120,True,165,14.0,False
168556390430,"Philodendron Pink Princess, Exact Plant Variegated Ships Nationwide",15.75,$15.75,False,17.0,+$17.00 delivery,False,False,False,canopygems,99.7,2100,99.7,False,0,0,False,False,False,False,False,False,False,False,False,False,False,False,United States,False,,False,False,False,False,24,Ѕponso⁨red,-37.09615323823982,41.82960593200019,0,philodendron pink princess,22,120,True,165,15.0,False
820178502771,Philodendron Pink Princess Variegated Indoor Potted Broadleaf Climbing,9.32,$9.32,False,20.15,+$20.15 delivery,False,False,False,tsl711,100.0,74,100.0,False,0,0,False,True,True,False,False,False,False,False,False,False,False,False,United States,False,,False,False,False,False,25,Ѕponso⁨red,-37.09615323823982,41.82960593200019,0,philodendron pink princess,23,120,True,165,16.0,False
137494818037,"2 Mixed Princess Philodendron Plants Live 5-8 Inch, Rare Variegated Indoor",39.99,$39.99,False,9.99,+$9.99 delivery,False,False,False,leaflyf,97.2,68,97.2,False,0,0,False,False,False,False,False,False,False,False,False,False,False,False,United States,False,,False,False,False,False,26,Ѕponso⁨red,-37.09615323823982,41.82960593200019,0,philodendron pink princess,24,120,True,165,17.0,False
137494817868,"Pink Princess Philodendron Plants Live 4-9” Tall, Rare Houseplant",27.99,$27.99,False,9.99,+$9.99 delivery,False,False,False,leaflyf,97.2,68,97.2,False,0,10,False,False,False,False,False,False,False,False,False,False,False,False,United States,False,,False,False,False,False,27,Ѕponso⁨red,-37.09615323823982,41.82960593200019,0,philodendron pink princess,25,120,True,165,18.0,False
177275996161,Philodendron Pink Princess rare live indoor house plant - in 4 inch pot,39.99,$39.99,False,7.14,+$7.14 delivery,False,False,False,eunsun04_6,100.0,82,100.0,False,0,23,False,False,False,False,False,False,False,False,False,False,False,False,United States,False,,False,False,False,False,28,Ѕponso⁨red,-37.09615323823982,41.82960593200019,0,philodendron pink princess,26,120,True,165,19.0,False
127997663832,Philodendron Pink Princess EXACT PLANT,21.0,$21.00,False,13.7,+$13.70 delivery,False,False,False,church_of_flora,100.0,1300,100.0,False,0,0,False,False,False,False,False,False,False,False,False,False,False,False,United States,False,,False,False,False,False,29,Ѕponso⁨red,-37.09615323823982,41.82960593200019,0,philodendron pink princess,27,120,True,165,20.0,False
158213762272,"Philodendron Pink Princess Variegated exact plant, Fedex 2day*",34.0,$34.00,False,17.0,+$17.00 delivery,False,False,False,canopygems,99.7,2100,99.7,False,0,0,False,False,False,False,False,False,False,False,False,False,False,False,United States,False,,False,False,False,False,30,Ѕponso⁨red,-37.09615323823982,41.82960593200019,0,philodendron pink princess,28,120,True,165,21.0,False
168683614597,"Rare Philodendron Dark Scarlet Princess 10"" Tall Aroid Not Anthurium Monstera",82.8,$82.80$115.00,False,22.55,+$22.55 delivery,False,False,False,plantasha_creatives,99.7,1700,99.7,False,0,0,False,False,False,False,False,False,False,False,False,False,False,False,United States,False,,True,True,True,True,31,Spon⁧sorеd,0.07393590087992163,11.584504145479713,261,philodendron pink princess,29,120,True,165,,False
317260855019,Real Pict Philodendron Pink Princess Galaxy F1 Variegated Big Size Rare Plant,215.0,$215.00,False,65.0,+$65.00 delivery,False,False,False,var_plant,100.0,17,100.0,False,0,1,False,True,False,False,False,False,True,True,False,False,False,False,Indonesia,True,Brand New,True,True,True,True,32,Spon⁧sorеd,0.07393590087992163,11.584504145479713,261,philodendron pink princess,30,120,True,165,,False
147518364579,Pink Princess Philodendron Variegated Seedling Potted in LECA Clay Pebbles,24.45,$24.45,False,6.82,+$6.82 delivery,False,False,False,akwa52,100.0,3,100.0,False,0,0,False,True,False,False,False,False,False,False,False,False,False,False,United States,False,,True,True,True,True,33,Spon⁧sorеd,0.07393590087992163,11.584504145479713,261,philodendron pink princess,31,120,True,165,,False
196018530740,"Rare Philodendron Live Plant — Prince of Orange, Ring of Fire or White Princess",17.99,$17.99 to $32.99,True,2.99,+$2.99 delivery,False,False,False,wellspringgardens,99.7,86300,99.7,False,0,39,True,False,False,False,True,False,False,False,False,False,False,False,United States,False,,True,True,True,True,34,Spon⁧sorеd,0.07393590087992163,11.584504145479713,261,philodendron pink princess,32,120,True,165,,False
128004511070,Pink Princess Philodendron Plant Philodendron PPP Live Tropical Plant,19.9,$19.90,False,9.75,+$9.75 delivery,False,False,False,lakrees_90,100.0,40,100.0,False,0,0,False,True,False,False,False,False,False,False,False,False,False,False,United States,False,,False,False,False,False,35,Ѕponso⁨red,-37.09615323823982,41.82960593200019,0,philodendron pink princess,33,120,True,165,22.0,False
255995267172,~~PINK PRINCESS~~Variegated Philodendron SMALL Rooted Starter Plant~~VERY RARE!,32.99,$32.99,False,0.0,Free delivery,True,False,False,jessicascutietootie,99.3,5200,99.3,False,38,0,False,False,False,False,False,False,False,False,False,False,False,False,United States,False,,False,False,False,False,36,Ѕponso⁨red,-37.09615323823982,41.82960593200019,0,philodendron pink princess,34,120,True,165,23.0,False
307187856612,Pink Princess Marble Galaxy Philodendron- EXACT PLANT! 🩷,20.0,$20.00,False,10.11,+$10.11 delivery,False,False,False,hanwin-2412,100.0,60,100.0,False,0,0,False,True,False,False,False,False,False,False,False,False,False,False,United States,False,,False,False,False,False,37,Ѕponso⁨red,-37.09615323823982,41.82960593200019,0,philodendron pink princess,35,120,True,165,24.0,False
398373091809,Philodendron Pink Princess Galaxy 4”,139.0,$139.00,False,5.58,+$5.58 delivery,False,False,False,trishje0,0.0,0,,True,0,0,False,False,False,False,False,False,False,False,False,False,False,False,United States,False,,False,False,False,False,38,Ѕponso⁨red,-37.09615323823982,41.82960593200019,0,philodendron pink princess,36,120,True,165,25.0,False
128058818192,Pink Princess Philodendron Plant Philodendron PPP Live Tropical Plant,25.9,$25.90,False,9.75,+$9.75 delivery,False,False,False,lakrees_90,100.0,40,100.0,False,0,0,False,True,False,False,False,False,False,False,False,False,False,False,United States,False,,False,False,False,False,39,Ѕponso⁨red,-37.09615323823982,41.82960593200019,0,philodendron pink princess,37,120,True,165,26.0,False
318842564979,"Philodendron Pink Princess Live Plant | Partial Shade, Houseplant for Indoor",49.98,$49.98,False,0.0,Free delivery,True,False,False,augustastore1,97.2,34,97.2,False,0,0,False,False,False,False,False,False,False,False,False,False,False,False,United States,False,,False,False,False,False,40,Ѕponso⁨red,-37.09615323823982,41.82960593200019,0,philodendron pink princess,38,120,True,165,27.0,False
800130856328,Philodendron Pink Princess Starter Plant - 2.5” Grow Pot,40.0,$40.00,False,6.57,+$6.57 delivery in 2-4 days,False,False,True,dynamic_gardens,100.0,153,100.0,False,0,0,False,False,False,True,False,False,False,False,False,False,False,False,United States,False,,True,True,True,True,41,Spon⁧sorеd,0.07393590087992163,11.584504145479713,261,philodendron pink princess,39,120,True,165,,False
277451172391,"PPP Philodendron Pink Princess US SELLER variegated 3"" pot",29.9,$29.90,False,5.0,+$5.00 delivery,False,False,False,maiksylvia,99.8,8900,99.8,False,0,0,False,False,False,False,False,False,False,False,False,False,False,False,United States,False,,True,True,True,True,42,Spon⁧sorеd,0.07393590087992163,11.584504145479713,261,philodendron pink princess,40,120,True,165,,False
158110714803,"Philodendron Pink Princess, Exact Plant Variegated Ships Nationwide",14.44,$14.44,False,17.0,+$17.00 delivery,False,False,False,canopygems,99.7,2100,99.7,False,0,0,False,False,False,False,False,False,False,False,False,False,False,False,United States,False,,False,False,False,False,43,Ѕponso⁨red,-37.09615323823982,41.82960593200019,0,philodendron pink princess,41,120,True,165,28.0,False
307162880761,Pink Princess Philodendron- EXTRA-LARGE EXACT PLANT!,55.0,$55.00,False,11.3,+$11.30 delivery,False,False,False,hanwin-2412,100.0,60,100.0,False,0,0,False,True,False,False,False,False,False,False,False,False,False,False,United States,False,,False,False,False,False,44,Ѕponso⁨red,-37.09615323823982,41.82960593200019,0,philodendron pink princess,42,120,True,165,29.0,False
257441681880,~~PINK PRINCESS~~Variegated Philodendron SMALL Rooted Starter Plant~~VERY RARE!,32.99,$32.99,False,0.0,Free delivery,True,False,False,daddyssweethope,99.6,10600,99.6,False,0,16,False,False,False,False,False,False,False,False,False,False,False,False,United States,False,,False,False,False,False,45,Ѕponso⁨red,-37.09615323823982,41.82960593200019,0,philodendron pink princess,43,120,True,165,30.0,False
134182161822,~~PINK PRINCESS~~Variegated Philodenron SMALL Rooted Starter Plant~~VERY RARE!,32.99,$32.99,False,0.0,Free delivery,True,False,False,jessicastootielou,99.8,6700,99.8,False,52,0,False,False,False,False,True,False,False,False,False,False,False,False,United States,False,,False,False,False,False,46,Ѕponso⁨red,-37.09615323823982,41.82960593200019,0,philodendron pink princess,44,120,True,165,31.0,False
168217862191,"Rare Philodendron Pink Princess Galaxy 8"" Tall Multi Plants Aroid Not Monstera",54.0,$54.00$75.00,False,22.55,+$22.55 delivery,False,False,False,plantasha_creatives,99.7,1700,99.7,False,0,10,False,False,False,False,False,False,False,False,False,False,True,False,United States,False,,False,False,False,False,47,Ѕponso⁨red,-37.09615323823982,41.82960593200019,0,philodendron pink princess,45,120,True,165,32.0,False
237043837261,"Pink Princess Philodendron Variegated Potted Plant, Climbing Indoor Houseplant",30.0,$30.00,False,10.15,+$10.15 delivery,False,False,False,savannahgreer97,100.0,18,100.0,False,0,0,False,True,False,False,False,False,False,False,False,False,False,False,United States,False,,False,False,False,False,48,Ѕponso⁨red,-37.09615323823982,41.82960593200019,0,philodendron pink princess,46,120,True,165,33.0,False
117302401846,Philodendron White Princess,20.0,$20.00,False,12.0,+$12.00 delivery,False,False,False,your_plant_haven,99.4,1300,99.4,False,0,0,False,False,False,False,False,False,False,False,False,False,False,False,United States,False,,False,False,False,False,49,Ѕponso⁨red,-37.09615323823982,41.82960593200019,0,philodendron pink princess,47,120,True,165,34.0,False
377460917841,Philodendron Pink Princess Tissue Culture TC Variegated Live Houseplant,14.99,$14.99,False,6.34,+$6.34 delivery,False,False,False,20believe12,100.0,311,100.0,False,0,0,False,True,False,False,False,False,False,False,False,False,False,False,United States,False,,False,False,False,False,50,Ѕponso⁨red,-37.09615323823982,41.82960593200019,0,philodendron pink princess,48,120,True,165,35.0,False
307181070414,Pink Princess Marble Galaxy Philodendron- HIGH VARIEGATION EXACT PLANT! 🩷,30.0,$30.00,False,10.11,+$10.11 delivery,False,False,False,hanwin-2412,100.0,60,100.0,False,0,0,False,True,False,False,False,False,False,False,False,False,False,False,United States,False,,False,False,False,False,51,Ѕponso⁨red,-37.09615323823982,41.82960593200019,0,philodendron pink princess,49,120,True,165,36.0,False
276334402764,"Large PPP Philodendron Pink Princess US SELLER variegated 3.5"" pot Halfmoon",59.0,$59.00,False,0.0,Free delivery,True,False,False,maiksylvia,99.8,8900,99.8,False,0,0,False,False,False,False,False,False,False,False,False,False,False,False,United States,False,,False,False,False,False,52,Ѕponso⁨red,-37.09615323823982,41.82960593200019,0,philodendron pink princess,50,120,True,165,37.0,False
157434225112,"Philodendron Pink Princess Variegated 4"" pot, Fedex 2day*",19.0,$19.00,False,17.0,+$17.00 delivery,False,False,False,canopygems,99.7,2100,99.7,False,0,0,False,False,False,False,False,False,False,False,False,False,False,False,United States,False,,False,False,False,False,53,Ѕponso⁨red,-37.09615323823982,41.82960593200019,0,philodendron pink princess,51,120,True,165,38.0,False
318842568422,Philodendron Pink Princess Live Plants (2-Pack) | Partial Shade,82.98,$82.98,False,0.0,Free delivery,True,False,False,augustastore1,97.2,34,97.2,False,0,0,False,False,False,False,False,False,False,False,False,False,False,False,United States,False,,False,False,False,False,54,Ѕponso⁨red,-37.09615323823982,41.82960593200019,0,philodendron pink princess,52,120,True,165,39.0,False
366655658299,"Philodendron Pink Princess Live Plants, 4-Pack - Partial Shade, Houseplant",144.98,$144.98,False,0.0,Free delivery,True,False,False,chau-4790,100.0,5,100.0,False,0,0,False,False,False,False,False,False,False,False,False,False,False,False,United States,False,,False,False,False,False,55,Ѕponso⁨red,-37.09615323823982,41.82960593200019,0,philodendron pink princess,53,120,True,165,40.0,False
236936628489,"Philodendron Pink Princess Mutation, exact plant, US Seller",97.0,$97.00,False,8.44,+$8.44 delivery in 2-4 days,False,False,True,plantspotsparadise,100.0,97,100.0,False,0,0,False,False,False,False,False,False,False,False,False,False,False,False,United States,False,,False,False,False,False,56,Ѕponso⁨red,-37.09615323823982,41.82960593200019,0,philodendron pink princess,54,120,True,165,41.0,False
237045811149,"Philodendron Pink Princess Mutation, Exact Plant, US Seller",95.0,$95.00,False,8.07,+$8.07 delivery in 2-4 days,False,False,True,plantspotsparadise,100.0,97,100.0,False,0,0,False,False,False,False,False,False,False,False,False,False,False,False,United States,False,,False,False,False,False,57,Ѕponso⁨red,-37.09615323823982,41.82960593200019,0,philodendron pink princess,55,120,True,165,42.0,False
366655658297,"Philodendron Pink Princess Live Plants, 2-Pack - Partial Shade, Houseplant",82.98,$82.98,False,0.0,Free delivery,True,False,False,chau-4790,100.0,5,100.0,False,0,0,False,False,False,False,False,False,False,False,False,False,False,False,United States,False,,False,False,False,False,58,Ѕponso⁨red,-37.09615323823982,41.82960593200019,0,philodendron pink princess,56,120,True,165,43.0,False
198492569727,Pink princess philodendron 2 node cuttings for $8,8.0,$8.00,False,12.2,+$12.20 delivery,False,False,False,bigfootnursery,97.1,482,97.1,False,0,0,False,False,False,False,False,False,False,False,False,False,False,False,United States,False,,False,False,False,False,59,Ѕponso⁨red,-37.09615323823982,41.82960593200019,0,philodendron pink princess,57,120,True,165,44.0,False
277215965809,"PPP Philodendron Pink Princess US SELLER variegated 3"" pot",19.9,$19.90,False,5.0,+$5.00 delivery,False,False,False,maiksylvia,99.8,8900,99.8,False,0,0,False,False,False,False,False,False,False,False,False,False,False,False,United States,False,,False,False,False,False,60,Ѕponso⁨red,-37.09615323823982,41.82960593200019,0,philodendron pink princess,58,120,True,165,45.0,False
318842545628,Philodendron Pink Princess Live Plants (4-Pack) | Partial Shade,144.98,$144.98,False,0.0,Free delivery,True,False,False,augustastore1,97.2,34,97.2,False,0,0,False,False,False,False,False,False,False,False,False,False,False,False,United States,False,,False,False,False,False,61,Ѕponso⁨red,-37.09615323823982,41.82960593200019,0,philodendron pink princess,59,120,True,165,46.0,False
168574247964,"Philodendron Pink Princess Galaxy Variegated 4"" pot, Fedex 2day*",34.0,$34.00,False,17.0,+$17.00 delivery,False,False,False,canopygems,99.7,2100,99.7,False,0,0,False,False,False,False,False,False,False,False,False,False,False,False,United States,False,,False,False,False,False,62,Ѕponso⁨red,-37.09615323823982,41.82960593200019,0,philodendron pink princess,60,120,True,165,47.0,False
307189299827,Pink Princess Marble Galaxy Philodendron- HIGH VARIEGATION EXACT PLANT! 🩷,25.0,$25.00,False,10.11,+$10.11 delivery,False,False,False,hanwin-2412,100.0,60,100.0,False,0,0,False,False,False,False,False,False,False,False,False,False,False,False,United States,False,,False,False,False,False,63,Ѕponso⁨red,-37.09615323823982,41.82960593200019,0,philodendron pink princess,61,120,True,165,48.0,False
389047889129,"Philodendron Live Plant (3-Pack) – Pink Princess, Gloriosum, & Black Cardinal",27.99,$27.99,False,2.99,+$2.99 delivery,False,False,False,foxtownfarms,100.0,112,100.0,False,0,0,False,False,False,False,False,False,False,False,False,False,False,False,United States,False,,False,False,False,False,64,Ѕponso⁨red,-37.09615323823982,41.82960593200019,0,philodendron pink princess,62,120,True,165,49.0,False
366694079287,Pink Princess Philodendron Variegated Potted Indoor Starter Plant Climbing,24.49,$24.49,False,14.99,+$14.99 delivery,False,False,False,kri232696,100.0,12,100.0,False,0,0,False,True,False,False,False,False,False,False,False,False,False,False,United States,False,,False,False,False,False,65,Ѕponso⁨red,-37.09615323823982,41.82960593200019,0,philodendron pink princess,63,120,True,165,50.0,False
256553016384,"Pink Princess Philodendron Plant node, High Quality node",20.0,$20.00,False,17.2,+$17.20 delivery,False,False,False,lizjac21,100.0,210,100.0,False,0,0,False,True,False,False,False,False,False,False,False,False,False,False,United States,False,,False,False,False,False,66,Ѕponso⁨red,-37.09615323823982,41.82960593200019,0,philodendron pink princess,64,120,True,165,51.0,False
318842545608,Philodendron Pink Princess Live Plants (3-Pack) | Partial Shade,114.98,$114.98,False,0.0,Free delivery,True,False,False,augustastore1,97.2,34,97.2,False,0,0,False,False,False,False,False,False,False,False,False,False,False,False,United States,False,,False,False,False,False,67,Ѕponso⁨red,-37.09615323823982,41.82960593200019,0,philodendron pink princess,65,120,True,165,52.0,False
185951344481,Pink Princess Philodendron Variegated Rooted Mature Plant in 4 inch Pot,89.99,$89.99,False,0.0,Free delivery,True,False,False,succulentsandcactus,99.3,2400,99.3,False,0,0,False,False,False,False,False,False,False,False,False,False,False,False,United States,False,,False,False,False,False,68,Ѕponso⁨red,-37.09615323823982,41.82960593200019,0,philodendron pink princess,66,120,True,165,53.0,False
168373988866,"Philodendron Pink Princess Variegated 2.5"" pot, Fedex 2day*",19.0,$19.00,False,17.0,+$17.00 delivery,False,False,False,canopygems,99.7,2100,99.7,False,0,0,False,False,False,False,False,False,False,False,False,False,False,False,United States,False,,False,False,False,False,69,Ѕponso⁨red,-37.09615323823982,41.82960593200019,0,philodendron pink princess,67,120,True,165,54.0,False
168631668531,"Philodendron Pink Princess Variegated exact plant, Fedex 2day*",24.0,$24.00,False,17.0,+$17.00 delivery,False,False,False,canopygems,99.7,2100,99.7,False,0,0,False,False,False,False,False,False,False,False,False,False,False,False,United States,False,,False,False,False,False,70,Ѕponso⁨red,-37.09615323823982,41.82960593200019,0,philodendron pink princess,68,120,True,165,55.0,False
178509638524,"White Princess Philodendron Plant Live, Hardy, 5-8"" Tall",27.99,$27.99,False,9.99,+$9.99 delivery,False,False,False,gardenialabllc,50.0,0,50.0,False,0,0,False,False,False,False,False,False,False,False,False,False,False,False,United States,False,,False,False,False,False,71,Ѕponso⁨red,-37.09615323823982,41.82960593200019,0,philodendron pink princess,69,120,True,165,56.0,False
237045814188,"Philodendron Pink Princess Mutation, Exact Plant, US Seller",96.0,$96.00,False,8.07,+$8.07 delivery in 2-4 days,False,False,True,plantspotsparadise,100.0,97,100.0,False,0,0,False,False,False,False,False,False,False,False,False,False,False,False,United States,False,,False,False,False,False,72,Ѕponso⁨red,-37.09615323823982,41.82960593200019,0,philodendron pink princess,70,120,True,165,57.0,False
267768508733,"Philodendron White Princess Full Moon 3"" Pot Extreme Rare Exact Plant Mutation",39.95,$39.95,False,0.0,Free delivery,True,False,False,mfyplants,100.0,1400,100.0,False,0,0,False,False,False,True,False,False,False,False,False,False,False,False,United States,False,,False,False,False,False,73,Ѕponso⁨red,-37.09615323823982,41.82960593200019,0,philodendron pink princess,71,120,True,165,58.0,False
157879793119,Philodendron 'Pink Princess Marble',18.0,$18.00,False,10.11,+$10.11 delivery,False,False,False,zenbloomllc,100.0,350,100.0,False,0,0,False,True,False,False,False,False,False,False,False,False,False,False,United States,False,,False,False,False,False,74,Ѕponso⁨red,-37.09615323823982,41.82960593200019,0,philodendron pink princess,72,120,True,165,59.0,False
315662321249,"Pink Princess Galaxy Philodendron, 4 inch Splash Variegated",34.99,$34.99,False,5.95,+$5.95 delivery,False,False,False,bubbleblooms.shop,98.3,2500,98.3,False,0,0,False,False,False,False,True,False,False,False,False,False,False,False,United States,False,,False,False,False,False,75,Ѕponso⁨red,-37.09615323823982,41.82960593200019,0,philodendron pink princess,73,120,True,165,60.0,False
257663100263,Pink Princess Philodendron Variegated Exact Plant Pictured Cutting Unrooted,9.99,$9.99,False,15.0,+$15.00 delivery,False,False,False,thia1229,100.0,1300,100.0,False,0,0,False,True,False,False,False,False,False,False,False,False,False,False,United States,False,,False,False,False,False,76,Ѕponso⁨red,-37.09615323823982,41.82960593200019,0,philodendron pink princess,74,120,True,165,61.0,False
127914960221,Philodendron Tri-Color Variegated White Princess,80.0,$80.00,False,19.27,+$19.27 delivery,False,False,False,hammondfamilyfarm,100.0,21,100.0,False,0,0,False,True,False,False,False,False,False,False,False,False,False,False,United States,False,,False,False,False,False,77,Ѕponso⁨red,-37.09615323823982,41.82960593200019,0,philodendron pink princess,75,120,True,165,62.0,False
198523806745,"Philodendron Pink Princess Live House Plant - in 4"" pot",29.99,$29.99,False,10.0,+$10.00 delivery,False,False,False,am_100806,100.0,3,100.0,False,0,0,False,False,False,False,False,False,False,False,False,False,False,False,United States,False,,False,False,False,False,78,Ѕponso⁨red,-37.09615323823982,41.82960593200019,0,philodendron pink princess,76,120,True,165,63.0,False
407109700044,"Pink Princess Philodendron Live Plant 4"" Pot Variegated Houseplant",37.59,$37.59,False,7.99,+$7.99 delivery,False,False,False,galactic.g_35,97.9,185,97.9,False,0,0,False,False,False,False,False,False,False,False,False,False,False,False,United States,False,,False,False,False,False,79,Ѕponso⁨red,-37.09615323823982,41.82960593200019,0,philodendron pink princess,77,120,True,165,64.0,False
158081719257,Variegated Philodendron White Princess Houseplant Well Rooted,39.99,$39.99,False,14.85,+$14.85 delivery in 2-4 days,False,False,True,fulleffex,99.9,14100,99.9,False,0,0,False,False,False,False,False,False,False,False,False,False,False,False,United States,False,,False,False,False,False,80,Ѕponso⁨red,-37.09615323823982,41.82960593200019,0,philodendron pink princess,78,120,True,165,65.0,False
257660711166,Pink Princess Philodendron Variegated Exact Plant Pictured Cutting Unrooted,9.99,$9.99,False,15.0,+$15.00 delivery,False,False,False,thia1229,100.0,1300,100.0,False,0,0,False,True,False,False,False,False,False,False,False,False,False,False,United States,False,,False,False,False,False,81,Ѕponso⁨red,-37.09615323823982,41.82960593200019,0,philodendron pink princess,79,120,True,165,66.0,False
366655658298,"Philodendron Pink Princess Live Plants, 3-Pack - Partial Shade, Houseplant",114.98,$114.98,False,0.0,Free delivery,True,False,False,chau-4790,100.0,5,100.0,False,0,0,False,False,False,False,False,False,False,False,False,False,False,False,United States,False,,False,False,False,False,82,Ѕponso⁨red,-37.09615323823982,41.82960593200019,0,philodendron pink princess,80,120,True,165,67.0,False
257646383610,Pink Princess Philodendron Variegated Exact Plant Pictured Cutting Unrooted,9.99,$9.99,False,15.0,+$15.00 delivery,False,False,False,thia1229,100.0,1300,100.0,False,0,0,False,True,False,False,False,False,False,False,False,False,False,False,United States,False,,False,False,False,False,83,Ѕponso⁨red,-37.09615323823982,41.82960593200019,0,philodendron pink princess,81,120,True,165,68.0,False
168531147617,"Rare Philodendron White Princess Tricolor Galaxy 23"" Tall Not Aroid Anthurium",108.0,$108.00$150.00,False,30.57,+$30.57 delivery,False,False,False,plantasha_creatives,99.7,1700,99.7,False,0,0,False,False,False,False,False,False,False,False,False,False,True,False,United States,False,,False,False,False,False,84,Ѕponso⁨red,-37.09615323823982,41.82960593200019,0,philodendron pink princess,82,120,True,165,69.0,False
257410998210,Pink Princess Philodendron Top Cut Rooted In Water,52.9,$52.90,False,10.11,+$10.11 delivery,False,False,False,kimanne1980,100.0,115,100.0,False,0,0,False,True,False,False,False,False,False,False,False,False,False,False,United States,False,,False,False,False,False,85,Ѕponso⁨red,-37.09615323823982,41.82960593200019,0,philodendron pink princess,83,120,True,165,70.0,False
316846717132,"Philodendron Pink Princess Marble. Excellent color. NIce starter in 3"" pot.",14.95,$14.95,False,12.5,+$12.50 delivery,False,False,False,timmor-2928,100.0,371,100.0,False,0,0,False,False,False,False,False,False,False,False,False,False,False,False,United States,False,,False,False,False,False,86,Ѕponso⁨red,-37.09615323823982,41.82960593200019,0,philodendron pink princess,84,120,True,165,71.0,False
257651106369,Pink Princess Philodendron Variegated Exact Plant Pictured Cutting Unrooted,9.99,$9.99,False,15.0,+$15.00 delivery,False,False,False,thia1229,100.0,1300,100.0,False,0,0,False,True,False,False,False,False,False,False,False,False,False,False,United States,False,,False,False,False,False,87,Ѕponso⁨red,-37.09615323823982,41.82960593200019,0,philodendron pink princess,85,120,True,165,72.0,False
307156001949,Pink Princess Philodendron- EXACT PLANT! 💗,38.0,$38.00,False,10.11,+$10.11 delivery,False,False,False,hanwin-2412,100.0,60,100.0,False,0,0,False,True,False,False,False,False,False,False,False,False,False,False,United States,False,,False,False,False,False,88,Ѕponso⁨red,-37.09615323823982,41.82960593200019,0,philodendron pink princess,86,120,True,165,73.0,False
317442502394,Philodendron 'Pink Princess' | Live Plant for Indoor & Outdoor,49.99,$49.99 to $118.99,True,9.8,+$9.80 delivery,False,False,False,ks_plants,100.0,68,100.0,False,0,0,False,False,False,False,False,False,False,False,False,False,False,False,United States,False,,False,False,False,False,89,Ѕponso⁨red,-37.09615323823982,41.82960593200019,0,philodendron pink princess,87,120,True,165,74.0,False
257630022200,Pink Princess Philodendron Variegated Exact Plant Pictured Cutting Unrooted,9.99,$9.99,False,15.0,+$15.00 delivery,False,False,False,thia1229,100.0,1300,100.0,False,0,0,False,True,False,False,False,False,False,False,False,False,False,False,United States,False,,False,False,False,False,90,Ѕponso⁨red,-37.09615323823982,41.82960593200019,0,philodendron pink princess,88,120,True,165,75.0,False
318917579406,Philodendron Micans variegated True Pink Micans,125.0,$125.00,False,13.65,+$13.65 delivery,False,False,False,victoriababyfarms07,100.0,591,100.0,False,0,0,False,True,False,False,False,False,False,False,False,False,False,False,United States,False,,False,False,False,False,91,Ѕponso⁨red,-37.09615323823982,41.82960593200019,0,philodendron pink princess,89,120,True,165,76.0,False
168284607710,Philodendron Pink Princess - Live Houseplant - 4-inch Pot,53.19,$53.19,False,9.99,+$9.99 delivery,False,False,False,riversidegreenhouses,100.0,4,100.0,False,0,0,False,True,False,False,False,False,False,False,False,False,False,False,United States,False,,False,False,False,False,92,Ѕponso⁨red,-37.09615323823982,41.82960593200019,0,philodendron pink princess,90,120,True,165,77.0,True
185828641646,"Variegated Half Moon Philodendron Pink Princess Rooted Live Plant in 4"" pot",79.99,$79.99,False,0.0,Free delivery,True,False,False,succulentsandcactus,99.3,2400,99.3,False,0,0,False,False,False,False,False,False,False,False,False,False,False,False,United States,False,,False,False,False,False,93,Ѕponso⁨red,-37.09615323823982,41.82960593200019,0,philodendron pink princess,91,120,True,165,78.0,False
257630023350,Pink Princess Philodendron Variegated Exact Plant Pictured Cutting Unrooted,9.99,$9.99,False,15.0,+$15.00 delivery,False,False,False,thia1229,100.0,1300,100.0,False,0,0,False,True,False,False,False,False,False,False,False,False,False,False,United States,False,,False,False,False,False,94,Ѕponso⁨red,-37.09615323823982,41.82960593200019,0,philodendron pink princess,92,120,True,165,79.0,False
195336718923,"FlowerPotNursery Pink Princess Philodendron Philodendron erubescens P. P. 4"" Pot",61.18,$61.18,False,9.0,+$9.00 delivery,False,False,False,theflowerpotnursery,98.3,3800,98.3,False,0,2,False,False,False,False,False,False,False,False,False,False,False,False,United States,False,,False,False,False,False,95,Ѕponso⁨red,-37.09615323823982,41.82960593200019,0,philodendron pink princess,93,120,True,165,80.0,False
366655658283,"Philodendron Pink Princess Live Plant - Partial Shade, Houseplant",49.98,$49.98,False,0.0,Free delivery,True,False,False,chau-4790,100.0,5,100.0,False,0,0,False,False,False,False,False,False,False,False,False,False,False,False,United States,False,,False,False,False,False,96,Ѕponso⁨red,-37.09615323823982,41.82960593200019,0,philodendron pink princess,94,120,True,165,81.0,False
185828644839,Philodendron Pink Princess highly Variegated Philodendron Rare Plants,89.99,$89.99,False,0.0,Free delivery,True,False,False,succulentsandcactus,99.3,2400,99.3,False,0,0,False,False,False,False,False,False,False,False,False,False,False,False,United States,False,,False,False,False,False,97,Ѕponso⁨red,-37.09615323823982,41.82960593200019,0,philodendron pink princess,95,120,True,165,82.0,False
406751938331,"Pink Princess Philodendron Plant in 4"" pot - Variegated Plant - Rare Aroid Plant",35.99,$35.99,False,5.99,+$5.99 delivery,False,False,False,galactic.g_35,97.9,185,97.9,False,0,2,False,False,False,False,False,False,False,False,False,False,False,False,United States,False,,False,False,False,False,98,Ѕponso⁨red,-37.09615323823982,41.82960593200019,0,philodendron pink princess,96,120,True,165,83.0,False
185811087380,Philodendron 'Pink Princess' (Philodendron Erubescens) Plant In 4” Pot,79.99,$79.99,False,0.0,Free delivery,True,False,False,succulentsandcactus,99.3,2400,99.3,False,0,0,False,False,False,False,False,False,False,False,False,False,False,False,United States,False,,False,False,False,False,99,Ѕponso⁨red,-37.09615323823982,41.82960593200019,0,philodendron pink princess,97,120,True,165,84.0,False
376733266503,Pink Princess Philodendron (Low var),15.0,$15.00,False,10.0,+$10.00 delivery,False,False,False,melallen-0,100.0,1,100.0,False,0,0,False,True,False,False,False,False,False,False,False,False,False,False,United States,False,,False,False,False,False,100,Ѕponso⁨red,-37.09615323823982,41.82960593200019,0,philodendron pink princess,98,120,True,165,85.0,False
377167929738,"Unique Pink Princess Philodendron - Rare Tropical Live Plant, Home Decor Accent",125.99,$125.99,False,0.0,Free delivery,True,False,False,prestigeun_35,98.2,246,98.2,False,0,0,False,False,False,True,False,False,False,False,False,False,False,False,United States,False,,False,False,False,False,101,Ѕponso⁨red,-37.09615323823982,41.82960593200019,0,philodendron pink princess,99,120,True,165,86.0,False
298350299497,Rare Houseplant Keychains Monstera Philodendron Anthurium Plant Lover Gift -Pick,4.49,$4.49,False,1.5,+$1.50 delivery,False,False,False,bbroos_21,100.0,65,100.0,False,0,3,True,False,False,False,True,False,False,False,False,False,False,False,United States,False,,False,False,False,False,102,Ѕponso⁨red,-37.09615323823982,41.82960593200019,0,philodendron pink princess,100,120,True,165,87.0,False
178509638237,"2 Pink Philodendron Plants Live, Indoor Plant, 5-8 Inch Tall",50.99,$50.99,False,9.99,+$9.99 delivery,False,False,False,gardenialabllc,50.0,0,50.0,False,0,0,False,False,False,False,False,False,False,False,False,False,False,False,United States,False,,False,False,False,False,103,Ѕponso⁨red,-37.09615323823982,41.82960593200019,0,philodendron pink princess,101,120,True,165,88.0,False
188380096986,Philodendron Pink Princess 'Jumbo' Rooted Plant,68.0,$68.00,False,29.01,+$29.01 delivery,False,False,False,loverboys_0,0.0,0,,True,0,0,False,True,False,False,False,False,False,False,False,False,False,False,United States,False,,False,False,False,False,104,Ѕponso⁨red,-37.09615323823982,41.82960593200019,0,philodendron pink princess,102,120,True,165,89.0,False
318659889155,Real Picture Philodendron Pink Princess Galaxy Variegated 7 Leaves Medium Size,85.0,$85.00,False,45.0,+$45.00 delivery,False,False,False,var_plant,100.0,17,100.0,False,0,0,False,True,False,False,False,False,False,True,False,False,False,False,Indonesia,True,Brand New,False,False,False,False,105,Ѕponso⁨red,-37.09615323823982,41.82960593200019,0,philodendron pink princess,103,120,True,165,90.0,False
178509638291,"Princess Philodendron Plant, 5-8"" Tall, (Mixed Princess Philodendron Plants)",42.99,$42.99,False,9.99,+$9.99 delivery,False,False,False,gardenialabllc,50.0,0,50.0,False,0,0,False,False,False,False,False,False,False,False,False,False,False,False,United States,False,,False,False,False,False,106,Ѕponso⁨red,-37.09615323823982,41.82960593200019,0,philodendron pink princess,104,120,True,165,91.0,False
256553014140,"Rooted Pink Princess Philodendron Plant Cutting, High Quality",75.0,$75.00,False,17.2,+$17.20 delivery,False,False,False,lizjac21,100.0,210,100.0,False,0,0,False,True,False,False,False,False,False,False,False,False,False,False,United States,False,,False,False,False,False,107,Ѕponso⁨red,-37.09615323823982,41.82960593200019,0,philodendron pink princess,105,120,True,165,92.0,False
256567983680,"Pink Princess Philodendron Plant node w/ roots, High Quality node",50.0,$50.00,False,17.2,+$17.20 delivery,False,False,False,lizjac21,100.0,210,100.0,False,0,0,False,True,False,False,False,False,False,False,False,False,False,False,United States,False,,False,False,False,False,108,Ѕponso⁨red,-37.09615323823982,41.82960593200019,0,philodendron pink princess,106,120,True,165,93.0,False
257465194463,Philodendron Pink Princess Marble Galaxy,63.99,$63.99 to $119.99,True,14.99,+$14.99 delivery,False,False,False,greenvue,98.0,13400,98.0,False,0,0,False,False,False,False,False,False,False,False,False,False,False,False,United States,False,,False,False,False,False,109,Ѕponso⁨red,-37.09615323823982,41.82960593200019,0,philodendron pink princess,107,120,True,165,94.0,False
147436743654,Pink Princess Philodendron,20.0,$20.00,False,18.27,+$18.27 delivery,False,False,False,angelina_atelier_botanique,0.0,0,,True,0,0,False,True,False,False,False,False,False,False,False,False,False,False,United States,False,,False,False,False,False,110,Ѕponso⁨red,-37.09615323823982,41.82960593200019,0,philodendron pink princess,108,120,True,165,95.0,False
318432947869,"Pink Princess 'Marble Galaxy' 6 inch pot ""Pick your 6"" pot from video""",89.0,$89.00,False,6.0,+$6.00 delivery in 2-4 days,False,False,True,malibuplants,100.0,772,100.0,False,0,0,False,False,False,False,False,False,False,False,False,False,False,False,United States,False,Brand New,False,False,False,False,111,Ѕponso⁨red,-37.09615323823982,41.82960593200019,0,philodendron pink princess,109,120,True,165,96.0,False
256971802454,Pink Princess Philodendron Top Cut Rooted In Water,48.0,$48.00,False,10.11,+$10.11 delivery,False,False,False,kimanne1980,100.0,115,100.0,False,0,0,False,True,False,False,False,False,False,False,False,False,False,False,United States,False,,False,False,False,False,112,Ѕponso⁨red,-37.09615323823982,41.82960593200019,0,philodendron pink princess,110,120,True,165,97.0,False
317291575215,Real Pict Philodendron Pink Princess Galaxy Variegated Rare Plant,145.0,$145.00,False,35.0,+$35.00 delivery,False,False,False,var_plant,100.0,17,100.0,False,0,4,False,True,False,False,False,False,False,True,False,False,False,False,Indonesia,True,Brand New,False,False,False,False,113,Ѕponso⁨red,-37.09615323823982,41.82960593200019,0,philodendron pink princess,111,120,True,165,98.0,False
195749021729,"FlowerPotNursery Pink Princess Philodendron Philodendron erubescens P. P. 6"" Pot",124.78,$124.78,False,12.0,+$12.00 delivery,False,False,False,theflowerpotnursery,98.3,3800,98.3,False,0,0,False,False,False,False,False,False,False,False,False,False,False,False,United States,False,,False,False,False,False,114,Ѕponso⁨red,-37.09615323823982,41.82960593200019,0,philodendron pink princess,112,120,True,165,99.0,False
256553020664,"Pink Princess Philodendron Plant Cutting w/ multiple nodes-rooted, High Quality",125.0,$125.00,False,17.2,+$17.20 delivery,False,False,False,lizjac21,100.0,210,100.0,False,0,0,False,True,False,False,False,False,False,False,False,False,False,False,United States,False,,False,False,False,False,115,Ѕponso⁨red,-37.09615323823982,41.82960593200019,0,philodendron pink princess,113,120,True,165,100.0,False
404031675727,Philodendron Pink Princess Marble unique plant tropical house,38.0,$38.00,False,38.0,+$38.00 delivery,False,False,False,hans_plant,85.7,83,85.7,False,0,20,False,True,False,False,False,False,False,True,False,False,False,False,Indonesia,True,Brand New,False,False,False,False,116,Ѕponso⁨red,-37.09615323823982,41.82960593200019,0,philodendron pink princess,114,120,True,165,101.0,False
257690948937,"Philodendron Scarlet Princess - Exact Plant #33A in 4"" Pot",135.19,$135.19$168.99,False,14.99,+$14.99 delivery,False,False,False,greenvue,98.0,13400,98.0,False,0,0,False,False,False,False,False,False,False,False,False,False,True,False,United States,False,,False,False,False,False,117,Ѕponso⁨red,-37.09615323823982,41.82960593200019,0,philodendron pink princess,115,120,True,165,102.0,False
396050206306,Philodendron Pink Princess Cutting rare live house plant,15.0,$15.00,False,10.11,+$10.11 delivery,False,False,False,kristedot8,0.0,8,,True,0,0,False,True,False,False,False,False,False,False,False,False,False,False,United States,False,,False,False,False,False,118,Ѕponso⁨red,-37.09615323823982,41.82960593200019,0,philodendron pink princess,116,120,True,165,103.0,False
397472192117,Philodendron Pink Princess Galaxy – Pink Splash Foliage Live Plant Grow in Pot,60.0,$60.00,False,45.0,+$45.00 delivery,False,False,False,hosea-74,100.0,6,100.0,False,0,0,False,False,False,False,False,False,False,True,False,False,False,False,Indonesia,True,Brand New,False,False,False,False,119,Ѕponso⁨red,-37.09615323823982,41.82960593200019,0,philodendron pink princess,117,120,True,165,104.0,False
314139712209,Pink Princess Philodendron Exact Plant #5,60.0,$60.00,False,0.0,Free delivery,True,False,False,mjtropicals,0.0,0,,True,0,0,False,False,False,False,False,False,False,False,False,False,False,False,United States,False,,False,False,False,False,120,Ѕponso⁨red,-37.09615323823982,41.82960593200019,0,philodendron pink princess,118,120,True,165,105.0,False
387096901208,"Philodendron Pink Princess Plant Live In Trellis 6 In Pot 14-17"" Overall Height",109.95,$109.95,False,100.0,+$100.00 delivery,False,False,False,om.bro,98.0,227,98.0,False,0,0,False,True,False,False,True,False,False,False,False,False,False,False,United States,False,,True,True,True,True,121,Spon⁧sorеd,0.07393590087992163,11.584504145479713,261,philodendron pink princess,119,120,True,165,,False
166197925853,Pink Princess Philodendron,30.0,$30.00,False,10.0,+$10.00 delivery,False,False,False,thegardenofedenandethan,0.0,0,,True,0,0,False,True,False,False,False,False,False,False,False,False,False,False,United States,False,,True,True,True,True,122,Spon⁧sorеd,0.07393590087992163,11.584504145479713,261,philodendron pink princess,120,120,True,165,,False
406898188504,"2"" Pot Live Chinese Money Plant Pilea peperomioides Indoor House Plants",12.95,$12.95,False,0.0,Free delivery in 2-4 days,True,False,True,dealcrossing,98.7,2400,98.7,False,32,0,False,False,False,False,False,False,False,False,False,False,False,False,United States,False,,False,False,False,False,3,Ѕpo⁧nsored,41.708599423290984,-37.86523451045596,0,pilea peperomioides,1,120,True,164,1.0,False
398417758182,"Live Pilea peperomioides in 4.5"" Nursery Pot - Round Green Leaves",19.95,$19.95,False,0.0,Free delivery,True,False,False,nygardenia,99.3,12200,99.3,False,0,0,False,False,False,False,False,False,False,False,False,False,False,False,United States,False,,True,True,True,True,4,Ѕponsor⁨ed,0.02346458223287362,11.55908939052815,261,pilea peperomioides,2,120,True,164,,False
206496219537,(1) 🪴CUTE Rooted Chinese Money Plant – Pilea Peperomioides – EASY GROW🌱,13.99,$13.99,False,0.0,Free delivery,True,False,False,cougarnanna,98.6,2500,98.6,False,0,0,False,False,False,False,False,False,False,False,False,False,False,False,United States,False,,True,True,True,True,5,Ѕponsor⁨ed,0.02346458223287362,11.55908939052815,261,pilea peperomioides,3,120,True,164,,False
407082982498,Pilea Peperomioides Chinese Money Plant 3 Inches Size Pot Live Houseplant,12.95,$12.95,False,6.34,+$6.34 delivery,False,False,False,lensgardenusa,99.4,354,99.4,False,0,9,False,True,False,False,True,False,False,False,False,False,False,False,United States,False,,True,True,True,True,6,Ѕponsor⁨ed,0.02346458223287362,11.55908939052815,261,pilea peperomioides,4,120,True,164,,False
314779024469,Pilea Peperomioides Chinese Money Plant Live Evergreen Perennial Houseplant,23.99,$23.99,False,5.99,+$5.99 delivery,False,False,False,joyfulblooms,100.0,586,100.0,False,26,0,False,False,False,False,False,False,False,False,False,False,False,False,United States,False,,False,False,False,False,7,Ѕpo⁧nsored,41.708599423290984,-37.86523451045596,0,pilea peperomioides,5,120,True,164,2.0,False
307047954551,Rooted Starter Rare Plant Variegated Pilea Peperomioides White Splash Houseplant,35.0,$35.00,False,6.47,+$6.47 delivery,False,False,False,primo_deals,100.0,1200,100.0,False,0,4,False,True,False,False,False,False,False,False,False,False,False,False,United States,False,,False,False,False,False,8,Ѕpo⁧nsored,41.708599423290984,-37.86523451045596,0,pilea peperomioides,6,120,True,164,3.0,False
407078677934,"2X 2"" Pot Live Chinese Money Plant Pilea peperomioides Indoor House Plants",19.99,$19.99,False,0.0,Free delivery in 2-4 days,True,False,True,dealcrossing,98.7,2400,98.7,False,0,0,False,False,False,False,False,False,False,False,False,False,False,False,United States,False,,False,False,False,False,9,Ѕpo⁧nsored,41.708599423290984,-37.86523451045596,0,pilea peperomioides,7,120,True,164,4.0,False
127843055081,Chinese Money Plant – Pilea Peperomioides | Live Plant in 4”Pot,9.0,$9.00,False,10.11,+$10.11 delivery,False,False,False,wil_153392,100.0,420,100.0,False,0,0,False,True,False,False,True,False,False,False,False,False,False,False,United States,False,,False,False,False,False,10,Ѕpo⁧nsored,41.708599423290984,-37.86523451045596,0,pilea peperomioides,8,120,True,164,5.0,False
366659102178,"Pilea Peperomioides Chinese Money Plant – Easy Care, Air Purifying(4 Inch Pot)",13.99,$13.99,False,10.15,+$10.15 delivery,False,False,False,greenharborgardenco,100.0,41,100.0,False,0,0,False,False,False,False,True,False,False,False,False,False,False,False,United States,False,,False,False,False,False,11,Ѕpo⁧nsored,41.708599423290984,-37.86523451045596,0,pilea peperomioides,9,120,True,164,6.0,False
197235004105,"Pilea Peperomioides, Chinese Money Plant, live in 4"" Pot",12.99,$12.99,False,9.02,+$9.02 delivery,False,False,False,caragl02,100.0,166,100.0,False,0,10,False,False,False,False,False,False,False,False,False,False,False,False,United States,False,,False,False,False,False,12,Ѕpo⁧nsored,41.708599423290984,-37.86523451045596,0,pilea peperomioides,10,120,True,164,7.0,False
377537995355,Beautiful Live Chinese Money Plant - Pilea Peperomioides - 3 in,7.0,$7.00,False,5.58,+$5.58 delivery,False,False,False,tofu_box_retail,100.0,71,100.0,False,0,0,False,True,False,False,False,False,False,False,False,False,False,False,United States,False,,False,False,False,False,13,Ѕpo⁧nsored,41.708599423290984,-37.86523451045596,0,pilea peperomioides,11,120,True,164,8.0,False
366345850384,"8-12"" Diameter Plant Pilea Peperomioides Chinese Money Plant fully rooted",6.99,$6.99,False,5.68,+$5.68 delivery in 2-4 days,False,False,True,joach-6675,98.4,321,98.4,False,0,0,False,False,False,False,False,False,False,False,False,False,False,False,United States,False,,False,False,False,False,14,Ѕpo⁧nsored,41.708599423290984,-37.86523451045596,0,pilea peperomioides,12,120,True,164,9.0,False
376034837830,Pilea Peperomioides Chinese Money Plant Live Evergreen Perennial Houseplant,19.86,$19.86,False,3.0,+$3.00 delivery,False,False,False,plantytronics,100.0,46,100.0,False,0,0,False,True,False,False,True,False,False,False,False,False,False,False,United States,False,,True,True,True,True,15,Ѕponsor⁨ed,0.02346458223287362,11.55908939052815,261,pilea peperomioides,13,120,True,164,,False
186072810521,"Pilea peperomioides~Chinese Money Plant~ Live Plant 4"" Pot",24.99,$24.99,False,0.0,Free delivery,True,False,False,succulentsandcactus,99.3,2400,99.3,False,0,0,False,False,False,False,False,False,False,False,False,False,False,False,United States,False,,True,True,True,True,16,Ѕponsor⁨ed,0.02346458223287362,11.55908939052815,261,pilea peperomioides,14,120,True,164,,False
298621782079,Pilea Peperomioides 'Chinese Money Plant' Live 4-inch Pot,15.0,$15.00,False,,,,True,False,kristine_555,0.0,0,,True,0,0,False,True,False,False,False,False,False,False,False,False,False,False,United States,False,,True,True,True,True,17,Ѕponsor⁨ed,0.02346458223287362,11.55908939052815,261,pilea peperomioides,15,120,True,164,,False
116633532063,Pilea Peperomioides | Chinese Money Plant | UFO Plant | Peperomia Plant 4 In Pot,14.24,$14.24$18.99,False,7.08,+$7.08 delivery,False,False,False,fun_plantsandcactus,99.7,901,99.7,False,0,21,False,False,False,False,True,False,False,False,False,False,False,False,United States,False,,True,True,True,True,18,Ѕponsor⁨ed,0.02346458223287362,11.55908939052815,261,pilea peperomioides,16,120,True,164,,False
127801743890,"Pilea peperomioides, Chinese Money Plant, Container Size: 3"" (2.6x3.5"")",21.43,$21.43,False,0.0,Free delivery,True,False,False,wintergreenhouse,99.4,10700,99.4,False,0,0,False,False,False,False,True,False,False,False,False,False,False,False,United States,False,,False,False,False,False,19,Ѕpo⁧nsored,41.708599423290984,-37.86523451045596,0,pilea peperomioides,17,120,True,164,10.0,False
278002385830,"Pilea Peperomioides, Chinese Money Plant, live in 4"" Pot 3 years old",12.99,$12.99,False,6.85,+$6.85 delivery,False,False,False,byclicking,100.0,931,100.0,False,0,0,False,False,False,False,False,False,False,False,False,False,False,False,United States,False,,False,False,False,False,20,Ѕpo⁧nsored,41.708599423290984,-37.86523451045596,0,pilea peperomioides,18,120,True,164,11.0,False
298672023153,Pilea peperomioides Chinese Money Plant,17.99,$17.99,False,9.0,+$9.00 delivery in 2-4 days,False,False,True,beautiflorist,99.5,23200,99.5,False,0,0,False,False,False,False,False,False,False,False,False,False,False,False,United States,False,,False,False,False,False,21,Ѕpo⁧nsored,41.708599423290984,-37.86523451045596,0,pilea peperomioides,19,120,True,164,12.0,False
336771602371,"Pilea Peperomioides Chinese Money Plant Live - Size: 6""",31.99,$31.99,False,0.0,Free delivery,True,False,False,plants-zen,100.0,22,100.0,False,0,0,False,False,False,False,False,False,False,False,False,False,False,False,United States,False,,False,False,False,False,22,Ѕpo⁧nsored,41.708599423290984,-37.86523451045596,0,pilea peperomioides,20,120,True,164,13.0,False
327329765634,Chinese Money Plant – Pilea Peperomioides | Live Plant in 4”Pot,19.99,$19.99,False,0.0,Free delivery,True,False,False,exoticwholesale,99.6,2800,99.6,False,0,0,False,False,False,False,True,False,False,False,False,False,False,False,United States,False,,False,False,False,False,23,Ѕpo⁧nsored,41.708599423290984,-37.86523451045596,0,pilea peperomioides,21,120,True,164,14.0,False
127171224051,Pilea Peperomioides Live Plant - Chinese Money - 4 to 7 Inch Tall - Ship No Pot,18.99,$18.99,False,13.48,+$13.48 delivery,False,False,False,dimensionalprint,98.0,806,98.0,False,0,0,False,False,False,False,True,False,False,False,False,False,False,False,United States,False,,False,False,False,False,24,Ѕpo⁧nsored,41.708599423290984,-37.86523451045596,0,pilea peperomioides,22,120,True,164,15.0,False
127169349847,"Pilea Peperomioides Live Plant - Chinese Money - 4"" Pot - Low Maintenance Plant",28.99,$28.99,False,7.08,+$7.08 delivery,False,False,False,dimensionalprint,98.0,806,98.0,False,0,0,False,False,False,False,True,False,False,False,False,False,False,False,United States,False,,False,False,False,False,25,Ѕpo⁧nsored,41.708599423290984,-37.86523451045596,0,pilea peperomioides,23,120,True,164,16.0,False
376808851638,Live Pilea Peperomioides – Chinese Money Plant – 2” Pot – Easy Care Indoor,19.99,$19.99,False,6.35,+$6.35 delivery,False,False,False,brig_9823,98.6,229,98.6,False,0,0,False,False,False,False,True,False,False,False,False,False,False,False,United States,False,,False,False,False,False,26,Ѕpo⁧nsored,41.708599423290984,-37.86523451045596,0,pilea peperomioides,24,120,True,164,17.0,False
186072801752,FlowerPotNursery Chinese Money Plant UFO Plant Pilea peperomioides 4” Pot,24.99,$24.99,False,0.0,Free delivery,True,False,False,succulentsandcactus,99.3,2400,99.3,False,0,0,False,False,False,False,False,False,False,False,False,False,False,False,United States,False,,False,False,False,False,27,Ѕpo⁧nsored,41.708599423290984,-37.86523451045596,0,pilea peperomioides,25,120,True,164,18.0,False
116222219042,Chinese Money Plant Houseplant - Pilea peperomioides - Live Plant In 2” Pot,13.49,$13.49$17.99,False,7.08,+$7.08 delivery,False,False,False,fun_plantsandcactus,99.7,901,99.7,False,0,18,False,False,False,False,True,False,False,False,False,False,False,False,United States,False,,False,False,False,False,28,Ѕpo⁧nsored,41.708599423290984,-37.86523451045596,0,pilea peperomioides,26,120,True,164,19.0,False
185827861246,"UFO Chinese Money Live Plant Pilea Peperomioides 4""Pot Indoor Houseplants",29.99,$29.99,False,0.0,Free delivery,True,False,False,succulentsandcactus,99.3,2400,99.3,False,0,0,False,False,False,False,False,False,False,False,False,False,False,False,United States,False,,False,False,False,False,29,Ѕpo⁧nsored,41.708599423290984,-37.86523451045596,0,pilea peperomioides,27,120,True,164,20.0,False
196289271977,"Pilea Peperomioides,Chinese Money Plant, UFO Plant ,Lefsi Plant live in 4"" Pot",10.0,$10.00,False,9.22,+$9.22 delivery,False,False,False,laurantoni-76,100.0,110,100.0,False,0,3,False,False,False,False,False,False,False,False,False,False,False,False,United States,False,,False,False,False,False,30,Ѕpo⁧nsored,41.708599423290984,-37.86523451045596,0,pilea peperomioides,28,120,True,164,21.0,False
206554469788,Feng Shui Money $ Plant Provides Positive Energy & Financial Symbolism EASY GROW,13.99,$13.99,False,0.0,Free delivery,True,False,False,cougarnanna,98.6,2500,98.6,False,0,0,False,False,False,False,False,False,False,False,False,False,False,False,United States,False,,True,True,True,True,31,Ѕponsor⁨ed,0.02346458223287362,11.55908939052815,261,pilea peperomioides,29,120,True,164,,False
127169348511,"Pilea Peperomioides Live Plant - Chinese Money - 2"" Pot - Low Maintenance Plant",18.99,$18.99,False,7.02,+$7.02 delivery,False,False,False,dimensionalprint,98.0,806,98.0,False,0,0,False,False,False,False,True,False,False,False,False,False,False,False,United States,False,,True,True,True,True,32,Ѕponsor⁨ed,0.02346458223287362,11.55908939052815,261,pilea peperomioides,30,120,True,164,,False
128073213563,LARGE 1+ FOOT Rooted Jade / Money Plant Live Bonsai Tree,20.0,$20.00,False,5.98,+$5.98 delivery in 2-4 days,False,False,True,meig-4641,100.0,257,100.0,False,0,8,False,True,False,False,True,False,False,False,False,False,False,False,United States,False,,True,True,True,True,33,Ѕponsor⁨ed,0.02346458223287362,11.55908939052815,261,pilea peperomioides,31,120,True,164,,False
388594119040,Pilea Peperomioides Chinese Money 4in pot - Chinese Money Plant - UFO Plant,29.99,$29.99,False,7.08,+$7.08 delivery,False,False,False,bobkop-36,96.2,191,96.2,False,0,3,False,False,False,False,False,False,False,False,False,False,False,False,United States,False,,True,True,True,True,34,Ѕponsor⁨ed,0.02346458223287362,11.55908939052815,261,pilea peperomioides,32,120,True,164,,False
168586309339,Pilea peperomiodes 'Chinese Money Plant',14.99,$14.99,False,8.3,+$8.30 delivery,False,False,False,snakerootbotanicals,98.3,57,98.3,False,0,0,False,False,False,False,False,False,False,False,False,False,False,False,United States,False,,False,False,False,False,35,Ѕpo⁧nsored,41.708599423290984,-37.86523451045596,0,pilea peperomioides,33,120,True,164,22.0,False
185827865681,"UFO Plant Chinese Money Pass Pilea Peperomioides 4"" Pot Best Gift Houseplant",29.99,$29.99,False,0.0,Free delivery,True,False,False,succulentsandcactus,99.3,2400,99.3,False,0,0,False,False,False,False,False,False,False,False,False,False,False,False,United States,False,,False,False,False,False,36,Ѕpo⁧nsored,41.708599423290984,-37.86523451045596,0,pilea peperomioides,34,120,True,164,23.0,False
406725248581,"Chinese Money Plant in 4"" pot - Pilea Peperomioides - Live Houseplant",20.99,$20.99,False,5.99,+$5.99 delivery,False,False,False,galactic.g_35,97.9,185,97.9,False,0,2,False,False,False,False,False,False,False,False,False,False,False,False,United States,False,,False,False,False,False,37,Ѕpo⁧nsored,41.708599423290984,-37.86523451045596,0,pilea peperomioides,35,120,True,164,24.0,False
178509639378,"2 Money Live Plants, Pilea Peperomioides Houseplant, 4-6 Inch Tall",38.99,$38.99,False,9.99,+$9.99 delivery,False,False,False,gardenialabllc,50.0,0,50.0,False,0,0,False,False,False,False,False,False,False,False,False,False,False,False,United States,False,,False,False,False,False,38,Ѕpo⁧nsored,41.708599423290984,-37.86523451045596,0,pilea peperomioides,36,120,True,164,25.0,False
178509638991,"2 Money Plants Live, Pilea Peperomioides Houseplant, 4-6 Inch Tall",38.99,$38.99,False,9.99,+$9.99 delivery,False,False,False,gardenialabllc,50.0,0,50.0,False,0,0,False,False,False,False,False,False,False,False,False,False,False,False,United States,False,,False,False,False,False,39,Ѕpo⁧nsored,41.708599423290984,-37.86523451045596,0,pilea peperomioides,37,120,True,164,26.0,False
186072811060,"Pilea Peperomioides,Chinese Money Plant, UFO Plant ,Lefsi Plant- in 4"" Pot",24.99,$24.99,False,0.0,Free delivery,True,False,False,succulentsandcactus,99.3,2400,99.3,False,0,0,False,False,False,False,False,False,False,False,False,False,False,False,United States,False,,False,False,False,False,40,Ѕpo⁧nsored,41.708599423290984,-37.86523451045596,0,pilea peperomioides,38,120,True,164,27.0,False
234065360144,"Pilea peperomioides Chinese Money Plant UFO Plant 4"" Pot",19.99,$19.99,False,5.99,+$5.99 delivery in 2-4 days,False,False,True,uskc-fg,99.0,959,99.0,False,0,3,False,False,False,False,False,False,False,False,False,False,False,False,United States,False,,True,True,True,True,41,Ѕponsor⁨ed,0.02346458223287362,11.55908939052815,261,pilea peperomioides,39,120,True,164,,False
376808846556,Live Pilea Peperomioides – Chinese Money Plant – 4” Pot,29.99,$29.99,False,7.08,+$7.08 delivery,False,False,False,brig_9823,98.6,229,98.6,False,0,0,False,False,False,False,True,False,False,False,False,False,False,False,United States,False,,True,True,True,True,42,Ѕponsor⁨ed,0.02346458223287362,11.55908939052815,261,pilea peperomioides,40,120,True,164,,False
398409734940,2 Pilea Peperomioides Live Plant 4-6 Inch Tall,38.99,$38.99,False,9.99,+$9.99 delivery,False,False,False,ahvnllc,100.0,8,100.0,False,0,0,False,False,False,False,False,False,False,False,False,False,False,False,United States,False,,False,False,False,False,43,Ѕpo⁧nsored,41.708599423290984,-37.86523451045596,0,pilea peperomioides,41,120,True,164,28.0,False
306936935741,Variegated Chinese Money Plant Pilea peperomioides ‘Mojito’ Live Plant,30.0,$30.00,False,49.33,+$49.33 delivery in 2-4 days,False,False,True,varienic,100.0,40,100.0,False,0,0,False,False,False,False,False,False,False,False,False,False,False,False,United States,False,,False,False,False,False,44,Ѕpo⁧nsored,41.708599423290984,-37.86523451045596,0,pilea peperomioides,42,120,True,164,29.0,False
407109700004,"Chinese Money Plant Live Plant 4"" Pot Pilea Peperomioides Houseplant",23.99,$23.99,False,7.99,+$7.99 delivery,False,False,False,galactic.g_35,97.9,185,97.9,False,0,0,False,False,False,False,False,False,False,False,False,False,False,False,United States,False,,False,False,False,False,45,Ѕpo⁧nsored,41.708599423290984,-37.86523451045596,0,pilea peperomioides,43,120,True,164,30.0,False
306223031738,Cuttings Rare Plant Variegated Pilea Peperomioides White Splash Fresh Houseplant,29.49,$29.49,False,6.47,+$6.47 delivery,False,False,False,primo_deals,100.0,1200,100.0,False,0,8,False,True,False,False,False,False,False,False,False,False,False,False,United States,False,,False,False,False,False,46,Ѕpo⁧nsored,41.708599423290984,-37.86523451045596,0,pilea peperomioides,44,120,True,164,31.0,False
317442498495,Pilea Peperomioides 'Chinese Money' | Live Plant for Indoor & Outdoor,26.99,$26.99 to $50.99,True,9.8,+$9.80 delivery,False,False,False,ks_plants,100.0,68,100.0,False,0,0,False,False,False,False,False,False,False,False,False,False,False,False,United States,False,,False,False,False,False,47,Ѕpo⁧nsored,41.708599423290984,-37.86523451045596,0,pilea peperomioides,45,120,True,164,32.0,False
398409735065,"3 Pilea Peperomioides Money Live Plants, Indoor Houseplant, 3-6 Inch Tall",51.98,$51.98,False,9.99,+$9.99 delivery,False,False,False,ahvnllc,100.0,8,100.0,False,0,0,False,False,False,False,False,False,False,False,False,False,False,False,United States,False,,False,False,False,False,48,Ѕpo⁧nsored,41.708599423290984,-37.86523451045596,0,pilea peperomioides,46,120,True,164,33.0,False
186072803603,"FlowerPotNursery Chinese Money Plant UFO Plant Pilea peperomioides 4"" Pot",24.99,$24.99,False,0.0,Free delivery,True,False,False,succulentsandcactus,99.3,2400,99.3,False,0,0,False,False,False,False,False,False,False,False,False,False,False,False,United States,False,,False,False,False,False,49,Ѕpo⁧nsored,41.708599423290984,-37.86523451045596,0,pilea peperomioides,47,120,True,164,34.0,False
168578976235,Chinese Money Plant 4 in Live Houseplant | Pilea Peperomioides,21.99,$21.99,False,6.99,+$6.99 delivery,False,False,False,riversidegreenhouses,100.0,4,100.0,False,0,0,False,False,False,False,False,False,False,False,False,False,False,False,United States,False,,False,False,False,False,50,Ѕpo⁧nsored,41.708599423290984,-37.86523451045596,0,pilea peperomioides,48,120,True,164,35.0,True
186072812236,"Pilea peperomioides (4"" Pot) (Chinese money plant / Pancake plant / UFO plant)",24.99,$24.99,False,0.0,Free delivery,True,False,False,succulentsandcactus,99.3,2400,99.3,False,0,0,False,False,False,False,False,False,False,False,False,False,False,False,United States,False,,False,False,False,False,51,Ѕpo⁧nsored,41.708599423290984,-37.86523451045596,0,pilea peperomioides,49,120,True,164,36.0,False
398333416595,2 Pilea Peperomioides Live Plants - 3-6 Inch Tall Money Plants,29.99,$29.99,False,9.99,+$9.99 delivery,False,False,False,ahvnllc,100.0,8,100.0,False,0,0,False,False,False,False,False,False,False,False,False,False,False,False,United States,False,,False,False,False,False,52,Ѕpo⁧nsored,41.708599423290984,-37.86523451045596,0,pilea peperomioides,50,120,True,164,37.0,False
398409734916,"2 Money Plants Live, Pilea Peperomioides Plant Live, 4-6 Inch Tall",39.99,$39.99,False,9.99,+$9.99 delivery,False,False,False,ahvnllc,100.0,8,100.0,False,0,0,False,False,False,False,False,False,False,False,False,False,False,False,United States,False,,False,False,False,False,53,Ѕpo⁧nsored,41.708599423290984,-37.86523451045596,0,pilea peperomioides,51,120,True,164,38.0,False
186072807710,"4"" Diameter Plant - Pilea Peperomioides - Chinese Money Plant - FREE SHIPPING",24.99,$24.99,False,0.0,Free delivery,True,False,False,succulentsandcactus,99.3,2400,99.3,False,0,0,False,False,False,False,False,False,False,False,False,False,False,False,United States,False,,False,False,False,False,54,Ѕpo⁧nsored,41.708599423290984,-37.86523451045596,0,pilea peperomioides,52,120,True,164,39.0,False
398409734968,"2 Pilea Peperomioides Live Plants, Money Houseplant, 5 Inch Tall",36.73,$36.73,False,9.99,+$9.99 delivery,False,False,False,ahvnllc,100.0,8,100.0,False,0,0,False,False,False,False,False,False,False,False,False,False,False,False,United States,False,,False,False,False,False,55,Ѕpo⁧nsored,41.708599423290984,-37.86523451045596,0,pilea peperomioides,53,120,True,164,40.0,False
398333416589,"2 Money Live Plants - 3-6"" Tall Pilea Peperomioides",25.99,$25.99,False,9.99,+$9.99 delivery,False,False,False,ahvnllc,100.0,8,100.0,False,0,0,False,False,False,False,False,False,False,False,False,False,False,False,United States,False,,False,False,False,False,56,Ѕpo⁧nsored,41.708599423290984,-37.86523451045596,0,pilea peperomioides,54,120,True,164,41.0,False
227246135082,Pilea Peperomioides UFO Plant Chinese Money Houseplant Peperomia Pancake,13.0,$13.00,False,10.15,+$10.15 delivery,False,False,False,unicornsalesxx,100.0,229,100.0,False,0,0,False,False,False,False,False,False,False,False,False,False,False,False,United States,False,,False,False,False,False,57,Ѕpo⁧nsored,41.708599423290984,-37.86523451045596,0,pilea peperomioides,55,120,True,164,42.0,False
366343529018,"10-20"" Fully Rooted Live Hydrocotyle Vulgaris/ Chinese Money Plants outdoor",5.0,$5.00,False,5.68,+$5.68 delivery in 2-4 days,False,False,True,joach-6675,98.4,321,98.4,False,0,19,False,False,False,False,False,False,False,False,False,False,False,False,United States,False,,False,False,False,False,58,Ѕpo⁧nsored,41.708599423290984,-37.86523451045596,0,pilea peperomioides,56,120,True,164,43.0,False
206107417455,"🪴Feng Shui Good Karma Chinese Money Starter Plant Promotes Prosperity,Peace",13.99,$13.99,False,0.0,Free delivery,True,False,False,cougarnanna,98.6,2500,98.6,False,0,0,False,False,False,False,False,False,False,False,False,False,False,False,United States,False,,False,False,False,False,59,Ѕpo⁧nsored,41.708599423290984,-37.86523451045596,0,pilea peperomioides,57,120,True,164,44.0,False
127914576069,2x 12”-14“ Rooted Jade / Money Plant Live Bonsai Tree Start,9.99,$9.99,False,5.78,+$5.78 delivery in 2-4 days,False,False,True,meig-4641,100.0,257,100.0,False,0,0,False,True,False,False,True,False,False,False,False,False,False,False,United States,False,,False,False,False,False,60,Ѕpo⁧nsored,41.708599423290984,-37.86523451045596,0,pilea peperomioides,58,120,True,164,45.0,False
325891057455,Seedville 100 LUNARIA Biennis (Money Plant / Silver Dollar / Honesty / Moonwort),10.49,$10.49,False,0.0,Free delivery,True,False,False,czgrainllc,99.6,31400,99.6,False,0,0,False,False,False,False,False,False,False,False,False,False,False,False,United States,False,,False,False,False,False,61,Ѕpo⁧nsored,41.708599423290984,-37.86523451045596,0,pilea peperomioides,59,120,True,164,46.0,False
128007490639,LARGE 1+ FOOT Rooted Jade / Money Plant Live Bonsai Tree Start,20.0,$20.00,False,5.98,+$5.98 delivery in 2-4 days,False,False,True,meig-4641,100.0,257,100.0,False,0,0,False,True,False,False,True,False,False,False,False,False,False,False,United States,False,,False,False,False,False,62,Ѕpo⁧nsored,41.708599423290984,-37.86523451045596,0,pilea peperomioides,60,120,True,164,47.0,False
127962015163,LARGE 1+ FOOT Rooted Jade / Money Plant Live Bonsai Tree,20.0,$20.00,False,5.98,+$5.98 delivery in 2-4 days,False,False,True,meig-4641,100.0,257,100.0,False,0,11,False,True,False,False,True,False,False,False,False,False,False,False,United States,False,,False,False,False,False,63,Ѕpo⁧nsored,41.708599423290984,-37.86523451045596,0,pilea peperomioides,61,120,True,164,48.0,False
336770419706,"Crassula Ovata Jade money Friendship Plant 10"" Tall Live Plant no pot",9.28,$9.28,False,12.0,+$12.00 delivery in 2-4 days,False,False,True,rj_esales,100.0,621,100.0,False,0,0,False,False,False,True,False,False,False,False,False,False,False,False,United States,False,,False,False,False,False,64,Ѕpo⁧nsored,41.708599423290984,-37.86523451045596,0,pilea peperomioides,62,120,True,164,49.0,False
398409734965,"2 Money Live Plants, Pilea Peperomioides Plants, 4-6 Inch Tall",33.48,$33.48,False,9.99,+$9.99 delivery,False,False,False,ahvnllc,100.0,8,100.0,False,0,0,False,False,False,False,False,False,False,False,False,False,False,False,United States,False,,False,False,False,False,65,Ѕpo⁧nsored,41.708599423290984,-37.86523451045596,0,pilea peperomioides,63,120,True,164,50.0,False
185827858931,Chinese Money Plant Houseplant - Pilea peperomioides - Live Plant in 4” Pot,29.99,$29.99,False,0.0,Free delivery,True,False,False,succulentsandcactus,99.3,2400,99.3,False,0,0,False,False,False,False,False,False,False,False,False,False,False,False,United States,False,,False,False,False,False,66,Ѕpo⁧nsored,41.708599423290984,-37.86523451045596,0,pilea peperomioides,64,120,True,164,51.0,False
188205593586,Chinese Money Plant Pilea Pepermomioides Live Potted Houseplant,14.95,$14.95,False,6.95,+$6.95 delivery,False,False,False,coastaltill1,99.4,25600,99.4,False,0,0,False,False,False,False,False,True,False,False,False,False,False,False,United States,False,,False,False,False,False,67,Ѕpo⁧nsored,41.708599423290984,-37.86523451045596,0,pilea peperomioides,65,120,True,164,52.0,False
336770402448,"Crassula Ovata Jade money Friendship Plant 13"" Tall Live Plant no pot",15.0,$15.00,False,16.0,+$16.00 delivery in 2-4 days,False,False,True,rj_esales,100.0,621,100.0,False,0,0,False,False,False,True,False,False,False,False,False,False,False,False,United States,False,,False,False,False,False,68,Ѕpo⁧nsored,41.708599423290984,-37.86523451045596,0,pilea peperomioides,66,120,True,164,53.0,False
185827860452,Chinese Money Plant UFO Plant Pilea peperomioides Plug in 4” pot,29.99,$29.99,False,0.0,Free delivery,True,False,False,succulentsandcactus,99.3,2400,99.3,False,0,0,False,False,False,False,False,False,False,False,False,False,False,False,United States,False,,False,False,False,False,69,Ѕpo⁧nsored,41.708599423290984,-37.86523451045596,0,pilea peperomioides,67,120,True,164,54.0,False
388594118050,Pilea Peperomioides Chinese Money 2in pot - Chinese Money Plant - UFO Plant,17.99,$17.99,False,6.35,+$6.35 delivery,False,False,False,bobkop-36,96.2,191,96.2,False,0,0,False,False,False,False,False,False,False,False,False,False,False,False,United States,False,,False,False,False,False,70,Ѕpo⁧nsored,41.708599423290984,-37.86523451045596,0,pilea peperomioides,68,120,True,164,55.0,False
398383437836,"Live Pilea Peperomioides – Chinese Money Plant – 4"" Pot – Ships Without Pot",24.99,$24.99,False,13.48,+$13.48 delivery,False,False,False,brit1799,99.2,535,99.2,False,0,0,False,False,False,False,False,False,False,False,False,False,False,False,United States,False,,False,False,False,False,71,Ѕpo⁧nsored,41.708599423290984,-37.86523451045596,0,pilea peperomioides,69,120,True,164,56.0,False
178305670961,Chinese Money Plant Pilea Live Potted Indoor Tropical Broadleaf Vegetative 1,12.95,$12.95,False,6.68,+$6.68 delivery,False,False,False,mywetplants,100.0,2,100.0,False,0,0,False,True,False,False,False,False,False,False,False,False,False,False,United States,False,,False,False,False,False,72,Ѕpo⁧nsored,41.708599423290984,-37.86523451045596,0,pilea peperomioides,70,120,True,164,57.0,False
127171849034,"Chinese Money Plant (Pilea) 5"" Height",19.95,$19.95,False,0.0,Free delivery,True,False,False,fanmeshop,100.0,1100,100.0,False,0,0,False,False,False,False,False,False,False,False,False,False,False,False,United States,False,,False,False,False,False,73,Ѕpo⁧nsored,41.708599423290984,-37.86523451045596,0,pilea peperomioides,71,120,True,164,58.0,False
127983414876,LARGE Rooted Crassula Ovata Jade / Money Plant Live,48.0,$48.00,False,6.63,+$6.63 delivery in 2-4 days,False,False,True,meig-4641,100.0,257,100.0,False,0,0,False,True,False,False,False,False,False,False,False,False,False,False,United States,False,,False,False,False,False,74,Ѕpo⁧nsored,41.708599423290984,-37.86523451045596,0,pilea peperomioides,72,120,True,164,59.0,False
336424598726,"Crassula Ovata JADE 8"" Live Rooted Money Friendship Plant in a Planter w/ pick",9.0,$9.00,False,10.5,+$10.50 delivery in 2-4 days,False,False,True,rj_esales,100.0,621,100.0,False,0,0,False,True,False,True,False,False,False,False,False,False,False,False,United States,False,,False,False,False,False,75,Ѕpo⁧nsored,41.708599423290984,-37.86523451045596,0,pilea peperomioides,73,120,True,164,60.0,False
185827864716,"FlowerPotNursery Chinese Money Plant UFO Plant Pilea peperomioides 4"" Pot",29.99,$29.99,False,0.0,Free delivery,True,False,False,succulentsandcactus,99.3,2400,99.3,False,0,0,False,False,False,False,False,False,False,False,False,False,False,False,United States,False,,False,False,False,False,76,Ѕpo⁧nsored,41.708599423290984,-37.86523451045596,0,pilea peperomioides,74,120,True,164,61.0,False
178509639384,"Pilea Peperomioides Money Live Plant, Houseplant, 4-6 Inch Tall",27.99,$27.99,False,9.99,+$9.99 delivery,False,False,False,gardenialabllc,50.0,0,50.0,False,0,0,False,False,False,False,False,False,False,False,False,False,False,False,United States,False,,False,False,False,False,77,Ѕpo⁧nsored,41.708599423290984,-37.86523451045596,0,pilea peperomioides,75,120,True,164,62.0,False
305049541825,Rooted Chinese Money Plant Plant UFO Pancake Pilea peperomioides,25.0,$25.00,False,5.78,+$5.78 delivery,False,False,False,plumarea,100.0,1900,100.0,False,0,0,False,False,False,False,False,False,False,False,False,False,False,False,United States,False,,False,False,False,False,78,Ѕpo⁧nsored,41.708599423290984,-37.86523451045596,0,pilea peperomioides,76,120,True,164,63.0,False
234761311792,"2.5” pot 4""pot UFO plant/Pilea peperomioides /Chinese money plant",12.99,$12.99,False,3.99,+$3.99 delivery in 2-4 days,False,False,True,uskc-fg,99.0,959,99.0,False,0,0,False,False,False,False,False,False,False,False,False,False,False,False,United States,False,,False,False,False,False,79,Ѕpo⁧nsored,41.708599423290984,-37.86523451045596,0,pilea peperomioides,77,120,True,164,64.0,False
254765168462,Crassula swaziensis Variegata 'Money Maker' Succulent Plant,4.46,$4.46 to $9.73,True,4.0,+$4.00 delivery in 2-4 days,False,False,True,succulentsdepot,98.8,10200,98.8,False,0,0,False,False,False,False,False,False,False,False,False,False,False,False,United States,False,,False,False,False,False,80,Ѕpo⁧nsored,41.708599423290984,-37.86523451045596,0,pilea peperomioides,78,120,True,164,65.0,False
178509638989,"Pilea Peperomioides Live Plants, Money Plant Houseplant, 4-6 Inch Tall",27.99,$27.99,False,9.99,+$9.99 delivery,False,False,False,gardenialabllc,50.0,0,50.0,False,0,0,False,False,False,False,False,False,False,False,False,False,False,False,United States,False,,False,False,False,False,81,Ѕpo⁧nsored,41.708599423290984,-37.86523451045596,0,pilea peperomioides,79,120,True,164,66.0,False
375368149905,"Pilea Peperomiodes Chinese Money Live Plant 2.5"" Pot",12.95,$12.95,False,9.95,+$9.95 delivery,False,False,False,gardenshops,98.9,5900,98.9,False,0,2,False,False,False,True,True,False,True,False,False,False,False,False,United States,False,,False,False,False,False,82,Ѕpo⁧nsored,41.708599423290984,-37.86523451045596,0,pilea peperomioides,80,120,True,164,67.0,False
336770395857,"Crassula Ovata Jade money Friendship Plants 10"" Tall Live Plant no pot",11.0,$11.00,False,15.0,+$15.00 delivery in 2-4 days,False,False,True,rj_esales,100.0,621,100.0,False,0,0,False,False,False,True,False,False,False,False,False,False,False,False,United States,False,,False,False,False,False,83,Ѕpo⁧nsored,41.708599423290984,-37.86523451045596,0,pilea peperomioides,81,120,True,164,68.0,False
188929488566,Chinese Money Plant Live Plant 4-6in Bare Root Starter,14.99,$14.99,False,5.99,+$5.99 delivery,False,False,False,floridaplantsforsale,100.0,8,100.0,False,0,0,False,False,False,False,True,False,False,False,False,False,False,False,United States,False,,False,False,False,False,84,Ѕpo⁧nsored,41.708599423290984,-37.86523451045596,0,pilea peperomioides,82,120,True,164,69.0,False
286802440420,"Raindrop Chinese Money Plant Peperomia polybotrya 2,5"" Pot",22.9,$22.90,False,0.0,Free delivery,True,False,False,maiksylvia,99.8,8900,99.8,False,0,12,False,False,False,False,False,False,False,False,False,False,False,False,United States,False,,False,False,False,False,85,Ѕpo⁧nsored,41.708599423290984,-37.86523451045596,0,pilea peperomioides,83,120,True,164,70.0,False
255034937903,Crassula swaziensis 'Money Maker' Succulent Plant,4.58,$4.58,False,4.0,+$4.00 delivery in 2-4 days,False,False,True,succulentsdepot,98.8,10200,98.8,False,0,0,False,False,False,False,False,False,False,False,False,False,False,False,United States,False,,False,False,False,False,86,Ѕpo⁧nsored,41.708599423290984,-37.86523451045596,0,pilea peperomioides,84,120,True,164,71.0,False
306971271488,"Chinese Money Plants, Indoor Plants, Bring Good For Home. Ship No Pot",19.95,$19.95,False,0.0,Free delivery,True,False,False,linservic0,100.0,180,100.0,False,0,0,False,False,False,False,False,False,False,False,False,False,False,False,United States,False,,False,False,False,False,87,Ѕpo⁧nsored,41.708599423290984,-37.86523451045596,0,pilea peperomioides,85,120,True,164,72.0,False
267621108356,"Crassula Ovata JADE 6""+ Tall Live Organic Money Friendship Plant Med Rooted",11.69,$11.69$12.99,False,6.35,+$6.35 delivery,False,False,False,incan-treasures,100.0,2100,100.0,False,0,0,False,False,False,False,False,False,False,False,False,False,True,False,United States,False,,False,False,False,False,88,Ѕpo⁧nsored,41.708599423290984,-37.86523451045596,0,pilea peperomioides,86,120,True,164,73.0,False
375424554768,"Peperomiodes Chinese Pilea Lefse Money Indoor & Outdoor Live 2 Plants In 2"" Pots",12.95,$12.95,False,9.95,+$9.95 delivery,False,False,False,gardenshops,98.9,5900,98.9,False,0,0,False,False,False,True,False,False,False,False,False,False,False,False,United States,False,,False,False,False,False,89,Ѕpo⁧nsored,41.708599423290984,-37.86523451045596,0,pilea peperomioides,87,120,True,164,74.0,False
314751016449,Pilea peperomioides / Chinese money plant / Chinese missionary plant,24.99,$24.99,False,5.95,+$5.95 delivery,False,False,False,bubbleblooms.shop,98.3,2500,98.3,False,0,0,False,False,False,False,True,False,False,False,False,False,False,False,United States,False,,False,False,False,False,90,Ѕpo⁧nsored,41.708599423290984,-37.86523451045596,0,pilea peperomioides,88,120,True,164,75.0,False
398409734941,"Money Plant Live Houseplant 4-6 Inches Tall, Pilea Peperomioides Plant",26.99,$26.99,False,9.99,+$9.99 delivery,False,False,False,ahvnllc,100.0,8,100.0,False,0,0,False,False,False,False,False,False,False,False,False,False,False,False,United States,False,,False,False,False,False,91,Ѕpo⁧nsored,41.708599423290984,-37.86523451045596,0,pilea peperomioides,89,120,True,164,76.0,False
265796390264,Succulent Gift Box - Planting Kit with Goodies!,37.95,$37.95,False,0.0,Free delivery,True,False,False,familyelbow,99.2,7700,99.2,False,0,0,False,False,False,True,False,False,False,False,False,False,False,False,United States,False,,False,False,False,False,92,Ѕpo⁧nsored,41.708599423290984,-37.86523451045596,0,pilea peperomioides,90,120,True,164,77.0,False
267802914616,house plant / flying saucer plant / Chinese money plant,5.0,$5.00,False,17.95,+$17.95 delivery,False,False,False,john.come,100.0,2200,100.0,False,0,0,False,False,True,False,False,False,False,False,False,False,False,False,United States,False,,False,False,False,False,93,Ѕpo⁧nsored,41.708599423290984,-37.86523451045596,0,pilea peperomioides,91,120,True,164,78.0,False
398333415493,"Money Plant Live, Pilea Peperomioides Plant, 4-7 Inch Tall, 4 Inch Pot",21.89,$21.89,False,9.99,+$9.99 delivery,False,False,False,ahvnllc,100.0,8,100.0,False,0,0,False,False,False,False,False,False,False,False,False,False,False,False,United States,False,,False,False,False,False,94,Ѕpo⁧nsored,41.708599423290984,-37.86523451045596,0,pilea peperomioides,92,120,True,164,79.0,False
128097342970,LARGE 1+ FOOT Rooted Jade / Money Plant Live Bonsai Tree Start,20.0,$20.00,False,5.98,+$5.98 delivery in 2-4 days,False,False,True,meig-4641,100.0,257,100.0,False,0,0,False,True,False,False,True,False,False,False,False,False,False,False,United States,False,,False,False,False,False,95,Ѕpo⁧nsored,41.708599423290984,-37.86523451045596,0,pilea peperomioides,93,120,True,164,80.0,False
398333416240,"2 Money Plants Live, Indoor Garden Houseplant, 5-8 Inch Tall",27.99,$27.99,False,9.99,+$9.99 delivery,False,False,False,ahvnllc,100.0,8,100.0,False,0,0,False,False,False,False,False,False,False,False,False,False,False,False,United States,False,,False,False,False,False,96,Ѕpo⁧nsored,41.708599423290984,-37.86523451045596,0,pilea peperomioides,94,120,True,164,81.0,False
267118341988,"Crassula Ovata JADE 6""+ Tall Live Rooted Organic Money Plant",14.99,$14.99,False,5.93,+$5.93 delivery,False,False,False,incan-treasures,100.0,2100,100.0,False,0,0,False,True,False,False,False,False,False,False,False,False,False,False,United States,False,,False,False,False,False,97,Ѕpo⁧nsored,41.708599423290984,-37.86523451045596,0,pilea peperomioides,95,120,True,164,82.0,False
398409734914,"Money Plants Live, Pilea Plant Live, 4-6 Inch Tall",27.99,$27.99,False,9.99,+$9.99 delivery,False,False,False,ahvnllc,100.0,8,100.0,False,0,0,False,False,False,False,False,False,False,False,False,False,False,False,United States,False,,False,False,False,False,98,Ѕpo⁧nsored,41.708599423290984,-37.86523451045596,0,pilea peperomioides,96,120,True,164,83.0,False
375424554923,"Peperomia Money Chinese Bitcoin Coin Easy To Grow Indoors Live Plant 2.5"" Pot",12.95,$12.95,False,9.95,+$9.95 delivery,False,False,False,gardenshops,98.9,5900,98.9,False,0,0,False,False,False,True,False,False,False,False,False,False,False,False,United States,False,,False,False,False,False,99,Ѕpo⁧nsored,41.708599423290984,-37.86523451045596,0,pilea peperomioides,97,120,True,164,84.0,False
277820776259,One Rooted JADE Plant 4-7” Plus One succulent,8.0,$8.00,False,10.11,+$10.11 delivery,False,False,False,annwoo,99.0,597,99.0,False,0,6,False,False,False,False,False,False,False,False,False,False,False,False,United States,False,,False,False,False,False,100,Ѕpo⁧nsored,41.708599423290984,-37.86523451045596,0,pilea peperomioides,98,120,True,164,85.0,False
267624833596,Crassula Ovata JADE 5 Tall Live Rooted Organic Money Plant USA,12.59,$12.59$13.99,False,5.93,+$5.93 delivery,False,False,False,incan-treasures,100.0,2100,100.0,False,0,0,False,True,False,False,False,False,False,False,False,False,False,False,United States,False,,False,False,False,False,101,Ѕpo⁧nsored,41.708599423290984,-37.86523451045596,0,pilea peperomioides,99,120,True,164,86.0,False
137464137767,"Live Money Plant, Pilea Peperomioides Plants, 5-7 Inch Tall, Indoor Houseplant",24.99,$24.99,False,9.99,+$9.99 delivery,False,False,False,leaflyf,97.2,68,97.2,False,0,0,False,False,False,False,False,False,False,False,False,False,False,False,United States,False,,False,False,False,False,102,Ѕpo⁧nsored,41.708599423290984,-37.86523451045596,0,pilea peperomioides,100,120,True,164,87.0,False
267430195682,"Crassula Ovata JADE 6""+ Tall Live Rooted Organic Money Plant Med Succulent",12.99,$12.99,False,5.93,+$5.93 delivery,False,False,False,incan-treasures,100.0,2100,100.0,False,0,0,False,True,False,False,False,False,False,False,False,False,False,False,United States,False,,False,False,False,False,103,Ѕpo⁧nsored,41.708599423290984,-37.86523451045596,0,pilea peperomioides,101,120,True,164,88.0,False
317683542219,"Jade Plant Money Tree Crassula Ovata 8"" Eide x 8"" Tall Blooms White",29.99,$29.99,False,8.0,+$8.00 delivery in 2-4 days,False,False,True,holygreen,96.4,107,96.4,False,0,0,False,False,False,False,False,False,False,False,False,False,False,False,United States,False,,False,False,False,False,104,Ѕpo⁧nsored,41.708599423290984,-37.86523451045596,0,pilea peperomioides,102,120,True,164,89.0,False
267132198539,"Crassula Ovata JADE 6""+ Tall Live Rooted Organic Money Plant Rooted",10.49,$10.49$14.99,False,5.93,+$5.93 delivery,False,False,False,incan-treasures,100.0,2100,100.0,False,0,0,False,True,False,False,False,False,False,False,False,False,False,False,United States,False,,False,False,False,False,105,Ѕpo⁧nsored,41.708599423290984,-37.86523451045596,0,pilea peperomioides,103,120,True,164,90.0,False
128097342208,LARGE 1+ FOOT Rooted Jade / Money Plant Live Bonsai Tree,20.0,$20.00,False,5.98,+$5.98 delivery in 2-4 days,False,False,True,meig-4641,100.0,257,100.0,False,0,0,False,True,False,False,True,False,False,False,False,False,False,False,United States,False,,False,False,False,False,106,Ѕpo⁧nsored,41.708599423290984,-37.86523451045596,0,pilea peperomioides,104,120,True,164,91.0,False
205187861789,"Chinese Money Plant (Pilea Peperomioides) in 4"" White Pot, Fun & Unique",14.99,$14.99,False,10.11,+$10.11 delivery,False,False,False,unique_leaf_plants,0.0,0,,True,0,0,False,True,False,False,False,False,False,False,False,False,False,False,United States,False,,False,False,False,False,107,Ѕpo⁧nsored,41.708599423290984,-37.86523451045596,0,pilea peperomioides,105,120,True,164,92.0,False
336124111102,Crassula Ovata Jade money Friendship Plant planted in 3D printed Turtle planter,8.99,$8.99,False,9.99,+$9.99 delivery in 2-4 days,False,False,True,rj_esales,100.0,621,100.0,False,0,0,False,False,False,True,False,False,False,False,False,False,False,False,United States,False,,False,False,False,False,108,Ѕpo⁧nsored,41.708599423290984,-37.86523451045596,0,pilea peperomioides,106,120,True,164,93.0,False
267533143977,"Crassula Ovata JADE 6""+ Tall Live Organic Money Friendship Plant",12.99,$12.99,False,6.35,+$6.35 delivery,False,False,False,incan-treasures,100.0,2100,100.0,False,0,0,False,True,False,False,False,False,False,False,False,False,False,False,United States,False,,False,False,False,False,109,Ѕpo⁧nsored,41.708599423290984,-37.86523451045596,0,pilea peperomioides,107,120,True,164,94.0,False
267099108819,Crassula Ovata JADE 5 Tall Live Rooted Money Friendship Plant Medium,10.39,$10.39$12.99,False,5.93,+$5.93 delivery,False,False,False,incan-treasures,100.0,2100,100.0,False,0,0,False,True,False,False,False,False,False,False,False,False,False,False,United States,False,,False,False,False,False,110,Ѕpo⁧nsored,41.708599423290984,-37.86523451045596,0,pilea peperomioides,108,120,True,164,95.0,False
145502140586,"Large Rose of Jericho Resurrection Plant, Selaginella Lepidophylla, Money Drawin",3.99,$3.99 to $6.99,True,10.2,+$10.20 delivery,False,False,False,casparcuriosities,100.0,3700,100.0,False,0,0,False,False,False,False,False,False,False,False,False,False,False,False,United States,False,,False,False,False,False,111,Ѕpo⁧nsored,41.708599423290984,-37.86523451045596,0,pilea peperomioides,109,120,True,164,96.0,False
267066040154,"Crassula Ovata JADE 6""+ Tall Live Rooted Organic Money Friendship Plant Medium",14.99,$14.99,False,5.93,+$5.93 delivery,False,False,False,incan-treasures,100.0,2100,100.0,False,0,0,False,False,False,False,False,False,False,False,False,False,False,False,United States,False,,False,False,False,False,112,Ѕpo⁧nsored,41.708599423290984,-37.86523451045596,0,pilea peperomioides,110,120,True,164,97.0,False
267086242147,"Crassula Ovata JADE 6""+ Tall Live Organic Money Friendship Plant Medium",13.29,$13.29,False,6.35,+$6.35 delivery,False,False,False,incan-treasures,100.0,2100,100.0,False,0,0,False,True,False,False,False,False,False,False,False,False,False,False,United States,False,,False,False,False,False,113,Ѕpo⁧nsored,41.708599423290984,-37.86523451045596,0,pilea peperomioides,111,120,True,164,98.0,False
375588187812,"Chinese Money Plant Pilea Peperomioides Indoor Rare 6-8 Inch Tall In 4"" Pot",69.95,$69.95,False,0.0,Free delivery,True,False,False,greeenlife,98.4,1600,98.4,False,0,0,False,True,False,False,True,False,False,False,False,False,False,False,United States,False,,False,False,False,False,114,Ѕpo⁧nsored,41.708599423290984,-37.86523451045596,0,pilea peperomioides,112,120,True,164,99.0,False
168555941230,Money Ufo Peperomiodes pilea House Indoor Live Exact Potted Plant,25.0,$25.00,False,15.81,+$15.81 delivery,False,False,False,prettylittlethang,100.0,95,100.0,False,0,0,False,True,False,False,False,False,False,False,False,False,False,False,United States,False,,False,False,False,False,115,Ѕpo⁧nsored,41.708599423290984,-37.86523451045596,0,pilea peperomioides,113,120,True,164,100.0,False
376433499996,"Pileas Chinese Money – Live Plant in 4"" Pot – Easy Care House Plant",33.99,$33.99,False,9.22,+$9.22 delivery,False,False,False,brig_9823,98.6,229,98.6,False,0,0,False,False,False,False,True,False,False,False,False,False,False,False,United States,False,,False,False,False,False,116,Ѕpo⁧nsored,41.708599423290984,-37.86523451045596,0,pilea peperomioides,114,120,True,164,101.0,False
267085623482,"Crassula Ovata JADE 6""+ Tall Live Rooted Organic Money Plant Medium",14.99,$14.99,False,5.93,+$5.93 delivery,False,False,False,incan-treasures,100.0,2100,100.0,False,0,0,False,True,False,False,False,False,False,False,False,False,False,False,United States,False,,False,False,False,False,117,Ѕpo⁧nsored,41.708599423290984,-37.86523451045596,0,pilea peperomioides,115,120,True,164,102.0,False
335054540664,Chinese Money Plant Houseplant - Pilea peperomioides - Live In 2.5” Nursery Pot,9.98,$9.98,False,6.99,+$6.99 delivery,False,False,False,007leaf,100.0,279,100.0,False,13,0,False,False,False,False,True,False,False,False,False,False,False,False,United States,False,,False,False,False,False,118,Ѕpo⁧nsored,41.708599423290984,-37.86523451045596,0,pilea peperomioides,116,120,True,164,103.0,False
267140939620,Crassula Ovata JADE 5 Tall Live Rooted Organic Money Plant,13.99,$13.99,False,5.93,+$5.93 delivery,False,False,False,incan-treasures,100.0,2100,100.0,False,0,0,False,True,False,False,False,False,False,False,False,False,False,False,United States,False,,False,False,False,False,119,Ѕpo⁧nsored,41.708599423290984,-37.86523451045596,0,pilea peperomioides,117,120,True,164,104.0,False
398333416245,"2 Money Live Plants, Well-Rooted Houseplant, 5-6 Inch Tall",31.98,$31.98,False,9.99,+$9.99 delivery,False,False,False,ahvnllc,100.0,8,100.0,False,0,0,False,False,False,False,False,False,False,False,False,False,False,False,United States,False,,False,False,False,False,120,Ѕpo⁧nsored,41.708599423290984,-37.86523451045596,0,pilea peperomioides,118,120,True,164,105.0,False
335414688044,Live Houseplant - Swiss Cheese Cutting,5.98,$5.98,False,7.98,+$7.98 delivery,False,False,False,007leaf,100.0,279,100.0,False,0,0,False,True,False,False,False,False,False,False,False,False,False,False,United States,False,,True,True,True,True,121,Ѕponsor⁨ed,0.02346458223287362,11.55908939052815,261,pilea peperomioides,119,120,True,164,,False
376433481726,"Pileas Chinese Money – Live Plant in 2"" Pot – Easy Care House Plant",21.99,$21.99,False,9.22,+$9.22 delivery,False,False,False,brig_9823,98.6,229,98.6,False,0,0,False,False,False,False,True,False,False,False,False,False,False,False,United States,False,,True,True,True,True,122,Ѕponsor⁨ed,0.02346458223287362,11.55908939052815,261,pilea peperomioides,120,120,True,164,,False
398117223936,ZZ Plant - Black Raven - Zamioculcas Zamiifolia ( ZZ Black),18.5,$18.50,False,0.0,Free delivery,True,False,False,eden-elements,98.1,250,98.1,False,23,0,False,False,False,False,False,False,True,False,False,False,False,False,United States,False,,False,False,False,False,3,Spons⁨orеd,-38.35757951488139,-36.420283188104804,0,raven zz plant,1,46,True,46,1.0,False
198215749371,Zamioculcas Raven ZZ Plant | Potted Broadleaf | Green & Black Foliage,17.24,$17.24,False,6.34,+$6.34 delivery,False,False,False,myshop_50,100.0,10,100.0,False,0,5,False,False,False,False,True,False,True,False,False,False,False,False,United States,False,,True,True,True,True,4,Ѕpon⁩sored,0.07367575643450835,11.519741869638048,261,raven zz plant,2,46,True,46,,False
358903439261,Zamioculcas Zamiifolia Raven Black&Pink Variegated Starter Plant,315.0,$315.00,False,17.05,+$17.05 delivery,False,False,False,danniialocasia410,100.0,28,100.0,False,0,3,False,True,False,False,True,False,False,False,False,False,False,False,United States,False,,True,True,True,True,5,Ѕpon⁩sored,0.07367575643450835,11.519741869638048,261,raven zz plant,3,46,True,46,,False
316539340169,ZZ Zamioculcas 'Black Queen' | Live Plant for Indoor & Outdoor,40.99,$40.99 to $60.99,True,9.8,+$9.80 delivery,False,False,False,ks_plants,100.0,68,100.0,False,0,0,False,False,False,False,False,False,False,False,False,False,False,False,United States,False,,True,True,True,True,6,Ѕpon⁩sored,0.07367575643450835,11.519741869638048,261,raven zz plant,4,46,True,46,,False
178548468275,Variegated Zamioculcas Zamifolia ZZ Plant not Raven Monstera Philodendron #4,38.5,$38.50,False,15.95,+$15.95 delivery,False,False,False,rider13pr,100.0,1700,100.0,False,0,0,False,False,False,False,False,False,False,False,False,False,False,False,United States,False,,False,False,False,False,7,Spons⁨orеd,-38.35757951488139,-36.420283188104804,0,raven zz plant,5,46,True,46,2.0,False
178549218395,Variegated Zamioculcas Zamifolia ZZ Plant not Raven Monstera Philodendron #1,22.5,$22.50,False,9.95,+$9.95 delivery,False,False,False,rider13pr,100.0,1700,100.0,False,0,0,False,False,False,False,False,False,False,False,False,False,False,False,United States,False,,False,False,False,False,8,Spons⁨orеd,-38.35757951488139,-36.420283188104804,0,raven zz plant,6,46,True,46,3.0,False
158216369854,Raven Zz Plant,15.0,$15.00,False,10.15,+$10.15 delivery,False,False,False,rayolv47,100.0,113,100.0,False,0,0,False,True,False,False,False,False,False,False,False,False,False,False,United States,False,,False,False,False,False,9,Spons⁨orеd,-38.35757951488139,-36.420283188104804,0,raven zz plant,7,46,True,46,4.0,False
358552297684,raven black zz plant,16.0,$16.00,False,6.34,+$6.34 delivery,False,False,False,pheobe-41,100.0,2,100.0,False,0,0,False,True,False,False,False,False,False,False,False,False,False,False,United States,False,,False,False,False,False,10,Spons⁨orеd,-38.35757951488139,-36.420283188104804,0,raven zz plant,8,46,True,46,5.0,False
307212500064,ZZ Plant- EXACT PLANT!,12.0,$12.00,False,10.11,+$10.11 delivery,False,False,False,hanwin-2412,100.0,60,100.0,False,0,0,False,False,False,False,False,False,False,False,False,True,False,False,United States,False,,False,False,False,False,11,Spons⁨orеd,-38.35757951488139,-36.420283188104804,0,raven zz plant,9,46,True,46,6.0,False
314170264420,Black Raven ZZ Plant LIVE Houseplant Zamioculcas Zamiifolia RARE,15.99,$15.99,False,12.7,+$12.70 delivery,False,False,False,ricvela-5326,100.0,1500,100.0,False,0,42,False,False,False,False,False,False,False,False,False,False,False,False,United States,False,,False,False,False,False,12,Spons⁨orеd,-38.35757951488139,-36.420283188104804,0,raven zz plant,10,46,True,46,7.0,False
293801770563,The Just Right Size Black Raven ZZ LIVE Houseplant Zamioculcas Zamiifolia RARE,39.0,$39.00,False,6.0,+$6.00 delivery,False,False,False,capeliving,100.0,34,100.0,False,0,14,False,False,False,False,False,False,False,False,False,False,False,False,United States,False,,False,False,False,False,13,Spons⁨orеd,-38.35757951488139,-36.420283188104804,0,raven zz plant,11,46,True,46,8.0,False
366671785748,"Raven ZZ Plant (Zamioculcas) Seedling Blue Pots, Low Light",12.91,$12.91,False,7.14,+$7.14 delivery,False,False,False,wicked_roots,0.0,0,,True,0,0,False,True,False,False,False,False,False,False,False,False,False,False,United States,False,,False,False,False,False,14,Spons⁨orеd,-38.35757951488139,-36.420283188104804,0,raven zz plant,12,46,True,46,9.0,False
285755888601,Costa Farms Raven® ZZ Zamioculcas ‘Dowon’ Trending Tropicals Li,88.19,$88.19,False,0.0,Free delivery,True,False,False,epicesolutions,99.9,55900,99.9,False,0,0,False,False,False,True,False,False,False,False,False,False,False,False,United States,False,,True,True,True,True,15,Ѕpon⁩sored,0.07367575643450835,11.519741869638048,261,raven zz plant,13,46,True,46,,False
287433355540,Black Raven ZZ Plant Zamiifolia Zamioculcas Fully Rooted,27.9,$27.90,False,9.9,+$9.90 delivery,False,False,False,maiksylvia,99.8,8900,99.8,False,0,0,False,False,False,False,False,False,False,False,False,False,False,False,United States,False,,True,True,True,True,16,Ѕpon⁩sored,0.07367575643450835,11.519741869638048,261,raven zz plant,14,46,True,46,,False
185826336490,Raven ZZ Plant - Fully Rooted - 4 Inch Pot,29.99,$29.99,False,0.0,Free delivery,True,False,False,succulentsandcactus,99.3,2400,99.3,False,0,0,False,False,False,False,False,False,False,False,False,False,False,False,United States,False,,True,True,True,True,17,Ѕpon⁩sored,0.07367575643450835,11.519741869638048,261,raven zz plant,15,46,True,46,,False
314667165084,"Black ZZ, 4 inch Raven Zamioculcas Zamiifolia Dowon Jet-Black",34.99,$34.99,False,5.95,+$5.95 delivery,False,False,False,bubbleblooms.shop,98.3,2500,98.3,False,0,0,False,False,False,False,True,False,False,False,False,False,False,False,United States,False,,True,True,True,True,18,Ѕpon⁩sored,0.07367575643450835,11.519741869638048,261,raven zz plant,16,46,True,46,,False
188863614776,"Raven ZZ Plant Low Maintenance Houseplant Large 2-3FT Tall, 6"" Pot",89.95,$89.95,False,0.0,Free delivery,True,False,False,coastaltill1,99.4,25600,99.4,False,0,0,False,False,False,False,False,True,False,False,False,False,False,False,United States,False,,False,False,False,False,19,Spons⁨orеd,-38.35757951488139,-36.420283188104804,0,raven zz plant,17,46,True,46,10.0,False
287340952536,"Live Black Raven ZZ Plant Zamiifolia Zamioculcas EXACT Plant 6"" Pot Plants",19.99,$19.99,False,11.85,+$11.85 delivery,False,False,False,byclicking,100.0,931,100.0,False,0,0,False,True,False,False,False,False,False,False,False,False,False,False,United States,False,,False,False,False,False,20,Spons⁨orеd,-38.35757951488139,-36.420283188104804,0,raven zz plant,18,46,True,46,11.0,False
278002349826,"Live Black Raven ZZ Plant Zamiifolia Zamioculcas EXACT Plant 6"" Pot Plants",27.99,$27.99,False,11.85,+$11.85 delivery,False,False,False,byclicking,100.0,931,100.0,False,0,0,False,False,False,False,False,False,False,False,False,False,False,False,United States,False,,False,False,False,False,21,Spons⁨orеd,-38.35757951488139,-36.420283188104804,0,raven zz plant,19,46,True,46,12.0,False
314009457176,"Raven ZZ Plant, Zamioculcas Zamiifolia, Zamioculcas zamiifolia ', 4""",12.99,$12.99,False,4.0,+$4.00 delivery,False,False,False,ricvela-5326,100.0,1500,100.0,False,0,0,False,False,False,False,False,False,False,False,False,False,False,False,United States,False,,False,False,False,False,22,Spons⁨orеd,-38.35757951488139,-36.420283188104804,0,raven zz plant,20,46,True,46,13.0,False
336794952175,"Raven ZZ Plant 14"" Tall Zamioculcas Zamiifolia Gothic Black Indoor Houseplant",24.0,$24.00,False,18.5,+$18.50 delivery,False,False,False,plantieshoppe,100.0,1,100.0,False,0,0,False,False,False,False,False,False,False,False,False,False,False,False,United States,False,,False,False,False,False,23,Spons⁨orеd,-38.35757951488139,-36.420283188104804,0,raven zz plant,21,46,True,46,14.0,False
287433354738,Black Raven ZZ Plant Zamiifolia Zamioculcas Fully Rooted,27.9,$27.90,False,9.9,+$9.90 delivery,False,False,False,maiksylvia,99.8,8900,99.8,False,0,0,False,False,False,False,False,False,False,False,False,False,False,False,United States,False,,False,False,False,False,24,Spons⁨orеd,-38.35757951488139,-36.420283188104804,0,raven zz plant,22,46,True,46,15.0,False
398333416412,"Black ZZ Plant Live, Rare Tropical ZZ Houseplant, 3 Inch Pot",13.99,$13.99,False,9.99,+$9.99 delivery,False,False,False,ahvnllc,100.0,8,100.0,False,0,5,False,False,False,False,False,False,False,False,False,False,False,False,United States,False,,False,False,False,False,25,Spons⁨orеd,-38.35757951488139,-36.420283188104804,0,raven zz plant,23,46,True,46,16.0,False
147483087645,ZZ Plant Live Bare Rooted Plant,15.0,$15.00,False,6.34,+$6.34 delivery,False,False,False,janicen321,100.0,49,100.0,False,0,0,False,False,False,False,False,False,False,False,False,False,False,False,United States,False,,False,False,False,False,26,Spons⁨orеd,-38.35757951488139,-36.420283188104804,0,raven zz plant,24,46,True,46,17.0,False
166048379676,Black Raven ZZ Plant Zanzibar Gem,45.0,$45.00,False,14.31,+$14.31 delivery,False,False,False,miclosetshoppe,100.0,216,100.0,False,0,0,False,True,False,False,False,False,False,False,False,False,False,False,United States,False,,False,False,False,False,27,Spons⁨orеd,-38.35757951488139,-36.420283188104804,0,raven zz plant,25,46,True,46,18.0,False
307195066151,ZZ Plant- EXACT PLANT!,22.0,$22.00,False,10.11,+$10.11 delivery,False,False,False,hanwin-2412,100.0,60,100.0,False,0,0,False,False,False,False,False,False,False,False,False,False,False,False,United States,False,,False,False,False,False,28,Spons⁨orеd,-38.35757951488139,-36.420283188104804,0,raven zz plant,26,46,True,46,19.0,False
358552290143,raven black zz plant,17.0,$17.00,False,10.11,+$10.11 delivery,False,False,False,pheobe-41,100.0,2,100.0,False,0,0,False,True,False,False,False,False,False,False,False,False,False,False,United States,False,,False,False,False,False,29,Spons⁨orеd,-38.35757951488139,-36.420283188104804,0,raven zz plant,27,46,True,46,20.0,False
168284607742,Rare Black Raven ZZ - Live Houseplant - 4-inch Pot,31.34,$31.34,False,9.99,+$9.99 delivery,False,False,False,riversidegreenhouses,100.0,4,100.0,False,0,0,False,True,False,False,False,False,False,False,False,False,False,False,United States,False,,False,False,False,False,30,Spons⁨orеd,-38.35757951488139,-36.420283188104804,0,raven zz plant,28,46,True,46,21.0,True
395943266683,live house plant cuttings,15.0,$15.00,False,6.34,+$6.34 delivery,False,False,False,kristedot8,0.0,8,,True,0,0,False,True,False,False,False,False,False,False,False,False,False,False,United States,False,,True,True,True,True,31,Ѕpon⁩sored,0.07367575643450835,11.519741869638048,261,raven zz plant,29,46,True,46,,False
375326440748,"ZZ Plant in 6""pot Live Houseplant Zamioculcas ZZPlant Raven Home Decor",109.95,$109.95,False,100.0,+$100.00 delivery,False,False,False,greeenlife,98.4,1600,98.4,False,0,8,False,True,False,False,True,False,False,False,False,False,False,False,United States,False,,False,False,False,False,32,Spons⁨orеd,-38.35757951488139,-36.420283188104804,0,raven zz plant,30,46,True,46,22.0,False
398333416237,"2 Black Live ZZ Plants, Potted Houseplant, 4-6 Inch Tall",26.99,$26.99,False,9.99,+$9.99 delivery,False,False,False,ahvnllc,100.0,8,100.0,False,0,0,False,False,False,False,False,False,False,False,False,False,False,False,United States,False,,False,False,False,False,33,Spons⁨orеd,-38.35757951488139,-36.420283188104804,0,raven zz plant,31,46,True,46,23.0,False
178415046545,"5"" ZZ Black Raven",28.99,$28.99,False,13.63,+$13.63 delivery,False,False,False,purposeofplantscutureplantshop,0.0,0,,True,0,0,False,False,False,False,False,False,False,False,False,False,False,False,United States,False,,False,False,False,False,34,Spons⁨orеd,-38.35757951488139,-36.420283188104804,0,raven zz plant,32,46,True,46,24.0,False
375654918618,"ZZ Plant Black Queen Zamioculcas Zamiifolia Hybrid Waxy Leaves Rare 4"" Pot Size",75.95,$75.95,False,0.0,Free delivery,True,False,False,greeenlife,98.4,1600,98.4,False,0,5,False,True,False,False,True,False,False,False,False,False,False,False,United States,False,,False,False,False,False,35,Spons⁨orеd,-38.35757951488139,-36.420283188104804,0,raven zz plant,33,46,True,46,25.0,False
318512028941,Raven ZZ Plant 6 inch pot Live Houseplant,40.0,$40.00,False,15.81,+$15.81 delivery,False,False,False,bronxplantlady1225,100.0,185,100.0,False,0,0,False,True,False,False,False,False,False,False,False,False,False,False,United States,False,,False,False,False,False,36,Spons⁨orеd,-38.35757951488139,-36.420283188104804,0,raven zz plant,34,46,True,46,26.0,False
376116334568,ZZ Plant - Black Raven - Zamioculcas Zamiifolia,16.95,$16.95,False,11.0,+$11.00 delivery,False,False,False,nilsatropicalgarden,99.0,329,99.0,False,14,0,False,True,False,False,True,False,True,False,False,False,False,False,United States,False,,False,False,False,False,37,Spons⁨orеd,-38.35757951488139,-36.420283188104804,0,raven zz plant,35,46,True,46,27.0,False
166924191932,"1x Live Plant Stems Black Raven ZZ Plant Zamioculcas Zamiifolia Oscura 7 - 9""",11.95,$11.95,False,10.11,+$10.11 delivery,False,False,False,nukemhi,99.1,2600,99.1,False,0,13,False,False,False,False,False,False,False,False,False,False,False,False,United States,False,,False,False,False,False,38,Spons⁨orеd,-38.35757951488139,-36.420283188104804,0,raven zz plant,36,46,True,46,28.0,False
167669604965,"Zamioculcas Zamiifolia 'Black Raven' ZZ Plant 14"" Tall",17.95,$17.95,False,10.15,+$10.15 delivery,False,False,False,nukemhi,99.1,2600,99.1,False,0,6,False,False,False,False,False,False,True,False,False,False,False,False,United States,False,,False,False,False,False,39,Spons⁨orеd,-38.35757951488139,-36.420283188104804,0,raven zz plant,37,46,True,46,29.0,False
168599492496,3” Nursery Pot Raven ZZ plant | Indoor Live Plant | Zamioculcas Zamiifolia Rare,47.0,$47.00,False,0.0,Free delivery,True,False,False,sevenseasfinds,95.0,33,95.0,False,0,0,False,True,False,False,False,False,False,False,False,False,False,False,United States,False,,False,False,False,False,40,Spons⁨orеd,-38.35757951488139,-36.420283188104804,0,raven zz plant,38,46,True,46,30.0,False
145357201739,ZZ Plant - Live Plant in a 8 Inch Pot - Zamioculcas Zamiifolia,102.53,$102.53,False,0.0,Free delivery,True,False,False,wekivafoliage,97.6,2100,97.6,False,0,0,False,False,False,False,False,False,False,False,False,False,False,False,United States,False,,False,False,False,False,41,Spons⁨orеd,-38.35757951488139,-36.420283188104804,0,raven zz plant,39,46,True,46,31.0,False
146006998409,Black Raven ZZ Plant - Live Plant in a 4 Inch Growers Pot,54.57,$54.57,False,0.0,Free delivery,True,False,False,wekivafoliage,97.6,2100,97.6,False,0,0,False,False,False,False,False,False,False,False,False,False,False,False,United States,False,,False,False,False,False,42,Spons⁨orеd,-38.35757951488139,-36.420283188104804,0,raven zz plant,40,46,True,46,32.0,False
146388565532,Black Raven ZZ Plant and Soil Mix Combo - Live Plant in a 4 Inch Pot Combo,73.67,$73.67,False,0.0,Free delivery,True,False,False,wekivafoliage,97.6,2100,97.6,False,0,0,False,False,False,False,False,False,False,False,False,False,False,False,United States,False,,False,False,False,False,43,Spons⁨orеd,-38.35757951488139,-36.420283188104804,0,raven zz plant,41,46,True,46,33.0,False
204372545093,"black raven zz plant In Pot, Médium Size, Air Purifier Plant",24.99,$24.99,False,10.2,+$10.20 delivery,False,False,False,freshyplants,85.3,1100,85.3,False,114,0,False,True,False,False,True,False,False,False,False,False,False,False,United States,False,,False,False,False,False,44,Spons⁨orеd,-38.35757951488139,-36.420283188104804,0,raven zz plant,42,46,True,46,34.0,False
205895388683,Zz Plant In Pot Medium Size,14.99,$14.99,False,13.65,+$13.65 delivery,False,False,False,freshyplants,85.3,1100,85.3,False,0,0,False,True,False,False,False,False,False,False,False,False,False,False,United States,False,,False,False,False,False,45,Spons⁨orеd,-38.35757951488139,-36.420283188104804,0,raven zz plant,43,46,True,46,35.0,False
206042086725,ZZ plant,19.99,$19.99,False,13.65,+$13.65 delivery,False,False,False,freshyplants,85.3,1100,85.3,False,0,0,False,True,False,False,False,False,False,False,False,False,False,False,United States,False,,False,False,False,False,46,Spons⁨orеd,-38.35757951488139,-36.420283188104804,0,raven zz plant,44,46,True,46,36.0,False
206109009367,black raven zz plant,69.99,$69.99,False,13.65,+$13.65 delivery,False,False,False,freshyplants,85.3,1100,85.3,False,0,0,False,True,False,False,False,False,False,False,False,False,False,False,United States,False,,False,False,False,False,47,Spons⁨orеd,-38.35757951488139,-36.420283188104804,0,raven zz plant,45,46,True,46,37.0,False
198525809403,Goth Live Plant Bundle Dark Foliage Houseplant Lot Rooted Black Purple Red Witch,26.99,$26.99 to $58.49$29.99,True,0.0,Free delivery,True,False,False,kitsch*kitty,100.0,2000,100.0,False,0,0,False,False,False,True,True,False,False,False,False,False,False,False,United States,False,,False,False,False,False,48,Spons⁨orеd,-38.35757951488139,-36.420283188104804,0,raven zz plant,46,46,True,46,38.0,False
398117224932,"2 ZZ Plant 4"" inch Live Houseplant | Zamioculcas Zamiifolia (ZZ Green)",18.5,$18.50,False,0.0,Free delivery,True,False,False,eden-elements,98.1,250,98.1,False,21,0,False,False,False,False,False,False,True,False,False,False,False,False,United States,False,,True,True,True,True,49,Ѕpon⁩sored,0.07367575643450835,11.519741869638048,261,raven zz plant,47,46,False,46,,False
287552705675,"ZZ Plant Chameleon Zamioculcas zamiifolia Rare Color Changing Variegated 3"" Pot",34.9,$34.90,False,8.9,+$8.90 delivery,False,False,False,maiksylvia,99.8,8900,99.8,False,0,0,False,False,False,False,False,False,False,False,False,False,False,False,United States,False,,True,True,True,True,50,Ѕpon⁩sored,0.07367575643450835,11.519741869638048,261,raven zz plant,48,46,False,46,,False
398039156562,Zz Plant Rare 4 inches Zamioculcas Zamiifolia house Live Plant,8.39,$8.39,False,6.99,+$6.99 delivery,False,False,False,nnplant,97.1,4900,97.1,False,0,0,False,False,False,False,False,False,False,False,False,False,False,False,United States,False,,False,False,False,False,51,Spons⁨orеd,-38.35757951488139,-36.420283188104804,0,raven zz plant,49,46,False,46,39.0,False
406090902953,"Zamioculas Zamiifolia Indoor ZZ Plant in 6 In. Grower Pot, Avg. Shipping Height",19.5,$19.50,False,0.0,Free delivery,True,False,False,raz.-77,99.7,2600,99.7,False,9,0,False,False,False,True,False,False,True,False,False,False,False,False,United States,False,,False,False,False,False,52,Spons⁨orеd,-38.35757951488139,-36.420283188104804,0,raven zz plant,50,46,False,46,40.0,False
116616020059,ZZ Plant | Zamioculcas zamiifolia | 4in pot,12.74,$12.74$16.99,False,7.08,+$7.08 delivery,False,False,False,fun_plantsandcactus,99.7,901,99.7,False,21,0,False,False,False,False,True,False,True,False,False,False,False,False,United States,False,,False,False,False,False,53,Spons⁨orеd,-38.35757951488139,-36.420283188104804,0,raven zz plant,51,46,False,46,41.0,False
227363914426,LIVE PLANT ZZ Plant Zamioculcas Zamiifolia Starter Pot,1.99,$1.99,False,9.23,+$9.23 delivery,False,False,False,buyselltx,99.6,4200,99.6,False,0,0,False,True,False,False,True,False,False,False,False,False,False,False,United States,False,,False,False,False,False,54,Spons⁨orеd,-38.35757951488139,-36.420283188104804,0,raven zz plant,52,46,False,46,42.0,False
237020405382,"ZZ Variegated Plant, Exact ROOTED Cutting, US Seller",23.0,$23.00,False,8.07,+$8.07 delivery in 2-4 days,False,False,True,plantspotsparadise,100.0,97,100.0,False,0,0,False,False,False,False,False,False,False,False,False,False,False,False,United States,False,,False,False,False,False,55,Spons⁨orеd,-38.35757951488139,-36.420283188104804,0,raven zz plant,53,46,False,46,43.0,False
206430703196,"ZENZI MINI Zamioculcas Zamiifolia ZZ Plant Compact Curly Leaf! Ships In A 4"" Pot",25.5,$25.50,False,6.35,+$6.35 delivery,False,False,False,clasemama,99.4,3400,99.4,False,0,0,False,True,False,False,False,False,False,False,False,False,False,False,United States,False,,False,False,False,False,56,Spons⁨orеd,-38.35757951488139,-36.420283188104804,0,raven zz plant,54,46,False,46,44.0,False
237104468512,"ZZ Variegated Plant, Exact Rooted Cutting, US Seller",23.0,$23.00,False,8.07,+$8.07 delivery in 2-4 days,False,False,True,plantspotsparadise,100.0,97,100.0,False,0,0,False,False,False,False,False,False,False,False,False,True,False,False,United States,False,,False,False,False,False,57,Spons⁨orеd,-38.35757951488139,-36.420283188104804,0,raven zz plant,55,46,False,46,45.0,False
326762059478,Raven Girl Iris Plant Quart Pot | Masses of Purple Black Flowers Perennial,21.99,$21.99,False,6.95,+$6.95 delivery,False,False,False,karyn541,100.0,2200,100.0,False,0,194,False,False,False,False,False,False,False,False,False,False,False,False,United States,False,,True,True,True,True,58,Ѕpon⁩sored,0.07367575643450835,11.519741869638048,261,raven zz plant,56,46,False,46,,False
358600228750,ZZ Plant Zamioculcas Zamiifolia Low Light Easy Care Houseplant,37.19,$37.19,False,0.0,Free delivery,True,False,False,vero-413641,99.4,159,99.4,False,0,0,False,False,False,False,True,False,False,False,False,False,False,False,United States,False,,True,True,True,True,59,Ѕpon⁩sored,0.07367575643450835,11.519741869638048,261,raven zz plant,57,46,False,46,,False
237104465340,"ZZ Variegated Plant, Exact Rooted Cutting, US Seller",19.0,$19.00,False,8.07,+$8.07 delivery in 2-4 days,False,False,True,plantspotsparadise,100.0,97,100.0,False,0,0,False,False,False,False,False,False,False,False,False,True,False,False,United States,False,,False,False,False,False,60,Spons⁨orеd,-38.35757951488139,-36.420283188104804,0,raven zz plant,58,46,False,46,46.0,False
800387904914,"Zamioculas Zamiifolia Indoor ZZ Plant in 6 In. Grower Pot, Avg. Shipping Height",19.5,$19.50,False,0.0,Free delivery,True,False,False,kamama_23,99.3,1600,99.3,False,0,0,False,False,False,True,False,False,False,False,False,False,False,False,United States,False,,False,False,False,False,61,Spons⁨orеd,-38.35757951488139,-36.420283188104804,0,raven zz plant,59,46,False,46,47.0,False
237094032413,10 inch ZZ Plant live plant,119.99,$119.99,False,15.0,+$15.00 delivery,False,False,False,thornbloomplants,100.0,26,100.0,False,0,0,False,False,False,False,False,False,False,False,False,False,False,False,United States,False,,False,False,False,False,62,Spons⁨orеd,-38.35757951488139,-36.420283188104804,0,raven zz plant,60,46,False,46,48.0,False
257259478668,ZZ Plant Zamioculcas Zamiifolia 15-inch Air-purifying tropical live plant,14.99,$14.99,False,19.8,+$19.80 delivery,False,False,False,mairim55563,100.0,281,100.0,False,0,5,False,True,False,False,False,False,False,False,False,False,False,False,United States,False,,True,True,True,True,63,Ѕpon⁩sored,0.07367575643450835,11.519741869638048,261,raven zz plant,61,46,False,46,,False
227253434933,"LIVE PLANT ZZ Plant Zamioculcas Zamiifolia 4"" Pot with water tray",2.99,$2.99,False,11.93,+$11.93 delivery,False,False,False,buyselltx,99.6,4200,99.6,False,0,0,False,True,False,False,True,False,False,False,False,False,False,False,United States,False,,False,False,False,False,64,Spons⁨orеd,-38.35757951488139,-36.420283188104804,0,raven zz plant,62,46,False,46,49.0,False
236746106862,"Zamioculas Zamiifolia Indoor ZZ Plant in 6 In. Grower Pot, Avg. Shipping Height",19.5,$19.50,False,0.0,Free delivery,True,False,False,selem223,100.0,1600,100.0,False,0,0,False,False,False,True,False,False,True,False,False,False,False,False,United States,False,,False,False,False,False,65,Spons⁨orеd,-38.35757951488139,-36.420283188104804,0,raven zz plant,63,46,False,46,50.0,False
198661638265,6 Spooky Halloween Mystery Plants Live Witchy Creepy Weird Plant Box Lot Bundle,49.49,$49.49$54.99,False,0.0,Free delivery,True,False,False,kitsch*kitty,100.0,2000,100.0,False,0,0,False,False,False,True,True,False,False,False,False,False,True,False,United States,False,,False,False,False,False,66,Spons⁨orеd,-38.35757951488139,-36.420283188104804,0,raven zz plant,64,46,False,46,51.0,False
237094030271,10 inch ZZ Oscura live plant,119.99,$119.99,False,15.0,+$15.00 delivery,False,False,False,thornbloomplants,100.0,26,100.0,False,0,0,False,False,False,False,False,False,False,False,False,False,False,False,United States,False,,False,False,False,False,67,Spons⁨orеd,-38.35757951488139,-36.420283188104804,0,raven zz plant,65,46,False,46,52.0,False
287440032379,ZZ Plant - Live Plants in 6 Inch Pot - Zamioculcas Zamiifolia - Free Shipping,34.99,$34.99,False,0.0,Free delivery,True,False,False,happilyplanted,100.0,230,100.0,False,0,0,False,False,False,False,False,False,False,False,False,False,False,False,United States,False,,False,False,False,False,68,Spons⁨orеd,-38.35757951488139,-36.420283188104804,0,raven zz plant,66,46,False,46,53.0,False
147598837693,"1 Live ZZ Plant | Zamioculcas zamiifolia | Well Rooted, and Healthy.",14.5,$14.50,False,4.0,+$4.00 delivery,False,False,False,iamsoandso,100.0,860,100.0,False,0,0,False,False,False,False,False,False,False,False,False,False,False,False,United States,False,,False,False,False,False,69,Spons⁨orеd,-38.35757951488139,-36.420283188104804,0,raven zz plant,67,46,False,46,54.0,False
237049510391,"Scindapsus Raven Variegated, Exact Plant, US Seller",45.0,$45.00,False,8.07,+$8.07 delivery in 2-4 days,False,False,True,plantspotsparadise,100.0,97,100.0,False,0,0,False,False,False,False,False,False,False,False,False,False,False,False,United States,False,,False,False,False,False,70,Spons⁨orеd,-38.35757951488139,-36.420283188104804,0,raven zz plant,68,46,False,46,55.0,False
168537950968,Zamioculcas zamiifolia 'ZZ Plant',19.99,$19.99 to $61.99,True,10.79,+$10.79 delivery,False,False,False,snakerootbotanicals,98.3,57,98.3,False,0,0,False,False,False,False,False,False,False,False,False,False,False,False,United States,False,,False,False,False,False,71,Spons⁨orеd,-38.35757951488139,-36.420283188104804,0,raven zz plant,69,46,False,46,56.0,False
358553670726,ZZ Plant with 8” Inch Potted Live Houseplant | Zamioculcas Zamiifolia,19.0,$19.00,False,12.95,+$12.95 delivery,False,False,False,exoticgardenblisss,100.0,493,100.0,False,0,0,False,False,False,False,False,False,False,False,False,False,False,False,United States,False,,False,False,False,False,72,Spons⁨orеd,-38.35757951488139,-36.420283188104804,0,raven zz plant,70,46,False,46,57.0,False
198552053930,8 x Live Plants Mystery Box Easy Care Beginner Friendly Tropical Plant Lot Rare,49.49,$49.49$54.99,False,0.0,Free delivery,True,False,False,kitsch*kitty,100.0,2000,100.0,False,0,4,False,False,False,True,True,False,False,False,False,False,False,False,United States,False,,False,False,False,False,73,Spons⁨orеd,-38.35757951488139,-36.420283188104804,0,raven zz plant,71,46,False,46,58.0,False
287618514652,ZZ Plant Live Houseplant | Zamioculcas Zamiifolia (ZZ Green),14.99,$14.99,False,10.11,+$10.11 delivery,False,False,False,70-seven,100.0,199,100.0,False,0,0,False,True,False,False,False,False,False,False,False,False,False,False,United States,False,,False,False,False,False,74,Spons⁨orеd,-38.35757951488139,-36.420283188104804,0,raven zz plant,72,46,False,46,59.0,False
158242659896,Albo Zz Plant 🪴,135.0,$135.00,False,8.32,+$8.32 delivery,False,False,False,cristian-beltran,100.0,26,100.0,False,0,0,False,True,False,False,False,False,False,False,False,False,False,False,United States,False,,False,False,False,False,75,Spons⁨orеd,-38.35757951488139,-36.420283188104804,0,raven zz plant,73,46,False,46,60.0,False
287618517879,ZZ Plant Live Houseplant | Zamioculcas Zamiifolia (ZZ Green),12.99,$12.99,False,10.11,+$10.11 delivery,False,False,False,70-seven,100.0,199,100.0,False,0,0,False,True,False,False,False,False,False,False,False,False,False,False,United States,False,,False,False,False,False,76,Spons⁨orеd,-38.35757951488139,-36.420283188104804,0,raven zz plant,74,46,False,46,61.0,False
137741456775,"ZZ Plant (Zamioculcas) Live Potted Indoor Houseplant 5"" Pot Broadleaf Green",12.0,$12.00,False,10.15,+$10.15 delivery,False,False,False,theplantdeli,99.6,338,99.6,False,0,0,False,True,False,False,False,False,False,False,False,False,True,False,United States,False,,False,False,False,False,77,Spons⁨orеd,-38.35757951488139,-36.420283188104804,0,raven zz plant,75,46,False,46,62.0,False
168578976271,ZZ Plant 2 in Live Houseplant | Zamioculcas Zamiifolia,12.99,$12.99,False,6.99,+$6.99 delivery,False,False,False,riversidegreenhouses,100.0,4,100.0,False,0,0,False,False,False,False,False,False,False,False,False,False,False,False,United States,False,,False,False,False,False,78,Spons⁨orеd,-38.35757951488139,-36.420283188104804,0,raven zz plant,76,46,False,46,63.0,True
198513783432,"ZENZI MINI Zamioculcas Zamiifolia ZZ Plant Compact Curly Leaf! Ships In A 4"" Pot",25.5,$25.50,False,6.35,+$6.35 delivery,False,False,False,clasemama,99.4,3400,99.4,False,0,0,False,True,False,False,False,False,False,False,False,False,False,False,United States,False,,False,False,False,False,79,Spons⁨orеd,-38.35757951488139,-36.420283188104804,0,raven zz plant,77,46,False,46,64.0,False
287618520185,ZZ Plant Live Houseplant | Zamioculcas Zamiifolia (ZZ Green),9.99,$9.99,False,7.05,+$7.05 delivery,False,False,False,70-seven,100.0,199,100.0,False,0,0,False,True,False,False,False,False,False,False,False,False,False,False,United States,False,,False,False,False,False,80,Spons⁨orеd,-38.35757951488139,-36.420283188104804,0,raven zz plant,78,46,False,46,65.0,False
137801372924,ZZ Plant (Zamioculcas) Live 4* Pot Houseplant Broadleaf Green Evergreen,9.0,$9.00,False,10.11,+$10.11 delivery,False,False,False,theplantdeli,99.6,338,99.6,False,0,0,False,True,False,False,False,False,False,False,False,False,False,False,United States,False,,False,False,False,False,81,Spons⁨orеd,-38.35757951488139,-36.420283188104804,0,raven zz plant,79,46,False,46,66.0,False
127206498317,ZZ plant variegated (Zamioculcas Zamiifolia) Wild form,59.99,$59.99,False,12.99,+$12.99 delivery,False,False,False,christopheart10,100.0,2800,100.0,False,0,11,False,False,False,False,False,False,False,False,False,False,False,False,United States,False,,False,False,False,False,82,Spons⁨orеd,-38.35757951488139,-36.420283188104804,0,raven zz plant,80,46,False,46,67.0,False
398333417013,"2 Black ZZ Plants Live, 4-6 Inch Tall for Planting",23.99,$23.99,False,9.99,+$9.99 delivery,False,False,False,ahvnllc,100.0,8,100.0,False,0,0,False,False,False,False,False,False,False,False,False,False,False,False,United States,False,,False,False,False,False,83,Spons⁨orеd,-38.35757951488139,-36.420283188104804,0,raven zz plant,81,46,False,46,68.0,False
168578976218,ZZ Plant Zamifolia 8 in Live Houseplant | Zamioculcas Zamiifolia,34.99,$34.99,False,6.99,+$6.99 delivery,False,False,False,riversidegreenhouses,100.0,4,100.0,False,0,0,False,False,False,False,False,False,False,False,False,False,False,False,United States,False,,False,False,False,False,84,Spons⁨orеd,-38.35757951488139,-36.420283188104804,0,raven zz plant,82,46,False,46,69.0,True
188863614778,"ZZ Plant Low Maintenance Houseplant Large 8""-12"" Tall, 4"" Pot",23.95,$23.95,False,6.95,+$6.95 delivery,False,False,False,coastaltill1,99.4,25600,99.4,False,0,0,False,False,False,False,False,True,False,False,False,False,False,False,United States,False,,False,False,False,False,85,Spons⁨orеd,-38.35757951488139,-36.420283188104804,0,raven zz plant,83,46,False,46,70.0,False
406351766345,Variegated ZZ Plant – Zamioculcas zamiifolia Variegated — Starter Plant Rooted,30.0,$30.00,False,8.0,+$8.00 delivery,False,False,False,twilighttropics,100.0,55,100.0,False,0,8,False,False,False,False,False,False,False,False,False,False,False,False,United States,False,,False,False,False,False,86,Spons⁨orеd,-38.35757951488139,-36.420283188104804,0,raven zz plant,84,46,False,46,71.0,False
336803865419,"Zamioculcas Zamiifolia Zenzi Dwarf ZZ Plant 6"" Houseplant Exact Plant NO POT",16.0,$16.00,False,14.0,+$14.00 delivery,False,False,False,plantieshoppe,100.0,1,100.0,False,0,4,False,False,False,False,False,False,False,False,False,False,False,False,United States,False,,False,False,False,False,87,Spons⁨orеd,-38.35757951488139,-36.420283188104804,0,raven zz plant,85,46,False,46,72.0,False
137801370742,ZZ Plant (Zamioculcas) Live 3* Pot Houseplant Broadleaf Green Evergreen,8.0,$8.00,False,10.11,+$10.11 delivery,False,False,False,theplantdeli,99.6,338,99.6,False,0,0,False,True,False,False,False,False,False,False,False,False,False,False,United States,False,,False,False,False,False,88,Spons⁨orеd,-38.35757951488139,-36.420283188104804,0,raven zz plant,86,46,False,46,73.0,False
198661632702,4 Spooky Halloween Mystery Plants Live Witchy Creepy Weird Plant Box Lot Bundle,33.29,$33.29$36.99,False,0.0,Free delivery,True,False,False,kitsch*kitty,100.0,2000,100.0,False,0,0,False,False,False,True,True,False,False,False,False,False,False,False,United States,False,,False,False,False,False,89,Spons⁨orеd,-38.35757951488139,-36.420283188104804,0,raven zz plant,87,46,False,46,74.0,False
127881384817,ZZ Plant Zamioculcas Zamiifolia Zanzibar Gem Plant Easy Care Low Light Live Plan,12.0,$12.00,False,20.11,+$20.11 delivery,False,False,False,jmlovessd,99.0,390,99.0,False,0,0,False,True,False,False,False,False,False,False,False,False,False,False,United States,False,,False,False,False,False,90,Spons⁨orеd,-38.35757951488139,-36.420283188104804,0,raven zz plant,88,46,False,46,75.0,False
178509639238,"Black Live ZZ Plant, ZZ Houseplant Live Plant, 4-8 Inch Tall, 3 Inch Pot",28.99,$28.99,False,9.99,+$9.99 delivery,False,False,False,gardenialabllc,50.0,0,50.0,False,0,0,False,False,False,False,False,False,False,False,False,False,False,False,United States,False,,False,False,False,False,91,Spons⁨orеd,-38.35757951488139,-36.420283188104804,0,raven zz plant,89,46,False,46,76.0,False
147351819300,"Zamioculas Zamiifolia Indoor ZZ Plant in 6 In. Grower Pot, Avg. Shipping Height",20.87,$20.87,False,0.0,Free delivery,True,False,False,schottenterprises,99.5,2400,99.5,False,0,0,False,False,False,False,False,False,False,False,False,False,False,False,United States,False,,False,False,False,False,92,Spons⁨orеd,-38.35757951488139,-36.420283188104804,0,raven zz plant,90,46,False,46,77.0,False
358552305877,ZZ Plant Zamioculcas Indoor Potted Houseplant w/ Pot Low-Med Light 8 in,30.0,$30.00,False,20.15,+$20.15 delivery,False,False,False,pheobe-41,100.0,2,100.0,False,0,0,False,True,False,False,False,False,False,False,False,False,False,False,United States,False,,False,False,False,False,93,Spons⁨orеd,-38.35757951488139,-36.420283188104804,0,raven zz plant,91,46,False,46,78.0,False
185873606524,"Rare ZZ Zamioculcas Zamiifolia Easy to Grow House Live Plant 4"" Pot",29.99,$29.99,False,0.0,Free delivery,True,False,False,succulentsandcactus,99.3,2400,99.3,False,0,0,False,False,False,False,False,False,False,False,False,False,False,False,United States,False,,False,False,False,False,94,Spons⁨orеd,-38.35757951488139,-36.420283188104804,0,raven zz plant,92,46,False,46,79.0,False
316539347966,Zamioculcas Zamiifolia ZZ | Live Plant for Indoor & Outdoor,23.99,$23.99 to $98.99,True,9.8,+$9.80 delivery,False,False,False,ks_plants,100.0,68,100.0,False,0,0,False,False,False,False,False,False,False,False,False,False,False,False,United States,False,,False,False,False,False,95,Spons⁨orеd,-38.35757951488139,-36.420283188104804,0,raven zz plant,93,46,False,46,80.0,False
407080908089,Zamioculcas Zamiifolia 'ZZ Plant',22.0,$22.00,False,5.93,+$5.93 delivery,False,False,False,desertscapesucculent,100.0,400,100.0,False,0,0,False,False,False,False,False,False,False,False,False,False,False,False,United States,False,,False,False,False,False,96,Spons⁨orеd,-38.35757951488139,-36.420283188104804,0,raven zz plant,94,46,False,46,81.0,False
158217760516,Variegated Zz Plant,94.0,$94.00,False,15.9,+$15.90 delivery,False,False,False,cristian-beltran,100.0,26,100.0,False,0,0,False,True,False,False,False,False,False,False,False,False,False,False,United States,False,,False,False,False,False,97,Spons⁨orеd,-38.35757951488139,-36.420283188104804,0,raven zz plant,95,46,False,46,82.0,False
313999451542,Zamioculcas zamiifolia - ZZ plant 8 onzas pot,13.99,$13.99,False,3.0,+$3.00 delivery,False,False,False,ricvela-5326,100.0,1500,100.0,False,0,3,False,False,False,False,False,False,False,False,False,False,False,False,United States,False,,False,False,False,False,98,Spons⁨orеd,-38.35757951488139,-36.420283188104804,0,raven zz plant,96,46,False,46,83.0,False
336812962831,Plant bundle ZZ plant Cebu Blue Swiss Cheese pothos and succulent,68.0,$68.00,False,6.03,+$6.03 delivery,False,False,False,debuff_0,0.0,0,,True,0,0,False,True,False,False,False,False,False,False,False,False,False,False,United States,False,,False,False,False,False,99,Spons⁨orеd,-38.35757951488139,-36.420283188104804,0,raven zz plant,97,46,False,46,84.0,False
377522877481,Plant bundle ZZ plant Cebu Blue Swiss Cheese pothos and succulent,69.0,$69.00,False,8.27,+$8.27 delivery,False,False,False,woo4578,0.0,0,,True,0,0,False,True,False,False,False,False,False,False,False,False,False,False,United States,False,,False,False,False,False,100,Spons⁨orеd,-38.35757951488139,-36.420283188104804,0,raven zz plant,98,46,False,46,85.0,False
397893478472,"Zamioculas Zamiifolia Indoor ZZ Plant in 6 In. Grower Pot, Avg. Shipping Height",28.38,$28.38,False,0.0,Free delivery,True,False,False,tariqhk2,99.2,2900,99.2,False,0,2,False,False,False,False,False,False,True,False,False,False,False,False,United States,False,,False,False,False,False,101,Spons⁨orеd,-38.35757951488139,-36.420283188104804,0,raven zz plant,99,46,False,46,86.0,False
137559491014,"Zamioculas Zamiifolia Indoor ZZ Plant in 10 In. Decor Planter, Avg. Shipping Hei",64.48,$64.48,False,0.0,Free delivery,True,False,False,lielim63,99.1,2400,99.1,False,0,0,False,False,False,False,False,False,False,False,False,False,False,False,United States,False,,False,False,False,False,102,Spons⁨orеd,-38.35757951488139,-36.420283188104804,0,raven zz plant,100,46,False,46,87.0,False
396850520156,"Live ZZ Plant - Zamioculcas Zamiifolia - Easy to Grow Houseplant in 3"" Pot",44.99,$44.99,False,0.0,Free delivery,True,False,False,badgir_4739,99.5,225,99.5,False,0,0,False,False,False,False,True,False,False,False,False,False,False,False,United States,False,,False,False,False,False,103,Spons⁨orеd,-38.35757951488139,-36.420283188104804,0,raven zz plant,101,46,False,46,88.0,False
404816515100,"ZZ Plant with 6"" inch Potted Live Houseplant | Zamioculcas Zamiifolia",22.99,$22.99,False,6.33,+$6.33 delivery,False,False,False,vmcplants,100.0,77,100.0,False,0,0,False,False,False,False,True,False,False,False,False,False,False,False,United States,False,,False,False,False,False,104,Spons⁨orеd,-38.35757951488139,-36.420283188104804,0,raven zz plant,102,46,False,46,89.0,False
314060839519,Rare ZZ Zamioculcas zamiifolia Live Plant~Easy to Grow~Houseplant~Indoor,9.99,$9.99,False,12.7,+$12.70 delivery,False,False,False,ricvela-5326,100.0,1500,100.0,False,0,0,False,False,False,False,False,False,False,False,False,False,False,False,United States,False,,False,False,False,False,105,Spons⁨orеd,-38.35757951488139,-36.420283188104804,0,raven zz plant,103,46,False,46,90.0,False
375368087478,"Rare ZZ Zamioculcas Zamiifolia Easy to Grow House Live Plant 4"" Pot",37.95,$37.95,False,9.95,+$9.95 delivery,False,False,False,gardenshops,98.9,5900,98.9,False,0,0,False,False,False,True,True,False,False,False,False,False,False,False,United States,False,,False,False,False,False,106,Spons⁨orеd,-38.35757951488139,-36.420283188104804,0,raven zz plant,104,46,False,46,91.0,False
314019838243,Zamioculcas zamiifolia ZZ plant,12.99,$12.99,False,12.7,+$12.70 delivery,False,False,False,ricvela-5326,100.0,1500,100.0,False,0,0,False,False,False,False,False,False,False,False,False,False,False,False,United States,False,,False,False,False,False,107,Spons⁨orеd,-38.35757951488139,-36.420283188104804,0,raven zz plant,105,46,False,46,92.0,False
353447243480,8”ZZ Plant - Zamioculcas Zamiifolia - Live House Plant - Low Maintenance,30.0,$30.00,False,59.81,+$59.81 delivery,False,False,False,nichmor-4643,100.0,1500,100.0,False,0,0,False,True,False,False,True,False,False,False,False,False,False,False,United States,False,,False,False,False,False,108,Spons⁨orеd,-38.35757951488139,-36.420283188104804,0,raven zz plant,106,46,False,46,93.0,False
314667169175,"ZZ Plant, Zamioculcas zamiifolia 6"" Pot, Healthy aroid Palm, Eternity Plant",43.79,$43.79,False,5.95,+$5.95 delivery,False,False,False,bubbleblooms.shop,98.3,2500,98.3,False,0,0,False,True,False,False,True,False,False,False,False,False,False,False,United States,False,,False,False,False,False,109,Spons⁨orеd,-38.35757951488139,-36.420283188104804,0,raven zz plant,107,46,False,46,94.0,False
393429495902,Zz indoor Plant -live House Plant,22.0,$22.00,False,9.99,+$9.99 delivery,False,False,False,kunjmat_42,96.8,696,96.8,False,0,0,False,False,False,False,False,False,False,False,False,False,False,False,United States,False,,False,False,False,False,110,Spons⁨orеd,-38.35757951488139,-36.420283188104804,0,raven zz plant,108,46,False,46,95.0,False
396865573746,"Aroid Plant Potting Soil Mix (8 Quarts), for Pothos Devil's Ivy, ZZ 8 Quarts",35.94,$35.94,False,0.0,Free delivery,True,False,False,mattimich-0,99.4,5100,99.4,False,0,0,False,False,False,False,False,False,False,False,False,False,False,False,United States,False,,False,False,False,False,111,Spons⁨orеd,-38.35757951488139,-36.420283188104804,0,raven zz plant,109,46,False,46,96.0,False
353447182058,ZZ Plant - Zamioculcas Zamiifolia - Live House Plant - Low Maintenance,40.0,$40.00,False,59.81,+$59.81 delivery,False,False,False,nichmor-4643,100.0,1500,100.0,False,0,15,False,True,False,False,True,False,False,False,False,False,False,False,United States,False,,False,False,False,False,112,Spons⁨orеd,-38.35757951488139,-36.420283188104804,0,raven zz plant,110,46,False,46,97.0,False
315342714434,"ZZ Plant, Zamioculcas zamiifolia 6"" Pot, Healthy aroid Palm, Eternity Plant",43.79,$43.79,False,5.95,+$5.95 delivery,False,False,False,bubbleblooms.shop,98.3,2500,98.3,False,0,0,False,False,False,False,True,False,False,False,False,False,False,False,United States,False,,False,False,False,False,113,Spons⁨orеd,-38.35757951488139,-36.420283188104804,0,raven zz plant,111,46,False,46,98.0,False
155837170600,"ZZ Plant - Zamioculcas zamiifolia 4"" pot - Easy Live Plant.",20.0,$20.00,False,20.11,+$20.11 delivery,False,False,False,tashi-8050,0.0,0,,True,0,0,False,True,False,False,False,False,False,False,False,False,False,False,United States,False,,False,False,False,False,114,Spons⁨orеd,-38.35757951488139,-36.420283188104804,0,raven zz plant,112,46,False,46,99.0,False
398333416394,"Rare Black ZZ Plant, Starter Houseplant, 3 Inch Pot",13.99,$13.99,False,9.99,+$9.99 delivery,False,False,False,ahvnllc,100.0,8,100.0,False,0,0,False,False,False,False,False,False,False,False,False,False,False,False,United States,False,,False,False,False,False,115,Spons⁨orеd,-38.35757951488139,-36.420283188104804,0,raven zz plant,113,46,False,46,100.0,False
168578976252,ZZ Plant 2 in Live Houseplant | Zamioculcas Zamiifolia,12.99,$12.99,False,6.99,+$6.99 delivery,False,False,False,riversidegreenhouses,100.0,4,100.0,False,0,0,False,False,False,False,False,False,False,False,False,False,False,False,United States,False,,False,False,False,False,116,Spons⁨orеd,-38.35757951488139,-36.420283188104804,0,raven zz plant,114,46,False,46,101.0,True
185826338515,Rare ZZ Zamioculcas zamiifolia Live Plant~Easy to Grow~Houseplant~Indoor,29.99,$29.99,False,0.0,Free delivery,True,False,False,succulentsandcactus,99.3,2400,99.3,False,0,0,False,False,False,False,False,False,False,False,False,False,False,False,United States,False,,False,False,False,False,117,Spons⁨orеd,-38.35757951488139,-36.420283188104804,0,raven zz plant,115,46,False,46,102.0,False
178509639237,"Black ZZ Live Plant, Dark Black Foliage, 4-6 Inch Tall, 3 Inch Pot",28.99,$28.99,False,9.99,+$9.99 delivery,False,False,False,gardenialabllc,50.0,0,50.0,False,0,0,False,False,False,False,False,False,False,False,False,False,False,False,United States,False,,False,False,False,False,118,Spons⁨orеd,-38.35757951488139,-36.420283188104804,0,raven zz plant,116,46,False,46,103.0,False
206581804121,"Everlasting ZZ Plant - Easy Care Indoor Air Purifying Houseplant, Low Light Frie",60.99,$60.99,False,0.0,Free delivery,True,False,False,qualitycart-ib,100.0,33,100.0,False,0,0,False,False,False,True,False,False,False,False,False,False,False,False,United States,False,,False,False,False,False,119,Spons⁨orеd,-38.35757951488139,-36.420283188104804,0,raven zz plant,117,46,False,46,104.0,False
257668981837,American Plant Exchange ZZ Plant 'Zanzibar Gem' 6-Inch Pot Live Houseplant,66.2,$66.20,False,0.0,Free delivery,True,False,False,basicbargains,97.8,758,97.8,False,0,0,False,False,False,True,False,False,False,False,False,False,False,False,United States,False,,False,False,False,False,120,Spons⁨orеd,-38.35757951488139,-36.420283188104804,0,raven zz plant,118,46,False,46,105.0,False
236263672128,"Aroid Plant Potting Soil Mix (8 Quarts), for Pothos Devil's Ivy, ZZ 8 Quarts",35.94,$35.94,False,0.0,Free delivery,True,False,False,littlebebe_store,99.1,4700,99.1,False,0,0,False,False,False,False,False,False,False,False,False,False,False,False,United States,False,,False,False,False,False,121,Spons⁨orеd,-38.35757951488139,-36.420283188104804,0,raven zz plant,119,46,False,46,106.0,False
375593362642,"Zamioculcas Zamiifolia ZZ Plant Live Zanzibar Gem Tropical 6"" Pot 14-17 In Tall",99.95,$99.95,False,100.0,+$100.00 delivery,False,False,False,greeenlife,98.4,1600,98.4,False,0,0,False,True,False,False,True,False,False,False,False,False,False,False,United States,False,,False,False,False,False,122,Spons⁨orеd,-38.35757951488139,-36.420283188104804,0,raven zz plant,120,46,False,46,107.0,False
396335228629,For Sale is Three (3)- ZZ Plant Leaves (Zamioculcas zamiifolia) 3 leaves only!,6.75,$6.75,False,4.75,+$4.75 delivery,False,False,False,redhawk5,99.7,7600,99.7,False,0,0,False,True,False,False,False,False,False,False,False,False,False,False,United States,False,,False,False,False,False,123,Spons⁨orеd,-38.35757951488139,-36.420283188104804,0,raven zz plant,121,46,False,46,108.0,False
398316319229,For Sale is Three (3)- ZZ Plant Leaves (Zamioculcas zamiifolia) 3 leaves only!,7.75,$7.75,False,0.0,Free delivery,True,False,False,redhawk5,99.7,7600,99.7,False,0,0,False,True,False,False,False,False,False,False,False,False,False,False,United States,False,,False,False,False,False,124,Spons⁨orеd,-38.35757951488139,-36.420283188104804,0,raven zz plant,122,46,False,46,109.0,False
387607280094,3 Variegated  ZZ Plant Zamioculcas zamiifolia Var. Houseplant leaf,45.0,$45.00,False,10.0,+$10.00 delivery,False,False,False,sharkma_1,50.0,99,50.0,False,16,0,False,True,False,False,False,False,True,False,False,False,False,False,United States,False,,False,False,False,False,125,Spons⁨orеd,-38.35757951488139,-36.420283188104804,0,raven zz plant,123,46,False,46,110.0,False
255702295310,ZZ Plant Zamioculcas zamiifolia. Houseplant In 4” Pot.,22.99,$22.99,False,13.7,+$13.70 delivery,False,False,False,earthandparadisee,100.0,195,100.0,False,0,0,False,False,False,False,False,False,False,False,False,False,False,False,United States,False,,False,False,False,False,126,Spons⁨orеd,-38.35757951488139,-36.420283188104804,0,raven zz plant,124,46,False,46,111.0,False
165619839997,"ZZ Plant with 4"" inch Potted Live Houseplant | Zamioculcas Zamiifolia",17.95,$17.95,False,0.0,Free delivery,True,False,False,stellarplants,99.1,3600,99.1,False,126,0,False,True,False,False,True,False,False,False,False,False,False,False,United States,False,,False,False,False,False,127,Spons⁨orеd,-38.35757951488139,-36.420283188104804,0,raven zz plant,125,46,False,46,112.0,False
166449745302,"ZZ Plant with 6"" inch Potted Live Houseplant | Zamioculcas Zamiifolia",26.94,$26.94,False,0.0,Free delivery,True,False,False,stellarplants,99.1,3600,99.1,False,38,0,False,True,False,False,False,False,False,False,False,False,False,False,United States,False,,False,False,False,False,128,Spons⁨orеd,-38.35757951488139,-36.420283188104804,0,raven zz plant,126,46,False,46,113.0,False
397784042489,ZZ Plant Broadleaf Green Potted in Black Pot Indoor & Outdoor Houseplant,25.0,$25.00,False,,,,True,False,bri9867,0.0,2,,True,0,0,False,True,False,False,False,False,False,False,False,False,False,False,United States,False,,False,False,False,False,129,Spons⁨orеd,-38.35757951488139,-36.420283188104804,0,raven zz plant,127,46,False,46,114.0,False
358902939811,American Plant Exchange ZZ Plant 'Zanzibar Gem' 6-Inch Pot Live Houseplant,67.73,$67.73,False,0.0,Free delivery,True,False,False,fairviewtrading,99.1,111,99.1,False,0,0,False,False,False,False,False,False,False,False,False,False,False,False,United States,False,,True,True,True,True,130,Ѕpon⁩sored,0.07367575643450835,11.519741869638048,261,raven zz plant,128,46,False,46,,False
185826339505,"ZZ Plant with 4"" inch Potted Live Houseplant | Zamioculcas Zamiifolia",29.99,$29.99,False,0.0,Free delivery,True,False,False,succulentsandcactus,99.3,2400,99.3,False,0,0,False,False,False,False,False,False,False,False,False,False,False,False,United States,False,,True,True,True,True,131,Ѕpon⁩sored,0.07367575643450835,11.519741869638048,261,raven zz plant,129,46,False,46,,False
226222584395,Variegated Rhaphidophora Tetrasperma Rooted Plants and Cuttings Albo Mini Monst,35.0,$35.00 to $150.00$150.00,True,5.0,+$5.00 delivery,False,False,False,backtoobasics,97.5,433,97.5,False,0,0,False,False,False,True,False,True,False,False,False,False,False,False,United States,False,Brand New,False,False,False,False,3,Spon⁨ѕored,-33.02633150806503,-32.71937953671739,0,rhaphidophora tetrasperma,1,64,True,64,1.0,False
284421794929,Rhaphidophora tetrasperma | Mini Monstera | Ginny Philodendron | 100_Seeds,7.95,$7.95,False,5.27,+$5.27 delivery in 2-4 days,False,False,True,butterflygardenseeds,99.9,5600,99.9,False,219,0,False,False,False,True,True,False,False,False,False,False,False,False,United States,False,,True,True,True,True,4,Sp؜onsоred,0.06529944722193448,11.577556750411333,261,rhaphidophora tetrasperma,2,64,True,64,,False
204398834487,"Rhaphidophora tetrasperma, Mini Monstera, Philodendron ""Ginny"" - 20 Se eds",7.98,$7.98,False,3.9,+$3.90 delivery,False,False,False,quinta_dos_ouriques,94.0,10200,94.0,False,158,0,False,False,False,False,False,False,False,True,False,False,False,False,Portugal,True,Brand New,True,True,True,True,5,Sp؜onsоred,0.06529944722193448,11.577556750411333,261,rhaphidophora tetrasperma,3,64,True,64,,False
198515989372,Rhaphidophora tetrasperma Monstera 5-6” node free Bigfoot candle with $20 order,4.5,$4.50,False,15.65,+$15.65 delivery,False,False,False,bigfootnursery,97.1,482,97.1,False,0,25,False,False,False,False,True,False,False,False,False,False,False,False,United States,False,,True,True,True,True,6,Sp؜onsоred,0.06529944722193448,11.577556750411333,261,rhaphidophora tetrasperma,4,64,True,64,,False
257778955411,Mini Monstera (Rhaphidophora tetrasperma) Live Indoor bare root shipping,39.99,$39.99,False,0.0,Free delivery,True,False,False,th_ploy23,100.0,331,100.0,False,0,0,False,True,False,False,False,False,False,False,False,False,False,False,United States,False,,False,False,False,False,7,Spon⁨ѕored,-33.02633150806503,-32.71937953671739,0,rhaphidophora tetrasperma,5,64,True,64,2.0,False
407263240740,Variegated Rhaphidophora Tetrasperma. Exact Plant shown in picture,50.0,$50.00,False,12.0,+$12.00 delivery,False,False,False,thehippieplantshop,100.0,104,100.0,False,0,0,False,False,False,False,False,False,False,False,False,True,False,False,United States,False,,False,False,False,False,8,Spon⁨ѕored,-33.02633150806503,-32.71937953671739,0,rhaphidophora tetrasperma,6,64,True,64,3.0,False
188718689662,"Mini Monstera Rhaphidophora Tetrasperma Easy Air Purifying Houseplant, 4” Pot",14.95,$14.95,False,6.95,+$6.95 delivery,False,False,False,coastaltill1,99.4,25600,99.4,False,0,13,False,False,False,False,False,True,False,False,False,False,False,False,United States,False,,False,False,False,False,9,Spon⁨ѕored,-33.02633150806503,-32.71937953671739,0,rhaphidophora tetrasperma,7,64,True,64,4.0,False
168685611929,"Rare Rhaphidophora Tetrasperma White Monster 15"" Tall Monstera No Philodendron",97.2,$97.20$135.00,False,22.55,+$22.55 delivery,False,False,False,plantasha_creatives,99.7,1700,99.7,False,0,0,False,False,False,False,False,False,False,False,False,False,False,False,United States,False,,False,False,False,False,10,Spon⁨ѕored,-33.02633150806503,-32.71937953671739,0,rhaphidophora tetrasperma,8,64,True,64,5.0,False
188726127184,"Rhaphidophora Tetrasperma Migma Variegated 3"" pot growers choice",145.0,$145.00,False,15.0,+$15.00 delivery,False,False,False,thegreenr-78,100.0,58,100.0,False,0,0,False,False,False,False,False,False,False,False,False,False,False,False,United States,False,Brand New,False,False,False,False,11,Spon⁨ѕored,-33.02633150806503,-32.71937953671739,0,rhaphidophora tetrasperma,9,64,True,64,6.0,False
117302401854,Monstera Minima (Rhaphidophora Tetrasperma),25.0,$25.00,False,12.0,+$12.00 delivery,False,False,False,your_plant_haven,99.4,1300,99.4,False,0,0,False,True,False,False,False,False,False,False,False,False,False,False,United States,False,,False,False,False,False,12,Spon⁨ѕored,-33.02633150806503,-32.71937953671739,0,rhaphidophora tetrasperma,10,64,True,64,7.0,False
128028504330,Miniatura Monstera ( Rhaphidophora Tetrasperma),26.5,$26.50,False,8.0,+$8.00 delivery,False,False,False,irynamiller,100.0,230,100.0,False,0,0,False,False,False,False,False,False,False,False,False,False,False,False,United States,False,,False,False,False,False,13,Spon⁨ѕored,-33.02633150806503,-32.71937953671739,0,rhaphidophora tetrasperma,11,64,True,64,8.0,False
318642291000,"Rhaphidophora tetrasperma ""Mini Monstera"" Live Potted Indoor Houseplant",15.0,$15.00,False,10.15,+$10.15 delivery,False,False,False,jakestropicalstock,93.8,25,93.8,False,0,0,False,True,False,False,False,False,False,False,False,False,False,False,United States,False,,False,False,False,False,14,Spon⁨ѕored,-33.02633150806503,-32.71937953671739,0,rhaphidophora tetrasperma,12,64,True,64,9.0,False
318510428795,Real Picture Rhaphidophora Tetrasperma Variegated Lush Leaves,85.0,$85.00,False,65.0,+$65.00 delivery,False,False,False,var_plant,100.0,17,100.0,False,0,0,False,True,False,False,False,False,False,True,False,False,False,False,Indonesia,True,Brand New,True,True,True,True,15,Sp؜onsоred,0.06529944722193448,11.577556750411333,261,rhaphidophora tetrasperma,13,64,True,64,,False
404949358964,Rhaphidophora Tetrasperma Variegated 4-5leaf unique plant tropical house,155.0,$155.00,False,38.0,+$38.00 delivery,False,False,False,hans_plant,85.7,83,85.7,False,0,17,False,True,False,False,False,False,False,True,False,False,False,False,Indonesia,True,Brand New,True,True,True,True,16,Sp؜onsоred,0.06529944722193448,11.577556750411333,261,rhaphidophora tetrasperma,14,64,True,64,,False
406898544003,Real Picture Rhaphidophora Tetrasperma Variegated Rare Plant,95.0,$95.00,False,65.0,+$65.00 delivery,False,False,False,babyve21,100.0,5,100.0,False,0,0,False,True,False,False,False,False,False,True,False,False,False,False,Indonesia,True,Brand New,True,True,True,True,17,Sp؜onsоred,0.06529944722193448,11.577556750411333,261,rhaphidophora tetrasperma,15,64,True,64,,False
317442485296,Philodendron Mini Monstera Minima | Live Plant for Indoor & Outdoor,30.99,$30.99 to $55.99,True,9.8,+$9.80 delivery,False,False,False,ks_plants,100.0,68,100.0,False,0,0,False,False,False,False,False,False,False,False,False,False,False,False,United States,False,,True,True,True,True,18,Sp؜onsоred,0.06529944722193448,11.577556750411333,261,rhaphidophora tetrasperma,16,64,True,64,,False
185819068298,Rhaphidophora tetrasperma starter plant Mini Monstera/Monstera Ginny,29.99,$29.99,False,0.0,Free delivery,True,False,False,succulentsandcactus,99.3,2400,99.3,False,0,0,False,False,False,False,False,False,False,False,False,False,False,False,United States,False,,False,False,False,False,19,Spon⁨ѕored,-33.02633150806503,-32.71937953671739,0,rhaphidophora tetrasperma,17,64,True,64,10.0,False
185839433765,Rhaphidophora Tetrasperma Mini Monstera 2 Cuttings 2 Leaves 2 Nodes,19.99,$19.99,False,0.0,Free delivery,True,False,False,succulentsandcactus,99.3,2400,99.3,False,0,0,False,False,False,False,False,False,False,False,False,False,False,False,United States,False,,False,False,False,False,20,Spon⁨ѕored,-33.02633150806503,-32.71937953671739,0,rhaphidophora tetrasperma,18,64,True,64,11.0,False
234636127202,Rhaphidophora tetrasperma,15.0,$15.00,False,12.4,+$12.40 delivery,False,False,False,daor_8518,0.0,0,,True,0,6,False,True,False,False,False,False,False,False,False,False,False,False,United States,False,,False,False,False,False,21,Spon⁨ѕored,-33.02633150806503,-32.71937953671739,0,rhaphidophora tetrasperma,19,64,True,64,12.0,False
168578976210,Mini Monstera 4 in Live Houseplant | Rhaphidophora Tetrasperma,16.99,$16.99,False,6.99,+$6.99 delivery,False,False,False,riversidegreenhouses,100.0,4,100.0,False,0,0,False,False,False,False,False,False,False,False,False,False,False,False,United States,False,,False,False,False,False,22,Spon⁨ѕored,-33.02633150806503,-32.71937953671739,0,rhaphidophora tetrasperma,20,64,True,64,13.0,True
197755044266,Rhaphidophora Tetrasperma Variegated Free Phytosanitary,94.0,$94.00,False,33.0,+$33.00 delivery,False,False,False,beautyroot,91.7,17,91.7,False,0,0,False,True,False,False,False,False,False,True,False,False,False,False,Indonesia,True,,False,False,False,False,23,Spon⁨ѕored,-33.02633150806503,-32.71937953671739,0,rhaphidophora tetrasperma,21,64,True,64,14.0,False
366523944883,Rhaphidophora Tetrasperma Jinny MIGMA +++ Free Phytosanitary Certificate,87.22,$87.22,False,92.46,+$92.46 delivery,False,False,False,torashop_garden,100.0,4,100.0,False,0,0,False,False,False,False,False,False,False,True,False,False,False,False,Thailand,True,,False,False,False,False,24,Spon⁨ѕored,-33.02633150806503,-32.71937953671739,0,rhaphidophora tetrasperma,22,64,True,64,15.0,False
397341414007,Rhaphidophora Tetrasperma Aurea Variegated Rare Plant,60.0,$60.00,False,39.0,+$39.00 delivery,False,False,False,plantcore.id,100.0,3,100.0,False,0,18,False,False,False,False,False,False,False,True,False,False,False,False,Indonesia,True,Brand New,False,False,False,False,25,Spon⁨ѕored,-33.02633150806503,-32.71937953671739,0,rhaphidophora tetrasperma,23,64,True,64,16.0,False
820101487796,Rhaphidophora Tetrasperma White Monster Real Picture,175.0,$175.00,False,45.0,+$45.00 delivery,False,False,False,nusantara29,100.0,1,100.0,False,0,0,False,True,False,False,False,False,False,True,False,False,False,False,Indonesia,True,Brand New,False,False,False,False,26,Spon⁨ѕored,-33.02633150806503,-32.71937953671739,0,rhaphidophora tetrasperma,24,64,True,64,17.0,False
287498914374,"Rhaphidophora Tetrasperma ""Mini Monstera"" - 4"" Pot Live Plant - Free Shipping",34.99,$34.99,False,0.0,Free delivery,True,False,False,happilyplanted,100.0,230,100.0,False,0,0,False,False,False,False,False,False,False,False,False,False,False,False,United States,False,,False,False,False,False,27,Spon⁨ѕored,-33.02633150806503,-32.71937953671739,0,rhaphidophora tetrasperma,25,64,True,64,18.0,False
185839441510,Philodendron Very Rare Ginny Rhaphidophora Tetrasperma Mini Monstera 4”Pot,29.99,$29.99,False,0.0,Free delivery,True,False,False,succulentsandcactus,99.3,2400,99.3,False,0,0,False,False,False,False,False,False,False,False,False,False,False,False,United States,False,,False,False,False,False,28,Spon⁨ѕored,-33.02633150806503,-32.71937953671739,0,rhaphidophora tetrasperma,26,64,True,64,19.0,False
168578976216,Mini Monstera 8 in Live Houseplant | Rhaphidophora Tetrasperma,27.99,$27.99,False,6.99,+$6.99 delivery,False,False,False,riversidegreenhouses,100.0,4,100.0,False,0,0,False,False,False,False,False,False,False,False,False,False,False,False,United States,False,,False,False,False,False,29,Spon⁨ѕored,-33.02633150806503,-32.71937953671739,0,rhaphidophora tetrasperma,27,64,True,64,20.0,True
406351766352,Rhaphidophora Tetrasperma – Mini Monstera Plant – Rooted Starter or Cutting,9.99,$9.99 to $15.97,True,8.0,+$8.00 delivery,False,False,False,twilighttropics,100.0,55,100.0,False,0,0,False,False,False,False,False,False,False,False,False,False,False,False,United States,False,,False,False,False,False,30,Spon⁨ѕored,-33.02633150806503,-32.71937953671739,0,rhaphidophora tetrasperma,28,64,True,64,21.0,False
318598149256,Monstera Bundle,59.99,$59.99 to $117.99,True,9.8,+$9.80 delivery,False,False,False,ks_plants,100.0,68,100.0,False,0,0,False,False,False,True,False,False,False,False,False,False,False,False,United States,False,,True,True,True,True,31,Sp؜onsоred,0.06529944722193448,11.577556750411333,261,rhaphidophora tetrasperma,29,64,True,64,,False
305959517285,Monstera Minima/Ginny - Rhaphidophora Tetrasperma - 4'' Pot - Live Indoor Plant,39.95,$39.95,False,0.0,Free delivery,True,False,False,09*comet,99.1,3600,99.1,False,0,0,False,False,False,False,True,False,False,False,False,False,False,False,United States,False,,True,True,True,True,32,Sp؜onsоred,0.06529944722193448,11.577556750411333,261,rhaphidophora tetrasperma,30,64,True,64,,False
124724362648,Rhaphidophora Tetrasperma Mini Monstera 2 Cuttings 2 Leaves 2 Nodes,99.99,$99.99,False,9.54,+$9.54 delivery,False,False,False,deason-spares,100.0,643,100.0,False,50,0,False,False,False,False,False,False,False,False,False,False,False,False,United States,False,,True,True,True,True,33,Sp؜onsоred,0.06529944722193448,11.577556750411333,261,rhaphidophora tetrasperma,31,64,True,64,,False
365754131167,Rhaphidophora Tetrasperma White Mnster Variegated Real Picture Rare Plant,195.0,$195.00,False,35.0,+$35.00 delivery,False,False,False,allazifi,66.7,6,66.7,False,0,0,False,True,False,False,False,False,False,True,False,False,False,False,Indonesia,True,Brand New,True,True,True,True,34,Sp؜onsоred,0.06529944722193448,11.577556750411333,261,rhaphidophora tetrasperma,32,64,True,64,,False
398445101997,Mini Monstera Live Plant Rhaphidophora Tetrasperma Indoor Houseplant Decor Gift,38.89,$38.89,False,0.0,Free delivery,True,False,False,rosolo15,100.0,239,100.0,False,0,0,False,False,False,False,False,False,False,False,False,False,False,False,United States,False,,False,False,False,False,35,Spon⁨ѕored,-33.02633150806503,-32.71937953671739,0,rhaphidophora tetrasperma,33,64,True,64,22.0,False
366027251793,Real Pict Rhaphidophora Tetrasperma Variegated Exotic Foliage Rare Unique,60.0,$60.00,False,45.0,+$45.00 delivery,False,False,False,ahda_5374,80.0,5,80.0,False,0,0,False,False,False,False,False,False,False,True,False,False,False,False,Indonesia,True,Brand New,False,False,False,False,36,Spon⁨ѕored,-33.02633150806503,-32.71937953671739,0,rhaphidophora tetrasperma,34,64,True,64,23.0,False
306925332242,Monstera Ginny Rhaphidophora Tetrasperma Live Tropical Vine Plant 4in Pot 2 Pack,34.38,$34.38,False,0.0,Free delivery,True,False,False,mor-329450,98.4,183,98.4,False,0,0,False,True,False,False,False,False,False,False,False,False,False,False,United States,False,,False,False,False,False,37,Spon⁨ѕored,-33.02633150806503,-32.71937953671739,0,rhaphidophora tetrasperma,35,64,True,64,24.0,False
298200723817,"mini monstera studs earrings, Rhaphidophora Tetrasperma Studs",8.0,$8.00,False,5.58,+$5.58 delivery,False,False,False,shopsephenejewelry,100.0,150,100.0,False,0,0,False,False,False,False,False,False,False,False,False,False,False,False,United States,False,Brand New,False,False,False,False,38,Spon⁨ѕored,-33.02633150806503,-32.71937953671739,0,rhaphidophora tetrasperma,36,64,True,64,25.0,False
187075473182,Philodendron Very Rare Ginny Rhaphidophora Tetrasperma Mini Monstera 6”Pot,69.99,$69.99,False,0.0,Free delivery,True,False,False,succulentsandcactus,99.3,2400,99.3,False,0,0,False,False,False,False,False,False,False,False,False,False,False,False,United States,False,,False,False,False,False,39,Spon⁨ѕored,-33.02633150806503,-32.71937953671739,0,rhaphidophora tetrasperma,37,64,True,64,26.0,False
325995557774,LIVE PLANT 2ft Philodendron Rhaphidophora tetrasperma Monstera minima,36.0,$36.00,False,29.0,+$29.00 delivery,False,False,False,veronique.be.unique,96.9,2200,96.9,False,9,0,False,False,False,False,False,False,True,False,False,False,False,False,United States,False,Brand New,False,False,False,False,40,Spon⁨ѕored,-33.02633150806503,-32.71937953671739,0,rhaphidophora tetrasperma,38,64,True,64,27.0,False
317201753624,Real Pict Rhaphidophora Tetrasperma Migma Variegated Rare Plant,385.0,$385.00,False,65.0,+$65.00 delivery,False,False,False,var_plant,100.0,17,100.0,False,0,3,False,True,False,False,False,False,False,True,False,False,False,False,Indonesia,True,Brand New,True,True,True,True,41,Sp؜onsоred,0.06529944722193448,11.577556750411333,261,rhaphidophora tetrasperma,39,64,True,64,,False
404265440852,Rhaphidophora Tetrasperma Variegated 2-3leaf unique plant tropical house,115.0,$115.00,False,38.0,+$38.00 delivery,False,False,False,hans_plant,85.7,83,85.7,False,0,22,False,True,False,False,False,False,False,True,False,False,False,False,Indonesia,True,Brand New,True,True,True,True,42,Sp؜onsоred,0.06529944722193448,11.577556750411333,261,rhaphidophora tetrasperma,40,64,True,64,,False
358921984267,Rhaphidophora Tetrasperma Variegated Plant Rare Variegated Mini Monstera Live,92.78,$92.78,False,45.0,+$45.00 delivery,False,False,False,jovans6669,100.0,4,100.0,False,0,0,False,False,False,False,False,False,False,True,False,False,False,False,Indonesia,True,Brand New,False,False,False,False,43,Spon⁨ѕored,-33.02633150806503,-32.71937953671739,0,rhaphidophora tetrasperma,41,64,True,64,28.0,False
394774994851,Mini Monstera (Rhaphidophora tetrasperma)-Live Heathy House Plant,15.0,$15.00,False,16.6,+$16.60 delivery,False,False,False,deepalbodh-0,92.3,57,92.3,False,0,8,False,False,False,False,False,False,False,False,False,False,False,False,United States,False,,False,False,False,False,44,Spon⁨ѕored,-33.02633150806503,-32.71937953671739,0,rhaphidophora tetrasperma,42,64,True,64,29.0,False
398231341637,Real Pict Rhaphidophora Tetrasperma Variegated Live Plant Grow in Pot,130.0,$130.00,False,45.0,+$45.00 delivery,False,False,False,hosea-74,100.0,6,100.0,False,0,0,False,False,False,False,False,False,False,True,False,False,False,False,Indonesia,True,Brand New,False,False,False,False,45,Spon⁨ѕored,-33.02633150806503,-32.71937953671739,0,rhaphidophora tetrasperma,43,64,True,64,30.0,False
146898526445,Rhaphidophora Tetrasperma: Plant Guide by Andrey Lalko Paperback Book,31.24,$31.24,False,0.78,+$0.78 delivery,False,False,False,the_nile,99.5,1200000,99.5,False,0,0,False,False,False,False,False,False,False,True,False,False,False,False,Australia,True,Brand New,False,False,False,False,46,Spon⁨ѕored,-33.02633150806503,-32.71937953671739,0,rhaphidophora tetrasperma,44,64,True,64,31.0,False
168592892499,Rhaphidophora Tetrasperma Migma Variegated | Rare Variegated Mini Mon,169.99,$169.99,False,45.0,+$45.00 delivery,False,False,False,djsan_5659,100.0,11,100.0,False,0,0,False,False,False,False,False,False,False,True,False,False,False,False,Indonesia,True,Brand New,False,False,False,False,47,Spon⁨ѕored,-33.02633150806503,-32.71937953671739,0,rhaphidophora tetrasperma,45,64,True,64,32.0,False
358921970891,Rhaphidophora Tetrasperma Plant Mini Monstera Live Tropical Houseplant Rare,62.78,$62.78,False,45.0,+$45.00 delivery,False,False,False,jovans6669,100.0,4,100.0,False,0,0,False,False,False,False,False,False,False,True,False,False,False,False,Indonesia,True,Brand New,False,False,False,False,48,Spon⁨ѕored,-33.02633150806503,-32.71937953671739,0,rhaphidophora tetrasperma,46,64,True,64,33.0,False
398199059144,Rhaphidophora Tetrasperma: Plant Guide by Andrey Lalko Paperback Book,33.47,$33.47,False,0.0,Free delivery,True,False,False,grandeagleretail,99.6,1000000,99.6,False,0,0,False,False,False,False,False,False,False,False,False,False,False,False,United States,False,Brand New,False,False,False,False,49,Spon⁨ѕored,-33.02633150806503,-32.71937953671739,0,rhaphidophora tetrasperma,47,64,True,64,34.0,False
377272473195,Live Rare Mini Monstera Plant Tetrasperma Swiss Cheese Indoor Houseplant 6 Inch,45.95,$45.95,False,0.0,Free delivery,True,False,False,evergreennature,98.3,972,98.3,False,0,0,False,False,False,False,False,False,False,False,False,False,False,False,United States,False,,False,False,False,False,50,Spon⁨ѕored,-33.02633150806503,-32.71937953671739,0,rhaphidophora tetrasperma,48,64,True,64,35.0,False
257306529600,Rhaphidophora Tetrasperma Framed Wall Art Poster Canvas Print Picture,11.9,$11.90 to $46.28,True,,,,False,False,luxuryprintz,99.6,9900,99.6,False,0,0,False,False,False,False,False,False,False,True,False,False,False,False,United Kingdom,True,Brand New,False,False,False,False,51,Spon⁨ѕored,-33.02633150806503,-32.71937953671739,0,rhaphidophora tetrasperma,49,64,True,64,36.0,False
325995557756,LIVE PLANT Ginny split-leaf Philodendron - Rhaphidophora tetrasperma 2-3ft,34.0,$34.00,False,29.0,+$29.00 delivery,False,False,False,veronique.be.unique,96.9,2200,96.9,False,0,8,False,False,False,False,True,False,False,False,False,False,False,False,United States,False,Brand New,False,False,False,False,52,Spon⁨ѕored,-33.02633150806503,-32.71937953671739,0,rhaphidophora tetrasperma,50,64,True,64,37.0,False
335738324608,"Philodendron Mini Monstera Minima (Rhaphidophora tetrasperma) 4” Pot, Live Plant",12.0,$12.00,False,22.55,+$22.55 delivery,False,False,False,lazaun32,0.0,22,,True,0,0,False,False,False,False,False,False,True,False,False,False,False,False,United States,False,,False,False,False,False,53,Spon⁨ѕored,-33.02633150806503,-32.71937953671739,0,rhaphidophora tetrasperma,51,64,True,64,38.0,False
168534207701,Rhaphidophora Tetrasperma Variegated Live | Rare Variegated Mini Monstera,119.99,$119.99,False,45.0,+$45.00 delivery,False,False,False,djsan_5659,100.0,11,100.0,False,0,0,False,False,False,False,False,False,False,True,False,False,False,False,Indonesia,True,Brand New,False,False,False,False,54,Spon⁨ѕored,-33.02633150806503,-32.71937953671739,0,rhaphidophora tetrasperma,52,64,True,64,39.0,False
306180268172,Variegated Rhaphidophora- Rhaphidophora Tetrasperma Variegata Live Plant,800.0,$800.00,False,13.7,+$13.70 delivery,False,False,False,tych176,0.0,1,,True,0,0,False,True,False,False,False,False,False,False,False,False,False,False,United States,False,,False,False,False,False,55,Spon⁨ѕored,-33.02633150806503,-32.71937953671739,0,rhaphidophora tetrasperma,53,64,True,64,40.0,False
364710701386,Rhaphidophora tetrasperma Variegated plant Mini Monstera Ginny Free Phyto RARE,55.0,$55.00,False,75.0,+$75.00 delivery,False,False,False,bkinterplant,100.0,13,100.0,False,0,15,False,False,False,False,False,False,False,True,False,False,False,False,Thailand,True,Brand New,False,False,False,False,56,Spon⁨ѕored,-33.02633150806503,-32.71937953671739,0,rhaphidophora tetrasperma,54,64,True,64,41.0,False
165507871061,Rhaphidophora tetrasperma variegated Leaf Cutting,1000.0,"$1,000.00",False,16.6,+$16.60 delivery,False,False,False,ann_273,0.0,10,,True,0,0,False,True,False,False,False,False,False,False,False,False,False,False,United States,False,,False,False,False,False,57,Spon⁨ѕored,-33.02633150806503,-32.71937953671739,0,rhaphidophora tetrasperma,55,64,True,64,42.0,False
168484887509,Rhaphidophora Tetrasperma Rare Mini Monstera Plant | Fast Growing Tropical,59.99,$59.99,False,45.0,+$45.00 delivery,False,False,False,djsan_5659,100.0,11,100.0,False,0,0,False,False,False,False,False,False,False,True,False,False,False,False,Indonesia,True,Brand New,False,False,False,False,58,Spon⁨ѕored,-33.02633150806503,-32.71937953671739,0,rhaphidophora tetrasperma,56,64,True,64,43.0,False
167766238110,Rhapidophora Tetrasperma,9.99,$9.99,False,13.99,+$13.99 delivery,False,False,False,sarah_sellsstuff,100.0,2500,100.0,False,0,0,False,True,False,False,False,False,False,False,False,False,False,False,United States,False,,False,False,False,False,59,Spon⁨ѕored,-33.02633150806503,-32.71937953671739,0,rhaphidophora tetrasperma,57,64,True,64,44.0,False
384432003802,Rhaphidophora tetrasperma MINI MONSTERA - EXOTIC TROPICAL Seeds!,4.99,$4.99,False,3.99,+$3.99 delivery,False,False,False,greg17086,98.5,36500,98.5,False,112,0,False,False,False,False,False,False,False,False,False,False,False,False,United States,False,,False,False,False,False,60,Spon⁨ѕored,-33.02633150806503,-32.71937953671739,0,rhaphidophora tetrasperma,58,64,True,64,45.0,False
224288108715,"Monstera Ginny, Rhaphidophora tetrasperma",35.0,$35.00,False,40.0,+$40.00 delivery,False,False,False,sasithornpanatuek,0.0,239,,True,0,0,False,False,False,False,False,False,False,True,False,False,False,False,Thailand,True,Brand New,False,False,False,False,61,Spon⁨ѕored,-33.02633150806503,-32.71937953671739,0,rhaphidophora tetrasperma,59,64,True,64,46.0,False
305959514273,"Mini Monstera Ginny Plant, Philodendron Piccolo, Mini Split Leaf - Live - 4"" Pot",41.95,$41.95,False,0.0,Free delivery,True,False,False,09*comet,99.1,3600,99.1,False,0,0,False,False,False,False,True,False,False,False,False,False,False,False,United States,False,,False,False,False,False,62,Spon⁨ѕored,-33.02633150806503,-32.71937953671739,0,rhaphidophora tetrasperma,60,64,True,64,47.0,False
374733029062,Mini Monstera - Rhaphidophora Tetrasperma - Philodendron 'Minima' - Ginny,16.95,$16.95,False,8.75,+$8.75 delivery,False,False,False,nilsatropicalgarden,99.0,329,99.0,False,0,13,False,True,False,False,True,False,False,False,False,False,False,False,United States,False,,False,False,False,False,63,Spon⁨ѕored,-33.02633150806503,-32.71937953671739,0,rhaphidophora tetrasperma,61,64,True,64,48.0,False
128005814324,"Rhaphidophora Tetrasperma Rare Variegated Live Plant Houseplant 4"" Pot",51.99,$51.99$126.99,False,0.0,Free delivery,True,False,False,nocturnalgardens,100.0,98,100.0,False,0,0,False,False,False,False,False,False,False,False,False,False,True,False,United States,False,,False,False,False,False,64,Spon⁨ѕored,-33.02633150806503,-32.71937953671739,0,rhaphidophora tetrasperma,62,64,True,64,49.0,False
318893776413,"Boho 18 PCS Bamboo Wall Trellis DIY Set, Plant & Vines Trellis, Display for Clim",32.12,$32.12,False,0.0,Free delivery,True,False,False,take_7656,100.0,2500,100.0,False,0,0,False,False,False,True,True,False,False,False,False,False,False,False,United States,False,Brand New,True,True,True,True,65,Sp؜onsоred,0.06529944722193448,11.577556750411333,261,rhaphidophora tetrasperma,63,64,True,64,,False
398412913523,"Boho 18 PCS Bamboo Wall Trellis DIY Set, Plant & Vines Trellis, Display for Clim",35.05,$35.05,False,0.0,Free delivery,True,False,False,marketallin,100.0,1500,100.0,False,0,0,False,False,False,True,False,False,False,False,False,False,False,False,United States,False,Brand New,True,True,True,True,66,Sp؜onsоred,0.06529944722193448,11.577556750411333,261,rhaphidophora tetrasperma,64,64,True,64,,False
257757509874,"8 Plant Cuttings Bundle, Pothos Monstera Variety: Marble Satin Neon Global Cebu",24.99,$24.99,False,0.0,Free delivery,True,False,False,abdullahalazam,99.1,410,99.1,False,0,0,False,True,False,False,False,False,False,False,False,False,False,False,United States,False,,False,False,False,False,3,Spo⁧nsоred,-93.06582281360662,31.079723287409827,0,satin pothos,1,115,True,115,1.0,False
178148711881,Silver Satin Pothos 3 x 1 leaf 1 node Cutting Ships in Moss Off Mature Mom Plant,9.99,$9.99,False,7.0,+$7.00 delivery,False,False,False,pikaplants,100.0,635,100.0,False,0,10,False,True,False,False,False,False,False,False,False,False,False,False,United States,False,,True,True,True,True,4,Ѕpo؜nsored,0.02783152675502265,11.503575820906491,261,satin pothos,2,115,True,115,,False
257544572077,Rare Live Pothos Cuttings Bundle 7: Adansonii Cebu Blue Marble Queen Satin More,24.95,$24.95,False,0.0,Free delivery,True,False,False,abdullahalazam,99.1,410,99.1,False,0,46,False,False,False,False,True,False,False,False,False,False,False,False,United States,False,,True,True,True,True,5,Ѕpo؜nsored,0.02783152675502265,11.503575820906491,261,satin pothos,3,115,True,115,,False
196939580162,Silver Satin Pothos 10 node fresh CUTTING - Scindapsus Pictus Plant Houseplant,8.99,$8.99,False,6.34,+$6.34 delivery,False,False,False,morpheous64,99.5,4600,99.5,False,0,13,False,False,False,False,True,False,False,False,False,False,False,False,United States,False,,True,True,True,True,6,Ѕpo؜nsored,0.02783152675502265,11.503575820906491,261,satin pothos,4,115,True,115,,False
285198559813,Silver Satin Pothos 3 node fresh CUTTING - Scindapsus Pictus Plant Houseplant,12.99,$12.99,False,0.0,Free delivery,True,False,False,maiksylvia,99.8,8900,99.8,False,164,0,False,False,False,False,True,False,False,False,False,False,False,False,United States,False,,False,False,False,False,7,Spo⁧nsоred,-93.06582281360662,31.079723287409827,0,satin pothos,5,115,True,115,2.0,False
147585154107,"Two (2) Satin Pothos, Silver Philodendron Rooted Cuttings",2.0,$2.00,False,5.5,+$5.50 delivery in 2-4 days,False,False,True,littlegg,100.0,4,100.0,False,0,0,False,False,False,False,False,False,False,False,False,False,False,False,United States,False,,False,False,False,False,8,Spo⁧nsоred,-93.06582281360662,31.079723287409827,0,satin pothos,6,115,True,115,3.0,False
394870848958,Pothos Satin 4inches Silver Philodendron gray Plant Pothos Silver Live Plant,6.99,$6.99,False,6.99,+$6.99 delivery,False,False,False,nnplant,97.1,4900,97.1,False,0,0,False,False,False,False,True,False,False,False,False,False,False,False,United States,False,,False,False,False,False,9,Spo⁧nsоred,-93.06582281360662,31.079723287409827,0,satin pothos,7,115,True,115,4.0,False
227458258921,2 Silver Satin Pothos UNROOTED CUTTINGS Live Plant Green Scindapsus Pictus,5.98,$5.98,False,6.99,+$6.99 delivery,False,False,False,plantsandpicks,100.0,558,100.0,False,0,3,False,True,False,False,False,False,False,False,False,False,False,False,United States,False,,False,False,False,False,10,Spo⁧nsоred,-93.06582281360662,31.079723287409827,0,satin pothos,8,115,True,115,5.0,False
287612769014,"Satin Pothos Rooted Cuttings, 3+ Live Cuttings, Scindapsis Exotica",5.0,$5.00,False,10.2,+$10.20 delivery,False,False,False,flowerchild0123,100.0,152,100.0,False,0,0,False,True,False,False,False,False,False,False,False,False,False,False,United States,False,,False,False,False,False,11,Spo⁧nsоred,-93.06582281360662,31.079723287409827,0,satin pothos,9,115,True,115,6.0,False
137718425383,Satin Pothos (Scindapsus Pictus) Green Silver Live Potted Houseplant 6 in,10.5,$10.50,False,7.05,+$7.05 delivery,False,False,False,theplantdeli,99.6,338,99.6,False,0,0,False,True,False,False,False,False,False,False,False,False,False,False,United States,False,,False,False,False,False,12,Spo⁧nsоred,-93.06582281360662,31.079723287409827,0,satin pothos,10,115,True,115,7.0,False
188910445236,"Pothos Silver Splash Easy Air Purifying House Plants, 4"" pot",15.95,$15.95,False,6.95,+$6.95 delivery,False,False,False,coastaltill1,99.4,25600,99.4,False,0,3,False,False,False,False,False,True,False,False,False,False,False,False,United States,False,,False,False,False,False,13,Spo⁧nsоred,-93.06582281360662,31.079723287409827,0,satin pothos,11,115,True,115,8.0,False
257700652490,"Pothos Monstera Cuttings Bundle 8: Marble, Cebu, Satin, Neon, Adansonii,Global..",29.99,$29.99,False,0.0,Free delivery,True,False,False,abdullahalazam,99.1,410,99.1,False,0,0,False,False,False,False,False,False,False,False,False,False,False,False,United States,False,,False,False,False,False,14,Spo⁧nsоred,-93.06582281360662,31.079723287409827,0,satin pothos,12,115,True,115,9.0,False
395839552391,Pothos ‘Pearls and Jade’ – 3 Cuttings – 4”-5” Devil’s Ivy Indoor House Plant,14.95,$14.95,False,0.0,Free delivery,True,False,False,nygardenia,99.3,12200,99.3,False,0,0,False,True,False,True,True,False,False,False,False,False,False,False,United States,False,,True,True,True,True,15,Ѕpo؜nsored,0.02783152675502265,11.503575820906491,261,satin pothos,13,115,True,115,,False
314667162247,"Silver Pothos, 6 inch, Satin Pothos, Silver Philodendron, Silvery Anne Scindapsu",31.99,$31.99,False,5.95,+$5.95 delivery,False,False,False,bubbleblooms.shop,98.3,2500,98.3,False,0,0,False,False,False,False,True,False,False,False,False,False,False,False,United States,False,,True,True,True,True,16,Ѕpo؜nsored,0.02783152675502265,11.503575820906491,261,satin pothos,14,115,True,115,,False
317442490335,Pothos 'Satin' | Live Plant for Indoor & Outdoor,23.99,$23.99 to $55.99,True,9.8,+$9.80 delivery,False,False,False,ks_plants,100.0,68,100.0,False,0,0,False,False,False,False,False,False,False,False,False,False,False,False,United States,False,,True,True,True,True,17,Ѕpo؜nsored,0.02783152675502265,11.503575820906491,261,satin pothos,15,115,True,115,,False
406888538664,"Live Pothos Plants (4PK) Indoor Plants Live Houseplants, Pothos Live Plant House",45.59,$45.59,False,0.0,Free delivery,True,False,False,babasehgal,98.9,554,98.9,False,0,3,False,False,False,False,False,False,False,False,False,False,False,False,United States,False,,True,True,True,True,18,Ѕpo؜nsored,0.02783152675502265,11.503575820906491,261,satin pothos,16,115,True,115,,False
125492732826,Silver Satin Rare Pothos Scindapsus Pictus Silver Ann 1 Cutting 1 Big Leaf Node,8.99,$8.99,False,6.34,+$6.34 delivery,False,False,False,deason-spares,100.0,643,100.0,False,0,27,False,False,False,False,False,False,False,False,False,False,False,False,United States,False,,False,False,False,False,19,Spo⁧nsоred,-93.06582281360662,31.079723287409827,0,satin pothos,17,115,True,115,10.0,False
285321857010,Cebu Blue Pothos - Epipremnum Pinnatum Plant Unrooted 4 Node Cutting,12.9,$12.90,False,0.0,Free delivery,True,False,False,maiksylvia,99.8,8900,99.8,False,0,32,False,False,False,False,True,False,False,False,False,False,False,False,United States,False,,False,False,False,False,20,Spo⁧nsоred,-93.06582281360662,31.079723287409827,0,satin pothos,18,115,True,115,11.0,False
257749060237,Scindapsus Pictus Exotica Silver Satin Pothos Cutting 1 Node Big Leaf Houseplant,14.99,$14.99,False,0.0,Free delivery,True,False,False,abdullahalazam,99.1,410,99.1,False,0,0,False,True,False,False,False,False,False,False,False,False,False,False,United States,False,,False,False,False,False,21,Spo⁧nsоred,-93.06582281360662,31.079723287409827,0,satin pothos,19,115,True,115,12.0,False
185880751257,LIVE Silver Satin Scindapsus Pictus with Leaves vine houseplant in 4” pot,25.99,$25.99,False,0.0,Free delivery,True,False,False,succulentsandcactus,99.3,2400,99.3,False,0,0,False,False,False,False,False,False,False,False,False,False,False,False,United States,False,,False,False,False,False,22,Spo⁧nsоred,-93.06582281360662,31.079723287409827,0,satin pothos,20,115,True,115,13.0,False
257326202540,3 Silver Satin Pothos Cuttings Bundle - Scindapsus For Propagation,9.99,$9.99,False,6.17,+$6.17 delivery,False,False,False,abdullahalazam,99.1,410,99.1,False,0,0,False,False,False,False,True,False,False,False,False,False,False,False,United States,False,,False,False,False,False,23,Spo⁧nsоred,-93.06582281360662,31.079723287409827,0,satin pothos,21,115,True,115,14.0,False
285822733882,"Cebu Blue Pothos - Epipremnum Pinnatum Starter Plant fully rooted 2,5"" pot",12.9,$12.90,False,0.0,Free delivery,True,False,False,maiksylvia,99.8,8900,99.8,False,0,5,False,False,False,False,False,False,False,False,False,False,False,False,United States,False,,False,False,False,False,24,Spo⁧nsоred,-93.06582281360662,31.079723287409827,0,satin pothos,22,115,True,115,15.0,False
276502089733,Silver Satin Pothos 3 node fresh CUTTING - Scindapsus Pictus Plant Houseplant,9.99,$9.99,False,4.99,+$4.99 delivery,False,False,False,kelrpitts,100.0,484,100.0,False,0,28,False,True,False,False,False,False,False,False,False,False,False,False,United States,False,,False,False,False,False,25,Spo⁧nsоred,-93.06582281360662,31.079723287409827,0,satin pothos,23,115,True,115,16.0,False
278188204065,Silver Satin Pothos Rooted Cutting- Scindapsus Pictus Plant Houseplant,11.99,$11.99,False,4.99,+$4.99 delivery,False,False,False,kelrpitts,100.0,484,100.0,False,0,0,False,False,False,False,False,False,False,False,False,False,False,False,United States,False,,False,False,False,False,26,Spo⁧nsоred,-93.06582281360662,31.079723287409827,0,satin pothos,24,115,True,115,17.0,False
314667150350,"Satin Pothos, Silver Vine, Silver Cloud, Silk Pothos Silver Philodendron in a 4",19.99,$19.99,False,5.95,+$5.95 delivery,False,False,False,bubbleblooms.shop,98.3,2500,98.3,False,0,0,False,False,False,False,True,False,False,False,False,False,False,False,United States,False,,False,False,False,False,27,Spo⁧nsоred,-93.06582281360662,31.079723287409827,0,satin pothos,25,115,True,115,18.0,False
406483375129,Silver Satin Pothos | Scindapsus Pictus Exotica | Live plant 3-4 leaves rooted,12.99,$12.99,False,6.34,+$6.34 delivery,False,False,False,finethings_4308,90.9,157,90.9,False,0,0,False,True,False,False,False,False,False,False,False,False,False,False,United States,False,,False,False,False,False,28,Spo⁧nsоred,-93.06582281360662,31.079723287409827,0,satin pothos,26,115,True,115,19.0,False
298220212868,Scindapsus Silver Satin Pothos Cutting - 1 Node 1 Leaf - Silver Pictus Argyraeus,19.5,$19.50,False,0.0,Free delivery,True,False,False,stelladimarenursery,100.0,65,100.0,False,0,0,False,False,False,False,True,False,False,False,False,False,False,False,United States,False,,False,False,False,False,29,Spo⁧nsоred,-93.06582281360662,31.079723287409827,0,satin pothos,27,115,True,115,20.0,False
407054388049,"4PK Live Pothos Plants - Indoor Houseplants, Money Plant Decor, Trailing Ivy",40.49,$40.49$44.99,False,0.0,Free delivery,True,False,False,gooddealsshop4u,99.8,2400,99.8,False,0,0,False,False,False,True,False,False,False,False,False,False,False,False,United States,False,,False,False,False,False,30,Spo⁧nsоred,-93.06582281360662,31.079723287409827,0,satin pothos,28,115,True,115,21.0,False
286812357408,Rooted Air purifier Satin Silver Pothos Indoor Plants in 4-inch Pot,28.99,$28.99,False,10.11,+$10.11 delivery,False,False,False,uniquehomemart,93.8,51,93.8,False,0,0,False,True,False,False,False,False,False,False,False,False,False,False,United States,False,,True,True,True,True,31,Ѕpo؜nsored,0.02783152675502265,11.503575820906491,261,satin pothos,29,115,True,115,,False
406093583187,6 In. Satin Pothos Hanging Basket (Scindapsus Pictus),38.66,$38.66,False,0.0,Free delivery,True,False,False,raz.-77,99.7,2600,99.7,False,0,1,False,False,False,True,False,False,True,False,False,False,False,False,United States,False,,True,True,True,True,32,Ѕpo؜nsored,0.02783152675502265,11.503575820906491,261,satin pothos,30,115,True,115,,False
358600242017,Satin Pothos Scindapsus Argyraeus Silver Variegated Houseplant,59.99,$59.99,False,0.0,Free delivery,True,False,False,vero-413641,99.4,159,99.4,False,0,0,False,False,False,False,True,False,False,False,False,False,False,False,United States,False,,True,True,True,True,33,Ѕpo؜nsored,0.02783152675502265,11.503575820906491,261,satin pothos,31,115,True,115,,False
318715435528,Assorted Pothos Plants 4-Pack - Resilient Houseplants for Low Light Areas,54.99,$54.99,False,0.0,Free delivery,True,False,False,sawsch25,98.3,170,98.3,False,0,0,False,True,False,True,False,False,False,False,False,False,False,False,United States,False,,True,True,True,True,34,Ѕpo؜nsored,0.02783152675502265,11.503575820906491,261,satin pothos,32,115,True,115,,False
198647257728,Satin Pothos Scindapsus pictus Argyraeus 1 leaf node cuttings $5,4.0,$4.00,False,12.2,+$12.20 delivery,False,False,False,bigfootnursery,97.1,482,97.1,False,0,0,False,False,False,False,True,False,False,False,False,False,False,False,United States,False,,False,False,False,False,35,Spo⁧nsоred,-93.06582281360662,31.079723287409827,0,satin pothos,33,115,True,115,22.0,False
287498908428,"Silver Satin Pothos - 6"" Pot Live Plant - Free Shipping",44.99,$44.99,False,0.0,Free delivery,True,False,False,happilyplanted,100.0,230,100.0,False,0,0,False,False,False,False,False,False,False,False,False,False,False,False,United States,False,,False,False,False,False,36,Spo⁧nsоred,-93.06582281360662,31.079723287409827,0,satin pothos,34,115,True,115,23.0,False
298404719754,Large Satin Pothos Scindapsus Live Indoor Hanging Basket Potted Green/Silver.,69.0,$69.00,False,11.3,+$11.30 delivery,False,False,False,res_2859,0.0,0,,True,0,0,False,True,False,False,False,False,False,False,False,False,False,False,United States,False,,False,False,False,False,37,Spo⁧nsоred,-93.06582281360662,31.079723287409827,0,satin pothos,35,115,True,115,24.0,False
395988234544,Pothos ‘Pearls and Jade’ – 3 Cuttings – 4”-5” Devil’s Ivy Indoor House Plant.,14.95,$14.95,False,0.0,Free delivery,True,False,False,nygardenia,99.3,12200,99.3,False,0,0,False,True,False,True,True,False,False,False,False,False,False,False,United States,False,,False,False,False,False,38,Spo⁧nsоred,-93.06582281360662,31.079723287409827,0,satin pothos,36,115,True,115,25.0,False
236887866422,Dappled Dude Scindapsus pictus 'Exotica' Silver Satin Splash Pothos RARE Plant,29.0,$29.00,False,6.03,+$6.03 delivery,False,False,False,silvergreens,99.2,128,99.2,False,0,0,False,False,False,False,False,False,False,False,False,False,False,False,United States,False,,False,False,False,False,39,Spo⁧nsоred,-93.06582281360662,31.079723287409827,0,satin pothos,37,115,True,115,26.0,False
398185572363,Assorted Pothos Plant Collection: 4 Easy Care Indoor Beauties for Air Quality,42.99,$42.99,False,0.0,Free delivery in 2-4 days,True,False,True,treasure_crabb,98.9,638,98.9,False,0,0,False,False,False,True,False,False,False,False,False,False,False,False,United States,False,,False,False,False,False,40,Spo⁧nsоred,-93.06582281360662,31.079723287409827,0,satin pothos,38,115,True,115,27.0,False
185685415350,Silver Satin Pothos Scindapsus Pictus Indoor/Outdoor Live Plant Rooted Cutting,149.99,$149.99,False,8.8,+$8.80 delivery,False,False,False,succulentsandcactus,99.3,2400,99.3,False,0,0,False,False,False,False,False,False,False,False,False,False,False,False,United States,False,,True,True,True,True,41,Ѕpo؜nsored,0.02783152675502265,11.503575820906491,261,satin pothos,39,115,True,115,,False
187332866428,"Pothos Silver Splash Easy Air Purifying House Plants, 6"" Hanging Pot",39.95,$39.95,False,0.0,Free delivery,True,False,False,coastaltill1,99.4,25600,99.4,False,0,9,False,False,False,False,False,True,True,False,False,False,False,False,United States,False,,True,True,True,True,42,Ѕpo؜nsored,0.02783152675502265,11.503575820906491,261,satin pothos,40,115,True,115,,False
389742401111,Pothos Satin 6-inch,26.0,$26.00,False,9.02,+$9.02 delivery,False,False,False,bluethistleco,100.0,114,100.0,False,0,0,False,False,False,False,False,False,False,False,False,False,False,False,United States,False,,False,False,False,False,43,Spo⁧nsоred,-93.06582281360662,31.079723287409827,0,satin pothos,41,115,True,115,28.0,False
168578976270,Satin Pothos 4 in Live Houseplant | Scindapsus Pictus,16.99,$16.99,False,6.99,+$6.99 delivery,False,False,False,riversidegreenhouses,100.0,4,100.0,False,0,0,False,False,False,False,False,False,False,False,False,False,False,False,United States,False,,False,False,False,False,44,Spo⁧nsоred,-93.06582281360662,31.079723287409827,0,satin pothos,42,115,True,115,29.0,True
227420150064,Silver Satin Pothos Scindapsus Pictus ROOTED Potted Live Houseplant Plant Green,15.98,$15.98,False,19.82,+$19.82 delivery,False,False,False,plantsandpicks,100.0,558,100.0,False,0,0,False,True,False,False,False,False,False,False,False,False,False,False,United States,False,,False,False,False,False,45,Spo⁧nsоred,-93.06582281360662,31.079723287409827,0,satin pothos,43,115,True,115,30.0,False
227522245652,"Live Pothos Plants 4PK Indoor Plants Live Houseplants, Pothos Live Plant Hous...",38.99,$38.99,False,0.0,Free delivery,True,False,False,deejaysflips,98.8,247,98.8,False,0,0,False,True,False,True,False,False,False,False,False,False,False,False,United States,False,,False,False,False,False,46,Spo⁧nsоred,-93.06582281360662,31.079723287409827,0,satin pothos,44,115,True,115,31.0,False
800108266038,"Live Pothos Plants (4PK) Indoor Plants Live Houseplants, Pothos Live Plant Ho...",35.31,$35.31,False,0.0,Free delivery,True,False,False,hyperluck-5,99.7,1500,99.7,False,0,0,False,False,False,True,False,False,False,False,False,False,False,False,United States,False,,False,False,False,False,47,Spo⁧nsоred,-93.06582281360662,31.079723287409827,0,satin pothos,45,115,True,115,32.0,False
206264635141,"Live Pothos Plants (4PK) Indoor Plants Live Houseplants, Pothos Live Plant Ho...",32.87,$32.87,False,0.0,Free delivery,True,False,False,udasell78,99.6,4000,99.6,False,0,0,False,False,False,True,False,False,False,False,False,False,False,False,United States,False,,False,False,False,False,48,Spo⁧nsоred,-93.06582281360662,31.079723287409827,0,satin pothos,46,115,True,115,33.0,False
185880749861,"Scindapus Silver Pothos Rare Blue Satin Devil's Ivy Live Plant Indoor 4"" pot",25.99,$25.99,False,0.0,Free delivery,True,False,False,succulentsandcactus,99.3,2400,99.3,False,0,0,False,False,False,False,False,False,False,False,False,False,False,False,United States,False,,False,False,False,False,49,Spo⁧nsоred,-93.06582281360662,31.079723287409827,0,satin pothos,47,115,True,115,34.0,False
407022625803,Scindapsus Pictus Argyraeus Rooted Cutting Live Houseplant Satin Silver Vine,6.99,$6.99,False,6.34,+$6.34 delivery,False,False,False,rachelunsupervised,100.0,61,100.0,False,0,0,False,True,False,False,False,False,False,False,False,False,False,False,United States,False,,False,False,False,False,50,Spo⁧nsоred,-93.06582281360662,31.079723287409827,0,satin pothos,48,115,True,115,35.0,False
198313397530,Cebu blue pothos unrooted 2 node cuttings for $8,8.0,$8.00,False,12.2,+$12.20 delivery,False,False,False,bigfootnursery,97.1,482,97.1,False,0,0,False,False,False,False,False,False,False,False,False,False,False,False,United States,False,,False,False,False,False,51,Spo⁧nsоred,-93.06582281360662,31.079723287409827,0,satin pothos,49,115,True,115,36.0,False
168578976237,Satin Pothos 4 in Live Houseplant | Scindapsus Pictus,16.99,$16.99,False,6.99,+$6.99 delivery,False,False,False,riversidegreenhouses,100.0,4,100.0,False,0,0,False,False,False,False,False,False,False,False,False,False,False,False,United States,False,,False,False,False,False,52,Spo⁧nsоred,-93.06582281360662,31.079723287409827,0,satin pothos,50,115,True,115,37.0,True
306940057835,Silver Satin Pothos 2 Pack Scindapsus Pictus Live Tropical Houseplant,28.8,$28.80,False,0.0,Free delivery,True,False,False,mor-329450,98.4,183,98.4,False,0,0,False,False,False,False,False,False,False,False,False,False,False,False,United States,False,,False,False,False,False,53,Spo⁧nsоred,-93.06582281360662,31.079723287409827,0,satin pothos,51,115,True,115,38.0,False
267701127180,Satin Pothos Scindapsus Variegated Cutting Leaf Vining Indoor Plant,5.0,$5.00,False,13.48,+$13.48 delivery,False,False,False,annpta6,100.0,42,100.0,False,0,0,False,True,False,False,False,False,False,False,False,False,False,False,United States,False,,False,False,False,False,54,Spo⁧nsоred,-93.06582281360662,31.079723287409827,0,satin pothos,52,115,True,115,39.0,False
336560277815,"Live Pothos Plants (4PK) Indoor Plants Live Houseplants, Pothos Live Plant Ho...",34.99,$34.99,False,0.0,Free delivery,True,False,False,iva-2006,99.4,875,99.4,False,0,0,False,False,False,True,False,False,False,False,False,False,False,False,United States,False,,False,False,False,False,55,Spo⁧nsоred,-93.06582281360662,31.079723287409827,0,satin pothos,53,115,True,115,40.0,False
226039931279,Silver Satin Pothos 2 Leaf 2 Nodes UNROOTED CUTTING Scindapsus pictus Live Plant,8.98,$8.98,False,13.67,+$13.67 delivery,False,False,False,plantsandpicks,100.0,558,100.0,False,0,3,False,True,False,False,False,False,False,False,False,False,False,False,United States,False,,False,False,False,False,56,Spo⁧nsоred,-93.06582281360662,31.079723287409827,0,satin pothos,54,115,True,115,41.0,False
298649710240,Silver Satin Pothos (Scindapsus pictus) Rooted Plant – Healthy,68.0,$68.00,False,6.0,+$6.00 delivery,False,False,False,jackie908,0.0,0,,True,0,0,False,False,False,False,False,False,False,False,False,False,False,False,United States,False,,False,False,False,False,57,Spo⁧nsоred,-93.06582281360662,31.079723287409827,0,satin pothos,55,115,True,115,42.0,False
800538598910,"Live Pothos Plants 4PK Indoor Plants Live Houseplants, Pothos Live Plant Hous...",47.99,$47.99,False,0.0,Free delivery,True,False,False,mivvonaa,98.9,2000,98.9,False,0,0,False,True,False,True,False,False,False,False,False,False,False,False,United States,False,,False,False,False,False,58,Spo⁧nsоred,-93.06582281360662,31.079723287409827,0,satin pothos,56,115,True,115,43.0,False
394776707035,"Pothos Satin 6"" pot silver silk philodendron Scindapsus pictus live plant",13.99,$13.99,False,10.99,+$10.99 delivery,False,False,False,nnplant,97.1,4900,97.1,False,0,0,False,False,False,False,True,False,False,False,False,False,False,False,United States,False,,False,False,False,False,59,Spo⁧nsоred,-93.06582281360662,31.079723287409827,0,satin pothos,57,115,True,115,44.0,False
397179450472,"Pothos Satin Silver Scindapsus pictus silk Philodendron Live plant 6"" pot",13.99,$13.99,False,10.99,+$10.99 delivery,False,False,False,nnplant,97.1,4900,97.1,False,0,0,False,False,False,False,True,False,False,False,False,False,False,False,United States,False,,False,False,False,False,60,Spo⁧nsоred,-93.06582281360662,31.079723287409827,0,satin pothos,58,115,True,115,45.0,False
237052563224,8” Dappled Dude W/ Agate Scindapsus pictus 'Exotica' Silver Satin Splash Pothos,29.0,$29.00,False,6.03,+$6.03 delivery,False,False,False,silvergreens,99.2,128,99.2,False,0,0,False,False,False,False,False,False,False,False,False,False,False,False,United States,False,,False,False,False,False,61,Spo⁧nsоred,-93.06582281360662,31.079723287409827,0,satin pothos,59,115,True,115,46.0,False
128064580040,"Scindapsus exotica, trailing/climbing indoor houseplant",5.0,$5.00,False,7.05,+$7.05 delivery,False,False,False,princeofbarkness,100.0,51,100.0,False,0,0,False,True,False,False,False,False,False,False,False,False,True,False,United States,False,,False,False,False,False,62,Spo⁧nsоred,-93.06582281360662,31.079723287409827,0,satin pothos,60,115,True,115,47.0,False
188541531834,"Rare Scindapsus Pictus Exotica Live Plant in 4"" Pot",7.99,$7.99,False,8.9,+$8.90 delivery,False,False,False,anniestore2010,97.8,21100,97.8,False,0,15,False,True,False,False,False,False,False,False,False,False,False,False,United States,False,,False,False,False,False,63,Spo⁧nsоred,-93.06582281360662,31.079723287409827,0,satin pothos,61,115,True,115,48.0,False
237065411858,live plant house hanging with roots cutting Scindapsus Satin Pictus,7.99,$7.99,False,13.48,+$13.48 delivery,False,False,False,uniquetreasures000,100.0,4800,100.0,False,0,0,False,False,False,False,False,False,False,False,False,False,False,False,United States,False,,False,False,False,False,64,Spo⁧nsоred,-93.06582281360662,31.079723287409827,0,satin pothos,62,115,True,115,49.0,False
117023369117,15 Vining Houseplant Nodes Live Plants Home Gardening Free Shipping,18.99,$18.99,False,0.0,Free delivery,True,False,False,plantsinthehouse,100.0,184,100.0,False,0,8,False,False,False,False,False,False,False,False,False,False,False,False,United States,False,,False,False,False,False,65,Spo⁧nsоred,-93.06582281360662,31.079723287409827,0,satin pothos,63,115,True,115,50.0,False
257691134527,"4 Pack Live Assorted Pothos Houseplants 4"" Pots 8-10"" Tall Indoor Low Light",33.49,$33.49$41.86,False,0.0,Free delivery,True,False,False,matontsjack,99.3,24300,99.3,False,0,0,False,False,False,True,False,False,False,False,False,False,False,False,United States,False,,False,False,False,False,66,Spo⁧nsоred,-93.06582281360662,31.079723287409827,0,satin pothos,64,115,True,115,51.0,False
287356233785,"Satin Pothos - Scindapsus Pictus Argyraeus - 4"" from MyPlants",15.99,$15.99,False,3.99,+$3.99 delivery,False,False,False,myplantsllc,100.0,139,100.0,False,0,0,False,True,False,False,False,False,False,False,False,False,False,False,United States,False,,False,False,False,False,67,Spo⁧nsоred,-93.06582281360662,31.079723287409827,0,satin pothos,65,115,True,115,52.0,False
287356233780,"Satin Pothos - Scindapsus Pictus Argyraeus - 2"" from MyPlants",13.99,$13.99,False,3.99,+$3.99 delivery,False,False,False,myplantsllc,100.0,139,100.0,False,0,0,False,True,False,False,False,False,False,False,False,False,False,False,United States,False,,False,False,False,False,68,Spo⁧nsоred,-93.06582281360662,31.079723287409827,0,satin pothos,66,115,True,115,53.0,False
305420061579,Silver Pothos Scindapsus Pictus Argyraeus 4 Cuttings Single Leaf/nodes,6.99,$6.99,False,6.34,+$6.34 delivery,False,False,False,shanor39,0.0,1,,True,0,16,False,True,False,False,False,False,False,False,False,False,False,False,United States,False,,False,False,False,False,69,Spo⁧nsоred,-93.06582281360662,31.079723287409827,0,satin pothos,67,115,True,115,54.0,False
377178728988,"Live Pothos Plants (4PK) Indoor Plants Live Houseplants, Pothos Live Plant Ho...",34.99,$34.99,False,0.0,Free delivery,True,False,False,koch6491,99.7,941,99.7,False,0,0,False,False,False,True,False,False,False,False,False,False,False,False,United States,False,,False,False,False,False,70,Spo⁧nsоred,-93.06582281360662,31.079723287409827,0,satin pothos,68,115,True,115,55.0,False
236845636775,"Scindapsus Green Jade Satin Pothos Cutting Potted, Indoor Tropical Broadleaf",35.0,$35.00,False,7.23,+$7.23 delivery,False,False,False,angiehdez428-7,100.0,116,100.0,False,0,0,False,True,False,False,False,False,False,False,False,False,False,False,United States,False,,False,False,False,False,71,Spo⁧nsоred,-93.06582281360662,31.079723287409827,0,satin pothos,69,115,True,115,56.0,False
127182972632,Scindapsus Silver Satin Plant,22.88,$22.88,False,12.99,+$12.99 delivery,False,False,False,evangelincar0,100.0,741,100.0,False,0,15,False,True,False,False,False,False,False,False,False,False,False,False,United States,False,,False,False,False,False,72,Spo⁧nsоred,-93.06582281360662,31.079723287409827,0,satin pothos,70,115,True,115,57.0,False
237040185504,11” Dappled Dude Scindapsus pictus 'Exotica' Silver Satin Splash Pothos Citrine,29.0,$29.00,False,6.03,+$6.03 delivery,False,False,False,silvergreens,99.2,128,99.2,False,0,0,False,False,False,False,False,False,False,False,False,False,False,False,United States,False,,False,False,False,False,73,Spo⁧nsоred,-93.06582281360662,31.079723287409827,0,satin pothos,71,115,True,115,58.0,False
407196397162,"Pothos & Philodendron 6PK, Easy Plant Care, 2 in. Pots, Small House Plants",46.39,$46.39$57.99,False,0.0,Free delivery,True,False,False,buyerl86,98.4,414,98.4,False,0,0,False,True,False,True,False,False,False,False,False,False,True,False,United States,False,,False,False,False,False,74,Spo⁧nsоred,-93.06582281360662,31.079723287409827,0,satin pothos,72,115,True,115,59.0,False
287356233777,"Trailing Satin Pothos - Scindapsus Pictus Argyraeus - 4"" from MyPlants",19.99,$19.99,False,3.99,+$3.99 delivery,False,False,False,myplantsllc,100.0,139,100.0,False,0,0,False,True,False,False,False,False,False,False,False,False,False,False,United States,False,,False,False,False,False,75,Spo⁧nsоred,-93.06582281360662,31.079723287409827,0,satin pothos,73,115,True,115,60.0,False
128065050324,Scindapsus Pictus Argyraeus - Satin Pothos Live Plant,84.99,$84.99,False,5.58,+$5.58 delivery,False,False,False,bre-779371,0.0,0,,True,0,0,False,False,False,False,False,False,False,False,False,False,False,False,United States,False,,False,False,False,False,76,Spo⁧nsоred,-93.06582281360662,31.079723287409827,0,satin pothos,74,115,True,115,61.0,False
178185176299,Live Pothos Plants 4PK Indoor Houseplants Money Plant Devils Ivy Trailing Black,33.47,$33.47,False,0.0,Free delivery,True,False,False,junior6765,99.5,737,99.5,False,0,0,False,False,False,True,True,False,False,False,False,False,False,False,United States,False,,False,False,False,False,77,Spo⁧nsоred,-93.06582281360662,31.079723287409827,0,satin pothos,75,115,True,115,62.0,False
147379293394,2 In. Plentiful Pothos and Philodendron Indoor Houseplants Pack (Includes 6 Easy,37.04,$37.04,False,0.0,Free delivery,True,False,False,schottenterprises,99.5,2400,99.5,False,0,0,False,False,False,False,False,False,False,False,False,False,False,False,United States,False,,False,False,False,False,78,Spo⁧nsоred,-93.06582281360662,31.079723287409827,0,satin pothos,76,115,True,115,63.0,False
168694688897,"Live Pothos Plants 4PK Indoor Plants Live Houseplants, Pothos Live Plant Hous...",42.32,$42.32,False,0.0,Free delivery,True,False,False,gadgetpavilion,99.8,1300,99.8,False,0,0,False,False,False,True,False,False,False,False,False,False,False,False,United States,False,,False,False,False,False,79,Spo⁧nsоred,-93.06582281360662,31.079723287409827,0,satin pothos,77,115,True,115,64.0,False
358110120464,Satin Pothos Plant | Scindapsus pictus | Live Houseplant,24.99,$24.99,False,6.67,+$6.67 delivery,False,False,False,ja-94581525,0.0,0,,True,0,0,False,True,False,False,False,False,False,False,False,False,False,False,United States,False,,False,False,False,False,80,Spo⁧nsоred,-93.06582281360662,31.079723287409827,0,satin pothos,78,115,True,115,65.0,False
236828785867,"4PK Live Pothos Plants - Indoor Houseplants, Money Plant Decor, Trailing Ivy",47.49,$47.49$49.99,False,0.0,Free delivery,True,False,False,jadi_734,98.9,346,98.9,False,0,0,False,False,False,True,False,False,False,False,False,False,False,False,United States,False,,False,False,False,False,81,Spo⁧nsоred,-93.06582281360662,31.079723287409827,0,satin pothos,79,115,True,115,66.0,False
318627166673,6 In. Satin Pothos Hanging Basket (Scindapsus Pictus),40.3,$40.30,False,0.0,Free delivery,True,False,False,gbma45,99.6,25600,99.6,False,0,0,False,True,False,False,False,False,False,False,False,False,False,False,United States,False,,False,False,False,False,82,Spo⁧nsоred,-93.06582281360662,31.079723287409827,0,satin pothos,80,115,True,115,67.0,False
316539213694,Pothos Jade Satin | Live Plant for Indoor & Outdoor,47.99,$47.99,False,9.8,+$9.80 delivery,False,False,False,ks_plants,100.0,68,100.0,False,0,0,False,False,False,False,False,False,False,False,False,False,False,False,United States,False,,False,False,False,False,83,Spo⁧nsоred,-93.06582281360662,31.079723287409827,0,satin pothos,81,115,True,115,68.0,False
366694090739,Philodendron Brandtianum Brandi Fresh 1 Node/Leaf CUTTING Variegated Houseplan,9.99,$9.99,False,9.33,+$9.33 delivery,False,False,False,kri232696,100.0,12,100.0,False,0,0,False,True,False,False,False,False,False,False,False,False,False,False,United States,False,,False,False,False,False,84,Spo⁧nsоred,-93.06582281360662,31.079723287409827,0,satin pothos,82,115,True,115,69.0,False
237040197012,8” Dappled Dude Scindapsus pictus 'Exotica' Silver Satin Splash Pothos Amythest,22.0,$22.00,False,6.03,+$6.03 delivery,False,False,False,silvergreens,99.2,128,99.2,False,0,0,False,False,False,False,False,False,False,False,False,False,False,False,United States,False,,False,False,False,False,85,Spo⁧nsоred,-93.06582281360662,31.079723287409827,0,satin pothos,83,115,True,115,70.0,False
266851273600,"Scindapsus Silver Satin Splash Cutting, Silver Splash Pothos",4.49,$4.49,False,13.48,+$13.48 delivery,False,False,False,plantasticrootsllc,100.0,1000,100.0,False,0,0,False,False,False,False,False,False,False,False,False,False,False,False,United States,False,,False,False,False,False,86,Spo⁧nsоred,-93.06582281360662,31.079723287409827,0,satin pothos,84,115,True,115,71.0,False
267170585522,Jade Pothos Small Plant Rooted in Moss 6'' - 8'' Easy to transfer to pot,8.0,$8.00,False,11.3,+$11.30 delivery,False,False,False,preciouspothos,100.0,259,100.0,False,0,0,False,False,False,False,True,False,False,False,False,False,False,False,United States,False,,False,False,False,False,87,Spo⁧nsоred,-93.06582281360662,31.079723287409827,0,satin pothos,85,115,True,115,72.0,False
800545904504,American Plant Exchange Silver Splash Pothos – Live 6-Inch Potted Satin Potho...,66.99,$66.99,False,0.0,Free delivery in 3-4 days,True,False,True,modern-markets,100.0,142,100.0,False,0,0,False,False,False,True,False,False,False,False,False,False,False,False,United States,False,,False,False,False,False,88,Spo⁧nsоred,-93.06582281360662,31.079723287409827,0,satin pothos,86,115,True,115,73.0,False
336452489075,"4"" Scindapsis pictus 'Peasun'",85.0,$85.00,False,15.0,+$15.00 delivery,False,False,False,dadeplantco305,100.0,65,100.0,False,0,0,False,False,False,False,False,False,False,False,False,False,False,False,United States,False,,False,False,False,False,89,Spo⁧nsоred,-93.06582281360662,31.079723287409827,0,satin pothos,87,115,True,115,74.0,False
287368340075,"Satin Pothos - Scindapsus Pictus Argyraeus - 6"" from MyPlants",27.99,$27.99,False,3.99,+$3.99 delivery,False,False,False,myplantsllc,100.0,139,100.0,False,0,0,False,False,False,False,False,False,False,False,False,False,False,False,United States,False,,False,False,False,False,90,Spo⁧nsоred,-93.06582281360662,31.079723287409827,0,satin pothos,88,115,True,115,75.0,False
198494238182,Rare Scindapsus Pictus Exotica 2 Node Cuttings for $8,8.0,$8.00,False,12.2,+$12.20 delivery,False,False,False,bigfootnursery,97.1,482,97.1,False,0,0,False,False,False,False,True,False,False,False,False,False,False,False,United States,False,,False,False,False,False,91,Spo⁧nsоred,-93.06582281360662,31.079723287409827,0,satin pothos,89,115,True,115,76.0,False
398377406639,Scindapsus pictus (Satin Pothos); 2-4 inch planter,10.0,$10.00,False,11.51,+$11.51 delivery,False,False,False,redberryorchid,100.0,29,100.0,False,0,0,False,False,False,False,False,False,False,False,False,False,False,False,United States,False,,False,False,False,False,92,Spo⁧nsоred,-93.06582281360662,31.079723287409827,0,satin pothos,90,115,True,115,77.0,False
168641070199,"4PK Live Pothos Plants - Indoor Houseplants, Money Plant Decor, Trailing Ivy",44.99,$44.99,False,0.0,Free delivery,True,False,False,dadams3914,98.5,166,98.5,False,0,0,False,False,False,True,False,False,False,False,False,False,False,False,United States,False,,False,False,False,False,93,Spo⁧nsоred,-93.06582281360662,31.079723287409827,0,satin pothos,91,115,True,115,78.0,False
287355751909,Live Pothos Plants 4PK Indoor Houseplants Money Plant Devils Ivy Trailing Black,33.35,$33.35,False,0.0,Free delivery,True,False,False,lucys_store,99.5,15400,99.5,False,0,0,False,False,False,True,False,False,False,False,False,False,False,False,United States,False,,False,False,False,False,94,Spo⁧nsоred,-93.06582281360662,31.079723287409827,0,satin pothos,92,115,True,115,79.0,False
377287313830,Live Satin Pothos Plant Argyraeus Silver Vine Indoor Trailing Houseplant 6 Inch,45.95,$45.95,False,0.0,Free delivery,True,False,False,greeenlife,98.4,1600,98.4,False,0,0,False,True,False,False,False,False,False,False,False,False,False,False,United States,False,,False,False,False,False,95,Spo⁧nsоred,-93.06582281360662,31.079723287409827,0,satin pothos,93,115,True,115,80.0,False
186053792967,Golden Pothos Live Plant 6 inch Easy Care Starter Houseplant Great for Beginners,28.0,$28.00,False,0.0,Free delivery,True,False,False,ms.dirt-diggers,0.0,1,,True,0,0,False,False,False,False,False,False,False,False,False,False,False,False,United States,False,,False,False,False,False,96,Spo⁧nsоred,-93.06582281360662,31.079723287409827,0,satin pothos,94,115,True,115,81.0,False
267170587062,Jade Pothos Small Plant Rooted in Moss 4-5'' Easy to transfer to pot,5.0,$5.00,False,10.15,+$10.15 delivery,False,False,False,preciouspothos,100.0,259,100.0,False,0,0,False,True,False,False,False,False,False,False,False,False,False,False,United States,False,,False,False,False,False,97,Spo⁧nsоred,-93.06582281360662,31.079723287409827,0,satin pothos,95,115,True,115,82.0,False
267170586266,"Jade Pothos - Cuttings- Rooted 20-30 Days old 3""- 8"" 6 cuttings for $10",10.0,$10.00,False,8.23,+$8.23 delivery,False,False,False,preciouspothos,100.0,259,100.0,False,0,0,False,True,False,False,False,False,False,False,False,False,False,False,United States,False,,False,False,False,False,98,Spo⁧nsоred,-93.06582281360662,31.079723287409827,0,satin pothos,96,115,True,115,83.0,False
336571347603,Potted 4” Scindapsus Pictus Exotica,13.29,$13.29,False,10.11,+$10.11 delivery,False,False,False,thespirit24,0.0,0,,True,0,0,False,False,False,False,False,False,False,False,False,False,False,False,United States,False,,False,False,False,False,99,Spo⁧nsоred,-93.06582281360662,31.079723287409827,0,satin pothos,97,115,True,115,84.0,False
267261795687,"Jade Pothos - Cuttings- Rooted 20-30 Days old 3""- 8"" 12 cuttings for $20",20.0,$20.00,False,10.15,+$10.15 delivery,False,False,False,preciouspothos,100.0,259,100.0,False,0,0,False,True,False,False,False,False,False,False,False,False,False,False,United States,False,,False,False,False,False,100,Spo⁧nsоred,-93.06582281360662,31.079723287409827,0,satin pothos,98,115,True,115,85.0,False
366500066525,Air Purifying Pothos Plant Variety Pack,35.99,$35.99$47.99,False,8.0,+$8.00 delivery,False,False,False,fiskercar,98.0,214,98.0,False,0,0,False,False,False,False,False,True,False,False,False,False,False,False,United States,False,,False,False,False,False,101,Spo⁧nsоred,-93.06582281360662,31.079723287409827,0,satin pothos,99,115,True,115,86.0,False
174778277461,"scindapsus argyraeus silver satin ""pothos""",110.0,$110.00,False,0.0,Free delivery,True,False,False,loisgu-12,0.0,0,,True,0,2,False,True,False,False,False,False,False,False,False,False,False,False,United States,False,,False,False,False,False,102,Spo⁧nsоred,-93.06582281360662,31.079723287409827,0,satin pothos,100,115,True,115,87.0,False
267345819283,2 Jade Pothos Small Plants Rooted in Moss 4-5'' Easy to transfer to pot,10.0,$10.00,False,10.15,+$10.15 delivery,False,False,False,preciouspothos,100.0,259,100.0,False,0,0,False,False,False,False,False,False,False,False,False,False,False,False,United States,False,,False,False,False,False,103,Spo⁧nsоred,-93.06582281360662,31.079723287409827,0,satin pothos,101,115,True,115,88.0,False
384836762255,Silver Satin Pothos CUTTING - Scindapsus Pictus Live Plant Necklace Chain,10.0,$10.00,False,6.0,+$6.00 delivery,False,False,False,le-599586,0.0,0,,True,0,0,False,True,False,False,False,False,False,False,False,False,False,False,United States,False,,False,False,False,False,104,Spo⁧nsоred,-93.06582281360662,31.079723287409827,0,satin pothos,102,115,True,115,89.0,False
394867965566,Cebu Blue Pothos - Epipremnum Pinnatum Plant Unrooted 2 Node Cutting,7.0,$7.00,False,13.65,+$13.65 delivery,False,False,False,elizpre81,0.0,1,,True,0,0,False,False,False,False,False,False,False,False,False,False,False,False,United States,False,,False,False,False,False,105,Spo⁧nsоred,-93.06582281360662,31.079723287409827,0,satin pothos,103,115,True,115,90.0,False
167849138760,"Silver Satin Pothos | Scindapsus Pictus Exotica | Live House plant in 4"" Pot",19.95,$19.95,False,0.0,Free delivery,True,False,False,stellarplants,99.1,3600,99.1,False,0,44,False,True,False,False,True,False,False,False,False,False,False,False,United States,False,,False,False,False,False,106,Spo⁧nsоred,-93.06582281360662,31.079723287409827,0,satin pothos,104,115,True,115,91.0,False
167849138751,"Silver Satin Pothos | Scindapsus Pictus Exotica | Live House plant in 6"" Pot",28.94,$28.94,False,0.0,Free delivery,True,False,False,stellarplants,99.1,3600,99.1,False,0,21,False,True,False,False,True,False,False,False,False,False,False,False,United States,False,,False,False,False,False,107,Spo⁧nsоred,-93.06582281360662,31.079723287409827,0,satin pothos,105,115,True,115,92.0,False
287497878191,Silver Satin Pothos 3 node fresh CUTTING - Scindapsus Pictus - Free Shipping!,10.0,$10.00,False,0.0,Free delivery,True,False,False,hollerpapaw,97.7,271,97.7,False,0,0,False,True,False,False,False,False,False,False,False,False,False,False,United States,False,,False,False,False,False,108,Spo⁧nsоred,-93.06582281360662,31.079723287409827,0,satin pothos,106,115,True,115,93.0,False
225947997163,"LIVE Silver Satin Scindapsus Pictus with Large Leaves vine houseplant in 6"" pot",29.99,$29.99,False,22.55,+$22.55 delivery,False,False,False,inezsila,100.0,167,100.0,False,0,2,False,False,False,False,False,False,False,False,False,False,False,False,United States,False,,False,False,False,False,109,Spo⁧nsоred,-93.06582281360662,31.079723287409827,0,satin pothos,107,115,True,115,94.0,False
376204003552,Scindapsus Pictus Argyraeus - Satin Pothos (Argyraeus),16.95,$16.95,False,8.75,+$8.75 delivery,False,False,False,nilsatropicalgarden,99.0,329,99.0,False,0,0,False,True,False,False,True,False,False,False,False,False,False,False,United States,False,,False,False,False,False,110,Spo⁧nsоred,-93.06582281360662,31.079723287409827,0,satin pothos,108,115,True,115,95.0,False
155118086597,Scindapsus pictus ‘Argyraeus’ - 3 node cutting,2.99,$2.99,False,13.99,+$13.99 delivery,False,False,False,sarah_sellsstuff,100.0,2500,100.0,False,0,0,False,False,False,False,False,False,False,False,False,False,False,False,United States,False,,False,False,False,False,111,Spo⁧nsоred,-93.06582281360662,31.079723287409827,0,satin pothos,109,115,True,115,96.0,False
144929203444,Satin Pothos - Live Plant in a 4 Inch Pot - Scindapsus Pictus - Elegant Indoor H,27.28,$27.28,False,0.0,Free delivery,True,False,False,wekivafoliage,97.6,2100,97.6,False,0,35,False,False,False,False,False,False,False,False,False,False,False,False,United States,False,,False,False,False,False,112,Spo⁧nsоred,-93.06582281360662,31.079723287409827,0,satin pothos,110,115,True,115,97.0,False
146495459145,Satin Pothos and Soil Mix Combo - Live Plant in a 4 Inch Pot Combo,41.23,$41.23,False,0.0,Free delivery,True,False,False,wekivafoliage,97.6,2100,97.6,False,0,0,False,False,False,True,False,False,False,False,False,False,False,False,United States,False,,False,False,False,False,113,Spo⁧nsоred,-93.06582281360662,31.079723287409827,0,satin pothos,111,115,True,115,98.0,False
147362279282,Platinum Scindapsus - Silver Hero - 1 Live Plant in a 4 Inch Pot,49.96,$49.96,False,0.0,Free delivery,True,False,False,wekivafoliage,97.6,2100,97.6,False,0,0,False,False,False,False,False,False,False,False,False,False,False,False,United States,False,,False,False,False,False,114,Spo⁧nsоred,-93.06582281360662,31.079723287409827,0,satin pothos,112,115,True,115,99.0,False
227307763605,Live Pothos Plants 4-Pack - Lush Indoor Houseplants for Healthy Air,40.99,$40.99,False,0.0,Free delivery,True,False,False,lit-7716,94.2,91,94.2,False,0,0,False,False,False,True,False,False,False,False,False,False,False,False,United States,False,,False,False,False,False,115,Spo⁧nsоred,-93.06582281360662,31.079723287409827,0,satin pothos,113,115,True,115,100.0,False
317115611714,Silver Satin Pothos | Scindapsus Exotica | Silver Vine | Tropical Houseplant | 4,16.0,$16.00,False,11.1,+$11.10 delivery,False,False,False,vitalitym-60,97.0,161,97.0,False,0,0,False,True,False,False,True,False,False,False,False,False,False,False,United States,False,,False,False,False,False,116,Spo⁧nsоred,-93.06582281360662,31.079723287409827,0,satin pothos,114,115,True,115,101.0,False
235621674324,"10"" Pot - 2.5 ft tall Giant Hawaiian Pothos plant, Get Similar To the picture",290.0,$290.00,False,25.0,+$25.00 delivery,False,False,False,voelkplants,92.1,186,92.1,False,0,8,False,False,False,False,False,False,False,False,False,False,False,False,United States,False,,False,False,False,False,117,Spo⁧nsоred,-93.06582281360662,31.079723287409827,0,satin pothos,115,115,True,115,102.0,False
306845168403,Syngonium Plant Collection (4 Pack) Live Starter Plants,28.5,$28.50 to $29.99,True,0.0,Free delivery,True,False,False,famplants,98.9,1100,98.9,False,0,0,False,False,False,False,False,False,False,False,False,False,False,False,United States,False,,True,True,True,True,3,Sp؜оnsored,0.08494854131785257,11.543568052122666,261,syngonium chiapense,1,120,True,207,,False
227550968838,Reverted Syngonium Chiapense Variegated - Live Potted Houseplants,100.0,$100.00 to $125.00$250.00,True,5.0,+$5.00 delivery,False,False,False,backtoobasics,97.5,433,97.5,False,0,0,False,False,False,True,False,True,False,False,False,True,False,False,United States,False,,True,True,True,True,4,Sp؜оnsored,0.08494854131785257,11.543568052122666,261,syngonium chiapense,2,120,True,207,,False
227550965923,"Variegated Syngonium Chiapense - Live Potted Houseplants, Indoor Green/White",150.0,$150.00$300.00,False,5.0,+$5.00 delivery,False,False,False,backtoobasics,97.5,433,97.5,False,0,0,False,False,False,True,False,True,False,False,False,True,False,False,United States,False,,True,True,True,True,5,Sp؜оnsored,0.08494854131785257,11.543568052122666,261,syngonium chiapense,3,120,True,207,,False
168750636465,"Rare Syngonium Chiapense Variegated 13"" Tall No Monstera Philodendron Aroid",133.2,$133.20$185.00,False,22.55,+$22.55 delivery,False,False,False,plantasha_creatives,99.7,1700,99.7,False,0,0,False,True,False,False,False,False,False,False,False,False,False,False,United States,False,,True,True,True,True,6,Sp؜оnsored,0.08494854131785257,11.543568052122666,261,syngonium chiapense,4,120,True,207,,False
860004752191,"Syngonium Chiapense Albo Variegated Plant In 3.5"" Pot.",40.0,$40.00,False,0.0,Free delivery,True,False,False,the_sentient_garden,100.0,165,100.0,False,0,0,False,False,False,False,False,False,False,False,False,True,False,False,United States,False,,False,False,False,False,7,Spo⁨nsorеd,99.38024491353251,-37.74333441816627,0,syngonium chiapense,5,120,True,207,1.0,False
307138306955,syngonium chiapense fully rooted potted plants huge plants,29.99,$29.99,False,15.8,+$15.80 delivery,False,False,False,buyplants2013,100.0,1200,100.0,False,0,2,False,False,False,False,False,False,True,False,False,False,False,False,United States,False,,False,False,False,False,8,Spo⁨nsorеd,99.38024491353251,-37.74333441816627,0,syngonium chiapense,6,120,True,207,2.0,False
318792385728,"Syngonium Chiapense Albo Variegated Plant In 3.5"" Pot.",47.0,$47.00,False,0.0,Free delivery,True,False,False,the_sentient_garden,100.0,165,100.0,False,0,0,False,False,False,False,False,False,False,False,False,False,False,False,United States,False,,False,False,False,False,9,Spo⁨nsorеd,99.38024491353251,-37.74333441816627,0,syngonium chiapense,7,120,True,207,3.0,False
318872470761,"Syngonium Chiapense Albo Variegated Plant In 3.5"" Pot.",35.0,$35.00,False,0.0,Free delivery,True,False,False,the_sentient_garden,100.0,165,100.0,False,0,0,False,False,False,False,False,False,False,False,False,False,False,False,United States,False,,False,False,False,False,10,Spo⁨nsorеd,99.38024491353251,-37.74333441816627,0,syngonium chiapense,8,120,True,207,4.0,False
318872472757,"Syngonium Chiapense Albo Variegated Plant In 3.5"" Pot.",47.0,$47.00,False,0.0,Free delivery,True,False,False,the_sentient_garden,100.0,165,100.0,False,0,0,False,False,False,False,False,False,False,False,False,False,False,False,United States,False,,False,False,False,False,11,Spo⁨nsorеd,99.38024491353251,-37.74333441816627,0,syngonium chiapense,9,120,True,207,5.0,False
168757082158,"Syngonium Chiapense Variegated exact plant, Fedex 2day*",57.0,$57.00,False,17.0,+$17.00 delivery,False,False,False,canopygems,99.7,2100,99.7,False,0,0,False,False,False,False,False,False,False,False,False,False,False,False,United States,False,,False,False,False,False,12,Spo⁨nsorеd,99.38024491353251,-37.74333441816627,0,syngonium chiapense,10,120,True,207,6.0,False
168757082157,"Syngonium Chiapense Variegated exact plant, Fedex 2day*",56.0,$56.00,False,17.0,+$17.00 delivery,False,False,False,canopygems,99.7,2100,99.7,False,0,0,False,False,False,False,False,False,False,False,False,False,False,False,United States,False,,False,False,False,False,13,Spo⁨nsorеd,99.38024491353251,-37.74333441816627,0,syngonium chiapense,11,120,True,207,7.0,False
168661928643,"Syngonium Chiapense 4"" pot, Fedex 2day*",25.0,$25.00,False,17.0,+$17.00 delivery,False,False,False,canopygems,99.7,2100,99.7,False,0,0,False,False,False,False,False,False,False,False,False,False,False,False,United States,False,,False,False,False,False,14,Spo⁨nsorеd,99.38024491353251,-37.74333441816627,0,syngonium chiapense,12,120,True,207,8.0,False
206347444642,SYNGONIUM Chiapense AROID RARE 2” Cup In Moss With Roots Aroid Houseplant,37.99,$37.99,False,12.0,+$12.00 delivery,False,False,False,savv-7662,99.2,388,99.2,False,0,0,False,False,False,False,False,False,False,False,False,False,False,False,United States,False,,True,True,True,True,15,Sp؜оnsored,0.08494854131785257,11.543568052122666,261,syngonium chiapense,13,120,True,207,,False
137648274127,Pink Houseplant Syngonium + Free Plant Pot,13.99,$13.99,False,14.27,+$14.27 delivery,False,False,False,crazyfunitems,100.0,518,100.0,False,0,0,False,True,False,False,False,False,False,False,False,False,False,False,United States,False,,True,True,True,True,16,Sp؜оnsored,0.08494854131785257,11.543568052122666,261,syngonium chiapense,14,120,True,207,,False
318765076009,Pink Rolli Syngonium Actual Plant,40.5,$40.50$45.00,False,19.8,+$19.80 delivery,False,False,False,victoriababyfarms07,100.0,591,100.0,False,0,0,False,True,False,False,False,False,False,False,False,False,True,False,United States,False,,True,True,True,True,17,Sp؜оnsored,0.08494854131785257,11.543568052122666,261,syngonium chiapense,15,120,True,207,,False
117050619178,Syngonium Bundle Bundle of 3 | Syngonium Allusion Bundle | 2in Pots,24.74,$24.74$32.99,False,7.14,+$7.14 delivery,False,False,False,fun_plantsandcactus,99.7,901,99.7,False,0,0,False,False,False,False,True,False,False,False,False,False,False,False,United States,False,,True,True,True,True,18,Sp؜оnsored,0.08494854131785257,11.543568052122666,261,syngonium chiapense,16,120,True,207,,False
198675923323,Variegated Syngonium Chiapense Live Potted Indoor Tropical #6,25.0,$25.00,False,10.11,+$10.11 delivery,False,False,False,9w6nd77,100.0,1,100.0,False,0,0,False,True,False,False,False,False,False,False,False,False,False,False,United States,False,,False,False,False,False,19,Spo⁨nsorеd,99.38024491353251,-37.74333441816627,0,syngonium chiapense,17,120,True,207,9.0,False
285960543462,"Syngonium chiapense fully rooted 2,5"" pot 3 Leaves 9"" Lenght",24.9,$24.90,False,0.0,Free delivery,True,False,False,maiksylvia,99.8,8900,99.8,False,0,0,False,False,False,False,False,False,False,False,False,False,False,False,United States,False,,False,False,False,False,20,Spo⁨nsorеd,99.38024491353251,-37.74333441816627,0,syngonium chiapense,18,120,True,207,10.0,False
276367372658,"Syngonium chiapense fully rooted 2,5"" pot 3 Leaves 12"" Lenght",39.0,$39.00,False,0.0,Free delivery,True,False,False,maiksylvia,99.8,8900,99.8,False,0,0,False,False,False,False,False,False,False,False,False,False,False,False,United States,False,,False,False,False,False,21,Spo⁨nsorеd,99.38024491353251,-37.74333441816627,0,syngonium chiapense,19,120,True,207,11.0,False
168578976217,Syngonium Chiapense 4 in Live Houseplant | Rare Arrowhead Plant,21.99,$21.99,False,6.99,+$6.99 delivery,False,False,False,riversidegreenhouses,100.0,4,100.0,False,0,0,False,False,False,False,False,False,False,False,False,False,False,False,United States,False,,False,False,False,False,22,Spo⁨nsorеd,99.38024491353251,-37.74333441816627,0,syngonium chiapense,20,120,True,207,12.0,True
267790260635,"Syngonium Albo Variegated 6"" Pot Rare Exact Plant #031",26.95,$26.95,False,0.0,Free delivery,True,False,False,mfyplants,100.0,1400,100.0,False,0,0,False,False,False,True,False,False,False,False,False,False,False,False,United States,False,,False,False,False,False,23,Spo⁨nsorеd,99.38024491353251,-37.74333441816627,0,syngonium chiapense,21,120,True,207,13.0,False
287608071482,"SYNGONIUM RED SPOT TRICOLOR AROID RARE 2,5"" Pot",26.9,$26.90,False,7.9,+$7.90 delivery,False,False,False,maiksylvia,99.8,8900,99.8,False,0,0,False,False,False,False,False,False,False,False,False,False,False,False,United States,False,,False,False,False,False,24,Spo⁨nsorеd,99.38024491353251,-37.74333441816627,0,syngonium chiapense,22,120,True,207,14.0,False
137567787163,"Syngonium Pink Perfection 4"" Pot",12.99,$12.99,False,13.48,+$13.48 delivery,False,False,False,southernoakaquaticsfl,100.0,7200,100.0,False,0,8,False,False,False,False,False,False,False,False,False,False,False,False,United States,False,,False,False,False,False,25,Spo⁨nsorеd,99.38024491353251,-37.74333441816627,0,syngonium chiapense,23,120,True,207,15.0,False
304804214702,Variegated Chiapense Syngonium high variegation mother,255.0,$255.00,False,13.7,+$13.70 delivery,False,False,False,smi_5387,100.0,15,100.0,False,0,0,False,False,False,False,False,False,False,False,False,False,False,False,United States,False,,False,False,False,False,26,Spo⁨nsorеd,99.38024491353251,-37.74333441816627,0,syngonium chiapense,24,120,True,207,16.0,False
366581509505,Syngonium Red Spot Tricolor In a 4 Inches Pot,24.98,$24.98,False,0.0,Free delivery,True,False,False,housenplantsllc,100.0,45,100.0,False,0,0,False,True,False,False,False,False,False,False,False,False,False,False,United States,False,,False,False,False,False,27,Spo⁨nsorеd,99.38024491353251,-37.74333441816627,0,syngonium chiapense,25,120,True,207,17.0,False
128059508613,"Collector's Syngonium 'Pink Perfection' High Variegation 4 Leaf Rooted 4"" Pot",18.0,$18.00,False,12.97,+$12.97 delivery,False,False,False,hammondfamilyfarm,100.0,21,100.0,False,0,0,False,False,False,False,False,False,False,False,False,False,False,False,United States,False,,False,False,False,False,28,Spo⁨nsorеd,99.38024491353251,-37.74333441816627,0,syngonium chiapense,26,120,True,207,18.0,False
278169248790,"SYNGONIUM RED SPOT TRICOLOR AROID RARE 2,5"" Pot",26.9,$26.90,False,7.9,+$7.90 delivery,False,False,False,maiksylvia,99.8,8900,99.8,False,0,0,False,False,False,False,False,False,False,False,False,False,False,False,United States,False,,False,False,False,False,29,Spo⁨nsorеd,99.38024491353251,-37.74333441816627,0,syngonium chiapense,27,120,True,207,19.0,False
358739263949,Syngonium Three Kings Live Rooted Plant,14.99,$14.99,False,7.05,+$7.05 delivery,False,False,False,classic_beauties,99.3,480,99.3,False,0,8,False,False,False,False,False,False,False,False,False,False,False,False,United States,False,,False,False,False,False,30,Spo⁨nsorеd,99.38024491353251,-37.74333441816627,0,syngonium chiapense,28,120,True,207,20.0,False
318621197045,Pink Lava Syngonium Actual Plant Siga Lava,21.6,$21.60$24.00,False,13.65,+$13.65 delivery,False,False,False,victoriababyfarms07,100.0,591,100.0,False,0,0,False,True,False,False,False,False,False,False,False,False,False,False,United States,False,,True,True,True,True,31,Sp؜оnsored,0.08494854131785257,11.543568052122666,261,syngonium chiapense,29,120,True,207,,False
278169276482,Mature Large Syngonium Angustatum five finger Little Star live Plant,39.9,$39.90,False,8.9,+$8.90 delivery,False,False,False,maiksylvia,99.8,8900,99.8,False,0,0,False,False,False,False,False,False,False,False,False,False,False,False,United States,False,,True,True,True,True,32,Sp؜оnsored,0.08494854131785257,11.543568052122666,261,syngonium chiapense,30,120,True,207,,False
287449938244,Mature Large Syngonium Angustatum five finger Little Star live Plant,29.9,$29.90,False,8.9,+$8.90 delivery,False,False,False,maiksylvia,99.8,8900,99.8,False,0,0,False,False,False,False,False,False,False,False,False,False,False,False,United States,False,,True,True,True,True,33,Sp؜оnsored,0.08494854131785257,11.543568052122666,261,syngonium chiapense,31,120,True,207,,False
336552958365,Syngonium wendlandii [cutting],27.0,$27.00,False,5.0,+$5.00 delivery,False,False,False,sunshinestatefoliage,100.0,90,100.0,False,0,0,False,False,False,False,False,False,False,False,False,False,False,False,United States,False,,True,True,True,True,34,Sp؜оnsored,0.08494854131785257,11.543568052122666,261,syngonium chiapense,32,120,True,207,,False
267738885797,"Syngonium Albo Variegated 6"" Pot Rare Exact Plant #060",26.95,$26.95,False,0.0,Free delivery,True,False,False,mfyplants,100.0,1400,100.0,False,0,0,False,False,False,True,False,False,False,False,False,False,False,False,United States,False,,False,False,False,False,35,Spo⁨nsorеd,99.38024491353251,-37.74333441816627,0,syngonium chiapense,33,120,True,207,21.0,False
236963162392,"Syngonium Pink Rolli, Exact Plant, US Seller",53.0,$53.00,False,8.07,+$8.07 delivery in 2-4 days,False,False,True,plantspotsparadise,100.0,97,100.0,False,0,0,False,False,False,False,False,False,False,False,False,False,False,False,United States,False,,False,False,False,False,36,Spo⁨nsorеd,99.38024491353251,-37.74333441816627,0,syngonium chiapense,34,120,True,207,22.0,False
336733459098,Syngonium Aurea 2 Plants in 4” Pot Beautiful Genes Variegation Live Full Plants,35.0,$35.00,False,13.45,+$13.45 delivery,False,False,False,sheisells179,100.0,97,100.0,False,0,0,False,False,False,False,False,False,False,False,False,False,False,False,United States,False,,False,False,False,False,37,Spo⁨nsorеd,99.38024491353251,-37.74333441816627,0,syngonium chiapense,35,120,True,207,23.0,False
366581514106,Syngonium Aurea Variegated! Ships Nationwide!,19.99,$19.99,False,10.15,+$10.15 delivery,False,False,False,housenplantsllc,100.0,45,100.0,False,0,0,False,True,False,False,False,False,False,False,False,False,False,False,United States,False,,False,False,False,False,38,Spo⁨nsorеd,99.38024491353251,-37.74333441816627,0,syngonium chiapense,36,120,True,207,24.0,False
147528879372,"Syngonium Pink Splash 4"" Pot",14.99,$14.99,False,13.7,+$13.70 delivery,False,False,False,southernoakaquaticsfl,100.0,7200,100.0,False,0,8,False,False,False,False,False,False,False,False,False,False,False,False,United States,False,,False,False,False,False,39,Spo⁨nsorеd,99.38024491353251,-37.74333441816627,0,syngonium chiapense,37,120,True,207,25.0,False
406081553281,Syngonium 4”,12.99,$12.99,False,0.0,Free delivery,True,False,False,wicatetfarm,100.0,87,100.0,False,0,0,False,False,False,False,True,False,False,False,False,False,False,False,United States,False,,False,False,False,False,40,Spo⁨nsorеd,99.38024491353251,-37.74333441816627,0,syngonium chiapense,38,120,True,207,26.0,False
227477558044,Rare Syngonium Pink Flecked Variegated Tropical Arrowhead Vine EXACT Plant,25.0,$25.00,False,10.2,+$10.20 delivery,False,False,False,bohogreenhouse,98.8,2700,98.8,False,0,0,False,False,False,True,False,False,False,False,False,False,False,False,United States,False,,True,True,True,True,41,Sp؜оnsored,0.08494854131785257,11.543568052122666,261,syngonium chiapense,39,120,True,207,,False
167767420573,Syngonium Chiapense Variegated Free Phyto,43.0,$43.00,False,33.0,+$33.00 delivery,False,False,False,plantdistrict,91.7,35,91.7,False,0,5,False,True,False,False,False,False,False,True,False,False,False,False,Indonesia,True,,True,True,True,True,42,Sp؜оnsored,0.08494854131785257,11.543568052122666,261,syngonium chiapense,40,120,True,207,,False
168626177701,Syngonium Albo,14.0,$14.00,False,10.49,+$10.49 delivery,False,False,False,baysidenursery02,99.3,253,99.3,False,0,0,False,False,False,False,False,False,False,False,False,False,False,False,United States,False,,False,False,False,False,43,Spo⁨nsorеd,99.38024491353251,-37.74333441816627,0,syngonium chiapense,41,120,True,207,27.0,False
318935623185,#100 SYNGONIUM Milk Confetti AROID RARE 4” Pot Aroid Houseplant,10.0,$10.00,False,20.0,+$20.00 delivery,False,False,False,wildeartha,100.0,4400,100.0,False,0,0,False,False,True,False,False,False,False,False,False,False,False,False,United States,False,,False,False,False,False,44,Spo⁨nsorеd,99.38024491353251,-37.74333441816627,0,syngonium chiapense,42,120,True,207,28.0,False
326720837258,Syngonium Red Arrow HousPlant Live Plant 4in Pot,29.99,$29.99,False,0.0,Free delivery,True,False,False,exoticwholesale,99.6,2800,99.6,False,0,12,False,False,False,False,False,False,False,False,False,False,False,False,United States,False,,False,False,False,False,45,Spo⁨nsorеd,99.38024491353251,-37.74333441816627,0,syngonium chiapense,43,120,True,207,29.0,False
267685578000,"Syngonium Albo Variegated 6"" Pot Rare Exact Plant #020",29.95,$29.95,False,0.0,Free delivery,True,False,False,mfyplants,100.0,1400,100.0,False,0,10,False,False,False,True,False,False,False,False,False,False,False,False,United States,False,,False,False,False,False,46,Spo⁨nsorеd,99.38024491353251,-37.74333441816627,0,syngonium chiapense,44,120,True,207,30.0,False
366593108697,Syngonium three kings fully rooted potted plants In a 4 Inches Pot.,19.99,$19.99,False,10.15,+$10.15 delivery,False,False,False,housenplantsllc,100.0,45,100.0,False,0,5,False,False,False,False,False,False,False,False,False,False,False,False,United States,False,,False,False,False,False,47,Spo⁨nsorеd,99.38024491353251,-37.74333441816627,0,syngonium chiapense,45,120,True,207,31.0,False
167899303454,"Syngonium Red Spot Tricolor Variegated 2.5"" pot, Fedex 2day*",33.0,$33.00,False,17.0,+$17.00 delivery,False,False,False,canopygems,99.7,2100,99.7,False,0,0,False,False,False,False,False,False,False,False,False,False,False,False,United States,False,,False,False,False,False,48,Spo⁨nsorеd,99.38024491353251,-37.74333441816627,0,syngonium chiapense,46,120,True,207,32.0,False
117290531675,Syngonium Mojito,20.0,$20.00,False,12.0,+$12.00 delivery,False,False,False,your_plant_haven,99.4,1300,99.4,False,0,2,True,False,False,False,False,False,False,False,False,False,False,False,United States,False,,False,False,False,False,49,Spo⁨nsorеd,99.38024491353251,-37.74333441816627,0,syngonium chiapense,47,120,True,207,33.0,False
366593140853,"Syngonium Podophyllum Milk Confetti 4"" Pot, Rooted!",19.98,$19.98,False,10.0,+$10.00 delivery,False,False,False,housenplantsllc,100.0,45,100.0,False,0,0,False,False,False,False,False,False,False,False,False,False,False,False,United States,False,,False,False,False,False,50,Spo⁨nsorеd,99.38024491353251,-37.74333441816627,0,syngonium chiapense,48,120,True,207,34.0,False
267684375647,"Syngonium Albo Variegated 6"" Pot Rare Exact Plant #046",29.95,$29.95,False,0.0,Free delivery,True,False,False,mfyplants,100.0,1400,100.0,False,0,0,False,False,False,True,False,False,False,False,False,False,False,False,United States,False,,False,False,False,False,51,Spo⁨nsorеd,99.38024491353251,-37.74333441816627,0,syngonium chiapense,49,120,True,207,35.0,False
137499815485,syngonium podophyllum holly/one gallon pot/ free shipping,30.0,$30.00,False,0.0,Free delivery,True,False,False,jahrassicpark,100.0,257,100.0,False,0,0,False,False,False,False,False,False,False,False,False,False,False,False,United States,False,,False,False,False,False,52,Spo⁨nsorеd,99.38024491353251,-37.74333441816627,0,syngonium chiapense,50,120,True,207,36.0,False
158366184560,"Syngonium Angustatum Little Star 4"" pot, Fedex 2day*",22.0,$22.00,False,17.0,+$17.00 delivery,False,False,False,canopygems,99.7,2100,99.7,False,0,0,False,False,False,False,False,False,False,False,False,False,False,False,United States,False,,False,False,False,False,53,Spo⁨nsorеd,99.38024491353251,-37.74333441816627,0,syngonium chiapense,51,120,True,207,37.0,False
307066194152,syngonium three kings fully rooted potted plants,16.99,$16.99,False,9.54,+$9.54 delivery,False,False,False,buyplants2013,100.0,1200,100.0,False,0,3,False,False,False,False,False,False,True,False,False,False,False,False,United States,False,,False,False,False,False,54,Spo⁨nsorеd,99.38024491353251,-37.74333441816627,0,syngonium chiapense,52,120,True,207,38.0,False
128075829290,Rare Syngonium Three Kings Beautiful Stable Marbled Variegation 5 Leaf Pot,27.0,$27.00,False,14.27,+$14.27 delivery,False,False,False,hammondfamilyfarm,100.0,21,100.0,False,0,0,False,False,False,False,False,False,False,False,False,False,False,False,United States,False,,False,False,False,False,55,Spo⁨nsorеd,99.38024491353251,-37.74333441816627,0,syngonium chiapense,53,120,True,207,39.0,False
257709396228,Syngonium Snow White,10.0,$10.00,False,13.65,+$13.65 delivery,False,False,False,bsmi7441,96.9,363,96.9,False,0,0,False,True,False,False,False,False,False,False,False,False,False,False,United States,False,,False,False,False,False,56,Spo⁨nsorеd,99.38024491353251,-37.74333441816627,0,syngonium chiapense,54,120,True,207,40.0,False
800148805587,Syngonium Macrophyllum Baby Plant,15.0,$15.00,False,5.68,+$5.68 delivery in 2-4 days,False,False,True,momogarden,100.0,100,100.0,False,0,0,False,False,False,False,False,False,False,False,False,False,False,False,United States,False,,False,False,False,False,57,Spo⁨nsorеd,99.38024491353251,-37.74333441816627,0,syngonium chiapense,55,120,True,207,41.0,False
116810741800,Syngonium Regina Red | Arrowhead Vine | Colorful Syngonium | 4in pot,15.74,$15.74$20.99,False,7.08,+$7.08 delivery,False,False,False,fun_plantsandcactus,99.7,901,99.7,False,0,0,False,False,False,False,True,False,False,False,False,False,False,False,United States,False,,False,False,False,False,58,Spo⁨nsorеd,99.38024491353251,-37.74333441816627,0,syngonium chiapense,56,120,True,207,42.0,False
158269300961,Rare Pink Emerald Syngonium,69.0,$69.00,False,5.68,+$5.68 delivery,False,False,False,chris751011,0.0,0,,True,0,0,False,False,False,False,False,False,False,False,False,False,False,False,United States,False,,False,False,False,False,59,Spo⁨nsorеd,99.38024491353251,-37.74333441816627,0,syngonium chiapense,57,120,True,207,43.0,False
117345392066,Syngonium Wendlandii,25.0,$25.00,False,12.0,+$12.00 delivery,False,False,False,your_plant_haven,99.4,1300,99.4,False,0,0,False,False,False,False,False,False,False,False,False,False,False,False,United States,False,,False,False,False,False,60,Spo⁨nsorеd,99.38024491353251,-37.74333441816627,0,syngonium chiapense,58,120,True,207,44.0,False
287617313067,Syngonium Milk Confetti cutting 2 cuttings plus extra cuttings of a different,14.49,$14.49,False,0.0,Free delivery,True,False,False,plants_42,100.0,147,100.0,False,0,0,False,False,False,False,False,False,False,False,False,False,False,False,United States,False,,False,False,False,False,61,Spo⁨nsorеd,99.38024491353251,-37.74333441816627,0,syngonium chiapense,59,120,True,207,45.0,False
366589498417,"Syngonium Podophyllum Albo Variegated In a 4""pot !",14.98,$14.98,False,11.3,+$11.30 delivery,False,False,False,housenplantsllc,100.0,45,100.0,False,0,0,False,False,False,False,False,False,False,False,False,False,False,False,United States,False,,False,False,False,False,62,Spo⁨nsorеd,99.38024491353251,-37.74333441816627,0,syngonium chiapense,60,120,True,207,46.0,False
395401700916,2 Arrow Head Syngonium Podophyllum Vine Plants Rooted 2 For $8,8.0,$8.00,False,7.99,+$7.99 delivery,False,False,False,kunjmat_42,96.8,696,96.8,False,0,0,False,False,False,False,True,False,False,False,False,False,False,False,United States,False,,False,False,False,False,63,Spo⁨nsorеd,99.38024491353251,-37.74333441816627,0,syngonium chiapense,61,120,True,207,47.0,False
336552954994,Syngonium rayii [cutting],27.0,$27.00,False,5.0,+$5.00 delivery,False,False,False,sunshinestatefoliage,100.0,90,100.0,False,0,0,False,False,False,False,False,False,False,False,False,False,False,False,United States,False,,False,False,False,False,64,Spo⁨nsorеd,99.38024491353251,-37.74333441816627,0,syngonium chiapense,62,120,True,207,48.0,False
128057925604,Syngonium Tricolor Variegated Pink Salmon Rooted In 4inch Pot,88.0,$88.00,False,22.97,+$22.97 delivery,False,False,False,hammondfamilyfarm,100.0,21,100.0,False,0,0,False,False,False,False,False,False,False,False,False,False,False,False,United States,False,,False,False,False,False,65,Spo⁨nsorеd,99.38024491353251,-37.74333441816627,0,syngonium chiapense,63,120,True,207,49.0,False
800163014721,"Syngonium Arrow head live rooted starter plant 4-6"" *Exact Plant*",8.99,$8.99,False,10.11,+$10.11 delivery,False,False,False,757seasidethrift,99.7,677,99.7,False,0,0,False,False,False,False,False,False,False,False,False,False,False,False,United States,False,,False,False,False,False,66,Spo⁨nsorеd,99.38024491353251,-37.74333441816627,0,syngonium chiapense,64,120,True,207,50.0,False
313597737093,"Pink Syngonium Nice plant in 3"" pot!",8.0,$8.00,False,6.0,+$6.00 delivery,False,False,False,ricvela-5326,100.0,1500,100.0,False,0,11,False,False,False,False,False,False,False,False,False,False,False,False,United States,False,,False,False,False,False,67,Spo⁨nsorеd,99.38024491353251,-37.74333441816627,0,syngonium chiapense,65,120,True,207,51.0,False
800148630160,Syngonium Red Spot Tricolor Cutting x(1),15.0,$15.00,False,5.68,+$5.68 delivery in 2-4 days,False,False,True,momogarden,100.0,100,100.0,False,0,0,False,False,False,False,False,False,False,False,False,False,False,False,United States,False,,False,False,False,False,68,Spo⁨nsorеd,99.38024491353251,-37.74333441816627,0,syngonium chiapense,66,120,True,207,52.0,False
168747690898,"Syngonium Red Spot Tricolor Variegated exact plant, Fedex 2day*",32.0,$32.00,False,17.0,+$17.00 delivery,False,False,False,canopygems,99.7,2100,99.7,False,0,0,False,False,False,False,False,False,False,False,False,False,False,False,United States,False,,False,False,False,False,69,Spo⁨nsorеd,99.38024491353251,-37.74333441816627,0,syngonium chiapense,67,120,True,207,53.0,False
388918782066,Syngonium Three Kings Baby Plant,20.0,$20.00,False,5.68,+$5.68 delivery in 2-4 days,False,False,True,momogarden,100.0,100,100.0,False,0,0,False,False,False,False,False,False,False,False,False,False,False,False,United States,False,,False,False,False,False,70,Spo⁨nsorеd,99.38024491353251,-37.74333441816627,0,syngonium chiapense,68,120,True,207,54.0,False
128057889983,Rare Syngonium Podophyllum 'Pink Spot' Beautifully Variegated Starter Plant,30.0,$30.00,False,17.05,+$17.05 delivery,False,False,False,hammondfamilyfarm,100.0,21,100.0,False,0,0,False,False,False,False,False,False,False,False,False,False,False,False,United States,False,,False,False,False,False,71,Spo⁨nsorеd,99.38024491353251,-37.74333441816627,0,syngonium chiapense,69,120,True,207,55.0,False
227458588917,Syngonium Green Splash 4inch Pot,35.0,$35.00,False,17.0,+$17.00 delivery,False,False,False,gta.hi,100.0,221,100.0,False,0,0,False,False,False,False,False,False,False,False,False,False,False,False,United States,False,,False,False,False,False,72,Spo⁨nsorеd,99.38024491353251,-37.74333441816627,0,syngonium chiapense,70,120,True,207,56.0,False
267784172152,"Syngonium Albo Variegated 6"" Pot Rare Exact Plant #181",34.95,$34.95,False,0.0,Free delivery,True,False,False,mfyplants,100.0,1400,100.0,False,0,0,False,False,False,True,False,False,False,False,False,False,False,False,United States,False,,False,False,False,False,73,Spo⁨nsorеd,99.38024491353251,-37.74333441816627,0,syngonium chiapense,71,120,True,207,57.0,False
158372370861,"Syngonium Red Spot Tricolor Variegated exact plant, Fedex 2day*",35.0,$35.00,False,17.0,+$17.00 delivery,False,False,False,canopygems,99.7,2100,99.7,False,0,0,False,False,False,False,False,False,False,False,False,False,False,False,United States,False,,False,False,False,False,74,Spo⁨nsorеd,99.38024491353251,-37.74333441816627,0,syngonium chiapense,72,120,True,207,58.0,False
155835734432,Syngonium Podophyllum Variegated deep cut arrow head plant.,16.0,$16.00,False,12.5,+$12.50 delivery,False,False,False,matievski,99.5,6200,99.5,False,0,9,False,False,False,False,False,False,False,False,False,False,False,False,United States,False,,False,False,False,False,75,Spo⁨nsorеd,99.38024491353251,-37.74333441816627,0,syngonium chiapense,73,120,True,207,59.0,False
366440327277,Rare Variegated Syngonium 3 Kings fully rooted - Exact Plant- US seller,18.0,$18.00,False,15.0,+$15.00 delivery,False,False,False,lovelena143,100.0,25,100.0,False,0,0,False,True,False,False,False,False,False,False,False,False,False,False,United States,False,,False,False,False,False,76,Spo⁨nsorеd,99.38024491353251,-37.74333441816627,0,syngonium chiapense,74,120,True,207,60.0,False
960005000696,"Syngonium Aurea Variegated 2.5"" pot, Fedex 2day*",22.0,$22.00,False,17.0,+$17.00 delivery,False,False,False,canopygems,99.7,2100,99.7,False,0,0,False,False,False,False,False,False,False,False,False,False,False,False,United States,False,,False,False,False,False,77,Spo⁨nsorеd,99.38024491353251,-37.74333441816627,0,syngonium chiapense,75,120,True,207,61.0,False
800148633576,Syngonium Red Spot Tricolor Cutting x(1),15.0,$15.00,False,5.68,+$5.68 delivery in 2-4 days,False,False,True,momogarden,100.0,100,100.0,False,0,0,False,False,False,False,False,False,False,False,False,False,False,False,United States,False,,False,False,False,False,78,Spo⁨nsorеd,99.38024491353251,-37.74333441816627,0,syngonium chiapense,76,120,True,207,62.0,False
188891994952,Rooted Albo Syngonium Top Cut,25.0,$25.00,False,13.48,+$13.48 delivery,False,False,False,alyzappy,94.7,86,94.7,False,0,0,False,True,False,False,False,False,False,False,False,False,False,False,United States,False,,False,False,False,False,79,Spo⁨nsorеd,99.38024491353251,-37.74333441816627,0,syngonium chiapense,77,120,True,207,63.0,False
168497075951,"Rare Syngonium Red Spot Tricolor Variegated Live Plant 3"" Pot Chunky Mix",15.0,$15.00,False,13.99,+$13.99 delivery,False,False,False,freshrootscollective,100.0,5,100.0,False,0,0,False,True,False,False,False,False,False,False,False,False,False,False,United States,False,,False,False,False,False,80,Spo⁨nsorеd,99.38024491353251,-37.74333441816627,0,syngonium chiapense,78,120,True,207,64.0,False
327095905757,Syngonium Wendlandii - Rare Tropical,19.99,$19.99,False,15.0,+$15.00 delivery,False,False,False,330treetrash,100.0,138,100.0,False,0,0,False,True,False,False,False,False,False,False,False,False,False,False,United States,False,,False,False,False,False,81,Spo⁨nsorеd,99.38024491353251,-37.74333441816627,0,syngonium chiapense,79,120,True,207,65.0,False
137756472474,Pink Houseplant Syngonium + Free Plant Pot,13.99,$13.99,False,14.27,+$14.27 delivery,False,False,False,crazyfunitems,100.0,518,100.0,False,0,0,False,True,False,False,False,False,False,False,False,False,False,False,United States,False,,False,False,False,False,82,Spo⁨nsorеd,99.38024491353251,-37.74333441816627,0,syngonium chiapense,80,120,True,207,66.0,False
235805461950,"Syngonium White Butterfly In 3"" Pot",10.0,$10.00,False,6.57,+$6.57 delivery,False,False,False,morgacharrie0,100.0,62,100.0,False,0,0,False,False,False,False,False,False,False,False,False,False,False,False,United States,False,,False,False,False,False,83,Spo⁨nsorеd,99.38024491353251,-37.74333441816627,0,syngonium chiapense,81,120,True,207,67.0,False
188769232661,Syngonium Strawberry Ice,12.99,$12.99,False,17.17,+$17.17 delivery,False,False,False,noisykoala,100.0,120,100.0,False,0,0,False,False,False,False,False,False,False,False,False,False,False,False,United States,False,,False,False,False,False,84,Spo⁨nsorеd,99.38024491353251,-37.74333441816627,0,syngonium chiapense,82,120,True,207,68.0,False
114294276328,3 'Confetti' Syngonium starts - FREE SHIPPING!,26.99,$26.99,False,0.0,Free delivery,True,False,False,saladbeardfarm,100.0,1100,100.0,False,52,0,False,False,False,False,False,False,False,False,False,False,False,False,United States,False,,False,False,False,False,85,Spo⁨nsorеd,99.38024491353251,-37.74333441816627,0,syngonium chiapense,83,120,True,207,69.0,False
318899730249,"Pink Syngonium Nice plant in 3"" pot!",8.0,$8.00,False,6.0,+$6.00 delivery,False,False,False,ricvela-5326,100.0,1500,100.0,False,0,0,False,False,False,False,False,False,False,False,False,False,False,False,United States,False,,False,False,False,False,86,Spo⁨nsorеd,99.38024491353251,-37.74333441816627,0,syngonium chiapense,84,120,True,207,70.0,False
158372370859,"Syngonium Red Spot Tricolor Variegated exact plant, Fedex 2day*",35.0,$35.00,False,17.0,+$17.00 delivery,False,False,False,canopygems,99.7,2100,99.7,False,0,0,False,False,False,False,False,False,False,False,False,False,False,False,United States,False,,False,False,False,False,87,Spo⁨nsorеd,99.38024491353251,-37.74333441816627,0,syngonium chiapense,85,120,True,207,71.0,False
158372370855,"Syngonium Red Spot Tricolor Variegated exact plant, Fedex 2day*",35.0,$35.00,False,17.0,+$17.00 delivery,False,False,False,canopygems,99.7,2100,99.7,False,0,0,False,False,False,False,False,False,False,False,False,False,False,False,United States,False,,False,False,False,False,88,Spo⁨nsorеd,99.38024491353251,-37.74333441816627,0,syngonium chiapense,86,120,True,207,72.0,False
236845634769,"Syngonium Variegated Potted Plant Indoor, Tropical, Medium Sun",35.0,$35.00,False,7.23,+$7.23 delivery,False,False,False,angiehdez428-7,100.0,116,100.0,False,0,0,False,True,False,False,False,False,False,False,False,False,False,False,United States,False,,False,False,False,False,89,Spo⁨nsorеd,99.38024491353251,-37.74333441816627,0,syngonium chiapense,87,120,True,207,73.0,False
366594009400,Syngonium Neon Robusta 6 In Pot- Rooted in Soil - Gorgeous Pink Leaves!,19.98,$19.98,False,10.15,+$10.15 delivery,False,False,False,housenplantsllc,100.0,45,100.0,False,0,0,False,False,False,False,False,False,False,False,False,False,False,False,United States,False,,False,False,False,False,90,Spo⁨nsorеd,99.38024491353251,-37.74333441816627,0,syngonium chiapense,88,120,True,207,74.0,False
114792483945,3 Syngonium 'Gold Allusion' starter plants,20.0,$20.00,False,0.0,Free delivery,True,False,False,saladbeardfarm,100.0,1100,100.0,False,0,30,False,False,False,False,False,False,False,False,False,False,False,False,United States,False,,False,False,False,False,91,Spo⁨nsorеd,99.38024491353251,-37.74333441816627,0,syngonium chiapense,89,120,True,207,75.0,False
147584957129,Pink Houseplant Syngonium + Free Plant Pot,13.99,$13.99,False,14.27,+$14.27 delivery,False,False,False,crazyfunitems,100.0,518,100.0,False,0,0,False,True,False,False,False,False,False,False,False,False,False,False,United States,False,,False,False,False,False,92,Spo⁨nsorеd,99.38024491353251,-37.74333441816627,0,syngonium chiapense,90,120,True,207,76.0,False
366236639600,Rare Variegated Syngonium Majesty Plant - Exact Plant-US Seller,30.0,$30.00,False,15.0,+$15.00 delivery,False,False,False,lovelena143,100.0,25,100.0,False,0,0,False,True,False,False,False,False,False,False,False,False,False,False,United States,False,,False,False,False,False,93,Spo⁨nsorеd,99.38024491353251,-37.74333441816627,0,syngonium chiapense,91,120,True,207,77.0,False
178204963926,"Syngonium Green Freckles rooted plant 3"" pot",13.99,$13.99,False,24.55,+$24.55 delivery,False,False,False,birdsonggardens,100.0,722,100.0,False,0,0,False,False,False,False,False,False,False,False,False,False,False,False,United States,False,,False,False,False,False,94,Spo⁨nsorеd,99.38024491353251,-37.74333441816627,0,syngonium chiapense,92,120,True,207,78.0,False
398447623498,Syngonium wendlandii Starter Plant,5.0,$5.00,False,15.0,+$15.00 delivery,False,False,False,jacksonacar6607,100.0,453,100.0,False,0,0,False,False,True,False,False,False,False,False,False,False,False,False,United States,False,,False,False,False,False,95,Spo⁨nsorеd,99.38024491353251,-37.74333441816627,0,syngonium chiapense,93,120,True,207,79.0,False
125554022776,Syngonium auritum In The 4” Pot,14.0,$14.00,False,12.0,+$12.00 delivery,False,False,False,lada.tropical.plants,100.0,3500,100.0,False,0,16,False,False,False,False,False,False,False,False,False,False,False,False,United States,False,,False,False,False,False,96,Spo⁨nsorеd,99.38024491353251,-37.74333441816627,0,syngonium chiapense,94,120,True,207,80.0,False
198424489150,Syngonium Pink Perfection - 4inch pot,15.0,$15.00,False,12.13,+$12.13 delivery,False,False,False,victoriarialto,100.0,55,100.0,False,0,0,False,False,False,False,False,False,False,False,False,False,False,False,United States,False,,False,False,False,False,97,Spo⁨nsorеd,99.38024491353251,-37.74333441816627,0,syngonium chiapense,95,120,True,207,81.0,False
168578976213,Syngonium Auritum Tri-Leaf Wonder Plant,21.99,$21.99,False,6.99,+$6.99 delivery,False,False,False,riversidegreenhouses,100.0,4,100.0,False,0,0,False,False,False,False,False,False,False,False,False,False,False,False,United States,False,,False,False,False,False,98,Spo⁨nsorеd,99.38024491353251,-37.74333441816627,0,syngonium chiapense,96,120,True,207,82.0,True
314667166307,"Syngonium Variety Assortment, 3 Different syngonium Plants, Pink Strawberry, Cre",29.99,$29.99,False,5.95,+$5.95 delivery,False,False,False,bubbleblooms.shop,98.3,2500,98.3,False,0,0,False,False,False,False,True,False,False,False,False,False,False,False,United States,False,,False,False,False,False,99,Spo⁨nsorеd,99.38024491353251,-37.74333441816627,0,syngonium chiapense,97,120,True,207,83.0,False
358740185133,Syngonium confetti,16.0,$16.00,False,14.85,+$14.85 delivery in 2-4 days,False,False,True,orc393,98.7,959,98.7,False,0,0,False,False,False,False,False,False,False,False,False,False,False,False,United States,False,,False,False,False,False,100,Spo⁨nsorеd,99.38024491353251,-37.74333441816627,0,syngonium chiapense,98,120,True,207,84.0,False
147584990551,Pink Houseplant Syngonium + Free Plant Pot,13.99,$13.99,False,14.27,+$14.27 delivery,False,False,False,crazyfunitems,100.0,518,100.0,False,0,0,False,True,False,False,False,False,False,False,False,False,False,False,United States,False,,False,False,False,False,101,Spo⁨nsorеd,99.38024491353251,-37.74333441816627,0,syngonium chiapense,99,120,True,207,85.0,False
158269655695,Syngonium Berry,69.0,$69.00,False,5.68,+$5.68 delivery,False,False,False,ba_644078,0.0,0,,True,0,0,False,False,False,False,False,False,False,False,False,False,False,False,United States,False,,False,False,False,False,102,Spo⁨nsorеd,99.38024491353251,-37.74333441816627,0,syngonium chiapense,100,120,True,207,86.0,False
278381218081,Syngonium Podophyllum Albo,39.95,$39.95,False,20.15,+$20.15 delivery,False,False,False,goldendragonfly7,100.0,119,100.0,False,0,0,False,False,False,False,False,False,False,False,False,False,False,False,United States,False,,False,False,False,False,103,Spo⁨nsorеd,99.38024491353251,-37.74333441816627,0,syngonium chiapense,101,120,True,207,87.0,False
327075796868,Syngonium Black Velvet - Rare Dark Velvety Tropical Houseplant,24.99,$24.99,False,15.0,+$15.00 delivery,False,False,False,330treetrash,100.0,138,100.0,False,0,0,False,False,False,False,False,False,False,False,False,False,False,False,United States,False,,False,False,False,False,104,Spo⁨nsorеd,99.38024491353251,-37.74333441816627,0,syngonium chiapense,102,120,True,207,88.0,False
304572173583,Rare Syngonium Cutting Bundle Deal,68.0,$68.00,False,11.0,+$11.00 delivery,False,False,False,smi_5387,100.0,15,100.0,False,0,12,False,False,False,False,False,False,False,False,False,False,False,False,United States,False,,False,False,False,False,105,Spo⁨nsorеd,99.38024491353251,-37.74333441816627,0,syngonium chiapense,103,120,True,207,89.0,False
188912335371,Three kings syngonium,16.0,$16.00,False,7.05,+$7.05 delivery,False,False,False,alyzappy,94.7,86,94.7,False,0,0,False,True,False,False,False,False,False,False,False,False,False,False,United States,False,,False,False,False,False,106,Spo⁨nsorеd,99.38024491353251,-37.74333441816627,0,syngonium chiapense,104,120,True,207,90.0,False
198626116418,Syngonium Pink Rolli 4”,88.0,$88.00,False,5.58,+$5.58 delivery,False,False,False,freem_9803,0.0,0,,True,0,0,False,False,False,False,False,False,False,False,False,False,False,False,United States,False,,False,False,False,False,107,Spo⁨nsorеd,99.38024491353251,-37.74333441816627,0,syngonium chiapense,105,120,True,207,91.0,False
327075796807,Syngonium Milk Confetti - Rare Variegated Tropical Houseplant,25.99,$25.99,False,15.0,+$15.00 delivery,False,False,False,330treetrash,100.0,138,100.0,False,0,0,False,False,False,False,False,False,False,False,False,False,False,False,United States,False,,False,False,False,False,108,Spo⁨nsorеd,99.38024491353251,-37.74333441816627,0,syngonium chiapense,106,120,True,207,92.0,False
287490165143,Syngonium Plants,8.0,$8.00,False,,,,True,False,cloww831,81.8,25,81.8,False,0,0,False,True,False,False,False,False,False,False,False,False,False,False,United States,False,,False,False,False,False,109,Spo⁨nsorеd,99.38024491353251,-37.74333441816627,0,syngonium chiapense,107,120,True,207,93.0,False
304572160000,Syngonium Bundle Deal! 6 cuttings!,89.0,$89.00,False,13.48,+$13.48 delivery,False,False,False,smi_5387,100.0,15,100.0,False,0,0,False,False,False,False,False,False,False,False,False,False,False,False,United States,False,,False,False,False,False,110,Spo⁨nsorеd,99.38024491353251,-37.74333441816627,0,syngonium chiapense,108,120,True,207,94.0,False
304575679100,Pink Splash Syngonium,65.0,$65.00,False,13.48,+$13.48 delivery,False,False,False,smi_5387,100.0,15,100.0,False,0,0,False,True,False,False,False,False,False,False,False,False,False,False,United States,False,,False,False,False,False,111,Spo⁨nsorеd,99.38024491353251,-37.74333441816627,0,syngonium chiapense,109,120,True,207,95.0,False
406044677392,Syngonium white butterfly,24.0,$24.00,False,9.0,+$9.00 delivery,False,False,False,plantdwithjae,100.0,18,100.0,False,0,0,False,True,False,False,False,False,False,False,False,False,False,False,United States,False,,False,False,False,False,112,Spo⁨nsorеd,99.38024491353251,-37.74333441816627,0,syngonium chiapense,110,120,True,207,96.0,False
157434209216,"Syngonium Pink Spot Variegated 4"" pot, Fedex 2day*",19.0,$19.00,False,17.0,+$17.00 delivery,False,False,False,canopygems,99.7,2100,99.7,False,0,0,False,False,False,False,False,False,False,False,False,False,False,False,United States,False,,False,False,False,False,113,Spo⁨nsorеd,99.38024491353251,-37.74333441816627,0,syngonium chiapense,111,120,True,207,97.0,False
356284888579,Syngonium Arrowhead Live Rooted Plant; Small Pot,21.99,$21.99,False,13.65,+$13.65 delivery,False,False,False,trendlovers,100.0,143,100.0,False,0,0,False,False,False,False,False,False,False,False,False,False,False,False,United States,False,,False,False,False,False,114,Spo⁨nsorеd,99.38024491353251,-37.74333441816627,0,syngonium chiapense,112,120,True,207,98.0,False
366589520642,Syngonium Pink Spot In a 4 Inches Pot!,19.99,$19.99,False,23.76,+$23.76 delivery,False,False,False,housenplantsllc,100.0,45,100.0,False,0,0,False,True,False,False,False,False,False,False,False,False,False,False,United States,False,,False,False,False,False,115,Spo⁨nsorеd,99.38024491353251,-37.74333441816627,0,syngonium chiapense,113,120,True,207,99.0,False
206419304848,"Syngonium Albo Variegated 3.5"" Pot Rare Exact Plant #S3",25.99,$25.99,False,10.11,+$10.11 delivery,False,False,False,rareplantaddictus,98.6,520,98.6,False,0,0,False,True,False,False,False,False,False,False,False,False,False,False,United States,False,,False,False,False,False,116,Spo⁨nsorеd,99.38024491353251,-37.74333441816627,0,syngonium chiapense,114,120,True,207,100.0,False
365764092361,Live Syngonium 'Gold Allusion' Starter Plant with Pot,34.99,$34.99,False,4.99,+$4.99 delivery,False,False,False,stavianashandpicked,100.0,241,100.0,False,0,0,False,True,False,False,False,False,False,False,False,False,False,False,United States,False,,False,False,False,False,117,Spo⁨nsorеd,99.38024491353251,-37.74333441816627,0,syngonium chiapense,115,120,True,207,101.0,False
407065892136,Syngonium Albo,26.95,$26.95,False,10.15,+$10.15 delivery,False,False,False,jwplant-40,0.0,0,,True,0,0,False,True,False,False,False,False,False,False,False,False,False,False,United States,False,,False,False,False,False,118,Spo⁨nsorеd,99.38024491353251,-37.74333441816627,0,syngonium chiapense,116,120,True,207,102.0,False
800123863109,Syngonium 'Gold',12.5,$12.50,False,10.15,+$10.15 delivery,False,False,False,alv3863,100.0,3,100.0,False,0,0,False,True,False,False,False,False,False,False,False,False,False,False,United States,False,,False,False,False,False,119,Spo⁨nsorеd,99.38024491353251,-37.74333441816627,0,syngonium chiapense,117,120,True,207,103.0,False
165644624264,SUPER RARE Syngonium Red Spot Tri Color,185.0,$185.00,False,11.1,+$11.10 delivery,False,False,False,ljsfanc-52,0.0,12,,True,0,0,False,True,False,False,False,False,False,False,False,False,False,False,United States,False,,False,False,False,False,120,Spo⁨nsorеd,99.38024491353251,-37.74333441816627,0,syngonium chiapense,118,120,True,207,104.0,False
167911802331,Real Photo Syngonium Albo Variegated Free Phyto,31.0,$31.00,False,33.0,+$33.00 delivery,False,False,False,plantdistrict,91.7,35,91.7,False,0,0,False,True,False,False,False,False,False,True,False,False,False,False,Indonesia,True,,True,True,True,True,121,Sp؜оnsored,0.08494854131785257,11.543568052122666,261,syngonium chiapense,119,120,True,207,,False
304733739019,Tierra | Syngonium Podophyllum | Easy House Plant | Outdoor/Indoor,12.9,$12.90,False,0.0,Free delivery,True,False,False,henrbrun,42.9,359,42.9,False,0,31,False,True,False,False,False,False,False,False,False,False,False,False,United States,False,,True,True,True,True,122,Sp؜оnsored,0.08494854131785257,11.543568052122666,261,syngonium chiapense,120,120,True,207,,False
178425562170,"Syngonium Mojito Live Plant In 4"" Pot~Arrowhead Plant Well Rooted",10.99,$10.99,False,10.0,+$10.00 delivery,False,False,False,anniestore2010,97.8,21100,97.8,False,0,11,False,True,False,False,False,False,False,False,False,False,False,False,United States,False,,False,False,False,False,3,Sponѕor⁧ed,44.588663750224576,-22.65820354517639,0,syngonium mojito,1,21,True,21,1.0,False
168724643273,"Rare Syngonium Mutant Variegated Mojito 23"" Tall No Monstera Philodendron Aroid",36.0,$36.00$50.00,False,22.55,+$22.55 delivery,False,False,False,plantasha_creatives,99.7,1700,99.7,False,0,0,False,True,False,False,False,False,False,False,False,False,False,False,United States,False,,True,True,True,True,4,Spo⁨nѕored,0.0848959339524551,11.532646235830128,261,syngonium mojito,2,21,True,21,,False
158322626712,Syngonium Mojito Mottled Variegated Arrowhead Live Plant 4in Pot Rooted Aroid,34.0,$34.00,False,8.99,+$8.99 delivery,False,False,False,ar_trendz,100.0,276,100.0,False,0,0,False,True,False,False,False,False,False,False,False,False,False,False,United States,False,,True,True,True,True,5,Spo⁨nѕored,0.0848959339524551,11.532646235830128,261,syngonium mojito,3,21,True,21,,False
278018084160,"Rare Syngonium Variegated Mojito Not Monstera Philodendron Aroid 2,5"" Pot",29.9,$29.90,False,0.0,Free delivery,True,False,False,maiksylvia,99.8,8900,99.8,False,0,0,False,False,False,False,False,False,False,False,False,False,False,False,United States,False,,True,True,True,True,6,Spo⁨nѕored,0.0848959339524551,11.532646235830128,261,syngonium mojito,4,21,True,21,,False
158155390107,"Syngonium Mojito Variegated 2.5"" pot, Fedex 2day*",21.0,$21.00,False,17.0,+$17.00 delivery,False,False,False,canopygems,99.7,2100,99.7,False,0,0,False,False,False,False,False,False,False,False,False,False,False,False,United States,False,,False,False,False,False,7,Sponѕor⁧ed,44.588663750224576,-22.65820354517639,0,syngonium mojito,5,21,True,21,2.0,False
117290531675,Syngonium Mojito,20.0,$20.00,False,12.0,+$12.00 delivery,False,False,False,your_plant_haven,99.4,1300,99.4,False,0,2,True,False,False,False,False,False,False,False,False,False,False,False,United States,False,,False,False,False,False,8,Sponѕor⁧ed,44.588663750224576,-22.65820354517639,0,syngonium mojito,6,21,True,21,3.0,False
327182052170,Rare Syngonium Mottled Mojito Variegated Tropical Vining Arrowhead Vine Plant,25.0,$25.00,False,10.2,+$10.20 delivery,False,False,False,bohogreenhouse,98.8,2700,98.8,False,0,13,False,False,False,True,False,False,False,False,False,False,False,False,United States,False,,False,False,False,False,9,Sponѕor⁧ed,44.588663750224576,-22.65820354517639,0,syngonium mojito,7,21,True,21,4.0,False
405194694523,Syngonium Margarita 3 Fresh Cuttings,12.99,$12.99,False,7.05,+$7.05 delivery,False,False,False,themagicmudshop,100.0,221,100.0,False,0,6,False,True,False,False,False,False,False,False,False,False,False,False,United States,False,,False,False,False,False,10,Sponѕor⁧ed,44.588663750224576,-22.65820354517639,0,syngonium mojito,8,21,True,21,5.0,False
158155392449,"Syngonium Mojito Variegated 4"" pot, Fedex 2day*",29.0,$29.00,False,17.0,+$17.00 delivery,False,False,False,canopygems,99.7,2100,99.7,False,0,0,False,False,False,False,False,False,False,False,False,False,False,False,United States,False,,False,False,False,False,11,Sponѕor⁧ed,44.588663750224576,-22.65820354517639,0,syngonium mojito,9,21,True,21,6.0,False
168578976211,Syngonium Mojito 4 in Live Houseplant | Rare Variegated Arrowhead Plant,23.99,$23.99,False,6.99,+$6.99 delivery,False,False,False,riversidegreenhouses,100.0,4,100.0,False,0,0,False,False,False,False,False,False,False,False,False,False,False,False,United States,False,,False,False,False,False,12,Sponѕor⁧ed,44.588663750224576,-22.65820354517639,0,syngonium mojito,10,21,True,21,7.0,True
188769232661,Syngonium Strawberry Ice,12.99,$12.99,False,17.17,+$17.17 delivery,False,False,False,noisykoala,100.0,120,100.0,False,0,0,False,False,False,False,False,False,False,False,False,False,False,False,United States,False,,False,False,False,False,13,Sponѕor⁧ed,44.588663750224576,-22.65820354517639,0,syngonium mojito,11,21,True,21,8.0,False
124708593736,3 Syngonium 'Mango Allusion' starter plants,24.0,$24.00,False,0.0,Free delivery,True,False,False,saladbeardfarm,100.0,1100,100.0,False,0,32,False,False,False,False,False,False,False,False,False,False,False,False,United States,False,,False,False,False,False,14,Sponѕor⁧ed,44.588663750224576,-22.65820354517639,0,syngonium mojito,12,21,True,21,9.0,False
234433785744,Rare Aroid Syngonium podophyllum Mottled 'Mojito' Rooted Top Cut,40.0,$40.00,False,10.0,+$10.00 delivery,False,False,False,the_plantista,100.0,37,100.0,False,0,0,False,True,False,False,False,False,False,False,False,False,False,False,United States,False,,True,True,True,True,15,Spo⁨nѕored,0.0848959339524551,11.532646235830128,261,syngonium mojito,13,21,True,21,,False
234433786434,Rare Aroid Syngonium podophyllum Mottled 'Mojito' Rooted Top Cut,40.0,$40.00,False,10.0,+$10.00 delivery,False,False,False,the_plantista,100.0,37,100.0,False,0,0,False,True,False,False,False,False,False,False,False,False,False,False,United States,False,,True,True,True,True,16,Spo⁨nѕored,0.0848959339524551,11.532646235830128,261,syngonium mojito,14,21,True,21,,False
158269655695,Syngonium Berry,69.0,$69.00,False,5.68,+$5.68 delivery,False,False,False,ba_644078,0.0,0,,True,0,0,False,False,False,False,False,False,False,False,False,False,False,False,United States,False,,False,False,False,False,17,Sponѕor⁧ed,44.588663750224576,-22.65820354517639,0,syngonium mojito,15,21,True,21,10.0,False
366594009400,Syngonium Neon Robusta 6 In Pot- Rooted in Soil - Gorgeous Pink Leaves!,19.98,$19.98,False,10.15,+$10.15 delivery,False,False,False,housenplantsllc,100.0,45,100.0,False,0,0,False,False,False,False,False,False,False,False,False,False,False,False,United States,False,,False,False,False,False,18,Sponѕor⁧ed,44.588663750224576,-22.65820354517639,0,syngonium mojito,16,21,True,21,11.0,False
405717083532,Syngonium Podophyllum Mottled Mojito rooted plant,27.0,$27.00,False,5.99,+$5.99 delivery,False,False,False,akasha_1980,0.0,9,,True,0,0,False,False,False,False,False,False,False,False,False,False,False,False,United States,False,,False,False,False,False,19,Sponѕor⁧ed,44.588663750224576,-22.65820354517639,0,syngonium mojito,17,21,True,21,12.0,False
266906841341,"SOLD Syngonium Milk Confetti, Mojito And Pink Lava,1 House Plants, Gift, 3""",95.0,$95.00,False,13.7,+$13.70 delivery,False,False,False,zensclosetcollection,100.0,282,100.0,False,0,0,False,False,False,False,False,False,False,False,False,False,False,False,United States,False,,False,False,False,False,20,Sponѕor⁧ed,44.588663750224576,-22.65820354517639,0,syngonium mojito,18,21,True,21,13.0,False
266906844450,"SOLD 3 Bundle Syngonium Pink Lava, Albo & Mojito, House Plants, Gift, 3""",98.0,$98.00,False,13.7,+$13.70 delivery,False,False,False,zensclosetcollection,100.0,282,100.0,False,0,0,False,False,False,False,False,False,False,False,False,False,False,False,United States,False,,False,False,False,False,21,Sponѕor⁧ed,44.588663750224576,-22.65820354517639,0,syngonium mojito,19,21,True,21,14.0,False
404464854857,Syngonium Strawberry Ice,65.0,$65.00,False,11.5,+$11.50 delivery,False,False,False,aubreysplants,0.0,-1,,True,0,0,False,True,False,False,False,False,False,False,False,False,False,False,United States,False,,False,False,False,False,22,Sponѕor⁧ed,44.588663750224576,-22.65820354517639,0,syngonium mojito,20,21,True,21,15.0,False
256573645402,"SOLD Syngonium Red spot Tri-color, Mojito & Panda Galaxy,House Plants, Gift,3""",125.0,$125.00,False,18.35,+$18.35 delivery,False,False,False,zensclosetcollection,100.0,282,100.0,False,0,0,False,False,False,False,False,False,False,False,False,False,False,False,United States,False,,False,False,False,False,23,Sponѕor⁧ed,44.588663750224576,-22.65820354517639,0,syngonium mojito,21,21,True,21,16.0,False
306845168403,Syngonium Plant Collection (4 Pack) Live Starter Plants,28.5,$28.50 to $29.99,True,0.0,Free delivery,True,False,False,famplants,98.9,1100,98.9,False,0,0,False,False,False,False,False,False,False,False,False,False,False,False,United States,False,,True,True,True,True,24,Spo⁨nѕored,0.0848959339524551,11.532646235830128,261,syngonium mojito,22,21,False,21,,False
227550965923,"Variegated Syngonium Chiapense - Live Potted Houseplants, Indoor Green/White",150.0,$150.00$300.00,False,5.0,+$5.00 delivery,False,False,False,backtoobasics,97.5,433,97.5,False,0,0,False,False,False,True,False,True,False,False,False,True,False,False,United States,False,,True,True,True,True,25,Spo⁨nѕored,0.0848959339524551,11.532646235830128,261,syngonium mojito,23,21,False,21,,False
287624647126,Variegated Pink Splash Syngonium,20.0,$20.00,False,10.15,+$10.15 delivery,False,False,False,caseymae13,100.0,48,100.0,False,0,0,False,True,False,False,False,False,False,False,False,True,False,False,United States,False,,False,False,False,False,26,Sponѕor⁧ed,44.588663750224576,-22.65820354517639,0,syngonium mojito,24,21,False,21,17.0,False
860005680538,Syngonium Albo Variegated Arrowhead Plant - Exact Plant - US,12.0,$12.00,False,12.0,+$12.00 delivery,False,False,False,toly9535,100.0,56,100.0,False,0,0,False,False,True,False,False,False,False,False,False,True,False,False,United States,False,,False,False,False,False,27,Sponѕor⁧ed,44.588663750224576,-22.65820354517639,0,syngonium mojito,25,21,False,21,18.0,False
287617313067,Syngonium Milk Confetti cutting 2 cuttings plus extra cuttings of a different,14.49,$14.49,False,0.0,Free delivery,True,False,False,plants_42,100.0,147,100.0,False,0,0,False,False,False,False,False,False,False,False,False,False,False,False,United States,False,,False,False,False,False,28,Sponѕor⁧ed,44.588663750224576,-22.65820354517639,0,syngonium mojito,26,21,False,21,19.0,False
267790260635,"Syngonium Albo Variegated 6"" Pot Rare Exact Plant #031",26.95,$26.95,False,0.0,Free delivery,True,False,False,mfyplants,100.0,1400,100.0,False,0,0,False,False,False,True,False,False,False,False,False,False,False,False,United States,False,,False,False,False,False,29,Sponѕor⁧ed,44.588663750224576,-22.65820354517639,0,syngonium mojito,27,21,False,21,20.0,False
257768877264,Syngonium Albo Cuttings Highly Variegated,4.8,$4.80,False,17.95,+$17.95 delivery,False,False,False,aokplantcompany,100.0,875,100.0,False,0,0,False,False,True,False,False,False,False,False,False,False,False,False,United States,False,,False,False,False,False,30,Sponѕor⁧ed,44.588663750224576,-22.65820354517639,0,syngonium mojito,28,21,False,21,21.0,False
327364196899,Syngonium Steyermarkii Plant ~~~ Rare Arrowhead ~ only 1 Plant,40.0,$40.00,False,20.95,+$20.95 delivery,False,False,False,kdblack2015,100.0,3400,100.0,False,0,0,False,True,False,False,False,False,False,False,False,False,False,False,United States,False,,False,False,False,False,31,Sponѕor⁧ed,44.588663750224576,-22.65820354517639,0,syngonium mojito,29,21,False,21,22.0,False
158372370858,"Syngonium Strawberry Ice Variegated exact plant, Fedex 2day*",48.0,$48.00,False,17.0,+$17.00 delivery,False,False,False,canopygems,99.7,2100,99.7,False,0,0,False,False,False,False,False,False,False,False,False,False,False,False,United States,False,,False,False,False,False,32,Sponѕor⁧ed,44.588663750224576,-22.65820354517639,0,syngonium mojito,30,21,False,21,23.0,False
227550968838,Reverted Syngonium Chiapense Variegated - Live Potted Houseplants,100.0,$100.00 to $125.00$250.00,True,5.0,+$5.00 delivery,False,False,False,backtoobasics,97.5,433,97.5,False,0,0,False,False,False,True,False,True,False,False,False,True,False,False,United States,False,,True,True,True,True,33,Spo⁨nѕored,0.0848959339524551,11.532646235830128,261,syngonium mojito,31,21,False,21,,False
287608071482,"SYNGONIUM RED SPOT TRICOLOR AROID RARE 2,5"" Pot",26.9,$26.90,False,7.9,+$7.90 delivery,False,False,False,maiksylvia,99.8,8900,99.8,False,0,0,False,False,False,False,False,False,False,False,False,False,False,False,United States,False,,True,True,True,True,34,Spo⁨nѕored,0.0848959339524551,11.532646235830128,261,syngonium mojito,32,21,False,21,,False
227550673517,Syngonium Arrowhead Plant - Variegated Pink/White/Green Live indoor - variety,90.0,$90.00$180.00,False,5.0,+$5.00 delivery,False,False,False,backtoobasics,97.5,433,97.5,False,0,0,False,True,False,True,False,True,False,False,False,True,False,False,United States,False,,True,True,True,True,35,Spo⁨nѕored,0.0848959339524551,11.532646235830128,261,syngonium mojito,33,21,False,21,,False
127960325368,Syngonium Albo Highly Variegated In 6inch Basket,29.95,$29.95,False,14.27,+$14.27 delivery,False,False,False,hammondfamilyfarm,100.0,21,100.0,False,0,0,False,True,False,False,False,False,False,False,False,False,False,False,United States,False,,True,True,True,True,36,Spo⁨nѕored,0.0848959339524551,11.532646235830128,261,syngonium mojito,34,21,False,21,,False
307208844478,"White Butterfly Syngonium Arrowhead 6 Inch Pot, Live Plant Low light Houseplant",28.99,$28.99,False,0.0,Free delivery,True,False,False,akitakittymomma,100.0,287,100.0,False,0,0,False,False,False,False,False,False,False,False,False,False,False,False,United States,False,,False,False,False,False,37,Sponѕor⁧ed,44.588663750224576,-22.65820354517639,0,syngonium mojito,35,21,False,21,24.0,False
128109392389,Rare Syngonium Pink Candy Spot Variegated Tropical Vining Arrowhead Vine Plant B,25.99,$25.99,False,9.75,+$9.75 delivery,False,False,False,lakrees_90,100.0,40,100.0,False,0,0,False,True,False,False,False,False,False,False,False,False,False,False,United States,False,,False,False,False,False,38,Sponѕor⁧ed,44.588663750224576,-22.65820354517639,0,syngonium mojito,36,21,False,21,25.0,False
287608031017,"Syngonium Podophyllum Albo variegata Variegated 2,5"" Pot Live Plant",18.9,$18.90,False,7.9,+$7.90 delivery,False,False,False,maiksylvia,99.8,8900,99.8,False,0,0,False,False,False,False,False,False,False,False,False,False,False,False,United States,False,,False,False,False,False,39,Sponѕor⁧ed,44.588663750224576,-22.65820354517639,0,syngonium mojito,37,21,False,21,26.0,False
366581509505,Syngonium Red Spot Tricolor In a 4 Inches Pot,24.98,$24.98,False,0.0,Free delivery,True,False,False,housenplantsllc,100.0,45,100.0,False,0,0,False,True,False,False,False,False,False,False,False,False,False,False,United States,False,,False,False,False,False,40,Sponѕor⁧ed,44.588663750224576,-22.65820354517639,0,syngonium mojito,38,21,False,21,27.0,False
237096094197,"Syngonium Strawberry Ice Galaxy Starter, Exact , US Seller",37.0,$37.00,False,8.07,+$8.07 delivery in 2-4 days,False,False,True,plantspotsparadise,100.0,98,100.0,False,0,0,False,False,False,False,False,False,False,False,False,False,False,False,United States,False,,False,False,False,False,41,Sponѕor⁧ed,44.588663750224576,-22.65820354517639,0,syngonium mojito,39,21,False,21,28.0,False
198676394114,Syngonium Podophyllum Albo variegata - Live plant,12.0,$12.00,False,9.52,+$9.52 delivery,False,False,False,jos.jungle,100.0,18,100.0,False,0,0,False,False,False,False,False,False,False,False,False,False,False,False,United States,False,,False,False,False,False,42,Sponѕor⁧ed,44.588663750224576,-22.65820354517639,0,syngonium mojito,40,21,False,21,29.0,False
336767137017,"Syngonium Mary Plant Live - Size: 3""",16.99,$16.99,False,0.0,Free delivery,True,False,False,plants-zen,100.0,24,100.0,False,0,0,False,False,False,False,False,False,False,False,False,False,False,False,United States,False,,False,False,False,False,43,Sponѕor⁧ed,44.588663750224576,-22.65820354517639,0,syngonium mojito,41,21,False,21,30.0,False
860004752191,"Syngonium Chiapense Albo Variegated Plant In 3.5"" Pot.",40.0,$40.00,False,0.0,Free delivery,True,False,False,the_sentient_garden,100.0,165,100.0,False,0,0,False,False,False,False,False,False,False,False,False,False,False,False,United States,False,,False,False,False,False,44,Sponѕor⁧ed,44.588663750224576,-22.65820354517639,0,syngonium mojito,42,21,False,21,31.0,False
286699438106,"Syngonium Wendlandii rooted plant Multigrow tropical climbing vine 2,5"" Pot",22.9,$22.90,False,0.0,Free delivery,True,False,False,maiksylvia,99.8,8900,99.8,False,0,32,False,False,False,False,False,False,False,False,False,False,False,False,United States,False,,False,False,False,False,45,Sponѕor⁧ed,44.588663750224576,-22.65820354517639,0,syngonium mojito,43,21,False,21,32.0,False
287602076303,"2 Syngonium Pink Allusio cuttings ,Syngonium coral, Podophyllum Arrowhead Plant",13.89,$13.89,False,0.0,Free delivery,True,False,False,plants_42,100.0,147,100.0,False,0,0,False,False,False,False,False,False,False,False,False,False,False,False,United States,False,,False,False,False,False,46,Sponѕor⁧ed,44.588663750224576,-22.65820354517639,0,syngonium mojito,44,21,False,21,33.0,False
227477558676,Rare Syngonium Pink Flecked Variegated Tropical Arrowhead Vine EXACT Plant 2,25.0,$25.00,False,10.2,+$10.20 delivery,False,False,False,bohogreenhouse,98.8,2700,98.8,False,0,0,False,False,False,True,False,False,False,False,False,False,False,False,United States,False,,False,False,False,False,47,Sponѕor⁧ed,44.588663750224576,-22.65820354517639,0,syngonium mojito,45,21,False,21,34.0,False
236925588518,"Syngonium Strawberry Ice Galaxy Starter, Exact , US Seller",42.88,$42.88,False,8.07,+$8.07 delivery in 2-4 days,False,False,True,plantspotsparadise,100.0,98,100.0,False,0,0,False,False,False,False,False,False,False,False,False,False,False,False,United States,False,,False,False,False,False,48,Sponѕor⁧ed,44.588663750224576,-22.65820354517639,0,syngonium mojito,46,21,False,21,35.0,False
137567787163,"Syngonium Pink Perfection 4"" Pot",12.99,$12.99,False,13.48,+$13.48 delivery,False,False,False,southernoakaquaticsfl,100.0,7200,100.0,False,0,8,False,False,False,False,False,False,False,False,False,False,False,False,United States,False,,False,False,False,False,49,Sponѕor⁧ed,44.588663750224576,-22.65820354517639,0,syngonium mojito,47,21,False,21,36.0,False
287508437363,"Syngonium Rolli - 4"" Pot - Free Shipping",29.99,$29.99,False,0.0,Free delivery,True,False,False,happilyplanted,100.0,230,100.0,False,0,0,False,False,False,False,False,False,True,False,False,False,False,False,United States,False,,False,False,False,False,50,Sponѕor⁧ed,44.588663750224576,-22.65820354517639,0,syngonium mojito,48,21,False,21,37.0,False
198676465555,Syngonium Podophyllum Albo variegata - Half Moon,14.0,$14.00,False,6.82,+$6.82 delivery,False,False,False,jos.jungle,100.0,18,100.0,False,0,0,False,False,False,False,False,False,False,False,False,False,False,False,United States,False,,False,False,False,False,51,Sponѕor⁧ed,44.588663750224576,-22.65820354517639,0,syngonium mojito,49,21,False,21,38.0,False
800728020439,Syngonium Arrowhead Plant Pink White Variegated Potted Indoor potted decor house,35.0,$35.00,False,10.43,+$10.43 delivery,False,False,False,phi650590,0.0,0,,True,0,0,False,True,False,False,False,False,False,False,False,False,False,False,United States,False,,False,False,False,False,52,Sponѕor⁧ed,44.588663750224576,-22.65820354517639,0,syngonium mojito,50,21,False,21,39.0,False
128059508613,"Collector's Syngonium 'Pink Perfection' High Variegation 4 Leaf Rooted 4"" Pot",18.0,$18.00,False,12.97,+$12.97 delivery,False,False,False,hammondfamilyfarm,100.0,21,100.0,False,0,0,False,False,False,False,False,False,False,False,False,False,False,False,United States,False,,False,False,False,False,53,Sponѕor⁧ed,44.588663750224576,-22.65820354517639,0,syngonium mojito,51,21,False,21,40.0,False
287618729812,"Variegated Mahoe Sea Hibiscus (Talipariti tiliaceum) Cuttings 5""-8"" Lot of 6",24.99,$24.99,False,0.0,Free delivery,True,False,False,tanglenursery,100.0,1,100.0,False,0,0,False,True,False,False,False,False,False,False,False,False,False,False,United States,False,,False,False,False,False,54,Sponѕor⁧ed,44.588663750224576,-22.65820354517639,0,syngonium mojito,52,21,False,21,41.0,False
366589498417,"Syngonium Podophyllum Albo Variegated In a 4""pot !",14.98,$14.98,False,11.3,+$11.30 delivery,False,False,False,housenplantsllc,100.0,45,100.0,False,0,0,False,False,False,False,False,False,False,False,False,False,False,False,United States,False,,False,False,False,False,55,Sponѕor⁧ed,44.588663750224576,-22.65820354517639,0,syngonium mojito,53,21,False,21,42.0,False
227477558044,Rare Syngonium Pink Flecked Variegated Tropical Arrowhead Vine EXACT Plant,25.0,$25.00,False,10.2,+$10.20 delivery,False,False,False,bohogreenhouse,98.8,2700,98.8,False,0,0,False,False,False,True,False,False,False,False,False,False,False,False,United States,False,,False,False,False,False,56,Sponѕor⁧ed,44.588663750224576,-22.65820354517639,0,syngonium mojito,54,21,False,21,43.0,False
147550358939,"Syngonium Arrowhead Plant, Pink Lava Fully Rooted And Potted",40.0,$40.00,False,10.15,+$10.15 delivery,False,False,False,nate_the_plant_guy,100.0,16,100.0,False,0,0,False,False,False,False,False,False,False,False,False,False,False,False,United States,False,,True,True,True,True,57,Spo⁨nѕored,0.0848959339524551,11.532646235830128,261,syngonium mojito,55,21,False,21,,False
168750636465,"Rare Syngonium Chiapense Variegated 13"" Tall No Monstera Philodendron Aroid",133.2,$133.20$185.00,False,22.55,+$22.55 delivery,False,False,False,plantasha_creatives,99.7,1700,99.7,False,0,0,False,True,False,False,False,False,False,False,False,False,False,False,United States,False,,True,True,True,True,58,Spo⁨nѕored,0.0848959339524551,11.532646235830128,261,syngonium mojito,56,21,False,21,,False
178156380129,Green Syngonium Plant - TWO Cuttings - Rooting in Moss Cut from Mature Mom Plant,7.99,$7.99,False,7.0,+$7.00 delivery,False,False,False,pikaplants,100.0,635,100.0,False,0,6,False,True,False,False,False,False,False,False,False,False,False,False,United States,False,,False,False,False,False,59,Sponѕor⁧ed,44.588663750224576,-22.65820354517639,0,syngonium mojito,57,21,False,21,44.0,False
158323195301,Syngonium Albo Variegata Live Plant 4in Pot Rooted White Green Arrowhead Aroid,26.0,$26.00,False,8.99,+$8.99 delivery,False,False,False,ar_trendz,100.0,276,100.0,False,0,0,False,True,False,False,False,False,False,False,False,False,False,False,United States,False,,False,False,False,False,60,Sponѕor⁧ed,44.588663750224576,-22.65820354517639,0,syngonium mojito,58,21,False,21,45.0,False
267749657216,"Syngonium vine arrowhead Milk Confetti plant 3"" pot",12.0,$12.00,False,13.48,+$13.48 delivery,False,False,False,bkb1fl62,100.0,3500,100.0,False,0,9,False,False,False,False,False,False,False,False,False,False,False,False,United States,False,,False,False,False,False,61,Sponѕor⁧ed,44.588663750224576,-22.65820354517639,0,syngonium mojito,59,21,False,21,46.0,False
278169248790,"SYNGONIUM RED SPOT TRICOLOR AROID RARE 2,5"" Pot",26.9,$26.90,False,7.9,+$7.90 delivery,False,False,False,maiksylvia,99.8,8900,99.8,False,0,0,False,False,False,False,False,False,False,False,False,False,False,False,United States,False,,False,False,False,False,62,Sponѕor⁧ed,44.588663750224576,-22.65820354517639,0,syngonium mojito,60,21,False,21,47.0,False
366581514106,Syngonium Aurea Variegated! Ships Nationwide!,19.99,$19.99,False,10.15,+$10.15 delivery,False,False,False,housenplantsllc,100.0,45,100.0,False,0,0,False,True,False,False,False,False,False,False,False,False,False,False,United States,False,,False,False,False,False,63,Sponѕor⁧ed,44.588663750224576,-22.65820354517639,0,syngonium mojito,61,21,False,21,48.0,False
267658449028,"Syngonium Albo 6"" Pot Variegated Rare Exact Plant #051",29.95,$29.95,False,0.0,Free delivery,True,False,False,mfyplants,100.0,1400,100.0,False,0,10,False,False,False,True,False,False,False,False,False,False,False,False,United States,False,,False,False,False,False,64,Sponѕor⁧ed,44.588663750224576,-22.65820354517639,0,syngonium mojito,62,21,False,21,49.0,False
137808974313,A. Black Satun Pink Stardust,48.0,$48.00,False,16.0,+$16.00 delivery,False,False,False,zehntropicals,100.0,131,100.0,False,0,0,False,True,True,False,False,False,False,False,False,False,False,False,United States,False,,False,False,False,False,65,Sponѕor⁧ed,44.588663750224576,-22.65820354517639,0,syngonium mojito,63,21,False,21,50.0,False
198675923323,Variegated Syngonium Chiapense Live Potted Indoor Tropical #6,25.0,$25.00,False,10.11,+$10.11 delivery,False,False,False,9w6nd77,100.0,1,100.0,False,0,0,False,True,False,False,False,False,False,False,False,False,False,False,United States,False,,False,False,False,False,66,Sponѕor⁧ed,44.588663750224576,-22.65820354517639,0,syngonium mojito,64,21,False,21,51.0,False
168626177701,Syngonium Albo,14.0,$14.00,False,10.49,+$10.49 delivery,False,False,False,baysidenursery02,99.3,253,99.3,False,0,0,False,False,False,False,False,False,False,False,False,False,False,False,United States,False,,False,False,False,False,67,Sponѕor⁧ed,44.588663750224576,-22.65820354517639,0,syngonium mojito,65,21,False,21,52.0,False
295410187919,'White Knight' Syngonium Podophyllum Albo-Variegatum Marble Variegated,11.0,$11.00,False,6.8,+$6.80 delivery,False,False,False,faetedgarden,98.7,4400,98.7,False,28,0,False,False,False,False,False,False,True,False,False,False,False,False,United States,False,,False,False,False,False,68,Sponѕor⁧ed,44.588663750224576,-22.65820354517639,0,syngonium mojito,66,21,False,21,53.0,False
267761000295,Syngonium albo variegated cutting,11.0,$11.00,False,7.5,+$7.50 delivery,False,False,False,chinabitbitsgarden,100.0,870,100.0,False,0,0,False,False,False,False,False,False,False,False,False,False,False,False,United States,False,,False,False,False,False,69,Sponѕor⁧ed,44.588663750224576,-22.65820354517639,0,syngonium mojito,67,21,False,21,54.0,False
267738885797,"Syngonium Albo Variegated 6"" Pot Rare Exact Plant #060",26.95,$26.95,False,0.0,Free delivery,True,False,False,mfyplants,100.0,1400,100.0,False,0,0,False,False,False,True,False,False,False,False,False,False,False,False,United States,False,,False,False,False,False,70,Sponѕor⁧ed,44.588663750224576,-22.65820354517639,0,syngonium mojito,68,21,False,21,55.0,False
117050619178,Syngonium Bundle Bundle of 3 | Syngonium Allusion Bundle | 2in Pots,24.74,$24.74$32.99,False,7.14,+$7.14 delivery,False,False,False,fun_plantsandcactus,99.7,901,99.7,False,0,0,False,False,False,False,True,False,False,False,False,False,False,False,United States,False,,False,False,False,False,71,Sponѕor⁧ed,44.588663750224576,-22.65820354517639,0,syngonium mojito,69,21,False,21,56.0,False
117050618645,Syngonium fiesta 4 inch pot,14.99,$14.99$19.99,False,7.08,+$7.08 delivery,False,False,False,fun_plantsandcactus,99.7,901,99.7,False,0,5,False,False,False,False,True,False,False,False,False,False,False,False,United States,False,,False,False,False,False,72,Sponѕor⁧ed,44.588663750224576,-22.65820354517639,0,syngonium mojito,70,21,False,21,57.0,False
820201430923,RARE Begonia AMPHIOXUS Live Plant potted,19.99,$19.99,False,0.0,Free delivery,True,False,False,inkblotstickers,99.5,565,99.5,False,0,0,False,True,False,False,False,True,False,False,False,False,False,False,United States,False,,False,False,False,False,73,Sponѕor⁧ed,44.588663750224576,-22.65820354517639,0,syngonium mojito,71,21,False,21,58.0,False
285286723501,Syngonium Angustatum five finger Little Star Variegated 1 node fresh cutting,13.5,$13.50,False,0.0,Free delivery,True,False,False,maiksylvia,99.8,8900,99.8,False,0,28,False,False,False,False,True,False,False,False,False,False,False,False,United States,False,,False,False,False,False,74,Sponѕor⁧ed,44.588663750224576,-22.65820354517639,0,syngonium mojito,72,21,False,21,59.0,False
358739263949,Syngonium Three Kings Live Rooted Plant,14.99,$14.99,False,7.05,+$7.05 delivery,False,False,False,classic_beauties,99.3,480,99.3,False,0,8,False,False,False,False,False,False,False,False,False,False,False,False,United States,False,,False,False,False,False,75,Sponѕor⁧ed,44.588663750224576,-22.65820354517639,0,syngonium mojito,73,21,False,21,60.0,False
406195739849,Rare Syngonium Pink Perfection – Pink Variegated Indoor Houseplant,9.99,$9.99 to $12.95,True,8.0,+$8.00 delivery,False,False,False,twilighttropics,100.0,55,100.0,False,0,3,True,False,False,False,False,False,False,False,False,False,False,False,United States,False,,False,False,False,False,76,Sponѕor⁧ed,44.588663750224576,-22.65820354517639,0,syngonium mojito,74,21,False,21,61.0,False
267685578000,"Syngonium Albo Variegated 6"" Pot Rare Exact Plant #020",29.95,$29.95,False,0.0,Free delivery,True,False,False,mfyplants,100.0,1400,100.0,False,0,10,False,False,False,True,False,False,False,False,False,False,False,False,United States,False,,False,False,False,False,77,Sponѕor⁧ed,44.588663750224576,-22.65820354517639,0,syngonium mojito,75,21,False,21,62.0,False
318935623185,#100 SYNGONIUM Milk Confetti AROID RARE 4” Pot Aroid Houseplant,10.0,$10.00,False,20.0,+$20.00 delivery,False,False,False,wildeartha,100.0,4400,100.0,False,0,0,False,False,True,False,False,False,False,False,False,False,False,False,United States,False,,False,False,False,False,78,Sponѕor⁧ed,44.588663750224576,-22.65820354517639,0,syngonium mojito,76,21,False,21,63.0,False
398036698804,"Syngonium Pink Chameleon aka Syngonium Rolli, Rooted Plant Shipped in 3"" Pot",9.95,$9.95,False,12.5,+$12.50 delivery,False,False,False,cowboyflowerman,99.5,27900,99.5,False,0,21,False,False,False,False,False,False,False,False,False,False,False,False,United States,False,,False,False,False,False,79,Sponѕor⁧ed,44.588663750224576,-22.65820354517639,0,syngonium mojito,77,21,False,21,64.0,False
318765076009,Pink Rolli Syngonium Actual Plant,40.5,$40.50$45.00,False,19.8,+$19.80 delivery,False,False,False,victoriababyfarms07,100.0,591,100.0,False,0,0,False,True,False,False,False,False,False,False,False,False,True,False,United States,False,,False,False,False,False,80,Sponѕor⁧ed,44.588663750224576,-22.65820354517639,0,syngonium mojito,78,21,False,21,65.0,False
327299927450,Rare Syngonium Albo Variegated Tropical Arrowhead Vine EXACT Plant,25.0,$25.00,False,10.2,+$10.20 delivery,False,False,False,bohogreenhouse,98.8,2700,98.8,False,0,0,False,False,False,True,False,False,False,False,False,False,False,False,United States,False,,False,False,False,False,81,Sponѕor⁧ed,44.588663750224576,-22.65820354517639,0,syngonium mojito,79,21,False,21,66.0,False
307138306955,syngonium chiapense fully rooted potted plants huge plants,29.99,$29.99,False,15.8,+$15.80 delivery,False,False,False,buyplants2013,100.0,1200,100.0,False,0,2,False,False,False,False,False,False,True,False,False,False,False,False,United States,False,,False,False,False,False,82,Sponѕor⁧ed,44.588663750224576,-22.65820354517639,0,syngonium mojito,80,21,False,21,67.0,False
283535635666,Four of Syngonium Podophyllum Arrowhead Plant ‘White Butterfly’ start Rooted,18.99,$18.99,False,7.99,+$7.99 delivery,False,False,False,sofiyan-6,99.5,2100,99.5,False,67,0,False,False,False,False,False,False,True,False,False,False,False,False,United States,False,,False,False,False,False,83,Sponѕor⁧ed,44.588663750224576,-22.65820354517639,0,syngonium mojito,81,21,False,21,68.0,False
293941440795,Emerald Gem - Syngonium Podophyllum - Arrowhead Vine Philodendron Plant,6.9,$6.90,False,6.8,+$6.80 delivery,False,False,False,faetedgarden,98.7,4400,98.7,False,101,0,False,False,False,False,False,False,False,False,False,False,False,False,United States,False,,False,False,False,False,84,Sponѕor⁧ed,44.588663750224576,-22.65820354517639,0,syngonium mojito,82,21,False,21,69.0,False
168319229858,Variegated Syngonium Lot Houseplant Pink Splash & Albo Arrowhead Well Rooted,29.99,$29.99,False,0.0,Free delivery in 2-4 days,True,False,True,fulleffex,99.9,14100,99.9,False,0,0,False,False,False,False,False,False,False,False,False,False,False,False,United States,False,,False,False,False,False,85,Sponѕor⁧ed,44.588663750224576,-22.65820354517639,0,syngonium mojito,83,21,False,21,70.0,False
257778641898,Pothos 3 Cutting Bundle All Different GROWER’S CHOICE + FREE Syngonium Cutting,11.99,$11.99,False,22.55,+$22.55 delivery,False,False,False,aokplantcompany,100.0,875,100.0,False,0,0,False,False,False,False,False,False,False,False,False,False,False,False,United States,False,,False,False,False,False,86,Sponѕor⁧ed,44.588663750224576,-22.65820354517639,0,syngonium mojito,84,21,False,21,71.0,False
366593108697,Syngonium three kings fully rooted potted plants In a 4 Inches Pot.,19.99,$19.99,False,10.15,+$10.15 delivery,False,False,False,housenplantsllc,100.0,45,100.0,False,0,5,False,False,False,False,False,False,False,False,False,False,False,False,United States,False,,False,False,False,False,87,Sponѕor⁧ed,44.588663750224576,-22.65820354517639,0,syngonium mojito,85,21,False,21,72.0,False
287372477780,"Syngonium Podophyllum Albo variegata Variegated 2,5"" Pot Halfmoon",27.9,$27.90,False,0.0,Free delivery,True,False,False,maiksylvia,99.8,8900,99.8,False,0,0,False,False,False,False,False,False,False,False,False,False,False,False,United States,False,,False,False,False,False,88,Sponѕor⁧ed,44.588663750224576,-22.65820354517639,0,syngonium mojito,86,21,False,21,73.0,False
147528879372,"Syngonium Pink Splash 4"" Pot",14.99,$14.99,False,13.7,+$13.70 delivery,False,False,False,southernoakaquaticsfl,100.0,7200,100.0,False,0,8,False,False,False,False,False,False,False,False,False,False,False,False,United States,False,,False,False,False,False,89,Sponѕor⁧ed,44.588663750224576,-22.65820354517639,0,syngonium mojito,87,21,False,21,74.0,False
395401700916,2 Arrow Head Syngonium Podophyllum Vine Plants Rooted 2 For $8,8.0,$8.00,False,7.99,+$7.99 delivery,False,False,False,kunjmat_42,96.8,696,96.8,False,0,0,False,False,False,False,True,False,False,False,False,False,False,False,United States,False,,False,False,False,False,90,Sponѕor⁧ed,44.588663750224576,-22.65820354517639,0,syngonium mojito,88,21,False,21,75.0,False
318598156687,"4 Different Syngonium Plants - Arrowhead Plants / 4"" Pot / Live Plant",55.99,$55.99,False,9.8,+$9.80 delivery,False,False,False,ks_plants,100.0,68,100.0,False,0,3,False,False,False,True,False,False,False,False,False,False,False,False,United States,False,,False,False,False,False,91,Sponѕor⁧ed,44.588663750224576,-22.65820354517639,0,syngonium mojito,89,21,False,21,76.0,False
307210905350,Begonia Plant - prismatocarpa (variegated) ~ Terrarium / Dart Frogs,15.0,$15.00,False,20.95,+$20.95 delivery,False,False,False,rcbaitsandblooms,100.0,319,100.0,False,0,0,False,False,True,False,False,False,False,False,False,False,False,False,United States,False,,False,False,False,False,92,Sponѕor⁧ed,44.588663750224576,-22.65820354517639,0,syngonium mojito,90,21,False,21,77.0,False
336733459098,Syngonium Aurea 2 Plants in 4” Pot Beautiful Genes Variegation Live Full Plants,35.0,$35.00,False,13.45,+$13.45 delivery,False,False,False,sheisells179,100.0,97,100.0,False,0,0,False,False,False,False,False,False,False,False,False,False,False,False,United States,False,,False,False,False,False,93,Sponѕor⁧ed,44.588663750224576,-22.65820354517639,0,syngonium mojito,91,21,False,21,78.0,False
366690792815,"Syngonium Milk Confetti Live Plant In 4"" Pot~Arrowhead Plant Well Rooted",12.0,$12.00,False,9.5,+$9.50 delivery,False,False,False,pottedjunglefl,100.0,23,100.0,False,0,0,False,False,False,False,False,False,False,False,False,False,False,False,United States,False,,False,False,False,False,94,Sponѕor⁧ed,44.588663750224576,-22.65820354517639,0,syngonium mojito,92,21,False,21,79.0,False
167899303454,"Syngonium Red Spot Tricolor Variegated 2.5"" pot, Fedex 2day*",33.0,$33.00,False,17.0,+$17.00 delivery,False,False,False,canopygems,99.7,2100,99.7,False,0,0,False,False,False,False,False,False,False,False,False,False,False,False,United States,False,,False,False,False,False,95,Sponѕor⁧ed,44.588663750224576,-22.65820354517639,0,syngonium mojito,93,21,False,21,80.0,False
366593140853,"Syngonium Podophyllum Milk Confetti 4"" Pot, Rooted!",19.98,$19.98,False,10.0,+$10.00 delivery,False,False,False,housenplantsllc,100.0,45,100.0,False,0,0,False,False,False,False,False,False,False,False,False,False,False,False,United States,False,,False,False,False,False,96,Sponѕor⁧ed,44.588663750224576,-22.65820354517639,0,syngonium mojito,94,21,False,21,81.0,False
236963162392,"Syngonium Pink Rolli, Exact Plant, US Seller",53.0,$53.00,False,8.07,+$8.07 delivery in 2-4 days,False,False,True,plantspotsparadise,100.0,98,100.0,False,0,0,False,False,False,False,False,False,False,False,False,False,False,False,United States,False,,False,False,False,False,97,Sponѕor⁧ed,44.588663750224576,-22.65820354517639,0,syngonium mojito,95,21,False,21,82.0,False
336552958365,Syngonium wendlandii [cutting],27.0,$27.00,False,5.0,+$5.00 delivery,False,False,False,sunshinestatefoliage,100.0,90,100.0,False,0,0,False,False,False,False,False,False,False,False,False,False,False,False,United States,False,,False,False,False,False,98,Sponѕor⁧ed,44.588663750224576,-22.65820354517639,0,syngonium mojito,96,21,False,21,83.0,False
186808335302,"Syngonium Maria Live Plant In 4"" Pot~Bronze Arrowhead Plant",8.99,$8.99,False,8.9,+$8.90 delivery,False,False,False,anniestore2010,97.8,21100,97.8,False,0,16,False,True,False,False,False,False,False,False,False,False,False,False,United States,False,,False,False,False,False,99,Sponѕor⁧ed,44.588663750224576,-22.65820354517639,0,syngonium mojito,97,21,False,21,84.0,False
395508998898,Syngonium Albo Variegated rooted plant,15.0,$15.00,False,6.34,+$6.34 delivery,False,False,False,succulentqueenvira,99.6,4200,99.6,False,0,17,False,False,False,False,False,False,False,False,False,False,False,False,United States,False,,False,False,False,False,100,Sponѕor⁧ed,44.588663750224576,-22.65820354517639,0,syngonium mojito,98,21,False,21,85.0,False
188997856794,Syngonium podophyllum “Pink Splash”,10.0,$10.00,False,6.34,+$6.34 delivery,False,False,False,broharr-37,100.0,52,100.0,False,0,0,False,True,True,False,False,False,False,False,False,False,False,False,United States,False,,False,False,False,False,101,Sponѕor⁧ed,44.588663750224576,-22.65820354517639,0,syngonium mojito,99,21,False,21,86.0,False
237096105119,"Syngonium Strawberry Ice Galaxy Starter, Exact , US Seller",42.88,$42.88,False,8.07,+$8.07 delivery in 2-4 days,False,False,True,plantspotsparadise,100.0,98,100.0,False,0,0,False,False,False,False,False,False,False,False,False,False,False,False,United States,False,,False,False,False,False,102,Sponѕor⁧ed,44.588663750224576,-22.65820354517639,0,syngonium mojito,100,21,False,21,87.0,False
318792385728,"Syngonium Chiapense Albo Variegated Plant In 3.5"" Pot.",47.0,$47.00,False,0.0,Free delivery,True,False,False,the_sentient_garden,100.0,165,100.0,False,0,0,False,False,False,False,False,False,False,False,False,False,False,False,United States,False,,False,False,False,False,103,Sponѕor⁧ed,44.588663750224576,-22.65820354517639,0,syngonium mojito,101,21,False,21,88.0,False
257470996070,Syngonium arrowhead vine Albo variegated with 6” Pot Plant shown,19.0,$19.00,False,10.11,+$10.11 delivery,False,False,False,bkb1fl62,100.0,3500,100.0,False,0,0,False,False,False,False,False,False,False,False,False,False,False,False,United States,False,,False,False,False,False,104,Sponѕor⁧ed,44.588663750224576,-22.65820354517639,0,syngonium mojito,102,21,False,21,89.0,False
287449938244,Mature Large Syngonium Angustatum five finger Little Star live Plant,29.9,$29.90,False,8.9,+$8.90 delivery,False,False,False,maiksylvia,99.8,8900,99.8,False,0,0,False,False,False,False,False,False,False,False,False,False,False,False,United States,False,,False,False,False,False,105,Sponѕor⁧ed,44.588663750224576,-22.65820354517639,0,syngonium mojito,103,21,False,21,90.0,False
398317658014,Syngonium Pink Cloud Plant,48.0,$48.00,False,6.34,+$6.34 delivery,False,False,False,madroots,100.0,33,100.0,False,0,0,False,True,False,True,False,False,False,False,False,False,False,False,United States,False,,False,False,False,False,106,Sponѕor⁧ed,44.588663750224576,-22.65820354517639,0,syngonium mojito,104,21,False,21,91.0,False
147526887859,Variegated Syngonium Wendlandii Live Rooted Plant 5-12',15.0,$15.00,False,6.34,+$6.34 delivery,False,False,False,janicen321,100.0,49,100.0,False,0,0,False,False,False,False,False,False,False,False,False,False,False,False,United States,False,,False,False,False,False,107,Sponѕor⁧ed,44.588663750224576,-22.65820354517639,0,syngonium mojito,105,21,False,21,92.0,False
307174068982,Syngonium albo variegata - Arrowhead,64.99,$64.99,False,19.99,+$19.99 delivery in 2-4 days,False,False,True,beautiflorist,99.5,23200,99.5,False,0,0,False,False,False,False,False,False,False,False,False,False,False,False,United States,False,,False,False,False,False,108,Sponѕor⁧ed,44.588663750224576,-22.65820354517639,0,syngonium mojito,106,21,False,21,93.0,False
318872472757,"Syngonium Chiapense Albo Variegated Plant In 3.5"" Pot.",47.0,$47.00,False,0.0,Free delivery,True,False,False,the_sentient_garden,100.0,165,100.0,False,0,0,False,False,False,False,False,False,False,False,False,False,False,False,United States,False,,False,False,False,False,109,Sponѕor⁧ed,44.588663750224576,-22.65820354517639,0,syngonium mojito,107,21,False,21,94.0,False
318934654887,Alocasia Pink Bambino ( 5 leafs pushing out #6),45.0,$45.00,False,20.15,+$20.15 delivery,False,False,False,sa_119549,0.0,0,,True,0,0,False,True,False,False,False,False,False,False,False,False,False,False,United States,False,,False,False,False,False,110,Sponѕor⁧ed,44.588663750224576,-22.65820354517639,0,syngonium mojito,108,21,False,21,95.0,False
800088190521,Syngonium Albo Baby Plant,20.0,$20.00,False,5.68,+$5.68 delivery in 2-4 days,False,False,True,momogarden,100.0,100,100.0,False,0,0,False,False,False,False,False,False,False,False,False,False,False,False,United States,False,,False,False,False,False,111,Sponѕor⁧ed,44.588663750224576,-22.65820354517639,0,syngonium mojito,109,21,False,21,96.0,False
267720816645,"Syngonium Red Arrow Live Plant Rooted 4"" Nursery Pot Burgundy Arrowhead Plant",21.99,$21.99,False,0.0,Free delivery,True,False,False,exoticwholesale,99.6,2800,99.6,False,0,3,False,False,False,False,False,False,False,False,False,False,False,False,United States,False,,False,False,False,False,112,Sponѕor⁧ed,44.588663750224576,-22.65820354517639,0,syngonium mojito,110,21,False,21,97.0,False
318621197045,Pink Lava Syngonium Actual Plant Siga Lava,21.6,$21.60$24.00,False,13.65,+$13.65 delivery,False,False,False,victoriababyfarms07,100.0,591,100.0,False,0,0,False,True,False,False,False,False,False,False,False,False,False,False,United States,False,,False,False,False,False,113,Sponѕor⁧ed,44.588663750224576,-22.65820354517639,0,syngonium mojito,111,21,False,21,98.0,False
267684375647,"Syngonium Albo Variegated 6"" Pot Rare Exact Plant #046",29.95,$29.95,False,0.0,Free delivery,True,False,False,mfyplants,100.0,1400,100.0,False,0,0,False,False,False,True,False,False,False,False,False,False,False,False,United States,False,,False,False,False,False,114,Sponѕor⁧ed,44.588663750224576,-22.65820354517639,0,syngonium mojito,112,21,False,21,99.0,False
307066194152,syngonium three kings fully rooted potted plants,16.99,$16.99,False,9.54,+$9.54 delivery,False,False,False,buyplants2013,100.0,1200,100.0,False,0,3,False,False,False,False,False,False,True,False,False,False,False,False,United States,False,,False,False,False,False,115,Sponѕor⁧ed,44.588663750224576,-22.65820354517639,0,syngonium mojito,113,21,False,21,100.0,False
800109454171,Syngonium Albo Baby Plant,15.0,$15.00,False,5.68,+$5.68 delivery in 2-4 days,False,False,True,momogarden,100.0,100,100.0,False,0,0,False,False,False,False,False,False,False,False,False,False,False,False,United States,False,,False,False,False,False,116,Sponѕor⁧ed,44.588663750224576,-22.65820354517639,0,syngonium mojito,114,21,False,21,101.0,False
158366184560,"Syngonium Angustatum Little Star 4"" pot, Fedex 2day*",22.0,$22.00,False,17.0,+$17.00 delivery,False,False,False,canopygems,99.7,2100,99.7,False,0,0,False,False,False,False,False,False,False,False,False,False,False,False,United States,False,,False,False,False,False,117,Sponѕor⁧ed,44.588663750224576,-22.65820354517639,0,syngonium mojito,115,21,False,21,102.0,False
128011044582,Rare Syngonium Panda Galaxy Variegated Tropical Vining Arrowhead Vine Plant,26.9,$26.90,False,9.75,+$9.75 delivery,False,False,False,lakrees_90,100.0,40,100.0,False,0,1,False,False,False,False,False,False,True,False,False,False,False,False,United States,False,,False,False,False,False,118,Sponѕor⁧ed,44.588663750224576,-22.65820354517639,0,syngonium mojito,116,21,False,21,103.0,False
267769367965,"Syngonium Albo Variegated 6"" Pot Rare Exact Plant #025",34.95,$34.95,False,0.0,Free delivery,True,False,False,mfyplants,100.0,1400,100.0,False,0,0,False,False,False,True,False,False,False,False,False,False,False,False,United States,False,,False,False,False,False,119,Sponѕor⁧ed,44.588663750224576,-22.65820354517639,0,syngonium mojito,117,21,False,21,104.0,False
227458588917,Syngonium Green Splash 4inch Pot,35.0,$35.00,False,17.0,+$17.00 delivery,False,False,False,gta.hi,100.0,221,100.0,False,0,0,False,False,False,False,False,False,False,False,False,False,False,False,United States,False,,False,False,False,False,120,Sponѕor⁧ed,44.588663750224576,-22.65820354517639,0,syngonium mojito,118,21,False,21,105.0,False
366673608450,Syngonium Wenlandii Live Plant Rooted Aroid,12.0,$12.00,False,6.34,+$6.34 delivery,False,False,False,zonetenplants1,100.0,23,100.0,False,0,0,False,True,False,False,False,False,False,False,False,False,False,False,United States,False,,False,False,False,False,121,Sponѕor⁧ed,44.588663750224576,-22.65820354517639,0,syngonium mojito,119,21,False,21,106.0,False
318872470761,"Syngonium Chiapense Albo Variegated Plant In 3.5"" Pot.",35.0,$35.00,False,0.0,Free delivery,True,False,False,the_sentient_garden,100.0,165,100.0,False,0,0,False,False,False,False,False,False,False,False,False,False,False,False,United States,False,,False,False,False,False,122,Sponѕor⁧ed,44.588663750224576,-22.65820354517639,0,syngonium mojito,120,21,False,21,107.0,False
168668560118,"Rare Syngonium Variegated Ngern Lai Ma 12"" Tall Not Monstera Philodendron Aroid",28.8,$28.80$40.00,False,22.55,+$22.55 delivery,False,False,False,plantasha_creatives,99.7,1700,99.7,False,0,0,False,True,False,False,False,False,False,False,False,False,False,False,United States,False,,False,False,False,False,123,Sponѕor⁧ed,44.588663750224576,-22.65820354517639,0,syngonium mojito,121,21,False,21,108.0,False
296207367300,Neon Robusta - Pink Syngonium Podophyllum - Arrowhead Vine Philodendron Plant,6.25,$6.25,False,6.8,+$6.80 delivery,False,False,False,faetedgarden,98.7,4400,98.7,False,8,0,False,False,False,False,False,False,True,False,False,False,False,False,United States,False,,False,False,False,False,124,Sponѕor⁧ed,44.588663750224576,-22.65820354517639,0,syngonium mojito,122,21,False,21,109.0,False
224768878140,"Syngonium Rayii small rooted plant with 3+ leaves, tropical climbing vine",12.0,$12.00,False,11.5,+$11.50 delivery,False,False,False,myfrogparadise,100.0,301,100.0,False,36,0,False,True,False,False,False,False,True,False,False,False,False,False,United States,False,,False,False,False,False,125,Sponѕor⁧ed,44.588663750224576,-22.65820354517639,0,syngonium mojito,123,21,False,21,110.0,False
137499815485,syngonium podophyllum holly/one gallon pot/ free shipping,30.0,$30.00,False,0.0,Free delivery,True,False,False,jahrassicpark,100.0,257,100.0,False,0,0,False,False,False,False,False,False,False,False,False,False,False,False,United States,False,,False,False,False,False,126,Sponѕor⁧ed,44.588663750224576,-22.65820354517639,0,syngonium mojito,124,21,False,21,111.0,False
227456853716,Rare Syngonium Panda Galaxy Variegated Tropical Vining Arrowhead Vine Plant #4,30.0,$30.00,False,10.2,+$10.20 delivery,False,False,False,bohogreenhouse,98.8,2700,98.8,False,0,11,False,False,False,True,False,False,False,False,False,False,False,False,United States,False,,False,False,False,False,127,Sponѕor⁧ed,44.588663750224576,-22.65820354517639,0,syngonium mojito,125,21,False,21,112.0,False
237091128614,Begonia Amphioxus 4”,40.0,$40.00,False,6.23,+$6.23 delivery,False,False,False,roots_and_relics,100.0,137,100.0,False,0,10,False,True,False,False,False,False,False,False,False,False,False,False,United States,False,,False,False,False,False,128,Sponѕor⁧ed,44.588663750224576,-22.65820354517639,0,syngonium mojito,126,21,False,21,113.0,False
267761002171,Syngonium white butterfly cuttings,10.0,$10.00,False,8.0,+$8.00 delivery,False,False,False,chinabitbitsgarden,100.0,870,100.0,False,0,0,False,False,False,False,False,False,False,False,False,False,False,False,United States,False,,False,False,False,False,129,Sponѕor⁧ed,44.588663750224576,-22.65820354517639,0,syngonium mojito,127,21,False,21,114.0,False
326720837258,Syngonium Red Arrow HousPlant Live Plant 4in Pot,29.99,$29.99,False,0.0,Free delivery,True,False,False,exoticwholesale,99.6,2800,99.6,False,0,12,False,False,False,False,False,False,False,False,False,False,False,False,United States,False,,False,False,False,False,130,Sponѕor⁧ed,44.588663750224576,-22.65820354517639,0,syngonium mojito,128,21,False,21,115.0,False
189014763401,#96 RARE Begonia Variegated Soli-mutata 4” Pot Aroid Houseplant,33.0,$33.00,False,15.0,+$15.00 delivery,False,False,False,wildeartha,100.0,4400,100.0,False,0,0,False,False,True,False,False,False,False,False,False,False,False,False,United States,False,,False,False,False,False,131,Sponѕor⁧ed,44.588663750224576,-22.65820354517639,0,syngonium mojito,129,21,False,21,116.0,False
127914971469,"Syngonium Pink Rolli, Pink/Green Variegated Live Potted Indoor 4inch pot",25.0,$25.00,False,17.12,+$17.12 delivery,False,False,False,hammondfamilyfarm,100.0,21,100.0,False,0,0,False,True,False,False,True,False,False,False,False,False,False,False,United States,False,,True,True,True,True,132,Spo⁨nѕored,0.0848959339524551,11.532646235830128,261,syngonium mojito,130,21,False,21,,False
315881224644,BubbleBlooms Syngonium White Butterfly in a 4 inch Pot,24.99,$24.99,False,5.95,+$5.95 delivery,False,False,False,bubbleblooms.shop,98.3,2500,98.3,False,0,0,False,False,False,False,True,False,False,False,False,False,False,False,United States,False,,True,True,True,True,133,Spo⁨nѕored,0.0848959339524551,11.532646235830128,261,syngonium mojito,131,21,False,21,,False
306845168403,Syngonium Plant Collection (4 Pack) Live Starter Plants,28.5,$28.50 to $29.99,True,0.0,Free delivery,True,False,False,famplants,98.9,1100,98.9,False,0,0,False,False,False,False,False,False,False,False,False,False,False,False,United States,False,,True,True,True,True,3,Ѕ⁧ponsored,0.00614578055991899,11.515610909787142,251,syngonium pink splash,1,120,True,228,,False
147465049803,Syngonium pink splash cutting with nodes in 2.5” pot & spagnum moss,11.0,$11.00,False,6.34,+$6.34 delivery,False,False,False,acfishroom,97.8,282,97.8,False,0,1,False,True,False,False,True,False,True,False,False,False,False,False,United States,False,,True,True,True,True,4,Ѕ⁧ponsored,0.00614578055991899,11.515610909787142,251,syngonium pink splash,2,120,True,228,,False
315123707544,"Syngonium Neon Pink, 2 inch Set of 3, Strawberry Princess Arrowhead Vine Tiny Mi",49.99,$49.99,False,5.95,+$5.95 delivery,False,False,False,bubbleblooms.shop,98.3,2500,98.3,False,0,0,False,True,False,False,True,False,False,False,False,False,False,False,United States,False,,True,True,True,True,5,Ѕ⁧ponsored,0.00614578055991899,11.515610909787142,251,syngonium pink splash,3,120,True,228,,False
317442502980,"Syngonium 'Pink Splash' - 4"" Pot | Live Plant for Indoor & Outdoor",34.99,$34.99 to $52.99,True,9.8,+$9.80 delivery,False,False,False,ks_plants,100.0,68,100.0,False,0,0,False,False,False,False,False,False,False,False,False,False,False,False,United States,False,,True,True,True,True,6,Ѕ⁧ponsored,0.00614578055991899,11.515610909787142,251,syngonium pink splash,4,120,True,228,,False
287624647126,Variegated Pink Splash Syngonium,20.0,$20.00,False,10.15,+$10.15 delivery,False,False,False,caseymae13,100.0,48,100.0,False,0,0,False,True,False,False,False,False,False,False,False,True,False,False,United States,False,,False,False,False,False,7,Ѕponso⁩red,-27.879823374078867,-30.508353291467067,0,syngonium pink splash,5,120,True,228,1.0,False
147528879372,"Syngonium Pink Splash 4"" Pot",14.99,$14.99,False,13.7,+$13.70 delivery,False,False,False,southernoakaquaticsfl,100.0,7200,100.0,False,0,8,False,False,False,False,False,False,False,False,False,False,False,False,United States,False,,False,False,False,False,8,Ѕponso⁩red,-27.879823374078867,-30.508353291467067,0,syngonium pink splash,6,120,True,228,2.0,False
158366132447,"Syngonium Pink Splash Variegated 2.5"" pot, Fedex 2day*",20.0,$20.00,False,17.0,+$17.00 delivery,False,False,False,canopygems,99.7,2100,99.7,False,0,0,False,False,False,False,False,False,False,False,False,False,False,False,United States,False,,False,False,False,False,9,Ѕponso⁩red,-27.879823374078867,-30.508353291467067,0,syngonium pink splash,7,120,True,228,3.0,False
267700320648,"Syngonium Pink Splash Plant - Rare Variegated Arrow Head Leaf Plant in 4"" Pot",19.99,$19.99,False,0.0,Free delivery,True,False,False,exoticwholesale,99.6,2800,99.6,False,0,0,False,False,False,False,False,False,False,False,False,False,False,False,United States,False,,False,False,False,False,10,Ѕponso⁩red,-27.879823374078867,-30.508353291467067,0,syngonium pink splash,8,120,True,228,4.0,False
188997856794,Syngonium podophyllum “Pink Splash”,10.0,$10.00,False,6.34,+$6.34 delivery,False,False,False,broharr-37,100.0,52,100.0,False,0,0,False,True,True,False,False,False,False,False,False,False,False,False,United States,False,,False,False,False,False,11,Ѕponso⁩red,-27.879823374078867,-30.508353291467067,0,syngonium pink splash,9,120,True,228,5.0,False
168319229858,Variegated Syngonium Lot Houseplant Pink Splash & Albo Arrowhead Well Rooted,29.99,$29.99,False,0.0,Free delivery in 2-4 days,True,False,True,fulleffex,99.9,14100,99.9,False,0,0,False,False,False,False,False,False,False,False,False,False,False,False,United States,False,,False,False,False,False,12,Ѕponso⁩red,-27.879823374078867,-30.508353291467067,0,syngonium pink splash,10,120,True,228,6.0,False
237096094197,"Syngonium Strawberry Ice Galaxy Starter, Exact , US Seller",37.0,$37.00,False,8.07,+$8.07 delivery in 2-4 days,False,False,True,plantspotsparadise,100.0,98,100.0,False,0,0,False,False,False,False,False,False,False,False,False,False,False,False,United States,False,,False,False,False,False,13,Ѕponso⁩red,-27.879823374078867,-30.508353291467067,0,syngonium pink splash,11,120,True,228,7.0,False
137567787163,"Syngonium Pink Perfection 4"" Pot",12.99,$12.99,False,13.48,+$13.48 delivery,False,False,False,southernoakaquaticsfl,100.0,7200,100.0,False,0,8,False,False,False,False,False,False,False,False,False,False,False,False,United States,False,,False,False,False,False,14,Ѕponso⁩red,-27.879823374078867,-30.508353291467067,0,syngonium pink splash,12,120,True,228,8.0,False
398317658014,Syngonium Pink Cloud Plant,48.0,$48.00,False,6.34,+$6.34 delivery,False,False,False,madroots,100.0,33,100.0,False,0,0,False,True,False,True,False,False,False,False,False,False,False,False,United States,False,,True,True,True,True,15,Ѕ⁧ponsored,0.00614578055991899,11.515610909787142,251,syngonium pink splash,13,120,True,228,,False
318765076009,Pink Rolli Syngonium Actual Plant,40.5,$40.50$45.00,False,19.8,+$19.80 delivery,False,False,False,victoriababyfarms07,100.0,591,100.0,False,0,0,False,True,False,False,False,False,False,False,False,False,True,False,United States,False,,True,True,True,True,16,Ѕ⁧ponsored,0.00614578055991899,11.515610909787142,251,syngonium pink splash,14,120,True,228,,False
137648274127,Pink Houseplant Syngonium + Free Plant Pot,13.99,$13.99,False,14.27,+$14.27 delivery,False,False,False,crazyfunitems,100.0,518,100.0,False,0,0,False,True,False,False,False,False,False,False,False,False,False,False,United States,False,,True,True,True,True,17,Ѕ⁧ponsored,0.00614578055991899,11.515610909787142,251,syngonium pink splash,15,120,True,228,,False
117050619178,Syngonium Bundle Bundle of 3 | Syngonium Allusion Bundle | 2in Pots,24.74,$24.74$32.99,False,7.14,+$7.14 delivery,False,False,False,fun_plantsandcactus,99.7,901,99.7,False,0,0,False,False,False,False,True,False,False,False,False,False,False,False,United States,False,,True,True,True,True,18,Ѕ⁧ponsored,0.00614578055991899,11.515610909787142,251,syngonium pink splash,16,120,True,228,,False
128059508613,"Collector's Syngonium 'Pink Perfection' High Variegation 4 Leaf Rooted 4"" Pot",18.0,$18.00,False,12.97,+$12.97 delivery,False,False,False,hammondfamilyfarm,100.0,21,100.0,False,0,0,False,False,False,False,False,False,False,False,False,False,False,False,United States,False,,False,False,False,False,19,Ѕponso⁩red,-27.879823374078867,-30.508353291467067,0,syngonium pink splash,17,120,True,228,9.0,False
227458588917,Syngonium Green Splash 4inch Pot,35.0,$35.00,False,17.0,+$17.00 delivery,False,False,False,gta.hi,100.0,221,100.0,False,0,0,False,False,False,False,False,False,False,False,False,False,False,False,United States,False,,False,False,False,False,20,Ѕponso⁩red,-27.879823374078867,-30.508353291467067,0,syngonium pink splash,18,120,True,228,10.0,False
236925588518,"Syngonium Strawberry Ice Galaxy Starter, Exact , US Seller",42.88,$42.88,False,8.07,+$8.07 delivery in 2-4 days,False,False,True,plantspotsparadise,100.0,98,100.0,False,0,0,False,False,False,False,False,False,False,False,False,False,False,False,United States,False,,False,False,False,False,21,Ѕponso⁩red,-27.879823374078867,-30.508353291467067,0,syngonium pink splash,19,120,True,228,11.0,False
128109392389,Rare Syngonium Pink Candy Spot Variegated Tropical Vining Arrowhead Vine Plant B,25.99,$25.99,False,9.75,+$9.75 delivery,False,False,False,lakrees_90,100.0,40,100.0,False,0,0,False,True,False,False,False,False,False,False,False,False,False,False,United States,False,,False,False,False,False,22,Ѕponso⁩red,-27.879823374078867,-30.508353291467067,0,syngonium pink splash,20,120,True,228,12.0,False
227477558676,Rare Syngonium Pink Flecked Variegated Tropical Arrowhead Vine EXACT Plant 2,25.0,$25.00,False,10.2,+$10.20 delivery,False,False,False,bohogreenhouse,98.8,2700,98.8,False,0,0,False,False,False,True,False,False,False,False,False,False,False,False,United States,False,,False,False,False,False,23,Ѕponso⁩red,-27.879823374078867,-30.508353291467067,0,syngonium pink splash,21,120,True,228,13.0,False
227477558044,Rare Syngonium Pink Flecked Variegated Tropical Arrowhead Vine EXACT Plant,25.0,$25.00,False,10.2,+$10.20 delivery,False,False,False,bohogreenhouse,98.8,2700,98.8,False,0,0,False,False,False,True,False,False,False,False,False,False,False,False,United States,False,,False,False,False,False,24,Ѕponso⁩red,-27.879823374078867,-30.508353291467067,0,syngonium pink splash,22,120,True,228,14.0,False
236963162392,"Syngonium Pink Rolli, Exact Plant, US Seller",53.0,$53.00,False,8.07,+$8.07 delivery in 2-4 days,False,False,True,plantspotsparadise,100.0,98,100.0,False,0,0,False,False,False,False,False,False,False,False,False,False,False,False,United States,False,,False,False,False,False,25,Ѕponso⁩red,-27.879823374078867,-30.508353291467067,0,syngonium pink splash,23,120,True,228,15.0,False
304597141598,Pink Splash Syngonium,89.0,$89.00,False,13.7,+$13.70 delivery,False,False,False,smi_5387,100.0,15,100.0,False,0,0,False,False,False,False,False,False,False,False,False,False,False,False,United States,False,,False,False,False,False,26,Ѕponso⁩red,-27.879823374078867,-30.508353291467067,0,syngonium pink splash,24,120,True,228,16.0,False
304614948181,Pink Splash Syngonium high variegation,54.0,$54.00,False,13.48,+$13.48 delivery,False,False,False,smi_5387,100.0,15,100.0,False,0,0,False,False,False,False,False,False,False,False,False,False,False,False,United States,False,,False,False,False,False,27,Ѕponso⁩red,-27.879823374078867,-30.508353291467067,0,syngonium pink splash,25,120,True,228,17.0,False
398036698804,"Syngonium Pink Chameleon aka Syngonium Rolli, Rooted Plant Shipped in 3"" Pot",9.95,$9.95,False,12.5,+$12.50 delivery,False,False,False,cowboyflowerman,99.5,27900,99.5,False,0,21,False,False,False,False,False,False,False,False,False,False,False,False,United States,False,,False,False,False,False,28,Ѕponso⁩red,-27.879823374078867,-30.508353291467067,0,syngonium pink splash,26,120,True,228,18.0,False
366581509505,Syngonium Red Spot Tricolor In a 4 Inches Pot,24.98,$24.98,False,0.0,Free delivery,True,False,False,housenplantsllc,100.0,45,100.0,False,0,0,False,True,False,False,False,False,False,False,False,False,False,False,United States,False,,False,False,False,False,29,Ѕponso⁩red,-27.879823374078867,-30.508353291467067,0,syngonium pink splash,27,120,True,228,19.0,False
313597737093,"Pink Syngonium Nice plant in 3"" pot!",8.0,$8.00,False,6.0,+$6.00 delivery,False,False,False,ricvela-5326,100.0,1500,100.0,False,0,11,False,False,False,False,False,False,False,False,False,False,False,False,United States,False,,False,False,False,False,30,Ѕponso⁩red,-27.879823374078867,-30.508353291467067,0,syngonium pink splash,28,120,True,228,20.0,False
318621197045,Pink Lava Syngonium Actual Plant Siga Lava,21.6,$21.60$24.00,False,13.65,+$13.65 delivery,False,False,False,victoriababyfarms07,100.0,591,100.0,False,0,0,False,True,False,False,False,False,False,False,False,False,False,False,United States,False,,True,True,True,True,31,Ѕ⁧ponsored,0.00614578055991899,11.515610909787142,251,syngonium pink splash,29,120,True,228,,False
117050618645,Syngonium fiesta 4 inch pot,14.99,$14.99$19.99,False,7.08,+$7.08 delivery,False,False,False,fun_plantsandcactus,99.7,901,99.7,False,0,5,False,False,False,False,True,False,False,False,False,False,False,False,United States,False,,True,True,True,True,32,Ѕ⁧ponsored,0.00614578055991899,11.515610909787142,251,syngonium pink splash,30,120,True,228,,False
287608071482,"SYNGONIUM RED SPOT TRICOLOR AROID RARE 2,5"" Pot",26.9,$26.90,False,7.9,+$7.90 delivery,False,False,False,maiksylvia,99.8,8900,99.8,False,0,0,False,False,False,False,False,False,False,False,False,False,False,False,United States,False,,True,True,True,True,33,Ѕ⁧ponsored,0.00614578055991899,11.515610909787142,251,syngonium pink splash,31,120,True,228,,False
406195739849,Rare Syngonium Pink Perfection – Pink Variegated Indoor Houseplant,9.99,$9.99 to $12.95,True,8.0,+$8.00 delivery,False,False,False,twilighttropics,100.0,55,100.0,False,0,0,False,False,False,False,False,False,False,False,False,False,False,False,United States,False,,True,True,True,True,34,Ѕ⁧ponsored,0.00614578055991899,11.515610909787142,251,syngonium pink splash,32,120,True,228,,False
304575679100,Pink Splash Syngonium,65.0,$65.00,False,13.48,+$13.48 delivery,False,False,False,smi_5387,100.0,15,100.0,False,0,0,False,True,False,False,False,False,False,False,False,False,False,False,United States,False,,False,False,False,False,35,Ѕponso⁩red,-27.879823374078867,-30.508353291467067,0,syngonium pink splash,33,120,True,228,21.0,False
318899730249,"Pink Syngonium Nice plant in 3"" pot!",8.0,$8.00,False,6.0,+$6.00 delivery,False,False,False,ricvela-5326,100.0,1500,100.0,False,0,0,False,False,False,False,False,False,False,False,False,False,False,False,United States,False,,False,False,False,False,36,Ѕponso⁩red,-27.879823374078867,-30.508353291467067,0,syngonium pink splash,34,120,True,228,22.0,False
237096105119,"Syngonium Strawberry Ice Galaxy Starter, Exact , US Seller",42.88,$42.88,False,8.07,+$8.07 delivery in 2-4 days,False,False,True,plantspotsparadise,100.0,98,100.0,False,0,0,False,False,False,False,False,False,False,False,False,False,False,False,United States,False,,False,False,False,False,37,Ѕponso⁩red,-27.879823374078867,-30.508353291467067,0,syngonium pink splash,35,120,True,228,23.0,False
158269300961,Rare Pink Emerald Syngonium,69.0,$69.00,False,5.68,+$5.68 delivery,False,False,False,chris751011,0.0,0,,True,0,0,False,False,False,False,False,False,False,False,False,False,False,False,United States,False,,False,False,False,False,38,Ѕponso⁩red,-27.879823374078867,-30.508353291467067,0,syngonium pink splash,36,120,True,228,24.0,False
318935623185,#100 SYNGONIUM Milk Confetti AROID RARE 4” Pot Aroid Houseplant,10.0,$10.00,False,20.0,+$20.00 delivery,False,False,False,wildeartha,100.0,4400,100.0,False,0,0,False,False,True,False,False,False,False,False,False,False,False,False,United States,False,,False,False,False,False,39,Ѕponso⁩red,-27.879823374078867,-30.508353291467067,0,syngonium pink splash,37,120,True,228,25.0,False
366593108697,Syngonium three kings fully rooted potted plants In a 4 Inches Pot.,19.99,$19.99,False,10.15,+$10.15 delivery,False,False,False,housenplantsllc,100.0,45,100.0,False,0,5,False,False,False,False,False,False,False,False,False,False,False,False,United States,False,,False,False,False,False,40,Ѕponso⁩red,-27.879823374078867,-30.508353291467067,0,syngonium pink splash,38,120,True,228,26.0,False
278169248790,"SYNGONIUM RED SPOT TRICOLOR AROID RARE 2,5"" Pot",26.9,$26.90,False,7.9,+$7.90 delivery,False,False,False,maiksylvia,99.8,8900,99.8,False,0,0,False,False,False,False,False,False,False,False,False,False,False,False,United States,False,,True,True,True,True,41,Ѕ⁧ponsored,0.00614578055991899,11.515610909787142,251,syngonium pink splash,39,120,True,228,,False
128057889983,Rare Syngonium Podophyllum 'Pink Spot' Beautifully Variegated Starter Plant,30.0,$30.00,False,17.05,+$17.05 delivery,False,False,False,hammondfamilyfarm,100.0,21,100.0,False,0,0,False,False,False,False,False,False,False,False,False,False,False,False,United States,False,,True,True,True,True,42,Ѕ⁧ponsored,0.00614578055991899,11.515610909787142,251,syngonium pink splash,40,120,True,228,,False
304560873983,Pink Splash Syngonium,75.0,$75.00,False,11.0,+$11.00 delivery,False,False,False,smi_5387,100.0,15,100.0,False,0,0,False,False,False,False,False,False,False,False,False,False,False,False,United States,False,,False,False,False,False,43,Ѕponso⁩red,-27.879823374078867,-30.508353291467067,0,syngonium pink splash,41,120,True,228,27.0,False
168578976219,Syngonium Pink Splash 4 in Live Houseplant | Arrowhead Plant,24.99,$24.99,False,6.99,+$6.99 delivery,False,False,False,riversidegreenhouses,100.0,4,100.0,False,0,0,False,False,False,False,False,False,False,False,False,False,False,False,United States,False,,False,False,False,False,44,Ѕponso⁩red,-27.879823374078867,-30.508353291467067,0,syngonium pink splash,42,120,True,228,28.0,True
257115497628,Syngonium pink starter live plants,10.0,$10.00,False,6.07,+$6.07 delivery,False,False,False,raeben2014,100.0,142,100.0,False,0,12,False,False,False,False,False,False,False,False,False,False,False,False,United States,False,,False,False,False,False,45,Ѕponso⁩red,-27.879823374078867,-30.508353291467067,0,syngonium pink splash,43,120,True,228,29.0,False
128057925604,Syngonium Tricolor Variegated Pink Salmon Rooted In 4inch Pot,88.0,$88.00,False,22.97,+$22.97 delivery,False,False,False,hammondfamilyfarm,100.0,21,100.0,False,0,0,False,False,False,False,False,False,False,False,False,False,False,False,United States,False,,False,False,False,False,46,Ѕponso⁩red,-27.879823374078867,-30.508353291467067,0,syngonium pink splash,44,120,True,228,30.0,False
127914971469,"Syngonium Pink Rolli, Pink/Green Variegated Live Potted Indoor 4inch pot",25.0,$25.00,False,17.12,+$17.12 delivery,False,False,False,hammondfamilyfarm,100.0,21,100.0,False,0,0,False,True,False,False,True,False,False,False,False,False,False,False,United States,False,,False,False,False,False,47,Ѕponso⁩red,-27.879823374078867,-30.508353291467067,0,syngonium pink splash,45,120,True,228,31.0,False
168284607757,Syngonium Pink Splash - Live Houseplant - 4-inch Pot,29.04,$29.04,False,9.99,+$9.99 delivery,False,False,False,riversidegreenhouses,100.0,4,100.0,False,0,0,False,True,False,False,False,False,False,False,False,False,False,False,United States,False,,False,False,False,False,48,Ѕponso⁩red,-27.879823374078867,-30.508353291467067,0,syngonium pink splash,46,120,True,228,32.0,True
257142227293,"Syngonium pink 6"" live plants",25.0,$25.00,False,10.11,+$10.11 delivery,False,False,False,raeben2014,100.0,142,100.0,False,0,4,False,False,False,False,False,False,False,False,False,False,False,False,United States,False,,False,False,False,False,49,Ѕponso⁩red,-27.879823374078867,-30.508353291467067,0,syngonium pink splash,47,120,True,228,33.0,False
358739263949,Syngonium Three Kings Live Rooted Plant,14.99,$14.99,False,7.05,+$7.05 delivery,False,False,False,classic_beauties,99.3,480,99.3,False,0,8,False,False,False,False,False,False,False,False,False,False,False,False,United States,False,,False,False,False,False,50,Ѕponso⁩red,-27.879823374078867,-30.508353291467067,0,syngonium pink splash,48,120,True,228,34.0,False
256632633545,"Syngonium PINK SPLASH VARIEGATEd, Rare, Houseplant, Decor, Gift",50.0,$50.00,False,13.48,+$13.48 delivery,False,False,False,zensclosetcollection,100.0,282,100.0,False,0,0,False,False,False,False,False,False,False,False,False,False,False,False,United States,False,,False,False,False,False,51,Ѕponso⁩red,-27.879823374078867,-30.508353291467067,0,syngonium pink splash,49,120,True,228,35.0,False
167899303454,"Syngonium Red Spot Tricolor Variegated 2.5"" pot, Fedex 2day*",33.0,$33.00,False,17.0,+$17.00 delivery,False,False,False,canopygems,99.7,2100,99.7,False,0,0,False,False,False,False,False,False,False,False,False,False,False,False,United States,False,,False,False,False,False,52,Ѕponso⁩red,-27.879823374078867,-30.508353291467067,0,syngonium pink splash,50,120,True,228,36.0,False
227487485723,Syngonium Pink Robusta Live Plant Rooted Aroid Tropical 3” Pot Colorful,11.97,$11.97,False,13.65,+$13.65 delivery,False,False,False,tropicalflipper,99.5,1000,99.5,False,0,0,False,False,False,False,False,False,False,False,False,False,False,False,United States,False,,False,False,False,False,53,Ѕponso⁩red,-27.879823374078867,-30.508353291467067,0,syngonium pink splash,51,120,True,228,37.0,False
336146560650,Pink Syngonium - Fully Rooted - Tropical Pink Houseplant - Zones 9-12 - Starter,13.5,$13.50,False,3.5,+$3.50 delivery,False,False,False,canela_mama_homestead,0.0,56,,True,0,0,False,True,False,False,False,False,False,False,False,False,False,False,United States,False,,False,False,False,False,54,Ѕponso⁩red,-27.879823374078867,-30.508353291467067,0,syngonium pink splash,52,120,True,228,38.0,False
304597142084,Pink Splash Syngonium,69.0,$69.00,False,13.7,+$13.70 delivery,False,False,False,smi_5387,100.0,15,100.0,False,0,0,False,False,False,False,False,False,False,False,False,False,False,False,United States,False,,False,False,False,False,55,Ѕponso⁩red,-27.879823374078867,-30.508353291467067,0,syngonium pink splash,53,120,True,228,39.0,False
366593140853,"Syngonium Podophyllum Milk Confetti 4"" Pot, Rooted!",19.98,$19.98,False,10.0,+$10.00 delivery,False,False,False,housenplantsllc,100.0,45,100.0,False,0,0,False,False,False,False,False,False,False,False,False,False,False,False,United States,False,,False,False,False,False,56,Ѕponso⁩red,-27.879823374078867,-30.508353291467067,0,syngonium pink splash,54,120,True,228,40.0,False
117345404404,Syngonium Pink Perfection,20.0,$20.00,False,12.0,+$12.00 delivery,False,False,False,your_plant_haven,99.4,1300,99.4,False,0,0,False,False,False,False,False,False,False,False,False,False,False,False,United States,False,,False,False,False,False,57,Ѕponso⁩red,-27.879823374078867,-30.508353291467067,0,syngonium pink splash,55,120,True,228,41.0,False
257709396228,Syngonium Snow White,10.0,$10.00,False,13.65,+$13.65 delivery,False,False,False,bsmi7441,96.9,363,96.9,False,0,0,False,True,False,False,False,False,False,False,False,False,False,False,United States,False,,False,False,False,False,58,Ѕponso⁩red,-27.879823374078867,-30.508353291467067,0,syngonium pink splash,56,120,True,228,42.0,False
117290531675,Syngonium Mojito,20.0,$20.00,False,12.0,+$12.00 delivery,False,False,False,your_plant_haven,99.4,1300,99.4,False,0,2,True,False,False,False,False,False,False,False,False,False,False,False,United States,False,,False,False,False,False,59,Ѕponso⁩red,-27.879823374078867,-30.508353291467067,0,syngonium pink splash,57,120,True,228,43.0,False
114294276328,3 'Confetti' Syngonium starts - FREE SHIPPING!,26.99,$26.99,False,0.0,Free delivery,True,False,False,saladbeardfarm,100.0,1100,100.0,False,52,0,False,False,False,False,False,False,False,False,False,False,False,False,United States,False,,False,False,False,False,60,Ѕponso⁩red,-27.879823374078867,-30.508353291467067,0,syngonium pink splash,58,120,True,228,44.0,False
287449938244,Mature Large Syngonium Angustatum five finger Little Star live Plant,29.9,$29.90,False,8.9,+$8.90 delivery,False,False,False,maiksylvia,99.8,8900,99.8,False,0,0,False,False,False,False,False,False,False,False,False,False,False,False,United States,False,,False,False,False,False,61,Ѕponso⁩red,-27.879823374078867,-30.508353291467067,0,syngonium pink splash,59,120,True,228,45.0,False
304574211071,Green Splash Syngonium,98.0,$98.00,False,13.48,+$13.48 delivery,False,False,False,smi_5387,100.0,15,100.0,False,0,0,False,True,False,False,False,False,False,False,False,False,False,False,United States,False,,False,False,False,False,62,Ѕponso⁩red,-27.879823374078867,-30.508353291467067,0,syngonium pink splash,60,120,True,228,46.0,False
287617313067,Syngonium Milk Confetti cutting 2 cuttings plus extra cuttings of a different,14.49,$14.49,False,0.0,Free delivery,True,False,False,plants_42,100.0,147,100.0,False,0,0,False,False,False,False,False,False,False,False,False,False,False,False,United States,False,,False,False,False,False,63,Ѕponso⁩red,-27.879823374078867,-30.508353291467067,0,syngonium pink splash,61,120,True,228,47.0,False
158372370861,"Syngonium Red Spot Tricolor Variegated exact plant, Fedex 2day*",35.0,$35.00,False,17.0,+$17.00 delivery,False,False,False,canopygems,99.7,2100,99.7,False,0,0,False,False,False,False,False,False,False,False,False,False,False,False,United States,False,,False,False,False,False,64,Ѕponso⁩red,-27.879823374078867,-30.508353291467067,0,syngonium pink splash,62,120,True,228,48.0,False
158366184560,"Syngonium Angustatum Little Star 4"" pot, Fedex 2day*",22.0,$22.00,False,17.0,+$17.00 delivery,False,False,False,canopygems,99.7,2100,99.7,False,0,0,False,False,False,False,False,False,False,False,False,False,False,False,United States,False,,False,False,False,False,65,Ѕponso⁩red,-27.879823374078867,-30.508353291467067,0,syngonium pink splash,63,120,True,228,49.0,False
126768805695,Syngonium Pink Neon Robusta,14.99,$14.99,False,12.99,+$12.99 delivery,False,False,False,christopheart10,100.0,2800,100.0,False,0,4,False,False,False,False,False,False,True,False,False,False,False,False,United States,False,,False,False,False,False,66,Ѕponso⁩red,-27.879823374078867,-30.508353291467067,0,syngonium pink splash,64,120,True,228,50.0,False
114792483945,3 Syngonium 'Gold Allusion' starter plants,20.0,$20.00,False,0.0,Free delivery,True,False,False,saladbeardfarm,100.0,1100,100.0,False,0,30,False,False,False,False,False,False,False,False,False,False,False,False,United States,False,,False,False,False,False,67,Ѕponso⁩red,-27.879823374078867,-30.508353291467067,0,syngonium pink splash,65,120,True,228,51.0,False
406081553281,Syngonium 4”,12.99,$12.99,False,0.0,Free delivery,True,False,False,wicatetfarm,100.0,87,100.0,False,0,0,False,False,False,False,True,False,False,False,False,False,False,False,United States,False,,False,False,False,False,68,Ѕponso⁩red,-27.879823374078867,-30.508353291467067,0,syngonium pink splash,66,120,True,228,52.0,False
137756472474,Pink Houseplant Syngonium + Free Plant Pot,13.99,$13.99,False,14.27,+$14.27 delivery,False,False,False,crazyfunitems,100.0,518,100.0,False,0,0,False,True,False,False,False,False,False,False,False,False,False,False,United States,False,,False,False,False,False,69,Ѕponso⁩red,-27.879823374078867,-30.508353291467067,0,syngonium pink splash,67,120,True,228,53.0,False
800148630160,Syngonium Red Spot Tricolor Cutting x(1),15.0,$15.00,False,5.68,+$5.68 delivery in 2-4 days,False,False,True,momogarden,100.0,100,100.0,False,0,0,False,False,False,False,False,False,False,False,False,False,False,False,United States,False,,False,False,False,False,70,Ѕponso⁩red,-27.879823374078867,-30.508353291467067,0,syngonium pink splash,68,120,True,228,54.0,False
307066194152,syngonium three kings fully rooted potted plants,16.99,$16.99,False,9.54,+$9.54 delivery,False,False,False,buyplants2013,100.0,1200,100.0,False,0,3,False,False,False,False,False,False,True,False,False,False,False,False,United States,False,,False,False,False,False,71,Ѕponso⁩red,-27.879823374078867,-30.508353291467067,0,syngonium pink splash,69,120,True,228,55.0,False
314667166307,"Syngonium Variety Assortment, 3 Different syngonium Plants, Pink Strawberry, Cre",29.99,$29.99,False,5.95,+$5.95 delivery,False,False,False,bubbleblooms.shop,98.3,2500,98.3,False,0,0,False,False,False,False,True,False,False,False,False,False,False,False,United States,False,,False,False,False,False,72,Ѕponso⁩red,-27.879823374078867,-30.508353291467067,0,syngonium pink splash,70,120,True,228,56.0,False
366594009400,Syngonium Neon Robusta 6 In Pot- Rooted in Soil - Gorgeous Pink Leaves!,19.98,$19.98,False,10.15,+$10.15 delivery,False,False,False,housenplantsllc,100.0,45,100.0,False,0,0,False,False,False,False,False,False,False,False,False,False,False,False,United States,False,,False,False,False,False,73,Ѕponso⁩red,-27.879823374078867,-30.508353291467067,0,syngonium pink splash,71,120,True,228,57.0,False
358876464194,Reverted Syngonium Pink Maria From Variegated Stock Live Plant,14.99,$14.99,False,10.11,+$10.11 delivery,False,False,False,traphouse-nursery,100.0,30,100.0,False,0,0,False,False,False,False,False,False,False,False,False,False,False,False,United States,False,,False,False,False,False,74,Ѕponso⁩red,-27.879823374078867,-30.508353291467067,0,syngonium pink splash,72,120,True,228,58.0,False
188769232661,Syngonium Strawberry Ice,12.99,$12.99,False,17.17,+$17.17 delivery,False,False,False,noisykoala,100.0,120,100.0,False,0,0,False,False,False,False,False,False,False,False,False,False,False,False,United States,False,,False,False,False,False,75,Ѕponso⁩red,-27.879823374078867,-30.508353291467067,0,syngonium pink splash,73,120,True,228,59.0,False
168624435334,"Syngonium 'Batik' - 3"" Pot",15.99,$15.99,False,8.3,+$8.30 delivery,False,False,False,snakerootbotanicals,98.3,57,98.3,False,0,0,False,False,False,False,False,False,False,False,False,False,False,False,United States,False,,False,False,False,False,76,Ѕponso⁩red,-27.879823374078867,-30.508353291467067,0,syngonium pink splash,74,120,True,228,60.0,False
198424489150,Syngonium Pink Perfection - 4inch pot,15.0,$15.00,False,12.13,+$12.13 delivery,False,False,False,victoriarialto,100.0,55,100.0,False,0,0,False,False,False,False,False,False,False,False,False,False,False,False,United States,False,,False,False,False,False,77,Ѕponso⁩red,-27.879823374078867,-30.508353291467067,0,syngonium pink splash,75,120,True,228,61.0,False
336552954994,Syngonium rayii [cutting],27.0,$27.00,False,5.0,+$5.00 delivery,False,False,False,sunshinestatefoliage,100.0,90,100.0,False,0,0,False,False,False,False,False,False,False,False,False,False,False,False,United States,False,,False,False,False,False,78,Ѕponso⁩red,-27.879823374078867,-30.508353291467067,0,syngonium pink splash,76,120,True,228,62.0,False
800163014721,"Syngonium Arrow head live rooted starter plant 4-6"" *Exact Plant*",8.99,$8.99,False,10.11,+$10.11 delivery,False,False,False,757seasidethrift,99.7,677,99.7,False,0,0,False,False,False,False,False,False,False,False,False,False,False,False,United States,False,,False,False,False,False,79,Ѕponso⁩red,-27.879823374078867,-30.508353291467067,0,syngonium pink splash,77,120,True,228,63.0,False
800148805587,Syngonium Macrophyllum Baby Plant,15.0,$15.00,False,5.68,+$5.68 delivery in 2-4 days,False,False,True,momogarden,100.0,100,100.0,False,0,0,False,False,False,False,False,False,False,False,False,False,False,False,United States,False,,False,False,False,False,80,Ѕponso⁩red,-27.879823374078867,-30.508353291467067,0,syngonium pink splash,78,120,True,228,64.0,False
278169276482,Mature Large Syngonium Angustatum five finger Little Star live Plant,39.9,$39.90,False,8.9,+$8.90 delivery,False,False,False,maiksylvia,99.8,8900,99.8,False,0,0,False,False,False,False,False,False,False,False,False,False,False,False,United States,False,,False,False,False,False,81,Ѕponso⁩red,-27.879823374078867,-30.508353291467067,0,syngonium pink splash,79,120,True,228,65.0,False
168747690898,"Syngonium Red Spot Tricolor Variegated exact plant, Fedex 2day*",32.0,$32.00,False,17.0,+$17.00 delivery,False,False,False,canopygems,99.7,2100,99.7,False,0,0,False,False,False,False,False,False,False,False,False,False,False,False,United States,False,,False,False,False,False,82,Ѕponso⁩red,-27.879823374078867,-30.508353291467067,0,syngonium pink splash,80,120,True,228,66.0,False
800148633576,Syngonium Red Spot Tricolor Cutting x(1),15.0,$15.00,False,5.68,+$5.68 delivery in 2-4 days,False,False,True,momogarden,100.0,100,100.0,False,0,0,False,False,False,False,False,False,False,False,False,False,False,False,United States,False,,False,False,False,False,83,Ѕponso⁩red,-27.879823374078867,-30.508353291467067,0,syngonium pink splash,81,120,True,228,67.0,False
407017758662,Syngonium Batik 5 Fresh Cuttings,12.99,$12.99,False,10.15,+$10.15 delivery,False,False,False,themagicmudshop,100.0,221,100.0,False,0,0,False,True,False,False,False,False,False,False,False,False,False,False,United States,False,,False,False,False,False,84,Ѕponso⁩red,-27.879823374078867,-30.508353291467067,0,syngonium pink splash,82,120,True,228,68.0,False
236982811187,"Syngonium Tricolor Variegated, Small but Bushy Starter, US Seller",16.55,$16.55,False,8.07,+$8.07 delivery in 2-4 days,False,False,True,plantspotsparadise,100.0,98,100.0,False,0,0,False,False,False,False,False,False,False,False,False,False,False,False,United States,False,,False,False,False,False,85,Ѕponso⁩red,-27.879823374078867,-30.508353291467067,0,syngonium pink splash,83,120,True,228,69.0,False
388918782066,Syngonium Three Kings Baby Plant,20.0,$20.00,False,5.68,+$5.68 delivery in 2-4 days,False,False,True,momogarden,100.0,100,100.0,False,0,0,False,False,False,False,False,False,False,False,False,False,False,False,United States,False,,False,False,False,False,86,Ѕponso⁩red,-27.879823374078867,-30.508353291467067,0,syngonium pink splash,84,120,True,228,70.0,False
155835734432,Syngonium Podophyllum Variegated deep cut arrow head plant.,16.0,$16.00,False,12.5,+$12.50 delivery,False,False,False,matievski,99.5,6200,99.5,False,0,9,False,False,False,False,False,False,False,False,False,False,False,False,United States,False,,False,False,False,False,87,Ѕponso⁩red,-27.879823374078867,-30.508353291467067,0,syngonium pink splash,85,120,True,228,71.0,False
168497075951,"Rare Syngonium Red Spot Tricolor Variegated Live Plant 3"" Pot Chunky Mix",15.0,$15.00,False,13.99,+$13.99 delivery,False,False,False,freshrootscollective,100.0,5,100.0,False,0,0,False,True,False,False,False,False,False,False,False,False,False,False,United States,False,,False,False,False,False,88,Ѕponso⁩red,-27.879823374078867,-30.508353291467067,0,syngonium pink splash,86,120,True,228,72.0,False
198424502609,Syngonium Milk Confetti - 4inch pot,15.0,$15.00,False,12.13,+$12.13 delivery,False,False,False,victoriarialto,100.0,55,100.0,False,0,0,False,False,False,False,False,False,False,False,False,False,False,False,United States,False,,False,False,False,False,89,Ѕponso⁩red,-27.879823374078867,-30.508353291467067,0,syngonium pink splash,87,120,True,228,73.0,False
800088189259,Syngonium Red Spot Tricolor Baby Plant,25.0,$25.00,False,5.68,+$5.68 delivery in 2-4 days,False,False,True,momogarden,100.0,100,100.0,False,0,0,False,False,False,False,False,False,False,False,False,False,False,False,United States,False,,False,False,False,False,90,Ѕponso⁩red,-27.879823374078867,-30.508353291467067,0,syngonium pink splash,88,120,True,228,74.0,False
147584957129,Pink Houseplant Syngonium + Free Plant Pot,13.99,$13.99,False,14.27,+$14.27 delivery,False,False,False,crazyfunitems,100.0,518,100.0,False,0,0,False,True,False,False,False,False,False,False,False,False,False,False,United States,False,,False,False,False,False,91,Ѕponso⁩red,-27.879823374078867,-30.508353291467067,0,syngonium pink splash,89,120,True,228,75.0,False
366593124244,"Syngonium Strawberry Milk In A 4 Inches Pot, Full Rooted!",19.99,$19.99,False,10.0,+$10.00 delivery,False,False,False,housenplantsllc,100.0,45,100.0,False,0,5,False,False,False,False,False,False,False,False,False,False,False,False,United States,False,,False,False,False,False,92,Ѕponso⁩red,-27.879823374078867,-30.508353291467067,0,syngonium pink splash,90,120,True,228,76.0,False
127945174096,Syngonium Batik in 4inch pot,16.27,$16.27,False,18.7,+$18.70 delivery,False,False,False,hammondfamilyfarm,100.0,21,100.0,False,0,0,False,True,False,False,False,False,False,False,False,False,False,False,United States,False,,False,False,False,False,93,Ѕponso⁩red,-27.879823374078867,-30.508353291467067,0,syngonium pink splash,91,120,True,228,77.0,False
317442487414,Syngonium 'Milk Confetti' | Live Plant for Indoor & Outdoor,40.99,$40.99,False,9.8,+$9.80 delivery,False,False,False,ks_plants,100.0,68,100.0,False,0,0,False,False,False,False,False,False,False,False,False,False,False,False,United States,False,,False,False,False,False,94,Ѕponso⁩red,-27.879823374078867,-30.508353291467067,0,syngonium pink splash,92,120,True,228,78.0,False
158372370855,"Syngonium Red Spot Tricolor Variegated exact plant, Fedex 2day*",35.0,$35.00,False,17.0,+$17.00 delivery,False,False,False,canopygems,99.7,2100,99.7,False,0,0,False,False,False,False,False,False,False,False,False,False,False,False,United States,False,,False,False,False,False,95,Ѕponso⁩red,-27.879823374078867,-30.508353291467067,0,syngonium pink splash,93,120,True,228,79.0,False
366440327277,Rare Variegated Syngonium 3 Kings fully rooted - Exact Plant- US seller,18.0,$18.00,False,15.0,+$15.00 delivery,False,False,False,lovelena143,100.0,25,100.0,False,0,0,False,True,False,False,False,False,False,False,False,False,False,False,United States,False,,False,False,False,False,96,Ѕponso⁩red,-27.879823374078867,-30.508353291467067,0,syngonium pink splash,94,120,True,228,80.0,False
147584990551,Pink Houseplant Syngonium + Free Plant Pot,13.99,$13.99,False,14.27,+$14.27 delivery,False,False,False,crazyfunitems,100.0,518,100.0,False,0,0,False,True,False,False,False,False,False,False,False,False,False,False,United States,False,,False,False,False,False,97,Ѕponso⁩red,-27.879823374078867,-30.508353291467067,0,syngonium pink splash,95,120,True,228,81.0,False
366236639600,Rare Variegated Syngonium Majesty Plant - Exact Plant-US Seller,30.0,$30.00,False,15.0,+$15.00 delivery,False,False,False,lovelena143,100.0,25,100.0,False,0,0,False,True,False,False,False,False,False,False,False,False,False,False,United States,False,,False,False,False,False,98,Ѕponso⁩red,-27.879823374078867,-30.508353291467067,0,syngonium pink splash,96,120,True,228,82.0,False
178204963926,"Syngonium Green Freckles rooted plant 3"" pot",13.99,$13.99,False,24.55,+$24.55 delivery,False,False,False,birdsonggardens,100.0,722,100.0,False,0,0,False,False,False,False,False,False,False,False,False,False,False,False,United States,False,,False,False,False,False,99,Ѕponso⁩red,-27.879823374078867,-30.508353291467067,0,syngonium pink splash,97,120,True,228,83.0,False
157434209216,"Syngonium Pink Spot Variegated 4"" pot, Fedex 2day*",19.0,$19.00,False,17.0,+$17.00 delivery,False,False,False,canopygems,99.7,2100,99.7,False,0,0,False,False,False,False,False,False,False,False,False,False,False,False,United States,False,,False,False,False,False,100,Ѕponso⁩red,-27.879823374078867,-30.508353291467067,0,syngonium pink splash,98,120,True,228,84.0,False
198626116418,Syngonium Pink Rolli 4”,88.0,$88.00,False,5.58,+$5.58 delivery,False,False,False,freem_9803,0.0,0,,True,0,0,False,False,False,False,False,False,False,False,False,False,False,False,United States,False,,False,False,False,False,101,Ѕponso⁩red,-27.879823374078867,-30.508353291467067,0,syngonium pink splash,99,120,True,228,85.0,False
235805461950,"Syngonium White Butterfly In 3"" Pot",10.0,$10.00,False,6.57,+$6.57 delivery,False,False,False,morgacharrie0,100.0,62,100.0,False,0,0,False,False,False,False,False,False,False,False,False,False,False,False,United States,False,,False,False,False,False,102,Ѕponso⁩red,-27.879823374078867,-30.508353291467067,0,syngonium pink splash,100,120,True,228,86.0,False
158372370859,"Syngonium Red Spot Tricolor Variegated exact plant, Fedex 2day*",35.0,$35.00,False,17.0,+$17.00 delivery,False,False,False,canopygems,99.7,2100,99.7,False,0,0,False,False,False,False,False,False,False,False,False,False,False,False,United States,False,,False,False,False,False,103,Ѕponso⁩red,-27.879823374078867,-30.508353291467067,0,syngonium pink splash,101,120,True,228,87.0,False
315342735956,"Neon Pink Syngonium, 2 inch Arrow Head Vine Vining Indoor Plant",21.99,$21.99,False,5.95,+$5.95 delivery,False,False,False,bubbleblooms.shop,98.3,2500,98.3,False,0,0,False,False,False,False,True,False,False,False,False,False,False,False,United States,False,,False,False,False,False,104,Ѕponso⁩red,-27.879823374078867,-30.508353291467067,0,syngonium pink splash,102,120,True,228,88.0,False
358740185133,Syngonium confetti,16.0,$16.00,False,14.85,+$14.85 delivery in 2-4 days,False,False,True,orc393,98.7,959,98.7,False,0,0,False,False,False,False,False,False,False,False,False,False,False,False,United States,False,,False,False,False,False,105,Ѕponso⁩red,-27.879823374078867,-30.508353291467067,0,syngonium pink splash,103,120,True,228,89.0,False
157434209240,"Syngonium Strawberry Milk Variegated 2.5"" pot, Fedex 2day*",17.0,$17.00,False,17.0,+$17.00 delivery,False,False,False,canopygems,99.7,2100,99.7,False,0,0,False,False,False,False,False,False,False,False,False,False,False,False,United States,False,,False,False,False,False,106,Ѕponso⁩red,-27.879823374078867,-30.508353291467067,0,syngonium pink splash,104,120,True,228,90.0,False
388994559079,Syngonium Confetti Baby Plant,15.0,$15.00,False,5.68,+$5.68 delivery in 2-4 days,False,False,True,momogarden,100.0,100,100.0,False,0,0,False,False,False,False,False,False,False,False,False,False,False,False,United States,False,,False,False,False,False,107,Ѕponso⁩red,-27.879823374078867,-30.508353291467067,0,syngonium pink splash,105,120,True,228,91.0,False
407200671564,"Syngonium Pink Chameleon aka Syngonium Rolli, Rooted Plant Shipped in 3"" Pot",66.0,$66.00,False,5.58,+$5.58 delivery,False,False,False,isabeall_13,0.0,0,,True,0,0,False,False,False,False,False,False,False,False,False,False,False,False,United States,False,,False,False,False,False,108,Ѕponso⁩red,-27.879823374078867,-30.508353291467067,0,syngonium pink splash,106,120,True,228,92.0,False
158269655695,Syngonium Berry,69.0,$69.00,False,5.68,+$5.68 delivery,False,False,False,ba_644078,0.0,0,,True,0,0,False,False,False,False,False,False,False,False,False,False,False,False,United States,False,,False,False,False,False,109,Ѕponso⁩red,-27.879823374078867,-30.508353291467067,0,syngonium pink splash,107,120,True,228,93.0,False
304614965593,Pink Spot Marble Syngonium,55.0,$55.00,False,13.48,+$13.48 delivery,False,False,False,smi_5387,100.0,15,100.0,False,0,0,False,False,False,False,False,False,False,False,False,False,False,False,United States,False,,False,False,False,False,110,Ѕponso⁩red,-27.879823374078867,-30.508353291467067,0,syngonium pink splash,108,120,True,228,94.0,False
124997146821,3 Syngonium ‘Plum Allusion’ starter plants,25.0,$25.00,False,0.0,Free delivery,True,False,False,saladbeardfarm,100.0,1100,100.0,False,0,20,False,False,False,False,False,False,False,False,False,False,False,False,United States,False,,False,False,False,False,111,Ѕponso⁩red,-27.879823374078867,-30.508353291467067,0,syngonium pink splash,109,120,True,228,95.0,False
157434209239,"Syngonium Strawberry Milk Variegated 4"" pot, Fedex 2day*",22.0,$22.00,False,17.0,+$17.00 delivery,False,False,False,canopygems,99.7,2100,99.7,False,0,3,False,False,False,False,False,False,False,False,False,False,False,False,United States,False,,False,False,False,False,112,Ѕponso⁩red,-27.879823374078867,-30.508353291467067,0,syngonium pink splash,110,120,True,228,96.0,False
256999623113,"SOLD2 Growth Rare Syngonium Pink Lava, Rare, Variegated, Houseplant, Decor, Gift",45.0,$45.00,False,13.48,+$13.48 delivery,False,False,False,zensclosetcollection,100.0,282,100.0,False,0,0,False,False,False,False,False,False,False,False,False,False,False,False,United States,False,,False,False,False,False,113,Ѕponso⁩red,-27.879823374078867,-30.508353291467067,0,syngonium pink splash,111,120,True,228,97.0,False
304560878224,Confetti Syngonium,55.0,$55.00,False,13.7,+$13.70 delivery,False,False,False,smi_5387,100.0,15,100.0,False,0,0,False,True,False,False,False,False,False,False,False,False,False,False,United States,False,,False,False,False,False,114,Ѕponso⁩red,-27.879823374078867,-30.508353291467067,0,syngonium pink splash,112,120,True,228,98.0,False
405233121915,"syngonium pink splash, well rooted cutting, packed in peat moss.",5.0,$5.00,False,11.5,+$11.50 delivery,False,False,False,agreenginger,0.0,0,,True,0,10,False,False,False,False,False,False,False,False,False,False,False,False,United States,False,,False,False,False,False,115,Ѕponso⁩red,-27.879823374078867,-30.508353291467067,0,syngonium pink splash,113,120,True,228,99.0,False
406044677392,Syngonium white butterfly,24.0,$24.00,False,9.0,+$9.00 delivery,False,False,False,plantdwithjae,100.0,18,100.0,False,0,0,False,True,False,False,False,False,False,False,False,False,False,False,United States,False,,False,False,False,False,116,Ѕponso⁩red,-27.879823374078867,-30.508353291467067,0,syngonium pink splash,114,120,True,228,100.0,False
377513048668,Syngonium Pink Neon Live Rooted Plant Full Established Pink Houseplant,12.99,$12.99,False,10.11,+$10.11 delivery,False,False,False,20believe12,100.0,311,100.0,False,0,0,False,True,False,False,False,False,False,False,False,False,False,False,United States,False,,False,False,False,False,117,Ѕponso⁩red,-27.879823374078867,-30.508353291467067,0,syngonium pink splash,115,120,True,228,101.0,False
256999619159,"SOLD Rare Syngonium Pink Lava, Rare, Variegated, Houseplant, Decor, Gift",29.99,$29.99,False,13.48,+$13.48 delivery,False,False,False,zensclosetcollection,100.0,282,100.0,False,0,0,False,False,False,False,False,False,False,False,False,False,False,False,United States,False,,False,False,False,False,118,Ѕponso⁩red,-27.879823374078867,-30.508353291467067,0,syngonium pink splash,116,120,True,228,102.0,False
304572160000,Syngonium Bundle Deal! 6 cuttings!,89.0,$89.00,False,13.48,+$13.48 delivery,False,False,False,smi_5387,100.0,15,100.0,False,0,0,False,False,False,False,False,False,False,False,False,False,False,False,United States,False,,False,False,False,False,119,Ѕponso⁩red,-27.879823374078867,-30.508353291467067,0,syngonium pink splash,117,120,True,228,103.0,False
327075796807,Syngonium Milk Confetti - Rare Variegated Tropical Houseplant,25.99,$25.99,False,15.0,+$15.00 delivery,False,False,False,330treetrash,100.0,138,100.0,False,0,0,False,False,False,False,False,False,False,False,False,False,False,False,United States,False,,False,False,False,False,120,Ѕponso⁩red,-27.879823374078867,-30.508353291467067,0,syngonium pink splash,118,120,True,228,104.0,False
335563157999,"Anthurium Pallidiflorum,Syngonium Pink Schott, Philodendron SP Colombia 3Pack",93.0,$93.00,False,15.0,+$15.00 delivery,False,False,False,leal_plants_ecuador,96.4,155,96.4,False,0,11,False,True,False,False,True,False,False,False,False,False,False,False,United States,False,,True,True,True,True,121,Ѕ⁧ponsored,0.00614578055991899,11.515610909787142,251,syngonium pink splash,119,120,True,228,,False
336069991447,"Syngonium Batik Tropical Houseplant, Natural Air Purifier, Perfect for Home",37.0,$37.00,False,15.0,+$15.00 delivery,False,False,False,leal_plants_ecuador,96.4,155,96.4,False,0,0,False,True,False,False,True,False,False,False,False,False,False,False,United States,False,,True,True,True,True,122,Ѕ⁧ponsored,0.00614578055991899,11.515610909787142,251,syngonium pink splash,120,120,True,228,,False
155300931749,Ebenopsis ebano Texas ebony rare bonsai tree succulent plant seed pack 10 seeds,12.99,$12.99,False,0.0,Free delivery,True,False,False,exotic_cactus_collection,99.0,56300,99.0,False,0,0,False,False,False,False,False,False,False,False,False,False,False,False,United States,False,,False,False,False,False,3,Sponѕ⁨ored,26.048547053591093,31.882439808485298,0,texas ebony plant,1,8,True,8,1.0,False
136730340680,TEXAS EBONY TREE - 20 SEEDS - EBENOPSIS EBANO DESERT BONSAI,15.0,$15.00,False,0.0,Free delivery,True,False,False,nicfur68,100.0,7,100.0,False,0,4,False,False,False,False,False,False,False,False,False,False,False,False,United States,False,,True,True,True,True,4,Sponѕo؜red,0.03458419807658597,11.578191208730345,261,texas ebony plant,2,8,True,8,,False
318104924120,Los Ebanos Texas Cemetery 2014 Grave Monument Flowers Rio Grande Valley,13.49,$13.49,False,2.99,+$2.99 delivery,False,False,False,oldphotosonline,99.0,2100,99.0,False,0,0,False,False,False,False,False,False,False,False,False,False,False,False,United States,False,Brand New,True,True,True,True,5,Sponѕo؜red,0.03458419807658597,11.578191208730345,261,texas ebony plant,3,8,True,8,,False
358410286337,Los Ebanos Texas Cemetery 2014 Graveyard Memorial Cross Statues Flowers,13.49,$13.49,False,2.99,+$2.99 delivery,False,False,False,oldphotosonline,99.0,2100,99.0,False,0,0,False,False,False,False,False,False,False,False,False,False,False,False,United States,False,Brand New,True,True,True,True,6,Sponѕo؜red,0.03458419807658597,11.578191208730345,261,texas ebony plant,4,8,True,8,,False
960005529982,Rare Texas Ebony Bonsai Dynamic Foliage Fragrant Fruiting Cold Hardy Edible,299.99,$299.99,False,24.33,+$24.33 delivery,False,False,False,strawberrymilkat3am,100.0,1800,100.0,False,0,0,False,True,True,False,False,False,False,False,False,False,False,False,United States,False,,False,False,False,False,7,Sponѕ⁨ored,26.048547053591093,31.882439808485298,0,texas ebony plant,5,8,True,8,2.0,False
168284607758,Texas Ebony - Live Houseplant - 4-inch Pot,24.44,$24.44,False,9.99,+$9.99 delivery,False,False,False,riversidegreenhouses,100.0,4,100.0,False,0,0,False,True,False,False,False,False,False,False,False,False,False,False,United States,False,,False,False,False,False,8,Sponѕ⁨ored,26.048547053591093,31.882439808485298,0,texas ebony plant,6,8,True,8,3.0,True
158310653546,"TEXAS EBONY TREE - 35 SEEDS - EBENOPSIS EBANO DESERT BONSAI, Easy to grow...",9.99,$9.99,False,7.9,+$7.90 delivery,False,False,False,arizonacacti,0.0,0,,True,0,0,False,False,False,False,False,False,False,False,False,False,False,False,United States,False,,False,False,False,False,9,Sponѕ⁨ored,26.048547053591093,31.882439808485298,0,texas ebony plant,7,8,True,8,4.0,False
267344798771,TEXAS EBONY TREE - 30 SEEDS - EBENOPSIS EBANO DESERT BONSAI,8.0,$8.00,False,5.5,+$5.50 delivery in 2-4 days,False,False,True,jetshepherd,100.0,1100,100.0,False,0,0,False,False,False,False,False,False,False,False,False,False,False,False,United States,False,,False,False,False,False,10,Sponѕ⁨ored,26.048547053591093,31.882439808485298,0,texas ebony plant,8,8,True,8,5.0,False
125487411687,FRESH TEXAS EBONY TREE SEEDS - 20 SEEDS (2026),11.85,$11.85,False,0.0,Free delivery,True,False,False,plantsandseedskingdom,99.4,4700,99.4,False,53,0,False,False,False,True,True,False,False,False,False,False,False,False,United States,False,,False,False,False,False,11,Sponѕ⁨ored,26.048547053591093,31.882439808485298,0,texas ebony plant,9,8,False,8,6.0,False
266203156508,TEXAS EBONY TREE - 20 SEEDS - EBENOPSIS EBANO DESERT BONSAI,8.0,$8.00,False,5.5,+$5.50 delivery,False,False,False,katieehardy,100.0,476,100.0,False,60,0,False,False,False,False,True,False,False,False,False,False,False,False,United States,False,,False,False,False,False,12,Sponѕ⁨ored,26.048547053591093,31.882439808485298,0,texas ebony plant,10,8,False,8,7.0,False
267802617834,"Texas Instruments TI-89 Titanium Graphing Calculator - Black, TESTED WORKS",35.0,$35.00,False,9.99,+$9.99 delivery,False,False,False,mttreasurefinder,99.7,2900,99.7,False,0,0,False,True,False,True,False,False,False,False,False,True,False,True,United States,False,Pre-Owned,False,False,False,False,13,Sponѕ⁨ored,26.048547053591093,31.882439808485298,0,texas ebony plant,11,8,False,8,8.0,False
227550966784,Texas Instruments TI-1795SV Simple Desktop Calculator Tested Works,10.99,$10.99,False,6.25,+$6.25 delivery,False,False,False,crum_8150,100.0,10,100.0,False,0,0,False,True,False,False,False,False,False,False,False,True,False,False,United States,False,Pre-Owned,False,False,False,False,14,Sponѕ⁨ored,26.048547053591093,31.882439808485298,0,texas ebony plant,12,8,False,8,9.0,False
178549031953,"Texas Instruments TI-84 Plus C Silver Edition Color Calculator Works, w/Charger",34.95,$34.95,False,17.2,+$17.20 delivery,False,False,False,queen_city_thrift,100.0,1600,100.0,False,0,0,False,True,False,False,False,False,False,False,False,False,False,False,United States,False,Pre-Owned,False,False,False,False,15,Sponѕ⁨ored,26.048547053591093,31.882439808485298,0,texas ebony plant,13,8,False,8,10.0,False
127878368836,EBONY EMBERS Crepe Crape Myrtle Red Flowering Purple Black Foliage Tree Plant,32.99,$32.99,False,0.0,Free delivery,True,False,False,emeraldgoddessgardens,99.8,11200,99.8,False,0,0,False,False,False,False,True,False,False,False,False,False,False,False,United States,False,,False,False,False,False,16,Sponѕ⁨ored,26.048547053591093,31.882439808485298,0,texas ebony plant,14,8,False,8,11.0,False
144409069006,Texas Everbearing Fig – Ficus Carica - Live Plant,27.52,$27.52$28.97,False,0.0,Free delivery,True,False,False,sddarkman619,99.9,10500,99.9,False,0,58,False,True,False,False,True,False,False,False,False,False,False,False,United States,False,,False,False,False,False,17,Sponѕ⁨ored,26.048547053591093,31.882439808485298,0,texas ebony plant,15,8,False,8,12.0,False
276707512787,2pc Sabal Texas Palmetto Palm Tree Cabbage Florida Grown Live Plant Seedling,18.9,$18.90,False,0.0,Free delivery,True,False,False,maiksylvia,99.8,8900,99.8,False,24,0,False,False,False,False,True,False,False,False,False,False,False,False,United States,False,,True,True,True,True,18,Sponѕo؜red,0.03458419807658597,11.578191208730345,261,texas ebony plant,16,8,False,8,,False
298343722616,Native Texas Ball Moss Air plants - 'Tillandsia Recurvata' - 8 pack,8.5,$8.50,False,6.82,+$6.82 delivery,False,False,False,the_rugged_garden,100.0,1300,100.0,False,0,7,False,True,False,False,True,False,False,False,False,False,False,False,United States,False,,True,True,True,True,19,Sponѕo؜red,0.03458419807658597,11.578191208730345,261,texas ebony plant,17,8,False,8,,False
168566601264,Dasylirion Texanum “Texas Sotol” - 30 INCH - Actual Plant - COLD HARDY,150.0,$150.00,False,79.68,+$79.68 delivery,False,False,False,indoorjungletx,100.0,176,100.0,False,0,0,False,True,False,False,False,False,False,False,False,False,False,False,United States,False,,True,True,True,True,20,Sponѕo؜red,0.03458419807658597,11.578191208730345,261,texas ebony plant,18,8,False,8,,False
198386077106,Coryphantha Enchinus Texas (cactus - succulent - Desert plant) C3,20.0,$20.00,False,9.52,+$9.52 delivery,False,False,False,reblan25,99.9,3000,99.9,False,0,0,False,False,False,False,False,False,False,False,False,False,False,False,United States,False,,True,True,True,True,21,Sponѕo؜red,0.03458419807658597,11.578191208730345,261,texas ebony plant,19,8,False,8,,False
366704411396,Vintage 80's Texas Instruments Math To Go Learning Calculator 1989 works,15.0,$15.00,False,10.11,+$10.11 delivery,False,False,False,nug-97896,100.0,6,100.0,False,0,0,False,True,False,False,False,False,False,False,False,False,False,False,United States,False,Pre-Owned,False,False,False,False,22,Sponѕ⁨ored,26.048547053591093,31.882439808485298,0,texas ebony plant,20,8,False,8,13.0,False
336821386022,Brownsville Texas TX home ~ surrounded by Ebony trees ~ South Texas,1.99,$1.99,False,1.75,+$1.75 delivery,False,False,False,pinellas_postcards,0.0,0,,True,0,0,False,False,False,False,False,False,False,False,False,False,False,False,United States,False,Pre-Owned,False,False,False,False,23,Sponѕ⁨ored,26.048547053591093,31.882439808485298,0,texas ebony plant,21,8,False,8,14.0,False
407264433467,"Texas Tech Red Raiders LED Hanging Acrylic Sign, Clear/Silver/Red. WORKS",30.0,$30.00,False,12.0,+$12.00 delivery,False,False,False,chil_4434,0.0,0,,True,0,0,False,True,False,False,False,False,False,False,False,True,False,False,United States,False,Pre-Owned,False,False,False,False,24,Sponѕ⁨ored,26.048547053591093,31.882439808485298,0,texas ebony plant,22,8,False,8,15.0,False
227300964255,Ebony Flame (Black Diamond) Crepe Myrtle Plants,14.0,$14.00,False,18.35,+$18.35 delivery,False,False,False,rogers_earthworks,99.6,5300,99.6,False,0,0,False,False,False,False,False,False,False,False,False,False,False,False,United States,False,,False,False,False,False,25,Sponѕ⁨ored,26.048547053591093,31.882439808485298,0,texas ebony plant,23,8,False,8,16.0,False
398429400810,TEXAS KENO 4 HEARTS GAME BOARD WORKS PERFECT! LAST ONE!,279.99,$279.99,False,20.0,+$20.00 delivery,False,False,False,lady_arcade,100.0,3400,100.0,False,0,0,False,False,False,False,False,False,False,False,False,False,False,False,United States,False,Pre-Owned,False,False,False,False,26,Sponѕ⁨ored,26.048547053591093,31.882439808485298,0,texas ebony plant,24,8,False,8,17.0,False
227541526257,Vintage 1987 Texas Instruments Speak & Spell Tested Works w/ Box,16.0,$16.00,False,10.15,+$10.15 delivery,False,False,False,brhu-7053,99.4,261,99.4,False,0,0,False,False,True,False,False,False,False,False,False,False,False,False,United States,False,Pre-Owned,False,False,False,False,27,Sponѕ⁨ored,26.048547053591093,31.882439808485298,0,texas ebony plant,25,8,False,8,18.0,False
377541650019,1970s Texas Instruments TI-1250 WORKS Handheld Basic Calculator Battery Powered,19.99,$19.99,False,6.34,+$6.34 delivery,False,False,False,g.isa58,100.0,7,100.0,False,0,0,False,True,False,False,False,False,False,False,False,True,False,False,United States,False,Pre-Owned,False,False,False,False,28,Sponѕ⁨ored,26.048547053591093,31.882439808485298,0,texas ebony plant,26,8,False,8,19.0,False
307204523264,⚜️Vintage Texas Instruments Speak & Spell Tested (N0526500) Works TI Logo 1980,15.0,$15.00,False,17.65,+$17.65 delivery,False,False,False,kb8337,100.0,309,100.0,False,0,0,False,True,False,False,False,False,False,False,False,False,True,False,United States,False,Pre-Owned,False,False,False,False,29,Sponѕ⁨ored,26.048547053591093,31.882439808485298,0,texas ebony plant,27,8,False,8,20.0,False
860002817216,Texas Instruments TI-30X-A Scientific Calculator TESTED Works TI-30A,6.5,$6.50,False,6.34,+$6.34 delivery,False,False,False,miavi1_199,100.0,9,100.0,False,0,0,False,True,False,False,False,False,False,False,False,False,False,False,United States,False,Pre-Owned,False,False,False,False,30,Sponѕ⁨ored,26.048547053591093,31.882439808485298,0,texas ebony plant,28,8,False,8,21.0,False
265900266664,~EBONY & IVORY~Crepe Crape Myrtle Starter Plant~White Flower Black Foliage,24.99,$24.99,False,0.0,Free delivery,True,False,False,daddyssweethope,99.6,10600,99.6,False,44,0,False,False,False,False,False,False,False,False,False,False,False,False,United States,False,,False,False,False,False,31,Sponѕ⁨ored,26.048547053591093,31.882439808485298,0,texas ebony plant,29,8,False,8,22.0,False
116874085687,Diospyros texana (Texas Persimmon) - Live Plant in half quart pot,29.99,$29.99,False,9.52,+$9.52 delivery,False,False,False,ctxplants,100.0,18100,100.0,False,11,0,False,False,False,False,False,False,True,False,False,False,False,False,United States,False,,False,False,False,False,32,Sponѕ⁨ored,26.048547053591093,31.882439808485298,0,texas ebony plant,30,8,False,8,23.0,False
124805018757,Gold Star Esperanza Texas Superstar Yellow Bells Flower Attracts Butterfly,34.99,$34.99,False,0.0,Free delivery,True,False,False,emeraldgoddessgardens,99.8,11200,99.8,False,30,0,False,False,False,False,True,False,True,False,False,False,False,False,United States,False,,False,False,False,False,33,Sponѕ⁨ored,26.048547053591093,31.882439808485298,0,texas ebony plant,31,8,False,8,24.0,False
398131339974,Flame Acanthus Live Plant - 4 Inch Pot - Fully Rooted Texas Native Shrub,69.99,$69.99,False,0.0,Free delivery,True,False,False,brit1799,99.2,535,99.2,False,0,0,False,False,False,False,False,False,False,False,False,False,False,False,United States,False,,True,True,True,True,34,Sponѕo؜red,0.03458419807658597,11.578191208730345,261,texas ebony plant,32,8,False,8,,False
398131406415,Flame Acanthus ‘Benny’s Gold’ Live Plant - 1 Gallon - Texas Native Shrub,76.99,$76.99,False,0.0,Free delivery,True,False,False,brit1799,99.2,535,99.2,False,0,0,False,False,False,False,False,False,False,False,False,False,False,False,United States,False,,True,True,True,True,35,Sponѕo؜red,0.03458419807658597,11.578191208730345,261,texas ebony plant,33,8,False,8,,False
137771420807,Texas Instruments TI-84 Plus Graphing Calculator NO Sliding Cover - Tested Works,34.98,$34.98,False,0.0,Free delivery,True,False,False,cmjretro,100.0,11100,100.0,False,0,0,False,True,False,True,False,False,False,False,False,False,False,False,United States,False,Pre-Owned,True,True,True,True,36,Sponѕo؜red,0.03458419807658597,11.578191208730345,261,texas ebony plant,34,8,False,8,,False
236093148150,Texas Sage | 3 Gallon | Leucophyllum frutescens | Low Maintenance | Hardy Plant,87.97,$87.97 to $144.97,True,0.0,Free delivery in 2-4 days,True,False,True,flfoliage,98.7,2500,98.7,False,0,0,False,False,False,False,False,False,False,False,False,False,False,False,United States,False,,True,True,True,True,37,Sponѕo؜red,0.03458419807658597,11.578191208730345,261,texas ebony plant,35,8,False,8,,False
366677214487,Dante's Ebony & Ivory Devil May Cry 1:1 Prop-Slide Trigger Hammmer Works,85.99,$85.99 to $165.99,True,10.0,+$10.00 delivery,False,False,False,jeff_3d_art,99.7,1400,99.7,False,0,0,False,False,False,False,False,False,False,False,False,False,False,False,United States,False,Brand New,False,False,False,False,38,Sponѕ⁨ored,26.048547053591093,31.882439808485298,0,texas ebony plant,36,8,False,8,25.0,False
168742860669,Texas Instruments - TI-84 Plus Graphing Calculator w/ Cover - Works great come,25.0,$25.00,False,7.05,+$7.05 delivery,False,False,False,storageking478,100.0,9,100.0,False,0,0,False,True,True,False,False,False,False,False,False,False,False,False,United States,False,Pre-Owned,False,False,False,False,39,Sponѕ⁨ored,26.048547053591093,31.882439808485298,0,texas ebony plant,37,8,False,8,26.0,False
124339245875,FRESH 7 TEXAS EBONY TREE SEED PODS WITH SEEDS INSIDE - EBENOPSIS EBANO BONSAI,9.95,$9.95,False,7.45,+$7.45 delivery,False,False,False,plantsandseedskingdom,99.4,4700,99.4,False,31,0,False,False,False,False,False,False,False,False,False,False,False,False,United States,False,,False,False,False,False,40,Sponѕ⁨ored,26.048547053591093,31.882439808485298,0,texas ebony plant,38,8,False,8,27.0,False
188859180278,South Texas Prickly Pear Cactus Plant Fruiting Purple Fruit Outdoor Full Sun,6.5,$6.50,False,6.82,+$6.82 delivery,False,False,False,cbauer06,100.0,154,100.0,False,0,0,False,False,False,False,False,False,False,False,False,False,False,False,United States,False,,False,False,False,False,41,Sponѕ⁨ored,26.048547053591093,31.882439808485298,0,texas ebony plant,39,8,False,8,28.0,False
178551924476,Texas Chainsaw Massacre Leatherface 12” Statue w/ Sound Spirit Halloween Works!!,50.0,$50.00,False,20.0,+$20.00 delivery,False,False,False,phinsfan5413,99.8,1400,99.8,False,0,0,False,True,False,False,False,False,False,False,False,True,False,False,United States,False,Pre-Owned,False,False,False,False,42,Sponѕ⁨ored,26.048547053591093,31.882439808485298,0,texas ebony plant,40,8,False,8,29.0,False
324310335971,8 Pcs Wonderful Organic Pomegranate Cuttings 9 inch + Long Mature Plant,14.99,$14.99,False,0.0,Free delivery,True,False,False,textmexdecors,99.7,4700,99.7,False,340,0,False,False,False,True,False,False,False,False,False,False,False,False,United States,False,,False,False,False,False,43,Sponѕ⁨ored,26.048547053591093,31.882439808485298,0,texas ebony plant,41,8,False,8,30.0,False
144409080284,Texas Everbearing Fig – Ficus Carica - Live Plant,18.02,$18.02$18.97,False,7.99,+$7.99 delivery,False,False,False,sddarkman619,99.9,10500,99.9,False,0,0,False,True,False,False,True,False,False,False,False,False,False,False,United States,False,,True,True,True,True,44,Sponѕo؜red,0.03458419807658597,11.578191208730345,261,texas ebony plant,42,8,False,8,,False
198203206937,Coryphantha Enchinus Texas (cactus - succulent - Desert plant),25.0,$25.00,False,9.52,+$9.52 delivery,False,False,False,reblan25,99.9,3000,99.9,False,0,0,False,False,False,False,False,False,False,False,False,False,False,False,United States,False,,True,True,True,True,45,Sponѕo؜red,0.03458419807658597,11.578191208730345,261,texas ebony plant,43,8,False,8,,False
800731304134,2026 Topps Gallery Works GW-7 Ivan Rodriguez Texas Rangers,1.59,$1.59,False,1.29,+$1.29 delivery,False,False,False,downtowncardshopcom,100.0,2,100.0,False,0,0,False,True,False,False,False,False,False,False,False,False,False,False,United States,False,Pre-Owned,False,False,False,False,46,Sponѕ⁨ored,26.048547053591093,31.882439808485298,0,texas ebony plant,44,8,False,8,31.0,False
800750257652,Vintage Texas Instruments TI-36 Solar Scientific Calculator AnyLite Tested Works,22.0,$22.00,False,6.34,+$6.34 delivery,False,False,False,sa-282927,0.0,0,,True,0,0,False,True,False,False,False,False,False,False,False,False,False,False,United States,False,Pre-Owned,False,False,False,False,47,Sponѕ⁨ored,26.048547053591093,31.882439808485298,0,texas ebony plant,45,8,False,8,32.0,False
265958941267,"EBONY FIRE~~Crepe Crape Myrtle Starter Lagerstroemia Well Rooted ""STARTER"" Plant",24.99,$24.99,False,0.0,Free delivery,True,False,False,daddyssweethope,99.6,10600,99.6,False,72,0,False,False,False,False,False,False,False,False,False,False,False,False,United States,False,,False,False,False,False,48,Sponѕ⁨ored,26.048547053591093,31.882439808485298,0,texas ebony plant,46,8,False,8,33.0,False
307212921180,Texas Instruments BA 2 II PLUS Advanced Business Analyst Calculator Tested Works,24.99,$24.99,False,0.0,Free delivery,True,False,False,tau-2775,100.0,1,100.0,False,0,0,False,True,False,False,False,False,False,False,False,False,False,False,United States,False,Pre-Owned,False,False,False,False,49,Sponѕ⁨ored,26.048547053591093,31.882439808485298,0,texas ebony plant,47,8,False,8,34.0,False
236936040991,Texas Mexican Sabal Palm Tree Seedlings Live Plant 10 Plants,10.0,$10.00,False,6.17,+$6.17 delivery,False,False,False,lemonsnowman,100.0,834,100.0,False,0,3,False,True,False,False,False,False,False,False,False,False,False,False,United States,False,,False,False,False,False,50,Sponѕ⁨ored,26.048547053591093,31.882439808485298,0,texas ebony plant,48,8,False,8,35.0,False
178533811263,Texas Instruments SR-40 Electric Slide-rule calculator. Works with 9v,22.0,$22.00,False,7.05,+$7.05 delivery,False,False,False,kirabird,0.0,114,,True,0,0,False,True,False,False,False,False,False,False,False,False,False,False,United States,False,Pre-Owned,False,False,False,False,51,Sponѕ⁨ored,26.048547053591093,31.882439808485298,0,texas ebony plant,49,8,False,8,36.0,False
336821306089,TEXAS INSTRUMENTS TI-86 GRAPHING CALCULATOR WORKS,25.0,$25.00,False,13.5,+$13.50 delivery,False,False,False,mountainmamasvintagegifts,100.0,171,100.0,False,0,0,False,True,False,False,False,False,False,False,False,False,False,False,United States,False,Pre-Owned,False,False,False,False,52,Sponѕ⁨ored,26.048547053591093,31.882439808485298,0,texas ebony plant,50,8,False,8,37.0,False
365816100771,4 White Texas Fig Cuttings For Planting.,20.0,$20.00,False,0.0,Free delivery,True,False,False,usatropicalgardenshop,99.3,1100,99.3,False,0,0,False,False,False,False,True,False,False,False,False,False,False,False,United States,False,,False,False,False,False,53,Sponѕ⁨ored,26.048547053591093,31.882439808485298,0,texas ebony plant,51,8,False,8,38.0,False
168674150540,1999 Spencers Gifts Texas Chainsaw Massacre Leatherface W/ Sound Works!,75.0,$75.00,False,10.15,+$10.15 delivery,False,False,False,bigtunagdb,100.0,411,100.0,False,0,0,False,True,False,False,False,False,False,False,False,False,False,False,United States,False,Pre-Owned,False,False,False,False,54,Sponѕ⁨ored,26.048547053591093,31.882439808485298,0,texas ebony plant,52,8,False,8,39.0,False
407255393683,Texas Instruments TI-Nspire CX Graphing Calculator With Cover WORKS PERFECTLY,40.0,$40.00,False,6.1,+$6.10 delivery,False,False,False,oscoxa,100.0,9,100.0,False,0,0,False,False,False,False,False,False,False,False,False,False,False,False,United States,False,Pre-Owned,False,False,False,False,55,Sponѕ⁨ored,26.048547053591093,31.882439808485298,0,texas ebony plant,53,8,False,8,40.0,False
377521031949,"Vintage 1980 Texas Instruments Speak & Math with ""Math Talk"" Book TESTED WORKS",33.99,$33.99,False,10.15,+$10.15 delivery,False,False,False,shawelk0,100.0,579,100.0,False,0,0,False,True,False,False,False,False,False,False,False,False,False,False,United States,False,Pre-Owned,False,False,False,False,56,Sponѕ⁨ored,26.048547053591093,31.882439808485298,0,texas ebony plant,54,8,False,8,41.0,False
128105359838,Texas Instruments TI-83 Graphing Calculator Tested Works (no batteries or cord),16.0,$16.00,False,10.11,+$10.11 delivery,False,False,False,starfish797979,100.0,183,100.0,False,0,0,False,True,False,False,False,False,False,False,False,False,False,True,United States,False,Pre-Owned,False,False,False,False,57,Sponѕ⁨ored,26.048547053591093,31.882439808485298,0,texas ebony plant,55,8,False,8,42.0,False
237101056554,TI-66 Programmable Electronic Calculator T-0685 Texas Instruments Japan Works,27.0,$27.00,False,9.0,+$9.00 delivery,False,False,False,smuhlen,100.0,233,100.0,False,0,0,False,False,False,False,False,False,False,False,False,False,False,False,United States,False,Pre-Owned,False,False,False,False,58,Sponѕ⁨ored,26.048547053591093,31.882439808485298,0,texas ebony plant,56,8,False,8,43.0,False
800739016556,Ebony Rosewood Flat Model Violin Chinrest | Gold Silver Clamps (Musical Works),22.99,$22.99 to $24.99,True,0.0,Free delivery,True,False,False,musica-4924,0.0,0,,True,0,0,False,False,False,True,False,False,False,True,False,False,False,False,India,True,Brand New,False,False,False,False,59,Sponѕ⁨ored,26.048547053591093,31.882439808485298,0,texas ebony plant,57,8,False,8,44.0,False
267802634039,Texas Instruments TI-84 Plus Silver Edition Calculator Pink w/ Cover Works READ,26.24,$26.24$34.99,False,11.1,+$11.10 delivery in 2-4 days,False,False,True,centralave_records,100.0,8000,100.0,False,0,0,False,False,False,True,False,False,False,False,False,False,False,False,United States,False,Pre-Owned,False,False,False,False,60,Sponѕ⁨ored,26.048547053591093,31.882439808485298,0,texas ebony plant,58,8,False,8,45.0,False
267783405951,Vintage~Texas Instruments~Disney~TOUCH & DISCOVER~Electronic Learning Game~Works,53.99,$53.99,False,14.95,+$14.95 delivery,False,False,False,kcsodafiz,99.8,6700,99.8,False,0,0,False,True,False,True,False,False,False,False,False,False,False,False,United States,False,Pre-Owned,False,False,False,False,61,Sponѕ⁨ored,26.048547053591093,31.882439808485298,0,texas ebony plant,59,8,False,8,46.0,False
278418930736,Texas Instruments TI-36X Solar Scientific Calculator LCD Display Tested Works,4.5,$4.50,False,5.68,+$5.68 delivery,False,False,False,b_great,100.0,155,100.0,False,0,0,False,False,True,False,False,False,False,False,False,False,False,False,United States,False,Pre-Owned,False,False,False,False,62,Sponѕ⁨ored,26.048547053591093,31.882439808485298,0,texas ebony plant,60,8,False,8,47.0,False
227536254082,Texas Instruments TI-80 With Sleeve Works,14.0,$14.00,False,10.11,+$10.11 delivery,False,False,False,buckeye.ent_41,100.0,730,100.0,False,0,0,False,True,False,False,False,False,False,False,False,False,False,False,United States,False,Pre-Owned,False,False,False,False,63,Sponѕ⁨ored,26.048547053591093,31.882439808485298,0,texas ebony plant,61,8,False,8,48.0,False
252086646164,"Thelocactus bicolor (3!) Cactus Plants ""Glory of Texas"" Blooming Size NEW CROP!",17.99,$17.99,False,0.0,Free delivery,True,False,False,crazyhcactus,99.7,54400,99.7,False,193,0,False,False,False,False,False,False,True,False,False,False,False,False,United States,False,,False,False,False,False,64,Sponѕ⁨ored,26.048547053591093,31.882439808485298,0,texas ebony plant,62,8,False,8,49.0,False
237028022668,RARE! Vintage 1978 Texas Instruments Starburst Digital Analog Mens Watch - Works,405.0,$405.00,False,6.35,+$6.35 delivery in 2-4 days,False,False,True,trvl4ja,100.0,778,100.0,False,0,18,False,True,False,False,False,False,False,False,False,False,False,False,United States,False,Pre-Owned,False,False,False,False,65,Sponѕ⁨ored,26.048547053591093,31.882439808485298,0,texas ebony plant,63,8,False,8,50.0,False
137809618384,TESTED WORKS Texas Instruments TI-84 Plus Graphing Calculator Black & Cover,39.5,$39.50,False,6.82,+$6.82 delivery,False,False,False,cams-thrift-finds,99.8,8900,99.8,False,0,0,False,True,False,True,False,False,False,False,False,False,False,False,United States,False,Pre-Owned,False,False,False,False,66,Sponѕ⁨ored,26.048547053591093,31.882439808485298,0,texas ebony plant,64,8,False,8,51.0,False
188957710093,VINTAGE TEXAS INSTRUMENTS WATCH 1980 QUARTZ ALARM WATCH WORKS - READ DESCRIPTION,50.0,$50.00,False,9.52,+$9.52 delivery,False,False,False,popculture007,100.0,736,100.0,False,0,0,False,True,False,False,False,False,False,False,False,False,False,False,United States,False,Pre-Owned,False,False,False,False,67,Sponѕ⁨ored,26.048547053591093,31.882439808485298,0,texas ebony plant,65,8,False,8,52.0,False
920005635765,"Texas Instruments TI Charging Station CE, tested, works, NO charger",35.99,$35.99,False,5.99,+$5.99 delivery in 2-4 days,False,False,True,migqu_10,99.7,596,99.7,False,0,0,False,True,False,False,False,False,False,False,False,False,False,False,United States,False,Pre-Owned,False,False,False,False,68,Sponѕ⁨ored,26.048547053591093,31.882439808485298,0,texas ebony plant,66,8,False,8,53.0,False
157960154711,Vtg TI Wiz-A-Tron Calculator Educational Toy - Texas Instruments - Tested/Works,16.15,$16.15$20.19,False,6.68,+$6.68 delivery,False,False,False,beyondleftovers,99.9,8300,99.9,False,0,0,False,True,False,False,False,False,False,False,False,False,True,False,United States,False,Pre-Owned,False,False,False,False,69,Sponѕ⁨ored,26.048547053591093,31.882439808485298,0,texas ebony plant,67,8,False,8,54.0,False
166530595216,"Texas Ebony #23 Knife Scales 5""x 1.5""x 3/8""",32.0,$32.00,False,0.0,Free delivery,True,False,False,chriscantwell,100.0,5100,100.0,False,0,0,False,False,False,True,False,False,False,False,False,False,False,False,United States,False,Brand New,False,False,False,False,70,Sponѕ⁨ored,26.048547053591093,31.882439808485298,0,texas ebony plant,68,8,False,8,55.0,False
920005886577,Texas Instruments TI-84 Plus Graphing Calculator Ti84 Works Has Blemish READ,25.99,$25.99,False,8.99,+$8.99 delivery,False,False,False,jisaladin-0,99.8,599,99.8,False,0,0,False,False,False,False,False,False,False,False,False,False,False,False,United States,False,Pre-Owned,False,False,False,False,71,Sponѕ⁨ored,26.048547053591093,31.882439808485298,0,texas ebony plant,69,8,False,8,56.0,False
178552372983,Texas Instruments TI-Nspire CX Graphing Calculator w/ Cover - Works Well,37.95,$37.95,False,0.0,Free delivery,True,False,False,3j2guy,100.0,2400,100.0,False,0,0,False,False,False,False,False,False,False,False,False,False,False,True,United States,False,Pre-Owned,False,False,False,False,72,Sponѕ⁨ored,26.048547053591093,31.882439808485298,0,texas ebony plant,70,8,False,8,57.0,False
318926308162,Bath & Body Works Ebony Sands Scented 3-Wick Jar Candle 14.5 oz,15.0,$15.00,False,10.15,+$10.15 delivery,False,False,False,savarob_96,0.0,1,,True,0,0,False,True,False,False,False,False,False,False,False,False,False,False,United States,False,,False,False,False,False,73,Sponѕ⁨ored,26.048547053591093,31.882439808485298,0,texas ebony plant,71,8,False,8,58.0,False
237102849075,Texas Instruments TI-92 Graphing Calculator Slide Cover Used Works Smoke-Free,46.75,$46.75$51.95,False,0.0,Free delivery,True,False,False,big86ries,99.6,9400,99.6,False,0,0,False,True,False,False,False,False,False,False,False,False,False,False,United States,False,Pre-Owned,False,False,False,False,74,Sponѕ⁨ored,26.048547053591093,31.882439808485298,0,texas ebony plant,72,8,False,8,59.0,False
158377717912,Texas Star DX 350 HDV 2x2879 Toshiba Ships Super FAST!! Works Excellent!,350.0,$350.00,False,22.0,+$22.00 delivery,False,False,False,weauctionit4u,100.0,2600,100.0,False,0,0,False,True,False,False,False,False,False,False,False,False,False,False,United States,False,Pre-Owned,False,False,False,False,75,Sponѕ⁨ored,26.048547053591093,31.882439808485298,0,texas ebony plant,73,8,False,8,60.0,False
166235397500,"Texas Ebony #19 Knife Scales 6""x 1.5""x 5/16""",32.0,$32.00,False,0.0,Free delivery,True,False,False,chriscantwell,100.0,5100,100.0,False,0,0,False,False,False,True,False,False,False,False,False,False,False,False,United States,False,Brand New,False,False,False,False,76,Sponѕ⁨ored,26.048547053591093,31.882439808485298,0,texas ebony plant,74,8,False,8,61.0,False
257779923147,Texas Instruments TI-Nspire with TI-84 Plus Keypad w/ Cover . Tested. It Works!,17.0,$17.00,False,5.95,+$5.95 delivery,False,False,False,abeki10kofo,99.5,1500,99.5,False,0,0,False,True,False,True,False,False,False,False,False,False,False,False,United States,False,Pre-Owned,False,False,False,False,77,Sponѕ⁨ored,26.048547053591093,31.882439808485298,0,texas ebony plant,75,8,False,8,62.0,False
298731061777,Texas Instruments TI-83 Plus Handheld Graphing Calculator W/Cover Tested & Works,10.99,$10.99,False,6.99,+$6.99 delivery,False,False,False,jnlfinds,100.0,964,100.0,False,0,0,False,True,False,False,False,False,False,False,False,False,False,False,United States,False,Pre-Owned,False,False,False,False,78,Sponѕ⁨ored,26.048547053591093,31.882439808485298,0,texas ebony plant,76,8,False,8,63.0,False
377541199987,TEXAS INSTRUMENTS TI-84 PLUS Graphing Calculator Clear Works With Zipper Case,37.99,$37.99,False,13.65,+$13.65 delivery,False,False,False,tilac-94,100.0,796,100.0,False,0,0,False,True,False,False,False,False,False,False,False,False,False,False,United States,False,Pre-Owned,False,False,False,False,79,Sponѕ⁨ored,26.048547053591093,31.882439808485298,0,texas ebony plant,77,8,False,8,64.0,False
800730558172,TI-30XS Multiview Scientific Calculator W/ Cover Texas Instruments TESTED WORKS,12.99,$12.99,False,6.34,+$6.34 delivery,False,False,False,metherd_resale,0.0,0,,True,0,0,False,True,False,False,False,False,False,False,False,False,False,False,United States,False,Pre-Owned,False,False,False,False,80,Sponѕ⁨ored,26.048547053591093,31.882439808485298,0,texas ebony plant,78,8,False,8,65.0,False
257639352472,Vtg Texas Instruments TI-1000 Calculator in Original Box Good Condition Works,18.99,$18.99,False,0.0,Free delivery,True,False,False,ajstabosz6708,100.0,944,100.0,False,0,0,False,True,False,False,False,False,False,False,False,False,False,False,United States,False,Pre-Owned,False,False,False,False,81,Sponѕ⁨ored,26.048547053591093,31.882439808485298,0,texas ebony plant,79,8,False,8,66.0,False
257780217453,Texas Instruments TI-84 Plus Graphing Calculator Black Silver with Cover WORKS,39.99,$39.99,False,8.0,+$8.00 delivery,False,False,False,tarandacuense,100.0,1500,100.0,False,0,0,False,False,False,False,False,False,False,False,False,False,False,False,United States,False,Pre-Owned,False,False,False,False,82,Sponѕ⁨ored,26.048547053591093,31.882439808485298,0,texas ebony plant,80,8,False,8,67.0,False
277525906454,Aechmea CHANTINII EBONY Bromeliad one tropical plant *BIG*,200.0,$200.00,False,20.0,+$20.00 delivery,False,False,False,kristenschicboutique,100.0,4000,100.0,False,0,5,False,False,False,False,False,False,True,False,False,False,False,False,United States,False,,False,False,False,False,83,Sponѕ⁨ored,26.048547053591093,31.882439808485298,0,texas ebony plant,81,8,False,8,68.0,False
327371121241,Texas Instruments TI 83 Plus Graphing Calculator Black TESTED And Works Great!,10.5,$10.50,False,6.07,+$6.07 delivery,False,False,False,successvault,99.5,1100,99.5,False,0,0,False,False,True,False,False,False,False,False,False,False,False,False,United States,False,Pre-Owned,False,False,False,False,84,Sponѕ⁨ored,26.048547053591093,31.882439808485298,0,texas ebony plant,82,8,False,8,69.0,False
178551101311,Texas Instruments TI-83 Graphing Calculator Tested Works with Cover,20.0,$20.00,False,7.05,+$7.05 delivery,False,False,False,itsallgoods.store,100.0,348,100.0,False,0,0,False,True,False,False,False,False,False,False,False,False,False,False,United States,False,Pre-Owned,False,False,False,False,85,Sponѕ⁨ored,26.048547053591093,31.882439808485298,0,texas ebony plant,83,8,False,8,70.0,False
206549017271,Vintage Texas Instruments TI Exactra 20 Electronic Calculator EX-20 - WORKS,200.0,$200.00,False,17.15,+$17.15 delivery,False,False,False,midwestcollectorscorner,99.7,4400,99.7,False,0,0,False,True,False,False,False,False,False,False,False,False,False,False,United States,False,Pre-Owned,False,False,False,False,86,Sponѕ⁨ored,26.048547053591093,31.882439808485298,0,texas ebony plant,84,8,False,8,71.0,False
236910188025,"Texas Star Hibiscus plant 3.25"" pot - Hibiscus coccineus",12.6,$12.60,False,8.5,+$8.50 delivery,False,False,False,upperplacegardens,99.5,951,99.5,False,0,4,False,False,False,False,False,False,False,False,False,False,False,False,United States,False,,False,False,False,False,87,Sponѕ⁨ored,26.048547053591093,31.882439808485298,0,texas ebony plant,85,8,False,8,72.0,False
307176981241,Vintage Texas Instruments Super Speak & Spell Electronic Toy Game 1990s Works,12.5,$12.50,False,8.17,+$8.17 delivery,False,False,False,kkmoondog,100.0,534,100.0,False,0,0,False,True,False,False,False,False,False,False,False,False,False,False,United States,False,Pre-Owned,False,False,False,False,88,Sponѕ⁨ored,26.048547053591093,31.882439808485298,0,texas ebony plant,86,8,False,8,73.0,False
389941902098,1974 Texas Chainsaw Massacre Motion Activated Doll Works Pre-owned W Tags,55.0,$55.00,False,17.51,+$17.51 delivery,False,False,False,landa_tro3,100.0,1200,100.0,False,0,0,False,False,False,False,False,False,False,False,False,False,False,False,United States,False,Pre-Owned,False,False,False,False,89,Sponѕ⁨ored,26.048547053591093,31.882439808485298,0,texas ebony plant,87,8,False,8,74.0,False
396286318881,LOT OF 5 Texas Instruments TI-Nspire Touchpad Handheld Graphing Calculator WORKS,34.99,$34.99,False,0.0,Free delivery,True,False,False,pack_rats_online,100.0,60000,100.0,False,0,0,False,True,False,False,False,False,False,False,False,False,False,False,United States,False,Pre-Owned,False,False,False,False,90,Sponѕ⁨ored,26.048547053591093,31.882439808485298,0,texas ebony plant,88,8,False,8,75.0,False
125347177688,"30 TEXAS EBONY TREE SEED PODS HALVES - EBENOPSIS EBANO BONSAI, No Seeds Included",9.45,$9.45,False,7.95,+$7.95 delivery,False,False,False,plantsandseedskingdom,99.4,4700,99.4,False,11,0,False,False,False,True,False,False,False,False,False,False,False,False,United States,False,,False,False,False,False,91,Sponѕ⁨ored,26.048547053591093,31.882439808485298,0,texas ebony plant,89,8,False,8,76.0,False
257732147570,VTG 1984 Texas Instruments Speak & Spell with Super Stumpers Cartridge Box Works,36.44,$36.44$40.04,False,11.3,+$11.30 delivery,False,False,False,funlifepickers,99.7,495,99.7,False,0,0,False,True,False,False,False,False,False,False,False,False,False,False,United States,False,Pre-Owned,False,False,False,False,92,Sponѕ⁨ored,26.048547053591093,31.882439808485298,0,texas ebony plant,90,8,False,8,77.0,False
278411870786,Texas Instruments Little Professor Calculator Owl 1976 Vintage Tested Works,20.0,$20.00,False,6.34,+$6.34 delivery,False,False,False,mattkyamaha,99.7,450,99.7,False,0,0,False,True,False,False,False,False,False,False,False,False,False,False,United States,False,Pre-Owned,False,False,False,False,93,Sponѕ⁨ored,26.048547053591093,31.882439808485298,0,texas ebony plant,91,8,False,8,78.0,False
325015777880,"3 CUTTINGS 20"" Tall Moringa Oleifera Miracle Drumstick Horseradish Tree Plant",24.95,$24.95,False,0.0,Free delivery,True,False,False,textmexdecors,99.7,4700,99.7,False,54,0,False,False,False,True,False,False,False,False,False,False,False,False,United States,False,,False,False,False,False,94,Sponѕ⁨ored,26.048547053591093,31.882439808485298,0,texas ebony plant,92,8,False,8,79.0,False
398445400003,Texas Chainsaw Massacre Leatherface 12” Statue w/ Sound Spirit Halloween Works!!,59.99,$59.99,False,30.55,+$30.55 delivery,False,False,False,pnw_treasuress,100.0,1400,100.0,False,0,0,False,True,False,False,False,False,False,False,False,False,False,False,United States,False,Pre-Owned,False,False,False,False,95,Sponѕ⁨ored,26.048547053591093,31.882439808485298,0,texas ebony plant,93,8,False,8,80.0,False
227550711540,Texas Instruments TI-84 Plus Graphing Calculator Black Grey WORKS,29.99,$29.99,False,6.99,+$6.99 delivery,False,False,False,captainkcollectibles,99.9,8600,99.9,False,0,0,False,True,False,False,False,False,False,False,False,False,False,False,United States,False,Pre-Owned,False,False,False,False,96,Sponѕ⁨ored,26.048547053591093,31.882439808485298,0,texas ebony plant,94,8,False,8,81.0,False
237099523626,Texas Instruments TI-30Xa Scientific Calculator Works Great,4.25,$4.25,False,5.68,+$5.68 delivery,False,False,False,cousinsuzy,100.0,389,100.0,False,0,0,False,True,False,False,False,False,False,False,False,False,False,False,United States,False,Pre-Owned,False,False,False,False,97,Sponѕ⁨ored,26.048547053591093,31.882439808485298,0,texas ebony plant,95,8,False,8,82.0,False
366667433366,Dante's Ebony & Ivory Devil May Cry 1:1 Prop-Slide Trigger Hammmer Works,85.99,$85.99 to $165.99,True,10.0,+$10.00 delivery,False,False,False,3dpropmaker,100.0,2,100.0,False,0,0,False,False,False,False,False,False,False,False,False,False,False,False,United States,False,Brand New,False,False,False,False,98,Sponѕ⁨ored,26.048547053591093,31.882439808485298,0,texas ebony plant,96,8,False,8,83.0,False
147608641413,Texas Instruments TI 83 Plus Graphing Calculator - Tested and works,23.95,$23.95,False,0.0,Free delivery,True,False,False,angel368,99.7,911,99.7,False,0,0,False,False,False,False,False,False,False,False,False,False,False,False,United States,False,Pre-Owned,False,False,False,False,99,Sponѕ⁨ored,26.048547053591093,31.882439808485298,0,texas ebony plant,97,8,False,8,84.0,False
206596169787,Vintage TEXAS INSTRUMENTS ELECTRONIC CALCULATOR TI-3500 Works! Orig Box + Manual,24.85,$24.85,False,7.85,+$7.85 delivery,False,False,False,peddlers101,99.7,1100,99.7,False,0,0,False,True,False,False,False,False,False,False,False,False,False,False,United States,False,,False,False,False,False,100,Sponѕ⁨ored,26.048547053591093,31.882439808485298,0,texas ebony plant,98,8,False,8,85.0,False
147614857532,TEXAS INSTRUMENTS TI-84+ PLUS Calculator Black - Tested - SCREEN DAMAGE - WORKS,26.99,$26.99,False,0.0,Free delivery,True,False,False,levitatingdesigns,99.6,1400,99.6,False,0,0,False,False,False,False,False,False,False,False,False,False,False,False,United States,False,Pre-Owned,False,False,False,False,101,Sponѕ⁨ored,26.048547053591093,31.882439808485298,0,texas ebony plant,99,8,False,8,86.0,False
267693935969,Daylily ~ BONIBRAE EBONY STAR ~ Black Scapes! HTF Daylilies Plants SF,16.99,$16.99,False,11.99,+$11.99 delivery,False,False,False,des569,99.8,4500,99.8,False,0,5,False,False,False,False,False,False,False,False,False,False,False,False,United States,False,,False,False,False,False,102,Sponѕ⁨ored,26.048547053591093,31.882439808485298,0,texas ebony plant,100,8,False,8,87.0,False
278414754029,1976 Texas Instruments Little Professor Quiz Calculator - Works! With Book,39.0,$39.00,False,13.65,+$13.65 delivery,False,False,False,hjlstar,99.3,904,99.3,False,0,0,False,True,True,False,False,False,False,False,False,False,False,False,United States,False,Pre-Owned,False,False,False,False,103,Sponѕ⁨ored,26.048547053591093,31.882439808485298,0,texas ebony plant,101,8,False,8,88.0,False
327382107114,Texas Insturments TI-1200 Electronic Calculator Vintage [w/ Box] WORKS!,15.0,$15.00,False,7.0,+$7.00 delivery,False,False,False,milestone_collectibles,100.0,38600,100.0,False,0,0,False,False,False,False,False,False,False,False,False,False,False,False,United States,False,Pre-Owned,False,False,False,False,104,Sponѕ⁨ored,26.048547053591093,31.882439808485298,0,texas ebony plant,102,8,False,8,89.0,False
364172986939,Texas Sage Silver Leaf Live Plant Showy Purple Flowers Drought Tolerant Shrub,31.99,$31.99,False,0.0,Free delivery,True,False,False,emeraldgoddessgardens,99.8,11200,99.8,False,0,22,False,False,False,False,True,False,False,False,False,False,False,False,United States,False,,False,False,False,False,105,Sponѕ⁨ored,26.048547053591093,31.882439808485298,0,texas ebony plant,103,8,False,8,90.0,False
117414311322,Vintage Texas Instruments TI-2550 Electronic Memory Calculator Works Original,18.15,$18.15$25.93,False,11.95,+$11.95 delivery in 2-4 days,False,False,True,vinobarrera1,99.7,4700,99.7,False,0,0,False,False,False,True,False,False,False,False,False,False,False,False,United States,False,Pre-Owned,False,False,False,False,106,Sponѕ⁨ored,26.048547053591093,31.882439808485298,0,texas ebony plant,104,8,False,8,91.0,False
178407027578,PANTEX PLANT TEXAS FIRE RESCUE PATCH,20.0,$20.00,False,0.79,+$0.79 delivery in 2-4 days,False,False,True,coolemblems,99.9,13100,99.9,False,0,0,False,False,False,False,False,False,False,False,False,False,False,False,United States,False,Brand New,False,False,False,False,107,Sponѕ⁨ored,26.048547053591093,31.882439808485298,0,texas ebony plant,105,8,False,8,92.0,False
236732541227,Live Air Plants (15 Pack) Tillandsia Recurvata Texas Ball Moss – Small Ballmoss,17.95,$17.95,False,0.0,Free delivery,True,False,False,questmatrix,100.0,1300,100.0,False,0,0,False,False,False,False,False,False,False,False,False,False,False,False,United States,False,,False,False,False,False,108,Sponѕ⁨ored,26.048547053591093,31.882439808485298,0,texas ebony plant,106,8,False,8,93.0,False
278286844951,2024-25 Upper Deck Engrained Icons - Jacques Plante #40 Ebony /199,9.5,$9.50,False,1.36,+$1.36 delivery,False,False,False,hmg1214,100.0,201,100.0,False,0,0,False,True,False,False,False,False,False,False,False,False,False,False,United States,False,Pre-Owned,False,False,False,False,109,Sponѕ⁨ored,26.048547053591093,31.882439808485298,0,texas ebony plant,107,8,False,8,94.0,False
318622188014,Texas Instruments TI-89 Titanium Graphing Calculator with Cover TESTED WORKS,40.0,$40.00,False,0.0,Free delivery,True,False,False,nicholasloot,100.0,1500,100.0,False,0,0,False,False,False,False,False,False,False,False,False,False,False,True,United States,False,Pre-Owned,False,False,False,False,110,Sponѕ⁨ored,26.048547053591093,31.882439808485298,0,texas ebony plant,108,8,False,8,95.0,False
366664795902,Vintage Texas Instruments Speak & Spell EUC Tested Works Open Original Box,50.0,$50.00,False,10.15,+$10.15 delivery,False,False,False,marcyramone,99.6,780,99.6,False,0,0,False,True,False,False,False,False,False,False,False,False,False,False,United States,False,Pre-Owned,False,False,False,False,111,Sponѕ⁨ored,26.048547053591093,31.882439808485298,0,texas ebony plant,109,8,False,8,96.0,False
117445299662,1 Bath & Body Works EBONY SANDS Three Wick Candle,24.95,$24.95,False,0.0,Free delivery,True,False,False,diegosgiftemporium,100.0,3500,100.0,False,0,0,False,False,False,False,False,False,False,False,False,False,False,False,United States,False,Brand New,False,False,False,False,112,Sponѕ⁨ored,26.048547053591093,31.882439808485298,0,texas ebony plant,110,8,False,8,97.0,False
236732551574,Live Air Plants (6 Pack) Tillandsia Recurvata – Texas Ball Moss – Small Ballmoss,12.95,$12.95,False,0.0,Free delivery,True,False,False,questmatrix,100.0,1300,100.0,False,0,0,False,False,False,False,False,False,False,False,False,False,False,False,United States,False,,False,False,False,False,113,Sponѕ⁨ored,26.048547053591093,31.882439808485298,0,texas ebony plant,111,8,False,8,98.0,False
278415623985,Vintage 1976 Texas Instruments Little Professor Calculator Works Perfectly!,19.99,$19.99,False,10.2,+$10.20 delivery,False,False,False,michaelm19742009,100.0,4600,100.0,False,0,0,False,False,True,True,False,False,False,False,False,False,False,False,United States,False,Pre-Owned,False,False,False,False,114,Sponѕ⁨ored,26.048547053591093,31.882439808485298,0,texas ebony plant,112,8,False,8,99.0,False
327385196262,⭐ Texas Instruments TI-15 Explorer Elementary Calculator - Tested Works ⭐,6.72,$6.72,False,6.34,+$6.34 delivery,False,False,False,nifty_thrifty_finds_shop,100.0,567,100.0,False,0,0,False,True,False,True,False,False,False,False,False,False,False,False,United States,False,Pre-Owned,False,False,False,False,115,Sponѕ⁨ored,26.048547053591093,31.882439808485298,0,texas ebony plant,113,8,False,8,100.0,False
189013276339,Vintage 1984 Texas Instruments TI Business Analyst II Calculator Box Book Works,20.0,$20.00,False,6.35,+$6.35 delivery,False,False,False,crazy-for-vintage,100.0,953,100.0,False,0,0,False,True,False,False,False,False,False,False,False,False,False,False,United States,False,Pre-Owned,False,False,False,False,116,Sponѕ⁨ored,26.048547053591093,31.882439808485298,0,texas ebony plant,114,8,False,8,101.0,False
227547928852,Texas Instruments TI-86 Graphing Calculator - Black -Tested Works Batteries Incl,22.5,$22.50,False,6.47,+$6.47 delivery,False,False,False,coloradolady-25,99.7,433,99.7,False,0,0,False,True,False,False,False,False,False,False,False,False,False,False,United States,False,Pre-Owned,False,False,False,False,117,Sponѕ⁨ored,26.048547053591093,31.882439808485298,0,texas ebony plant,115,8,False,8,102.0,False
298721148305,Texas Instruments TI-Nspire Handheld w/Touchpad Graphing Calculator Tested Works,25.0,$25.00,False,6.0,+$6.00 delivery,False,False,False,halfpint-flipping,0.0,0,,True,0,0,False,True,False,False,False,False,False,False,False,False,False,False,United States,False,Pre-Owned,False,False,False,False,118,Sponѕ⁨ored,26.048547053591093,31.882439808485298,0,texas ebony plant,116,8,False,8,103.0,False
318752058251,Vintage 1977 Texas Instruments Dataman Electronic Handheld Calculator WORKS,22.5,$22.50,False,0.0,Free delivery,True,False,False,ekmmarket,99.9,2800,99.9,False,0,0,False,True,False,False,False,False,False,False,False,False,False,False,United States,False,Pre-Owned,False,False,False,False,119,Sponѕ⁨ored,26.048547053591093,31.882439808485298,0,texas ebony plant,117,8,False,8,104.0,False
327265645268,"2 Plants 15""+ Long Wonderful Organic Pomegranate Rooted Mature Plant",29.98,$29.98,False,0.0,Free delivery,True,False,False,textmexdecors,99.7,4700,99.7,False,0,0,False,False,False,True,False,False,True,False,False,False,False,False,United States,False,,False,False,False,False,120,Sponѕ⁨ored,26.048547053591093,31.882439808485298,0,texas ebony plant,118,8,False,8,105.0,False
398441974831,Texas Instruments T1-84 Plus Silver Edition Graphing Calculator-Works,35.99,$35.99$39.99,False,8.23,+$8.23 delivery,False,False,False,monks_92,99.7,2300,99.7,False,0,0,False,True,False,False,False,False,False,False,False,False,False,False,United States,False,Pre-Owned,False,False,False,False,121,Sponѕ⁨ored,26.048547053591093,31.882439808485298,0,texas ebony plant,119,8,False,8,106.0,False
336815398386,Texas Instruments TI-30XIIS | Scientific Calculator | Pink Color | Tested Works,11.2,$11.20$16.00,False,4.99,+$4.99 delivery,False,False,False,all_nite57ri,100.0,3600,100.0,False,0,0,False,True,False,False,False,False,False,False,False,False,False,False,United States,False,Pre-Owned,False,False,False,False,122,Sponѕ⁨ored,26.048547053591093,31.882439808485298,0,texas ebony plant,120,8,False,8,107.0,False
128080699290,"Red Texas Star Hardy Hibiscus Live Plant - 4-8"" Tall - Ship No Pot - Zones 6–10",15.99,$15.99,False,13.48,+$13.48 delivery,False,False,False,dimensionalprint,98.0,806,98.0,False,0,0,False,False,False,False,True,False,False,False,False,False,False,False,United States,False,,True,True,True,True,123,Sponѕo؜red,0.03458419807658597,11.578191208730345,261,texas ebony plant,121,8,False,8,,False
387772442546,3 LOLOT TEXAS Live Plant Lá lốt (3 Plants),12.59,$12.59,False,13.65,+$13.65 delivery,False,False,False,vip_shop_usa,94.5,450,94.5,False,0,8,False,True,False,False,True,False,False,False,False,False,False,False,United States,False,,True,True,True,True,124,Sponѕo؜red,0.03458419807658597,11.578191208730345,261,texas ebony plant,122,8,False,8,,False
188238774347,Peperomia Watermelon Live Potted Houseplant,15.95,$15.95,False,6.95,+$6.95 delivery,False,False,False,coastaltill1,99.4,25600,99.4,False,0,15,False,False,False,False,False,True,False,False,False,False,False,False,United States,False,,False,False,False,False,3,Spоnso؜red,-38.7505944326611,-41.062705537455756,0,watermelon peperomia,1,39,True,39,1.0,False
277475896829,"Watermelon COSTA RICA Peperomia Live Starter Plant for Planting 4-6""Tall, No Pot",15.99,$15.99,False,13.48,+$13.48 delivery,False,False,False,daniemorloc8,97.8,511,97.8,False,0,6,False,False,False,False,True,False,False,False,False,False,False,False,United States,False,,True,True,True,True,4,Sponѕo⁩red,0.025878182537836025,11.534018118245672,261,watermelon peperomia,2,39,True,39,,False
168578976274,Watermelon Peperomia (Stilt) 4 in Live Houseplant | Peperomia Argyreia,18.99,$18.99,False,6.99,+$6.99 delivery,False,False,False,riversidegreenhouses,100.0,4,100.0,False,0,0,False,False,False,False,False,False,False,False,False,False,False,False,United States,False,,True,True,True,True,5,Sponѕo⁩red,0.025878182537836025,11.534018118245672,261,watermelon peperomia,3,39,True,39,,True
315342753552,Harmony Foliage Watermelon Peperomia in 4 inch pots 15-Pack Bulk Wholesale Plant,159.99,$159.99,False,5.95,+$5.95 delivery,False,False,False,bubbleblooms.shop,98.3,2500,98.3,False,0,0,False,False,False,False,True,False,False,False,False,False,False,False,United States,False,,True,True,True,True,6,Sponѕo⁩red,0.025878182537836025,11.534018118245672,261,watermelon peperomia,4,39,True,39,,False
406891647649,"Peperomia Watermelon Plant in 4"" Pot - Peperomia Argyreia - Striped Peperomia",20.99,$20.99,False,5.99,+$5.99 delivery,False,False,False,galactic.g_35,97.9,185,97.9,False,0,8,False,False,False,False,False,False,False,False,False,False,False,False,United States,False,,False,False,False,False,7,Spоnso؜red,-38.7505944326611,-41.062705537455756,0,watermelon peperomia,5,39,True,39,2.0,False
185774937290,"Peperomia Watermelon Interesting Foliage Very Easy Grow House Live Plant 4"" Pot",24.99,$24.99,False,0.0,Free delivery,True,False,False,succulentsandcactus,99.3,2400,99.3,False,0,9,False,False,False,False,False,False,False,False,False,False,False,False,United States,False,,False,False,False,False,8,Spоnso؜red,-38.7505944326611,-41.062705537455756,0,watermelon peperomia,6,39,True,39,3.0,False
287434650718,"Variegated Watermelon Peperomia ""Golden Dust"" - 4"" Pot - Free Shipping",34.99,$34.99,False,0.0,Free delivery,True,False,False,happilyplanted,100.0,230,100.0,False,0,0,False,False,False,False,False,False,False,False,False,False,False,False,United States,False,,False,False,False,False,9,Spоnso؜red,-38.7505944326611,-41.062705537455756,0,watermelon peperomia,7,39,True,39,4.0,False
188682899915,Peperomia Watermelon Ecuador Form Live Potted Houseplant,15.95,$15.95,False,6.95,+$6.95 delivery,False,False,False,coastaltill1,99.4,25600,99.4,False,0,0,False,False,False,False,False,True,False,False,False,False,False,False,United States,False,,False,False,False,False,10,Spоnso؜red,-38.7505944326611,-41.062705537455756,0,watermelon peperomia,8,39,True,39,5.0,False
398132250360,WATERMELON PEPEROMIA,15.0,$15.00,False,12.2,+$12.20 delivery,False,False,False,angelan-65,100.0,9,100.0,False,0,0,False,True,False,False,False,False,False,False,False,False,False,False,United States,False,,False,False,False,False,11,Spоnso؜red,-38.7505944326611,-41.062705537455756,0,watermelon peperomia,9,39,True,39,6.0,False
203497695331,Watermelon peperomia 4”,22.0,$22.00,False,13.7,+$13.70 delivery,False,False,False,ellasgarden,100.0,438,100.0,False,0,4,False,True,False,False,False,False,False,False,False,False,False,False,United States,False,,False,False,False,False,12,Spоnso؜red,-38.7505944326611,-41.062705537455756,0,watermelon peperomia,10,39,True,39,7.0,False
158043923052,"Peperomia Watermelon, Live Plant, Rooted in 4"" Pot",18.85,$18.85,False,10.11,+$10.11 delivery,False,False,False,leolinshop,100.0,486,100.0,False,0,0,False,False,False,False,False,False,False,False,False,False,False,False,United States,False,,False,False,False,False,13,Spоnso؜red,-38.7505944326611,-41.062705537455756,0,watermelon peperomia,11,39,True,39,8.0,False
315029350581,"Harmony's Gold Dust Peperomia, Variegated Watermelon Pep Sport",43.74,$43.74,False,5.95,+$5.95 delivery,False,False,False,bubbleblooms.shop,98.3,2500,98.3,False,0,0,False,False,False,False,True,False,False,False,False,False,False,False,United States,False,,False,False,False,False,14,Spоnso؜red,-38.7505944326611,-41.062705537455756,0,watermelon peperomia,12,39,True,39,9.0,False
314667140564,"Watermelon Peperomia, Peperomia argyreia, in a 4 inch Pot",24.99,$24.99,False,5.95,+$5.95 delivery,False,False,False,bubbleblooms.shop,98.3,2500,98.3,False,0,0,False,False,False,False,True,False,False,False,False,False,False,False,United States,False,,True,True,True,True,15,Sponѕo⁩red,0.025878182537836025,11.534018118245672,261,watermelon peperomia,13,39,True,39,,False
314667153553,"Peperomia Assortment Set, 4 inch pots, Set of 3, Watermelon, Marble, Ripple, Ros",34.99,$34.99,False,5.95,+$5.95 delivery,False,False,False,bubbleblooms.shop,98.3,2500,98.3,False,0,0,False,False,False,False,True,False,False,False,False,False,False,False,United States,False,,True,True,True,True,16,Sponѕo⁩red,0.025878182537836025,11.534018118245672,261,watermelon peperomia,14,39,True,39,,False
314667169695,"Peperomia Assortment Set, 4 inch pots, Watermelon, Marble, Ripple, Rosso, albvio",69.99,$69.99,False,5.95,+$5.95 delivery,False,False,False,bubbleblooms.shop,98.3,2500,98.3,False,0,0,False,False,False,False,True,False,False,False,False,False,False,False,United States,False,,True,True,True,True,17,Sponѕo⁩red,0.025878182537836025,11.534018118245672,261,watermelon peperomia,15,39,True,39,,False
315342719426,"BubbleBlooms Harmony's Variegated Watermelon Peperomia, 4 inch",39.99,$39.99,False,5.95,+$5.95 delivery,False,False,False,bubbleblooms.shop,98.3,2500,98.3,False,0,0,False,False,False,False,True,False,False,False,False,False,False,False,United States,False,,True,True,True,True,18,Sponѕo⁩red,0.025878182537836025,11.534018118245672,261,watermelon peperomia,16,39,True,39,,False
315350789940,"Peperomia Watermelon, Watermelon Peperomia, Peperomia Argyreia in 4"" pot",23.99,$23.99,False,7.14,+$7.14 delivery,False,False,False,leslykcol,100.0,11,100.0,False,0,0,False,True,False,False,False,False,False,False,False,False,False,False,United States,False,,False,False,False,False,19,Spоnso؜red,-38.7505944326611,-41.062705537455756,0,watermelon peperomia,17,39,True,39,10.0,False
398409735122,"Watermelon Peperomia Live Plant, Peperomia Indoor Plant, 5-7 Inch Tall",26.99,$26.99,False,9.99,+$9.99 delivery,False,False,False,ahvnllc,100.0,8,100.0,False,0,0,False,False,False,False,False,False,False,False,False,False,False,False,United States,False,,False,False,False,False,20,Spоnso؜red,-38.7505944326611,-41.062705537455756,0,watermelon peperomia,18,39,True,39,11.0,False
398409735126,"Watermelon Peperomia Plant Live, Peperomia Houseplant, 5-7 Inch Tall",26.59,$26.59,False,9.99,+$9.99 delivery,False,False,False,ahvnllc,100.0,8,100.0,False,0,0,False,False,False,False,False,False,False,False,False,False,False,False,United States,False,,False,False,False,False,21,Spоnso؜red,-38.7505944326611,-41.062705537455756,0,watermelon peperomia,19,39,True,39,12.0,False
296187593864,"Peperomia Mini Watermelon, 2 inch set of 3, verschaffeltii Unique Rare Pep",39.99,$39.99,False,6.95,+$6.95 delivery,False,False,False,harmonyfoliage,100.0,168,100.0,False,0,0,False,True,False,True,False,False,False,False,False,False,False,False,United States,False,,False,False,False,False,22,Spоnso؜red,-38.7505944326611,-41.062705537455756,0,watermelon peperomia,20,39,True,39,13.0,False
398445102043,Watermelon Peperomia Live Plant Indoor Houseplant Silver Green Foliage Decor,39.33,$39.33,False,0.0,Free delivery,True,False,False,rosolo15,100.0,239,100.0,False,0,0,False,False,False,False,False,False,False,False,False,False,False,False,United States,False,,False,False,False,False,23,Spоnso؜red,-38.7505944326611,-41.062705537455756,0,watermelon peperomia,21,39,True,39,14.0,False
314667162608,"Watermelon Peperomia, 6 inch, Peperomia Argyreia",39.99,$39.99,False,5.95,+$5.95 delivery,False,False,False,bubbleblooms.shop,98.3,2500,98.3,False,0,0,False,False,False,False,True,False,False,False,False,False,False,False,United States,False,,False,False,False,False,24,Spоnso؜red,-38.7505944326611,-41.062705537455756,0,watermelon peperomia,22,39,True,39,15.0,False
314667168899,"BubbleBlooms Harmony's Variegated Watermelon Peperomia, 4 inch, Unique Homegrown",39.99,$39.99,False,5.95,+$5.95 delivery,False,False,False,bubbleblooms.shop,98.3,2500,98.3,False,0,0,False,True,False,False,True,False,False,False,False,False,False,False,United States,False,,False,False,False,False,25,Spоnso؜red,-38.7505944326611,-41.062705537455756,0,watermelon peperomia,23,39,True,39,16.0,False
317442485317,Peperomia Watermelon | Live Plant for Indoor & Outdoor,26.99,$26.99 to $52.99,True,9.8,+$9.80 delivery,False,False,False,ks_plants,100.0,68,100.0,False,0,0,False,False,False,False,False,False,False,False,False,False,False,False,United States,False,,False,False,False,False,26,Spоnso؜red,-38.7505944326611,-41.062705537455756,0,watermelon peperomia,24,39,True,39,17.0,False
800265255782,Watermelon peperomia plant-4 inch pot-2 plants per order-NO SHIP CA,15.0,$15.00,False,30.57,+$30.57 delivery,False,False,False,amph_3297,100.0,183,100.0,False,0,0,False,False,False,False,True,False,False,False,False,False,False,False,United States,False,,False,False,False,False,27,Spоnso؜red,-38.7505944326611,-41.062705537455756,0,watermelon peperomia,25,39,True,39,18.0,False
185774939206,"Peperomia Watermelon 4"" Pot Houseplant, Indoor Plant",29.99,$29.99,False,0.0,Free delivery,True,False,False,succulentsandcactus,99.3,2400,99.3,False,0,0,False,False,False,False,False,False,False,False,False,False,False,False,United States,False,,False,False,False,False,28,Spоnso؜red,-38.7505944326611,-41.062705537455756,0,watermelon peperomia,26,39,True,39,19.0,False
315342741896,"Peperomia Turboensis, 2 inch Set of 3, Metallic Black Rare Pep Purple Watermelon",49.99,$49.99,False,5.95,+$5.95 delivery,False,False,False,bubbleblooms.shop,98.3,2500,98.3,False,0,0,False,False,False,False,True,False,False,False,False,False,False,False,United States,False,,False,False,False,False,29,Spоnso؜red,-38.7505944326611,-41.062705537455756,0,watermelon peperomia,27,39,True,39,20.0,False
185774939912,"Peperomias Argyreias Watermelon Grow In & Out Live Plant 4"" Mini",24.99,$24.99,False,0.0,Free delivery,True,False,False,succulentsandcactus,99.3,2400,99.3,False,0,0,False,False,False,False,False,False,False,False,False,False,False,False,United States,False,,False,False,False,False,30,Spоnso؜red,-38.7505944326611,-41.062705537455756,0,watermelon peperomia,28,39,True,39,21.0,False
233766997203,Live Succulent String of hearts / String of pearls ETC. Plants well rooted,4.99,$4.99 to $17.99,True,3.99,+$3.99 delivery in 2-4 days,False,False,True,uskc-fg,99.0,959,99.0,False,0,10,True,False,False,False,False,False,False,False,False,False,False,False,United States,False,,True,True,True,True,31,Sponѕo⁩red,0.025878182537836025,11.534018118245672,261,watermelon peperomia,29,39,True,39,,False
315342736203,Peperomia Frost Light Green Ripple Pep Caperata,34.99,$34.99,False,5.95,+$5.95 delivery,False,False,False,bubbleblooms.shop,98.3,2500,98.3,False,0,0,False,False,False,False,True,False,False,False,False,False,False,False,United States,False,,True,True,True,True,32,Sponѕo⁩red,0.025878182537836025,11.534018118245672,261,watermelon peperomia,30,39,True,39,,False
315342740787,"Peperomia Watermelon, 4 inch, pep argyreia",34.99,$34.99,False,5.95,+$5.95 delivery,False,False,False,bubbleblooms.shop,98.3,2500,98.3,False,0,0,False,False,False,False,True,False,False,False,False,False,False,False,United States,False,,True,True,True,True,33,Sponѕo⁩red,0.025878182537836025,11.534018118245672,261,watermelon peperomia,31,39,True,39,,False
315342748696,Harmony Foliage Watermelon Peperomia in 4 inch pots 30-Pack Bulk Wholesale Plant,299.99,$299.99,False,5.95,+$5.95 delivery,False,False,False,bubbleblooms.shop,98.3,2500,98.3,False,0,0,False,False,False,False,True,False,False,False,False,False,False,False,United States,False,,True,True,True,True,34,Sponѕo⁩red,0.025878182537836025,11.534018118245672,261,watermelon peperomia,32,39,True,39,,False
185774938444,Peperomia Verschaffeltii Mini Watermelon Plant 4” Pot,29.99,$29.99,False,0.0,Free delivery,True,False,False,succulentsandcactus,99.3,2400,99.3,False,0,0,False,False,False,False,False,False,False,False,False,False,False,False,United States,False,,False,False,False,False,35,Spоnso؜red,-38.7505944326611,-41.062705537455756,0,watermelon peperomia,33,39,True,39,22.0,False
315123707763,"Peperomia Turboensis, 2 inch Set of 3, Metallic Black Rare Pep Purple Watermelon",69.99,$69.99,False,5.95,+$5.95 delivery,False,False,False,bubbleblooms.shop,98.3,2500,98.3,False,0,0,False,True,False,False,True,False,False,False,False,False,False,False,United States,False,,False,False,False,False,36,Spоnso؜red,-38.7505944326611,-41.062705537455756,0,watermelon peperomia,34,39,True,39,23.0,False
315123704824,Peperomia Frost Light Green Ripple Pep Caperata,34.99,$34.99,False,5.95,+$5.95 delivery,False,False,False,bubbleblooms.shop,98.3,2500,98.3,False,0,0,False,True,False,False,True,False,False,False,False,False,False,False,United States,False,,False,False,False,False,37,Spоnso؜red,-38.7505944326611,-41.062705537455756,0,watermelon peperomia,35,39,True,39,24.0,False
296187589076,"Peperomia Turboensis, 2 inch Set of 3, Metallic Black Rare Pep Purple Watermelon",49.99,$49.99,False,6.95,+$6.95 delivery,False,False,False,harmonyfoliage,100.0,168,100.0,False,0,0,False,True,False,True,False,False,False,False,False,False,False,False,United States,False,,False,False,False,False,38,Spоnso؜red,-38.7505944326611,-41.062705537455756,0,watermelon peperomia,36,39,True,39,25.0,False
206402950835,Watermelon Peperomia - NO SHIP CA,15.0,$15.00,False,27.88,+$27.88 delivery,False,False,False,tampanurserya0,100.0,365,100.0,False,0,0,False,False,False,False,False,False,False,False,False,False,False,False,United States,False,,False,False,False,False,39,Spоnso؜red,-38.7505944326611,-41.062705537455756,0,watermelon peperomia,37,39,True,39,26.0,False
318638049426,Peperomia Watermelon Plant 6” Hanging Basket Live Indoor Plant,30.0,$30.00,False,15.81,+$15.81 delivery,False,False,False,bronxplantlady1225,100.0,185,100.0,False,0,0,False,True,False,False,False,False,False,False,False,False,False,False,United States,False,,False,False,False,False,40,Spоnso؜red,-38.7505944326611,-41.062705537455756,0,watermelon peperomia,38,39,True,39,27.0,False
128006476093,"Peperomia Watermelon Rare Variegated Live Plant Houseplant 4"" Pot",49.99,$49.99$86.99,False,0.0,Free delivery,True,False,False,nocturnalgardens,100.0,98,100.0,False,0,0,False,False,False,False,False,False,False,False,False,False,True,False,United States,False,,False,False,False,False,41,Spоnso؜red,-38.7505944326611,-41.062705537455756,0,watermelon peperomia,39,39,True,39,28.0,False
315342717063,"Red Emerald Ripple Peperomia, Emerald Ripple Pepper, Red Platinum, Ivy-Leaf Pepe",17.99,$17.99,False,5.95,+$5.95 delivery,False,False,False,bubbleblooms.shop,98.3,2500,98.3,False,0,0,False,False,False,False,True,False,False,False,False,False,False,False,United States,False,,True,True,True,True,42,Sponѕo⁩red,0.025878182537836025,11.534018118245672,261,watermelon peperomia,40,39,False,39,,False
315342715424,"Red Peperomia caperata, Red Emerald Ripple, Frost, Platinum, in a 2 inch Pot Tin",12.99,$12.99,False,5.95,+$5.95 delivery,False,False,False,bubbleblooms.shop,98.3,2500,98.3,False,0,0,False,False,False,False,True,False,False,False,False,False,False,False,United States,False,,True,True,True,True,43,Sponѕo⁩red,0.025878182537836025,11.534018118245672,261,watermelon peperomia,41,39,False,39,,False
405841706465,Pepperomia Assortment 6pk,29.99,$29.99,False,10.15,+$10.15 delivery,False,False,False,wicatetfarm,100.0,87,100.0,False,0,21,False,False,False,False,True,False,False,False,False,False,False,False,United States,False,,True,True,True,True,44,Sponѕo⁩red,0.025878182537836025,11.534018118245672,261,watermelon peperomia,42,39,False,39,,False
186120237111,"Peperomia Rosso, 4 pot"" Plant - Peperomia caperata 'rosso' - FREE SHIPPING",29.99,$29.99,False,0.0,Free delivery,True,False,False,succulentsandcactus,99.3,2400,99.3,False,0,0,False,False,False,False,False,False,False,False,False,False,False,False,United States,False,,True,True,True,True,45,Sponѕo⁩red,0.025878182537836025,11.534018118245672,261,watermelon peperomia,43,39,False,39,,False
287556713484,"Peperomia Hope - 4"" Pot - Free Shipping",24.99,$24.99,False,0.0,Free delivery,True,False,False,happilyplanted,100.0,230,100.0,False,0,2,False,False,False,False,False,False,False,False,False,False,False,False,United States,False,,False,False,False,False,46,Spоnso؜red,-38.7505944326611,-41.062705537455756,0,watermelon peperomia,44,39,False,39,29.0,False
178466577427,"Peperomia Plant Live, Easy Care Trailing Houseplant, 4-6 Inch Tall",22.99,$22.99,False,9.99,+$9.99 delivery,False,False,False,gardenialabllc,50.0,0,50.0,False,0,0,False,False,False,False,False,False,False,False,False,False,False,False,United States,False,,False,False,False,False,47,Spоnso؜red,-38.7505944326611,-41.062705537455756,0,watermelon peperomia,45,39,False,39,30.0,False
397010942606,"Peperomia Green Ferreyrae Plant 4"" Pot Congona Amarilla Live plant Ht7",5.99,$5.99,False,6.99,+$6.99 delivery,False,False,False,nnplant,97.1,4900,97.1,False,0,0,False,False,False,False,True,False,False,False,False,False,False,False,United States,False,,False,False,False,False,48,Spоnso؜red,-38.7505944326611,-41.062705537455756,0,watermelon peperomia,46,39,False,39,31.0,False
397982414423,"Peperomia Rosso 4"" Pot House Emerald Ripple Pepper Radiator Live Plant",6.99,$6.99,False,6.99,+$6.99 delivery,False,False,False,nnplant,97.1,4900,97.1,False,0,0,False,False,False,False,False,False,False,False,False,False,False,False,United States,False,,False,False,False,False,49,Spоnso؜red,-38.7505944326611,-41.062705537455756,0,watermelon peperomia,47,39,False,39,32.0,False
326552315417,"Succulent Pot Plant - Peperomia : Ruby Cascade - In 4"" Pot",9.99,$9.99,False,5.0,+$5.00 delivery in 2-4 days,False,False,True,sunny0454,99.7,2900,99.7,False,22,0,False,False,False,False,False,False,False,False,False,False,False,False,United States,False,,False,False,False,False,50,Spоnso؜red,-38.7505944326611,-41.062705537455756,0,watermelon peperomia,48,39,False,39,33.0,False
168523919366,"Reverted Peperomia Carnival | Colorful, Variegated, Houseplant 2"" Start",14.99,$14.99,False,9.22,+$9.22 delivery,False,False,False,flowersplants,98.4,710,98.4,False,0,0,False,True,False,False,False,False,False,False,False,False,False,False,United States,False,,False,False,False,False,51,Spоnso؜red,-38.7505944326611,-41.062705537455756,0,watermelon peperomia,49,39,False,39,34.0,False
257732006876,"Peperomia Orange Metallic Creme Brulee Variegated Tropical Rooted in 4"" Pot",14.99,$14.99,False,22.55,+$22.55 delivery,False,False,False,aokplantcompany,100.0,875,100.0,False,0,0,False,True,False,False,False,False,False,False,False,False,False,False,United States,False,,False,False,False,False,52,Spоnso؜red,-38.7505944326611,-41.062705537455756,0,watermelon peperomia,50,39,False,39,35.0,False
407177886309,"2 Red Watermelon Live Plants 4-7"" Tall in 4"" Pot, Sweet Watermelon Starter Plant",23.99,$23.99,False,7.99,+$7.99 delivery,False,False,False,galactic.g_35,97.9,185,97.9,False,0,6,False,False,False,False,False,False,False,False,False,False,False,False,United States,False,,True,True,True,True,53,Sponѕo⁩red,0.025878182537836025,11.534018118245672,261,watermelon peperomia,51,39,False,39,,False
395446273871,15 Cuttings Peperomia Hope Succlent Hanging Foliage 6inches Long Live Plant,4.99,$4.99,False,6.99,+$6.99 delivery,False,False,False,nnplant,97.1,4900,97.1,False,0,0,False,False,False,False,True,False,False,False,False,False,False,False,United States,False,,False,False,False,False,54,Spоnso؜red,-38.7505944326611,-41.062705537455756,0,watermelon peperomia,52,39,False,39,36.0,False
395467410302,Peperomia Rosso 4Inches Pot Houseplant Emerald Ripple Pepper Radiator Live Plant,5.99,$5.99,False,6.99,+$6.99 delivery,False,False,False,nnplant,97.1,4900,97.1,False,0,0,False,False,False,False,True,False,False,False,False,False,False,False,United States,False,,False,False,False,False,55,Spоnso؜red,-38.7505944326611,-41.062705537455756,0,watermelon peperomia,53,39,False,39,37.0,False
198311046238,"1 pot 3.5"" Peperomia pellucida Live Plant. Rau càng cua. 400+ or 1000+ Seeds",4.49,$4.49 to $32.99,True,0.0,Free delivery,True,False,False,florida-seeds,99.6,938,99.6,False,0,0,False,False,False,False,True,False,False,False,False,False,False,False,United States,False,,False,False,False,False,56,Spоnso؜red,-38.7505944326611,-41.062705537455756,0,watermelon peperomia,54,39,False,39,38.0,False
377488134553,"Live Peperomia Rosso Plant - 4"" Pot - Red & Green Foliage Houseplant",18.99,$18.99,False,7.88,+$7.88 delivery,False,False,False,pzste-60,98.4,425,98.4,False,0,0,False,False,False,False,True,False,False,False,False,False,False,False,United States,False,,False,False,False,False,57,Spоnso؜red,-38.7505944326611,-41.062705537455756,0,watermelon peperomia,55,39,False,39,39.0,False
397981370070,"Peperomia Scandens Variegated Cupid Peperomia vine Live Plant Ht7 4"" pot",5.99,$5.99,False,6.99,+$6.99 delivery,False,False,False,nnplant,97.1,4900,97.1,False,0,0,False,False,False,False,False,False,False,False,False,False,False,False,United States,False,,False,False,False,False,58,Spоnso؜red,-38.7505944326611,-41.062705537455756,0,watermelon peperomia,56,39,False,39,40.0,False
394775997043,Peperomia Obtusifolia Variegated Baby rubber Live Plant Radiator 4Inches Pot,4.99,$4.99,False,6.99,+$6.99 delivery,False,False,False,nnplant,97.1,4900,97.1,False,0,0,False,False,False,False,True,False,False,False,False,False,False,False,United States,False,,False,False,False,False,59,Spоnso؜red,-38.7505944326611,-41.062705537455756,0,watermelon peperomia,57,39,False,39,41.0,False
366700335712,Variegated Peperomia Obtusifolia,14.0,$14.00,False,6.34,+$6.34 delivery,False,False,False,zonetenplants1,100.0,23,100.0,False,0,0,False,True,False,False,False,False,False,False,False,False,False,False,United States,False,,True,True,True,True,60,Sponѕo⁩red,0.025878182537836025,11.534018118245672,261,watermelon peperomia,58,39,False,39,,False
287534457492,"Peperomia Maculosa - 4"" Pot Live Plant - Free Shipping",29.99,$29.99,False,0.0,Free delivery,True,False,False,happilyplanted,100.0,230,100.0,False,0,0,False,False,False,False,False,False,False,False,False,False,False,False,United States,False,,False,False,False,False,61,Spоnso؜red,-38.7505944326611,-41.062705537455756,0,watermelon peperomia,59,39,False,39,42.0,False
168629261058,Peperomia 'Caracas',9.99,$9.99 to $35.99,True,8.3,+$8.30 delivery,False,False,False,snakerootbotanicals,98.3,57,98.3,False,0,0,False,False,False,False,False,False,False,False,False,False,False,False,United States,False,,False,False,False,False,62,Spоnso؜red,-38.7505944326611,-41.062705537455756,0,watermelon peperomia,60,39,False,39,43.0,False
137687408036,Peperomia Hope Collector Plant – Rooted Cutting – Rare Trailing Peperomia,18.0,$18.00,False,5.68,+$5.68 delivery in 2-4 days,False,False,True,krifian_0,100.0,3,100.0,False,0,0,False,True,False,False,False,False,False,False,False,False,False,False,United States,False,,False,False,False,False,63,Spоnso؜red,-38.7505944326611,-41.062705537455756,0,watermelon peperomia,61,39,False,39,44.0,False
116957994367,Peperomia Ginny,18.0,$18.00,False,12.0,+$12.00 delivery,False,False,False,your_plant_haven,99.4,1300,99.4,False,0,0,False,False,False,False,False,False,False,False,False,False,False,False,United States,False,,False,False,False,False,64,Spоnso؜red,-38.7505944326611,-41.062705537455756,0,watermelon peperomia,62,39,False,39,45.0,False
187934364127,Peperomia Rosso Live Potted Houseplant,14.95,$14.95,False,6.95,+$6.95 delivery,False,False,False,coastaltill1,99.4,25600,99.4,False,0,13,False,False,False,False,False,True,False,False,False,False,False,False,United States,False,,False,False,False,False,65,Spоnso؜red,-38.7505944326611,-41.062705537455756,0,watermelon peperomia,63,39,False,39,46.0,False
336767136924,"Peperomia Ripple Green Plant Live - Size: 6""",30.99,$30.99,False,0.0,Free delivery,True,False,False,plants-zen,100.0,22,100.0,False,0,0,False,False,False,False,False,False,False,False,False,False,False,False,United States,False,,False,False,False,False,66,Spоnso؜red,-38.7505944326611,-41.062705537455756,0,watermelon peperomia,64,39,False,39,47.0,False
336552953498,Peperomia cf villacaulus [cutting],15.0,$15.00,False,5.0,+$5.00 delivery,False,False,False,sunshinestatefoliage,100.0,90,100.0,False,0,4,False,False,False,False,False,False,False,False,False,False,False,False,United States,False,,False,False,False,False,67,Spоnso؜red,-38.7505944326611,-41.062705537455756,0,watermelon peperomia,65,39,False,39,48.0,False
117419182585,Peperomia incana | Felted Pepperface Peperomia | Soft Velvet Leaves | Easy...,21.74,$21.74$28.99,False,7.08,+$7.08 delivery,False,False,False,fun_plantsandcactus,99.7,901,99.7,False,0,0,False,False,False,False,True,False,False,False,False,False,True,False,United States,False,,False,False,False,False,68,Spоnso؜red,-38.7505944326611,-41.062705537455756,0,watermelon peperomia,66,39,False,39,49.0,False
116810738472,Peperomia clusiifolia Red Margin | Radiator Plant | Peperomia | 2in pot,12.74,$12.74$16.99,False,5.93,+$5.93 delivery,False,False,False,fun_plantsandcactus,99.7,901,99.7,False,0,5,False,False,False,False,True,False,False,False,False,False,False,False,United States,False,,False,False,False,False,69,Spоnso؜red,-38.7505944326611,-41.062705537455756,0,watermelon peperomia,67,39,False,39,50.0,False
315342736716,"Peperomia Maculosa, Spotted-Stalked Pep, Monster Peperomia, 4 inch",34.99,$34.99,False,5.95,+$5.95 delivery,False,False,False,bubbleblooms.shop,98.3,2500,98.3,False,0,0,False,False,False,False,True,False,False,False,False,False,False,False,United States,False,,False,False,False,False,70,Spоnso؜red,-38.7505944326611,-41.062705537455756,0,watermelon peperomia,68,39,False,39,51.0,False
397010923529,"Peperomia Abricos 4"" Plant Radiator Plant Abricos Live plant Ht7",8.99,$8.99,False,6.99,+$6.99 delivery,False,False,False,nnplant,97.1,4900,97.1,False,0,0,False,False,False,False,True,False,False,False,False,False,False,False,United States,False,,False,False,False,False,71,Spоnso؜red,-38.7505944326611,-41.062705537455756,0,watermelon peperomia,69,39,False,39,52.0,False
157838501263,Peperomia Plant In 4 Inches Pot,6.0,$6.00,False,8.0,+$8.00 delivery,False,False,False,irvin-sophi,97.2,1800,97.2,False,0,6,False,True,False,False,False,False,False,False,False,False,False,False,United States,False,,False,False,False,False,72,Spоnso؜red,-38.7505944326611,-41.062705537455756,0,watermelon peperomia,70,39,False,39,53.0,False
336821308890,"Peperomia Ginny Plant Live - Size: 4""",19.99,$19.99,False,0.0,Free delivery,True,False,False,plants-zen,100.0,22,100.0,False,0,0,False,False,False,False,False,False,False,False,False,False,False,False,United States,False,,False,False,False,False,73,Spоnso؜red,-38.7505944326611,-41.062705537455756,0,watermelon peperomia,71,39,False,39,54.0,False
336552956208,Peperomia orba [cutting],3.5,$3.50,False,5.0,+$5.00 delivery,False,False,False,sunshinestatefoliage,100.0,90,100.0,False,8,0,False,False,False,False,False,False,True,False,False,False,False,False,United States,False,,False,False,False,False,74,Spоnso؜red,-38.7505944326611,-41.062705537455756,0,watermelon peperomia,72,39,False,39,55.0,False
277034656718,Peperomia Clusiifolia JELLY Green Pink White Variegated Large Matured Flower,26.9,$26.90,False,0.0,Free delivery,True,False,False,maiksylvia,99.8,8900,99.8,False,0,0,False,False,False,False,False,False,False,False,False,False,False,False,United States,False,,False,False,False,False,75,Spоnso؜red,-38.7505944326611,-41.062705537455756,0,watermelon peperomia,73,39,False,39,56.0,False
314667168512,"Green Emerald Ripple Peperomia, 6 inch, Frost Platinum, carperata albovittata, W",24.99,$24.99,False,5.95,+$5.95 delivery,False,False,False,bubbleblooms.shop,98.3,2500,98.3,False,0,0,False,False,False,False,True,False,False,False,False,False,False,False,United States,False,,False,False,False,False,76,Spоnso؜red,-38.7505944326611,-41.062705537455756,0,watermelon peperomia,74,39,False,39,57.0,False
287618502858,"Peperomia ""Freckles"" Variegated - 4"" Pot Live Plant - Free Shipping",29.99,$29.99,False,0.0,Free delivery,True,False,False,happilyplanted,100.0,230,100.0,False,0,0,False,False,False,False,False,False,False,False,False,False,False,False,United States,False,,False,False,False,False,77,Spоnso؜red,-38.7505944326611,-41.062705537455756,0,watermelon peperomia,75,39,False,39,58.0,False
407109700055,"Ruby Glow Peperomia Live Plant 4"" Pot Peperomia Graveolens",23.59,$23.59,False,7.99,+$7.99 delivery,False,False,False,galactic.g_35,97.9,185,97.9,False,0,0,False,False,False,False,False,False,False,False,False,False,False,False,United States,False,,False,False,False,False,78,Spоnso؜red,-38.7505944326611,-41.062705537455756,0,watermelon peperomia,76,39,False,39,59.0,False
198311047053,"1 pot 3.5"" Peperomia pellucida Live Plant. Rau càng cua. 400+ or 1000+ seeds",4.49,$4.49 to $34.99,True,0.0,Free delivery,True,False,False,florida-seeds,99.6,938,99.6,False,0,0,False,False,False,False,True,False,False,False,False,False,False,False,United States,False,,False,False,False,False,79,Spоnso؜red,-38.7505944326611,-41.062705537455756,0,watermelon peperomia,77,39,False,39,60.0,False
314949651334,"Peperomia Rosso, 4 inch, Radiator Plant Caperata",21.99,$21.99,False,5.95,+$5.95 delivery,False,False,False,bubbleblooms.shop,98.3,2500,98.3,False,0,0,False,False,False,False,True,False,False,False,False,False,False,False,United States,False,,False,False,False,False,80,Spоnso؜red,-38.7505944326611,-41.062705537455756,0,watermelon peperomia,78,39,False,39,61.0,False
326018448887,"Succulent Pot Plant - Peperomia Asperula - In 2"" Pot",4.99,$4.99,False,5.0,+$5.00 delivery,False,False,False,sunny0454,99.7,2900,99.7,False,0,22,False,False,False,False,False,False,False,False,False,False,False,False,United States,False,,False,False,False,False,81,Spоnso؜red,-38.7505944326611,-41.062705537455756,0,watermelon peperomia,79,39,False,39,62.0,False
158271483490,Peperomia Rare Plant,15.0,$15.00,False,9.0,+$9.00 delivery,False,False,False,irvin-sophi,97.2,1800,97.2,False,0,0,False,True,False,False,False,False,False,False,False,False,False,False,United States,False,,False,False,False,False,82,Spоnso؜red,-38.7505944326611,-41.062705537455756,0,watermelon peperomia,80,39,False,39,63.0,False
147483144293,Peperomia Obtusifolia Live Rooted Plant,15.0,$15.00,False,7.05,+$7.05 delivery,False,False,False,janicen321,100.0,49,100.0,False,0,0,False,False,False,False,False,False,False,False,False,False,False,False,United States,False,,False,False,False,False,83,Spоnso؜red,-38.7505944326611,-41.062705537455756,0,watermelon peperomia,81,39,False,39,64.0,False
198614681182,"Peperomia Hope 4 Cuttings, 6 inches each Round leafed Peperomia plant",10.0,$10.00,False,5.93,+$5.93 delivery,False,False,False,mayita246,100.0,303,100.0,False,0,0,False,True,False,False,False,False,False,False,False,False,False,False,United States,False,,False,False,False,False,84,Spоnso؜red,-38.7505944326611,-41.062705537455756,0,watermelon peperomia,82,39,False,39,65.0,False
287387247934,"Peperomia Carnival - 4"" Pot Live Plant - Free Shipping",59.99,$59.99,False,0.0,Free delivery,True,False,False,happilyplanted,100.0,230,100.0,False,0,4,False,False,False,False,False,False,False,False,False,False,False,False,United States,False,,False,False,False,False,85,Spоnso؜red,-38.7505944326611,-41.062705537455756,0,watermelon peperomia,83,39,False,39,66.0,False
375409539751,"Peperomia Red Ecuador Live Plant 2.5"" Pot Easy to Grow Succulent Houseplant",12.95,$12.95,False,7.95,+$7.95 delivery,False,False,False,gardenshops,98.9,5900,98.9,False,0,0,False,False,False,True,False,False,False,False,False,False,False,False,United States,False,,False,False,False,False,86,Spоnso؜red,-38.7505944326611,-41.062705537455756,0,watermelon peperomia,84,39,False,39,67.0,False
315342712939,"Peperomia Hope, Peperomia rotundifolia, pecuniifolia in a 4 inch Pot,",21.99,$21.99,False,5.95,+$5.95 delivery,False,False,False,bubbleblooms.shop,98.3,2500,98.3,False,0,0,False,False,False,False,True,False,False,False,False,False,False,False,United States,False,,False,False,False,False,87,Spоnso؜red,-38.7505944326611,-41.062705537455756,0,watermelon peperomia,85,39,False,39,68.0,False
158323126127,Peperomia Hope Live Plant 4in Pot Rooted Trailing Round Leaf Houseplant,28.0,$28.00,False,8.99,+$8.99 delivery,False,False,False,ar_trendz,100.0,276,100.0,False,0,0,False,True,False,False,False,False,False,False,False,False,False,False,United States,False,,False,False,False,False,88,Spоnso؜red,-38.7505944326611,-41.062705537455756,0,watermelon peperomia,86,39,False,39,69.0,False
287387287199,"Peperomia - 4"" Pot Live Plant - Free Shipping",29.99,$29.99,False,0.0,Free delivery,True,False,False,happilyplanted,100.0,230,100.0,False,0,0,False,False,False,False,False,False,False,False,False,False,False,False,United States,False,,False,False,False,False,89,Spоnso؜red,-38.7505944326611,-41.062705537455756,0,watermelon peperomia,87,39,False,39,70.0,False
336552957654,Peperomia sp. venezuela [cutting],11.0,$11.00,False,5.0,+$5.00 delivery,False,False,False,sunshinestatefoliage,100.0,90,100.0,False,0,0,False,False,False,False,False,False,False,False,False,False,False,False,United States,False,,False,False,False,False,90,Spоnso؜red,-38.7505944326611,-41.062705537455756,0,watermelon peperomia,88,39,False,39,71.0,False
317822371008,Peperomia 'Parallel' | Live Plant for Indoor & Outdoor,21.99,$21.99,False,9.8,+$9.80 delivery,False,False,False,ks_plants,100.0,68,100.0,False,0,0,False,False,False,False,False,False,False,False,False,False,False,False,United States,False,,False,False,False,False,91,Spоnso؜red,-38.7505944326611,-41.062705537455756,0,watermelon peperomia,89,39,False,39,72.0,False
336771602372,"Peperomia Frost Plant Live - Size: 4""",20.99,$20.99,False,0.0,Free delivery,True,False,False,plants-zen,100.0,22,100.0,False,0,0,False,False,False,False,False,False,False,False,False,False,False,False,United States,False,,False,False,False,False,92,Spоnso؜red,-38.7505944326611,-41.062705537455756,0,watermelon peperomia,90,39,False,39,73.0,False
117347708954,🌿 Peperomia cubensis 🌿,17.99,$17.99,False,7.09,+$7.09 delivery,False,False,False,sandrus_zuodl,100.0,164,100.0,False,0,0,False,False,False,False,False,False,False,False,False,False,False,False,United States,False,,False,False,False,False,93,Spоnso؜red,-38.7505944326611,-41.062705537455756,0,watermelon peperomia,91,39,False,39,74.0,False
156716852917,String of watermelon succulent plants,11.99,$11.99,False,0.0,Free delivery,True,False,False,wycstore,100.0,931,100.0,False,0,0,False,False,False,False,True,False,False,False,False,False,False,False,United States,False,,False,False,False,False,94,Spоnso؜red,-38.7505944326611,-41.062705537455756,0,watermelon peperomia,92,39,False,39,75.0,False
157803473881,Peperomia Caperata Buenos Rare Plant,7.0,$7.00,False,8.0,+$8.00 delivery,False,False,False,irvin-sophi,97.2,1800,97.2,False,0,5,False,True,False,False,False,False,False,False,False,False,False,False,United States,False,,False,False,False,False,95,Spоnso؜red,-38.7505944326611,-41.062705537455756,0,watermelon peperomia,93,39,False,39,76.0,False
137568092482,"6-10"" Tall Pepperomia Variegated In 4"" Pot ( 2 PLANTS )",10.0,$10.00,False,8.23,+$8.23 delivery,False,False,False,theplantdeli,99.6,338,99.6,False,0,0,False,True,False,False,False,False,False,False,False,False,False,False,United States,False,,False,False,False,False,96,Spоnso؜red,-38.7505944326611,-41.062705537455756,0,watermelon peperomia,94,39,False,39,77.0,False
147549800087,Peperomia Frost Plant Live In 3inch Pot,13.0,$13.00,False,10.15,+$10.15 delivery,False,False,False,acfishroom,97.8,282,97.8,False,0,0,False,True,False,False,True,False,False,False,False,False,False,False,United States,False,,False,False,False,False,97,Spоnso؜red,-38.7505944326611,-41.062705537455756,0,watermelon peperomia,95,39,False,39,78.0,False
186113888151,"Peperomia Prostrata ,String of turtles plant -in 4"" Pot",39.99,$39.99,False,0.0,Free delivery,True,False,False,succulentsandcactus,99.3,2400,99.3,False,0,0,False,False,False,False,False,False,False,False,False,False,False,False,United States,False,,False,False,False,False,98,Spоnso؜red,-38.7505944326611,-41.062705537455756,0,watermelon peperomia,96,39,False,39,79.0,False
317442485300,Peperomia 'Ginny' | Live Plant for Indoor & Outdoor,23.99,$23.99 to $49.99,True,9.8,+$9.80 delivery,False,False,False,ks_plants,100.0,68,100.0,False,0,0,False,False,False,False,False,False,False,False,False,False,False,False,United States,False,,False,False,False,False,99,Spоnso؜red,-38.7505944326611,-41.062705537455756,0,watermelon peperomia,97,39,False,39,80.0,False
406725098817,"Peperomia Obtusifolia Variegated Plant in 4"" pot Baby Rubber Plant Houseplant",19.99,$19.99,False,5.99,+$5.99 delivery,False,False,False,galactic.g_35,97.9,185,97.9,False,0,0,False,False,False,False,False,False,False,False,False,False,False,False,United States,False,,False,False,False,False,100,Spоnso؜red,-38.7505944326611,-41.062705537455756,0,watermelon peperomia,98,39,False,39,81.0,False
227037721580,Beautiful Rainbow “Peperomia Ginny” Starter Plant -Well Rooted! :) 🌈,15.0,$15.00,False,10.15,+$10.15 delivery,False,False,False,plantladyantics3,99.7,781,99.7,False,0,0,False,True,False,False,False,False,False,False,False,False,False,False,United States,False,,False,False,False,False,101,Spоnso؜red,-38.7505944326611,-41.062705537455756,0,watermelon peperomia,99,39,False,39,82.0,False
147549794069,Peperomia Rosso Live Plant In 3inch pot,13.0,$13.00,False,10.15,+$10.15 delivery,False,False,False,acfishroom,97.8,282,97.8,False,0,0,False,True,False,False,True,False,True,False,False,False,False,False,United States,False,,False,False,False,False,102,Spоnso؜red,-38.7505944326611,-41.062705537455756,0,watermelon peperomia,100,39,False,39,83.0,False
186143503817,"Peperomia Hope ,Rare Peperomia Rotundifolia ,Air Purifying in 4"" Pot",29.99,$29.99,False,0.0,Free delivery,True,False,False,succulentsandcactus,99.3,2400,99.3,False,0,0,False,False,False,False,False,False,False,False,False,False,False,False,United States,False,,False,False,False,False,103,Spоnso؜red,-38.7505944326611,-41.062705537455756,0,watermelon peperomia,101,39,False,39,84.0,False
147427389132,"Peperomia Obtusifolia Variegated Plant in 3.5"" pot Baby Rubber Plant Houseplant",5.75,$5.75,False,8.49,+$8.49 delivery in 2-4 days,False,False,True,denny10991,100.0,1700,100.0,False,0,0,False,False,False,False,False,False,False,False,False,False,False,False,United States,False,,False,False,False,False,104,Spоnso؜red,-38.7505944326611,-41.062705537455756,0,watermelon peperomia,102,39,False,39,85.0,False
287599264275,"Peperomia caperata 'Rosso' Live Potted plant, Green/Purple Broadleaf, Small Pots",9.99,$9.99,False,7.09,+$7.09 delivery,False,False,False,sustyshop,100.0,256,100.0,False,0,0,False,True,False,False,False,False,False,False,False,False,False,False,United States,False,,False,False,False,False,105,Spоnso؜red,-38.7505944326611,-41.062705537455756,0,watermelon peperomia,103,39,False,39,86.0,False
117347687077,Peperomia - Obtusifolia - 'Baby Rubber Plant',14.99,$14.99,False,7.09,+$7.09 delivery,False,False,False,sandrus_zuodl,100.0,164,100.0,False,0,0,False,True,False,False,False,False,False,False,False,False,False,False,United States,False,,False,False,False,False,106,Spоnso؜red,-38.7505944326611,-41.062705537455756,0,watermelon peperomia,104,39,False,39,87.0,False
157884535354,Peperomia Ruby Red Plants,12.0,$12.00,False,7.0,+$7.00 delivery,False,False,False,irvin-sophi,97.2,1800,97.2,False,0,0,False,True,False,False,False,False,False,False,False,False,False,False,United States,False,,False,False,False,False,107,Spоnso؜red,-38.7505944326611,-41.062705537455756,0,watermelon peperomia,105,39,False,39,88.0,False
287574407834,"""Pixie Lime"" Peperomia orba live potted seedling, rooted, 3"" pot.",10.99,$10.99,False,5.99,+$5.99 delivery,False,False,False,sustyshop,100.0,256,100.0,False,0,0,False,True,False,False,False,False,False,False,False,False,False,False,United States,False,,False,False,False,False,108,Spоnso؜red,-38.7505944326611,-41.062705537455756,0,watermelon peperomia,106,39,False,39,89.0,False
315342749472,Peperomia Luna Red 4 inch Ripple Pep Caperata,21.99,$21.99,False,5.95,+$5.95 delivery,False,False,False,bubbleblooms.shop,98.3,2500,98.3,False,0,0,False,False,False,False,True,False,False,False,False,False,False,False,United States,False,,False,False,False,False,109,Spоnso؜red,-38.7505944326611,-41.062705537455756,0,watermelon peperomia,107,39,False,39,90.0,False
357790686695,Peperomia - Obtusifolia - 'Baby Rubber Plant',18.0,$18.00,False,13.65,+$13.65 delivery,False,False,False,trendlovers,100.0,143,100.0,False,0,0,False,True,False,False,False,False,False,False,False,False,False,False,United States,False,,False,False,False,False,110,Spоnso؜red,-38.7505944326611,-41.062705537455756,0,watermelon peperomia,108,39,False,39,91.0,False
298491362236,Peperomia axillaris Taco Leaf Plant Succulent,12.99,$12.99,False,9.0,+$9.00 delivery in 2-4 days,False,False,True,beautiflorist,99.5,23200,99.5,False,0,0,False,False,False,False,False,False,False,False,False,False,False,False,United States,False,,False,False,False,False,111,Spоnso؜red,-38.7505944326611,-41.062705537455756,0,watermelon peperomia,109,39,False,39,92.0,False
395724763986,5 Cutting Peperomia Magnoliifolia Variegata Plant Baby Rubber American Live Pla,5.49,$5.49,False,6.99,+$6.99 delivery,False,False,False,nnplant,97.1,4900,97.1,False,0,0,False,False,False,False,True,False,False,False,False,False,False,False,United States,False,,False,False,False,False,112,Spоnso؜red,-38.7505944326611,-41.062705537455756,0,watermelon peperomia,110,39,False,39,93.0,False
397010995598,Peperomia Thail 4Inches Pot Houseplants Peperomia Radiator live plant Ht7,6.99,$6.99,False,6.99,+$6.99 delivery,False,False,False,nnplant,97.1,4900,97.1,False,0,0,False,False,False,False,True,False,False,False,False,False,False,False,United States,False,,False,False,False,False,113,Spоnso؜red,-38.7505944326611,-41.062705537455756,0,watermelon peperomia,111,39,False,39,94.0,False
397981359811,Peperomia Caperata Yunck 4Inches Emerald Ripple Pepper Plant Radiator Pot Ht7,7.69,$7.69,False,6.99,+$6.99 delivery,False,False,False,nnplant,97.1,4900,97.1,False,0,0,False,False,False,False,False,False,False,False,False,False,False,False,United States,False,,False,False,False,False,114,Spоnso؜red,-38.7505944326611,-41.062705537455756,0,watermelon peperomia,112,39,False,39,95.0,False
398409735100,"Green Peperomia Live Plant 4 Inch, Live Starter Peperomia Plant",25.99,$25.99,False,9.99,+$9.99 delivery,False,False,False,ahvnllc,100.0,8,100.0,False,0,0,False,False,False,False,False,False,False,False,False,False,False,False,United States,False,,False,False,False,False,115,Spоnso؜red,-38.7505944326611,-41.062705537455756,0,watermelon peperomia,113,39,False,39,96.0,False
336767136943,"Peperomia Ginny Plant Live - Size: 6""",30.99,$30.99,False,0.0,Free delivery,True,False,False,plants-zen,100.0,22,100.0,False,0,0,False,False,False,False,False,False,False,False,False,False,False,False,United States,False,,False,False,False,False,116,Spоnso؜red,-38.7505944326611,-41.062705537455756,0,watermelon peperomia,114,39,False,39,97.0,False
336552956830,Peperomia glabella [cutting],4.0,$4.00,False,5.0,+$5.00 delivery,False,False,False,sunshinestatefoliage,100.0,90,100.0,False,0,0,False,False,False,False,False,False,False,False,False,False,False,False,United States,False,,False,False,False,False,117,Spоnso؜red,-38.7505944326611,-41.062705537455756,0,watermelon peperomia,115,39,False,39,98.0,False
178466577441,"Rainbow Peperomia Plant Live, Houseplant from 4-6 Inch Tall, 3.5"" Pot",20.99,$20.99,False,9.99,+$9.99 delivery,False,False,False,gardenialabllc,50.0,0,50.0,False,0,0,False,False,False,False,False,False,False,False,False,False,False,False,United States,False,,False,False,False,False,118,Spоnso؜red,-38.7505944326611,-41.062705537455756,0,watermelon peperomia,116,39,False,39,99.0,False
398409735128,"Rainbow Peperomia Plant, Variegated Foliage, 4-7 Inch Tall, 3.5 Inch Pot",28.69,$28.69,False,9.99,+$9.99 delivery,False,False,False,ahvnllc,100.0,8,100.0,False,0,0,False,False,False,False,False,False,False,False,False,False,False,False,United States,False,,False,False,False,False,119,Spоnso؜red,-38.7505944326611,-41.062705537455756,0,watermelon peperomia,117,39,False,39,100.0,False
186143505849,Peperomia Hope 4inches Pot Live Plant Trailing Peperomia Rotundifolia Succlent,29.99,$29.99,False,0.0,Free delivery,True,False,False,succulentsandcactus,99.3,2400,99.3,False,0,0,False,False,False,False,False,False,False,False,False,False,False,False,United States,False,,False,False,False,False,120,Spоnso؜red,-38.7505944326611,-41.062705537455756,0,watermelon peperomia,118,39,False,39,101.0,False
314667132225,"Peperomia Hope, Peperomia rotundifolia, pecuniifolia in a 4 inch Pot,",21.99,$21.99,False,5.95,+$5.95 delivery,False,False,False,bubbleblooms.shop,98.3,2500,98.3,False,0,0,False,True,False,False,True,False,False,False,False,False,False,False,United States,False,,False,False,False,False,121,Spоnso؜red,-38.7505944326611,-41.062705537455756,0,watermelon peperomia,119,39,False,39,102.0,False
324971828743,10 Mouse Melon Seeds Mexican Gherkin Dwarf Watermelon,10.49,$10.49,False,0.0,Free delivery,True,False,False,czgrainllc,99.6,31400,99.6,False,0,0,False,False,False,False,False,False,False,False,False,False,False,False,United States,False,,False,False,False,False,122,Spоnso؜red,-38.7505944326611,-41.062705537455756,0,watermelon peperomia,120,39,False,39,103.0,False
397982025999,Peperomia Japonica Plant 6Inches Peperomia Low Maintenance Live plant Ht7,13.19,$13.19,False,10.99,+$10.99 delivery,False,False,False,nnplant,97.1,4900,97.1,False,0,0,False,False,False,False,False,False,False,False,False,False,False,False,United States,False,,False,False,False,False,123,Spоnso؜red,-38.7505944326611,-41.062705537455756,0,watermelon peperomia,121,39,False,39,104.0,False
168578976256,Peperomia Rosso 4 in Live Houseplant | Emerald Ripple Peperomia,16.99,$16.99,False,6.99,+$6.99 delivery,False,False,False,riversidegreenhouses,100.0,4,100.0,False,0,0,False,False,False,False,False,False,False,False,False,False,False,False,United States,False,,False,False,False,False,124,Spоnso؜red,-38.7505944326611,-41.062705537455756,0,watermelon peperomia,122,39,False,39,105.0,True
405870714205,"Live Peperomia Rosso – Compact Tropical Houseplant – 4"" Pot",44.99,$44.99,False,6.35,+$6.35 delivery,False,False,False,deme-8594,98.9,228,98.9,False,0,0,False,False,False,False,True,False,False,False,False,False,False,False,United States,False,,False,False,False,False,125,Spоnso؜red,-38.7505944326611,-41.062705537455756,0,watermelon peperomia,123,39,False,39,106.0,False
235593926897,"PEPEROMIA SCANDENS (ALSO KNOWN AS CUPID PEPEROMIA, TRAILING PEPEROMIA)",20.0,$20.00,False,0.0,Free delivery,True,False,False,cocotropics239,100.0,1800,100.0,False,0,7,False,True,False,False,False,False,False,False,False,False,False,False,United States,False,,False,False,False,False,126,Spоnso؜red,-38.7505944326611,-41.062705537455756,0,watermelon peperomia,124,39,False,39,107.0,False
185605048196,peperomia caperata 'silver ripple' - live house plant In 4” Pot,29.99,$29.99,False,0.0,Free delivery,True,False,False,succulentsandcactus,99.3,2400,99.3,False,0,9,False,False,False,False,False,False,False,False,False,False,False,False,United States,False,,False,False,False,False,127,Spоnso؜red,-38.7505944326611,-41.062705537455756,0,watermelon peperomia,125,39,False,39,108.0,False
316481308554,Harmony Foliage Peperomia Quito 4 inch Bright Orange Pep,39.99,$39.99,False,5.95,+$5.95 delivery,False,False,False,bubbleblooms.shop,98.3,2500,98.3,False,0,0,False,False,False,False,True,False,False,False,False,False,False,False,United States,False,,True,True,True,True,128,Sponѕo⁩red,0.025878182537836025,11.534018118245672,261,watermelon peperomia,126,39,False,39,,False
