seller,comment,item_title,item_id,automated,price,when,verified
abdullahalazam,"Thank you very much! I am very pleased with the packaging and shipping of the merchandise that I purchased from you. Also, your communication and description of the dress was professional and pleasing to me. You are an AAAA ++++ Seller, and thank you again!",Rumour Boho Cotton Maxi Dress XL 42 Tropical Leaf Ruffle Hem Earth Tone,257449836842,False,50.99,Past 6 months,True
abdullahalazam,"Arrived in beautiful condition. This is the plant I've been the most excited about. It's beautiful. I bought it a special container. Great price, excellent communication and packing, prettier than described and fast shipping. A++ seller.","Live Epiphyllum Hookeri Orchid Cactus Starter Plant 3"" Pot Rooted Night Bloom",257402857734,False,17.99,Past 6 months,True
abdullahalazam,"Price, communication, shipping, packaging, description, quality all 5 stars! Thank you!",Dwarf Cast Iron Plant Aspidistra Elatior Live Indoor Easy Care Hardy Houseplant,257493237820,False,14.99,Past month,True
abdullahalazam,I am beyond impressed. The communication was great. The shipping was great. The packaging was fantastic. It was more than as described. It was better. ￼,15 Mystery Plant Cuttings - Rare Indoor Houseplant Cuttings Bulk Propagation,257585320227,False,25.0,Past month,True
abdullahalazam,Fast and reliable shipping. Packing protection great. As described. Communication agreeable.,"Live Hoya Krohniana Eskimo Silver 3"" Pot Wax Vine Pet Safe Easy Trailing Plant",257561964983,False,19.99,Past month,True
abdullahalazam,Great communication fast shipping great packaging exactly as described. Everything looked fantastic. ￼,Set of 4 Rare House Plant Cuttings Lot | Easy Care Low Light Indoor Plant Bundle,257560169495,False,17.0,Past month,True
abdullahalazam,Communication ok shipping good packaging good as described,"Philodendron Mican Live Plant 3"" Pot Rooted Starter Rare Indoor Houseplant Easy",257491494150,False,24.99,Past 6 months,True
abdullahalazam,"Package arrived in perfect condition and quickly, outfit exactly as described recommend seller",Girls Floral Long Sleeve White Top Green Ribbed Pants Outfit Set Garanimals 2T,257688638662,False,9.0,Past month,True
abdullahalazam,Excellent! Perfect packing - the post office took it on a scenic trip adding 4 days to the delivery . It arrived and survived. Thank you ever so much…,6 Live Plant Cuttings Combo: Unrooted Pothos Philodendron Indoor House Plants,257550589906,False,24.99,Past 6 months,True
abdullahalazam,It came packaged very well very fast shipping just as described only better thank you so much i hope to do business with you again!😊,Jasmine Plant Jasminoides Evergreen Shrub Jasminum Climbing Garden Outdoor Bloom,257526764948,False,19.95,Past 6 months,True
abdullahalazam,"Hi! Shipping was so late, I know that isn’t your fault. No it wasn’t as described by your post. I just received the soaked plant it even stink, your package was the worse the plant it’s so soak I believe it won’t survive, for next time you package don’t put a gallon of water with plastic the plant anyway this is worst package with plants, no I don’t want my money I am letting you know to do better than this. Of course I won’t purchase anything from you.h","Live Hoya Krohniana Eskimo Silver 3"" Pot Wax Vine Pet Safe Easy Trailing Plant",257561964983,False,19.99,Past month,True
abdullahalazam,"Plant came very well packed and is very nice, bigger than expected. Thank you so much I highly recommend this seller. Shipping was super fast also.","Dog Tail Cactus 4” Pot, Cold Hardy",257321102767,False,24.99,Past 6 months,True
abdullahalazam,Pretty plant ☘️. My first cast iron plant. Seller is friendly and helpful. Plant was well packed and shipping was fast. 👍,Dwarf Cast Iron Plant Aspidistra Elatior Live Indoor Easy Care Hardy Houseplant,257493237820,False,13.49,Past 6 months,True
abdullahalazam,4inch plant that I purchase is great! Shipping on time.Well Packed . Actually larger than picture.,"Sansevieria Moonshine Snake Plant LIVE 4"" Pot Indoor Rare Houseplant",257428914011,False,16.99,Past 6 months,True
abdullahalazam,Shipped quickly and plants well packaged. Definitely good products and service.,Rare Pothos Cutting Bundle: Manjula Cebu Blue Marble Queen Golden Live Plant Nod,257056718932,False,19.99,Past 6 months,True
abdullahalazam,Arrived well packaged box got crushed but plants were safe,Rare Live Pothos Cuttings Bundle 7: Adansonii Cebu Blue Marble Queen Satin More,257544572077,False,21.21,Past month,True
abdullahalazam,As described fast shipping. Already starting to take root in several fish tanks,Pothos Monstera Cuttings Bundle 8,257676664904,False,29.99,Past 6 months,True
abdullahalazam,"Plant was packed perfectly. Plant did not arrive in 4"" pot as stated. Plant was shipped bare root wrapped in moist paper towels. (Which is fine) I didn't receive the plant I was expecting. (No fault on sellers behalf that I didn't read description nor ask questions) I messaged seller upon delivery and was given an almost immediate answer. Plant should have been labeled as a starter plant instead of 4"" pot in my opinion. If you're looking for a starter stem, highly recommend!","Baltic Blue Pothos - Epipremnum Pinnatum - Rare Live Plant 4"" Pot - Fast Growing",256859727496,False,18.99,More than a year ago,True
abdullahalazam,"Arrived quickly, packaged with care. Plants are in great shape. Great seller! Thanks so much!","Pothos Ivy Combo 4 Cuttings Indoor Plant : 2 Manjula Pothos, 2 Harlequin Manjula",257392985622,False,16.99,Past 6 months,True
abdullahalazam,Well-packaged. Arrived in great shape.,Set of 4 Rare House Plant Cuttings Lot | Easy Care Low Light Indoor Plant Bundle,257560169495,False,18.0,Past 6 months,True
abdullahalazam,Fast delivery… Would definitely purchase again from this seller. Great communicator.,Maid of Orleans Arabian Jasmine Rooted Starter Plant Jasminum Sambac Fragrant,257399360617,False,17.95,Past year,True
abdullahalazam,Nice little. Plant! Fast shipping! Excellent seller’. A+++++,"Philodendron Mican 3"" Pot Rooted Starter Plant, Rare Indoor Houseplant",257671128302,False,19.99,Past 6 months,True
abdullahalazam,Package was packed very well. Shipped out quickly. Lantern was as described. If you want to buy from this seller I would highly recommend. A+++++,Vintage-Style Red Lantern Light | Rustic Farmhouse Decor | LED Battery Operated,256970256972,False,18.99,Past year,True
abdullahalazam,Nice little plant! Fast shipping! Excellent seller! A+++++,"Hoya Kerrii Heart Plant 3"" Pot | Sweetheart Hoya | Rare Heart Leaf Hoya",257583427026,False,27.98,Past 6 months,True
abdullahalazam,"Package was shipped quickly. Items were very secure, well packaged, and arrived in perfect condition.",Rare Live Pothos Cuttings Bundle 7: Adansonii Cebu Blue Marble Queen Satin More,257544572077,False,24.95,Past 6 months,True
abznursery,Great deal. Fast shipping. Packaged well. Item as described. Would use this seller again.,Star Wars X Wing Hyrne-Class Droid Bomber Expansion Pack-New-never Used,366194143162,False,38.99,Past year,True
abznursery,Perfect! Exactly what I was looking for. Great communication! Will definitely buy from this company again!,Hoya Kerrii long Full In 6” Pot,365820977129,False,19.99,Past 6 months,True
abznursery,Very nicely packed and secured plant. No damage. Quick to ship. Thanks so much!,Hoya Compacta Hindu rope 6” Pot Multiple Rare Plants - Hand Pick -long 2ft,365826536180,False,59.99,Past 6 months,True
abznursery,Great seller. Well packaged. Fast.,Hoya Kentiana 6inc Full - US Seller,366245919771,False,79.99,Past year,True
abznursery,Great seller. Great packaging. Very healthy plant.,Hoya Kentiana 6inc Full - US Seller,366245919771,False,79.99,Past year,True
abznursery,Excellent A++++++++. Very healthy!!! I will be a return customer. I would recommend this seller!!!,Hoya Obovata matured - Rare PLANT - US Seller - Some Pot Has Peduncles,366036349633,False,29.99,Past month,True
abznursery,Excellent seller fast shipping,Hoya My Little Run Away - Rare On Market- full Mature plant - US Seller,366036312775,False,89.99,Past year,True
abznursery,Great seller. Very fast. Well packaged.,Hoya Crasspitetiolata big full mature Plant - Rare EXACT PLANT - US Seller,366036336048,False,89.99,Past year,True
abznursery,Plant received. It is the very best.Thank you.,Hoya Obovata matured - Rare PLANT - US Seller - Some Pot Has Peduncles,366036349633,False,29.99,Past 6 months,True
abznursery,A beautiful plant arrived at my house. Wrapping was satisfactory as no dirt was lost and stayed in tact. I ordered early spring the plant arrived green and healthy no bugs. It was a good size for the price. Three good long ropes on my rope Hoya.,Hoya Compacta Hindu rope 6” Pot Multiple Rare Plants - Hand Pick -long 2ft,365826536180,False,59.99,Past year,True
abznursery,"Very good packaging , plant was in excellent condition condition was not dried out and had buds. I was impressed for online shipments. I have been disappointed in others but very pleased with this seller. Will buy again !","Hoya Kerrii ""Sweetheart Plant - Inner Variegate, sweetheart plant, Valentine pla",365796038232,False,34.99,More than a year ago,True
abznursery,"Absolutely wonderful seller. Warm, friendly and knowledgeable. Plant arrived safely in spite of our cold snap here. It also included an adorable little plant gift as well. Very satisfied customer. Will definitely purchase from again!",Hoya heuschkeliana Yellow – Exact Plant - Large Full 6” US Seller,365865828226,False,39.99,Past year,True
abznursery,Great seller. Fast. Beautiful plant.,Mature Big Hoya Burtoniae full - US Seller - Good Deal,366108618621,False,125.0,Past year,True
abznursery,Just like advertised. Packaged well.,Hoya Compacta Hindu Rope – Extra Long 4ft Trailing Beauty - currently bloom.,365838385937,False,59.5,More than a year ago,True
abznursery,"Received a Beautiful plant, quick ship. Thank you for the gift.",Hoya Kerrii Sweetheart Inner Variegate 12+inch US seller exact picture Valentine,365796038232,False,54.99,Past year,True
abznursery,Five Stars *****Quick Shipping,Hoya heuschkeliana Yellow – Exact Plant - Large Full 6” US Seller,365854154751,False,49.99,More than a year ago,True
abznursery,Nice and full plant shipped really fast I was very happy with the plant size and quality. Was not all dried out a full healthy plant.,Hoya heuschkeliana Yellow – Exact Plant - Large Full 6” US Seller,365859633295,False,34.99,More than a year ago,True
abznursery,Order delivered on time with no issues,Buy one pot get two types of Hoya Kerrii inner varigated and Hoya Kerrii Green,365842076436,True,39.99,Past 6 months,False
abznursery,Order delivered on time with no issues,Hoya Lacunosa Snow Craps Full Big - Rare EXACT PLANT - US Seller,366036359521,True,59.99,Past 6 months,False
abznursery,Order delivered on time with no issues,Hoya Kerrii long Full In 6” Pot,365820977129,True,19.99,Past 6 months,False
abznursery,Order delivered on time with no issues,Hoya Wilbur Grave - Rare EXACT PLANT - US Seller,366036334725,True,39.99,Past 6 months,False
abznursery,Thank you,Hoya Wayettii Variegated - Rare EXACT PLANT - Big Full,366390084311,False,149.99,Past 6 months,True
abznursery,Order delivered on time with no issues,Star Wars X Wing Vulture-Class Droid fighter Expansion Pack-New-never Used,366194133727,True,38.99,Past 6 months,False
abznursery,Order delivered on time with no issues,Mature Big Hoya Burtoniae full - US Seller - Good Deal,366108618621,True,125.0,Past 6 months,False
abznursery,Order delivered on time with no issues,Star Wars X Wing Hyrne-Class Droid Bomber Expansion Pack-New-never Used,366198402678,True,42.99,Past 6 months,False
bubbleblooms.shop,Received the black gold sansevieria today. I really wasn't sure if id get it. it was delayed several days thru the post office. It finally arrived will enjoy watching it grow. I was just as described and packaged well for the trip.,"Black Gold Snakeplant, Green and Yellow Snake Plant, Variegated Sansevieria trif",315342726768,False,15.99,Past 6 months,True
bubbleblooms.shop,"I had ordered two hoya hindu rope plants, one was variegated. They were packaged separately, why? Idk. I only received one, both showed that they were delivered. It was in great condition, excellent packaging. I was maybe #2 would would eventually show up. I had sent a message on day one, and another on day two. On day three, I noticed my account had been refunded my account. No stress, thank you.","Variegated Hindu Rope, 6 inch, Hoya Compacta Carnosa, Very Rare Limited,",314667167979,False,40.0,Past 6 months,True
bubbleblooms.shop,"Items were as described, good communication, items were professionally packaged and arrived in very good condition","Hoya Assortment Set, Hindu Rope, Krimson Queen, Ketiana, Chelsea, Australis, Lis",314667156488,False,59.99,Past 6 months,True
bubbleblooms.shop,"Item was damaged and Was a lost,seller didn't have a replacement.I received several replacement plants that was far more in value than the plant that was a lost.They are also perperomia's and lovely plants.Seller went way beyond on this transaction. I would say this is a 5* seller.","Dark Green Emerald Ripple Peperomia Caperata, 4 inch",315029348826,False,19.99,Past month,True
bubbleblooms.shop,Beautiful plant! Exactly as described! Great price! Plant was very well packaged and arrived right on time! Perfect condition! Very pleased with purchase! Thank you for a great plant! Would definitely purchase from you again!!!,Peperomia Schumi Red 4 inch Bright Red Ripple Pep Caperata,315123707290,False,16.49,Past month,True
bubbleblooms.shop,"Very happy with my first purchase from Bubble Blooms! Fast shipping, great packaging and most importantly I received a super healthy snake plant!!! You can tell lots of time, effort and love goes into the care of plants from this seller and because of that I will definitely purchase more. Thank you very much!","Black Gold Snakeplant, Green and Yellow Snake Plant, Variegated Sansevieria trif",315342726768,False,15.99,Past month,True
bubbleblooms.shop,"Did not receive the same plant I ordered; plant poorly packaged for shipping and arrived upside down with all dirt fallen away from roots and most stems snapped in half, only one leaf still alive; Seller will not respond to repeated contact to rectify problem or arrange return. Cannot attach photo.",Harmony's Red Robin Begonia Rex in a 6 inch Metallic Red Black Holographic,315395400059,False,34.99,Past 6 months,True
bubbleblooms.shop,Arrived as described in amazing condition and great value I would highly recommend this seller for all your plant needs !,"Satin Pothos, Scindapsus Pictus, Silver Vine, Silver Cloud, Silk Pothos in 6 inc",314751014321,False,26.99,Past 6 months,True
bubbleblooms.shop,Great Transaction. Items as Described. Fast shipping. Well packed,BubbleBlooms Black Jewel Orchid 3 inch,315772497614,False,16.49,Past 6 months,True
bubbleblooms.shop,Excellent seller the plan arrived very healthy and well packed. I recommend to sell it to everybody.,"Rabbit's Foot Fern, Footed Rabbit 4 inch Pot, Davallia canariensis fejeensis, De",314667141987,False,21.99,Past month,True
bubbleblooms.shop,"Communication is poor at best. Inquired about the plant I ordered and it took days to receive a response. I was told that there were issues in the warehouse but everything was back in order and I plant would be shipping soon. Fast forward another week into waiting and refund was issued with zero explanation as to why. Really disappointed with how this sale went. Communication is key to a happy customer, especially one that buys a LOT of plants. Overall, extremely disappointed. 1/10.","Alocasia Ninja, Black Ninja, Black Velvet Ninja in 2 inch Pot",314751023970,False,21.99,Past 6 months,True
bubbleblooms.shop,Better than described. Packed extremely well& fast delivery,"Philodendron Tortum, 4 inch Corkscrew Philo",314949650645,False,34.99,Past 6 months,True
bubbleblooms.shop,"The plant arrived in very good condition, pretty and healthy. Also well packaging, great price . . I definately would buy again from this seller.. A++++++",BubbleBlooms Pilea depressa Baby Tears in a 4 inch Pot,315342743015,False,19.99,Past 6 months,True
bubbleblooms.shop,"Plants were in great condition, packaging was great too. It arrived on time and highly recommend this seller.","Rare Alocasia Assortment, 2 inch Set of 3, Jacklyn, Cuprea Pixi",315123705927,False,33.74,Past month,True
bubbleblooms.shop,Excellent plants!! They arrived healthy and well packaged! Fast shipping also. I've already placed a second order and looking forward to doing more business with them!! Thanks again!!,"Variegated Hoya Assortment Set, Hindu Rope, Wayetii, Australis, Macrophylla, Kri",314667164555,False,67.99,Past 6 months,True
bubbleblooms.shop,FASSSSSSSSSSSSSSSSSSSSSSST SHIPPING AWESOME COMMUNICATION EXCELLENT EBAY SELLER,BubbleBlooms Anthurium Red Champion 2 inch Red Flower,315656049230,False,19.99,Past 6 months,True
bubbleblooms.shop,"Just as described, carefully packaged, and arrived in excellent condition; even after its long trip from Florida to Washington state.","Calathea Ornata, Pinstripe, 4 inch, Prayer Plant, Cathedral Plant Pin Stripe",314667139801,False,21.99,Past year,True
bubbleblooms.shop,This Madagascar Palm was delivered healthy and packaged well. Fast shipping. I am very happy to have this in my collection. Great seller. Thank you!,"Madagascar Palm, Pachypodium Lamerei, in a 4 inch Pot, Large Pachy geayi Costant",314667132164,False,21.24,Past 6 months,True
bubbleblooms.shop,Arrived well packaged . Slight damage to one of the leaves but otherwise in good shape. No red leaf as I hoped but expecting BIG things from this little guy! Good value,BubbleBlooms Sun Red Philodendron in a 4 inch Pot Bright Red Philo,315183835480,False,20.0,Past 6 months,True
bubbleblooms.shop,"Good quality hoya. Nicely packaging, no breakage and timely arrival. I'd recommend this ebay seller","Hoya Gracilis, Very Rare Limited Live Plant, in 4 inch Pot",315342718169,False,29.99,Past 6 months,True
bubbleblooms.shop,Plant arrived safe and super healthy. Great packaging. Highly recommend this seller 100%. Thank you very much.,"Nepenthes Ampullaria BAU Green, 2 inch, Winged Pitcher Rare Carnivorous Plant",315342753683,False,16.49,Past 6 months,True
bubbleblooms.shop,"Yay! I just received the plants much earlier than expected. They were beautifully packaged, with each little pot carefully wrapped. The plants arrived in excellent condition and exactly as described. The soil was dry, but just enough that it needed water, so I watered them from the bottom up so it could be absorbed. I let it get just moist enough to replant them all into a 4"" pot. PERFECT. Thank you,",Strawberry Begonia 2 inch Set of 3 Creeping Saxifraga stolonifera,315342754023,False,19.99,Past year,True
bubbleblooms.shop,Goodpacking swift delivery beautiful plants I am not first time buyer,Harmony's Flame Violets Colorful Episcia Grower's Choice Mix 2 inch Set of 6 Rar,315395397755,False,29.99,Past 6 months,True
bubbleblooms.shop,"Great seller, plants arrived well packaged and in good shape. Will buy from again","Peperomia Assortment, Foliage Set, Rosso, Frost, albovittata, caperata, Premium",315342713116,False,27.99,Past 6 months,True
bubbleblooms.shop,"I am severely disappointed in the plant I received. I have been wanting a Jewel Orchid and haven’t been able to find one anywhere. I am not disappointed in the quality of the plant I received, but rather the gross misrepresentation of the plant I received in comparison to the photo that was advertised. The photo that was advertised was about four to five times bigger than the nymph I received. The seller should be more forthcoming and post ACTUAL photos of what is being sold. I am returning.",BubbleBlooms Black Jewel Orchid 3 inch,315772497614,False,16.49,Past 6 months,True
canopygems,"I am impressed with this seller. I had some initial order difficulties due to my own mistakes. I emailed the seller, they replied promptly and helped me get the order placed. Shipping was well packaged and the plant arrived safe. I had questions after receipt of my plant, I emailed seller and they responded quickly. The plant is beautiful. Healthy and exactly as pictured, described in listing. This is my first experience with this seller, but I definitely recommend them!","Philodendron Caramel Marble, Exact Plant Variegated Ships Nationwide",157804667045,False,53.0,Past 6 months,True
canopygems,"The plant came in nice and healthy, one of the best seller on, cost is perfect, get here on time even for it being far away, perfect packaged so nothing moved kinda like trying to open a present, and described just like they mentioned, I definitely would buy from they again, I love the plant and can't wait to watch it grow, thanks again","Philodendron Serpens, Exact Plant Ships Nationwide",168269648965,False,45.0,Past 6 months,True
canopygems,"The plant came in nice and healthy, one of the best seller on, cost is perfect, get here on time even for it being far away, perfect packaged so nothing moved kinda like trying to open a present, and described just like they mentioned, I definitely would buy from they again, I love the plant and can't wait to watch it grow, thanks again","Philodendron Verrucosum Melon, Exact Plant Ships Nationwide",157793653982,False,36.0,Past 6 months,True
canopygems,"The plant came in nice and healthy, one of the best seller on, cost is perfect, get here on time even for it being far away, perfect packaged so nothing moved kinda like trying to open a present, and described just like they mentioned, I definitely would buy from they again, I love the plant and can't wait to watch it grow, thanks again","Philodendron Strawberry Shake, Exact Plant Variegated Ships Nationwide",168269644080,False,46.0,Past 6 months,True
canopygems,"The plant came in nice and healthy, one of the best seller on, cost is perfect, get here on time even for it being far away, perfect packaged so nothing moved kinda like trying to open a present, and described just like they mentioned, I definitely would buy from they again, I love the plant and can't wait to watch it grow, thanks again","Zamioculcas Zamiifolia Wild Form ZZ, Exact Plant Variegated Ships Nationwide",157793644524,False,46.0,Past 6 months,True
canopygems,"Oh my goodness! These guys are great! The absolute best packing job. I ordered several plants from them this time, and even though the actual box was damaged, my plant babies came out looking as gorgeous as they did before shipping. I've been truly impressed with all the plants I've received from them. All beautiful, healthy and pest free! I will be buying even more!","Alocasia Odora, Okinawa Silver, Exact Plant Variegated Ships Nationwide",158068106176,False,43.2,Past 6 months,True
canopygems,"Fast shipping, good packaging, good value and product as described.","Huge Magic The Gathering Collection. Over 4,200 Magic Cards Mtg",158178271450,False,280.0,Past 6 months,True
canopygems,Absolutely beautiful plant! It arrived exactly as I hoped and was packaged incredibly well and with so much care. The seller was also wonderful to work with and provided excellent customer service throughout. I’m so happy with my Orange Marmalade and would definitely purchase from this seller again. Thank you so much! 😊,"Philodendron Orange Marmalade, Autumn Queen 6"" pot, Fedex 2day",157434224652,False,70.0,Past 6 months,True
canopygems,"Return customer and this was another Great value,Perfect 🤩 Transaction Seller is A+++ Shipping was super fast 💨 and item was as described and packaged with care, this seller always the best deals and experience…. thank you again cant wait to shop with you again.",Add on For my Plant Orders Only* Shipping Warmer 96 Hour Heat Pack Uniheat,157746692273,False,4.0,Past year,True
canopygems,"Return customer and this was another Great value,Perfect 🤩 Transaction Seller is A+++ Shipping was super fast 💨 and item was as described and packaged with care, this seller always the best deals and experience…. thank you again cant wait to shop with you again.","Anthurium Moodeanum, Exact Plant",168228393372,False,95.0,Past year,True
canopygems,"Return customer and this was another Great value,Perfect 🤩 Transaction Seller is A+++ Shipping was super fast 💨 and item was as described and packaged with care, this seller always the best deals and experience…. thank you again cant wait to shop with you again.",Anthurium Moodeanum Custom Upgrade For Certified Plant (exact Plant in picture),168242663704,False,34.0,Past year,True
canopygems,"Seeing as this item was shipped from Hawaii, I would rather astounded at how quickly it arrived to my door, that is traveling halfway around the world..! the packaging was well thought out with the usage of stuffing and ventilated cardboard. It arrived in pretty much perfect condition, even though the box was severely dented by my stupid mailman. The variegation on the leaves is exactly as it was posted in the pictures. Market price for pink princess philodendrons, fairly priced, would shop aga-","Philodendron Pink Princess Galaxy, Exact Plant Variegated Ships Nationwide",157338461383,False,27.0,Past year,True
canopygems,Plant arrived beautifully packaging was great well wrapped the seller even reached out to me about air shipping to save time. Highly recommend.,"Philodendron Florida Beauty Variegated exact plant, Fedex 2day*",168592253558,False,46.98,Past 6 months,True
canopygems,"Arrived in perfect packaging super good shipping truly feel like I got what I paid for , would highly recommend this seller to anyone looking into buying plants","Anthurium Warocqueanum, Queen, Exact Plant Ships Nationwide",157936155344,False,84.0,Past 6 months,True
canopygems,"Fantastic communication, super healthy plants as pictured. Top of the line packing!! AAAAAAAA+++++++++","Aglaonema Ice Queen, Silver Queen Variegated 4"" pot, Fedex 2day*",167899246948,False,100.0,Past 6 months,True
canopygems,"Awesome seller!! My billi came super well packed and the heat pack was still warm! Coming from Hawaii and shipping to NY was only two days, I’m over the moon on the condition it’s in! Would highly recommend this seller, will be returning thanks again!!",Philodendron Billietiae variegated 2DayAir,168036569470,False,325.0,Past year,True
canopygems,"My plant arrived in perfect conditions just as described, the price was great and the shipping was fast I'm very happy with my purchase.",Alocasia Polly Mint Pink variegated tissue culture 2DayAir,157893593656,False,25.0,Past 6 months,True
canopygems,As described! Great packaging! Prompt arrival!,Philodendron Gloriosum variegated tissue culture 2DayAir,157805456243,False,65.0,Past 6 months,True
canopygems,Beautiful healthy plant as pictured!! It was shipped quickly and packaged very carefully. Arrived in perfect condition.,"Philodendron Florida Ghost, Exact Plant Ships Nationwide",157843757881,False,46.0,Past 6 months,True
canopygems,"Nice sized plant, packed very well for shipping. It is the one in the middle, a bit smaller than the Alocasias.","Syngonium Aurea Variegated 2.5"" pot, Fedex 2day*",157908848627,False,22.0,Past 6 months,True
canopygems,"Happy return buyer here & item is better than I imagined overall Great value, Perfect Transaction Seller is At++ seller shipped the item super 💨 fast it was described pertectly, root system is absolutely beautiful overall quality and condition of this beauty is superb, it was packaged with extreme care thank you 😊💚","Anthurium Ace of Spades Tezula Dark Form x Kunayalense , Ships Nationwide",167950103771,False,363.77,Past year,True
canopygems,"Very good stabile packaging! Once shipped, it arrived 2day with a heatpack. Plant made it to the West coast happy and in great condition- thank you!","Philodendron Caramel Marble, Exact Plant Variegated Ships Nationwide",157635313469,False,38.88,Past year,True
canopygems,I love my new Alocasia Polly! Thank you so much!! Awesome seller and it was packaged so nicely. I can’t wait to watch it grow!!,Alocasia Polly Pink variegated tissue culture 2DayAir,168639481233,False,23.0,Past month,True
canopygems,Item as described. Great transaction,Anthurium Vittarifolium Variegated tissue culture 2DayAir,168475062846,False,16.0,Past month,True
canopygems,"Beautiful plants packaged perfectly not even any slight damage on any leaves. All plants were exactly what I pictured only the orange princess is way bigger than I thought it was gonna be way smaller due to the price. You have beautiful plants, shipping way extremely quick, keep doing whatever you do to produce such pretty plants thank you for the opportunity to get some plants on my bucket list. I will be a repeat customer.","Philodendron Red Anderson Variegated 2.5"" pot, Fedex 2day*",157642402701,False,18.0,Past 6 months,True
eden-elements,"Received a beautiful well rooted plant with firm thick stems. Very well packaged, and includes care instructions. I've named my plant ""Vee"" 😉... lol. I'm so excited because I'm from Trinidad and we use the leaves in marinades, beans, stews etc. What was even better was the customer service. Very quick responses, tons of information about the plants and and genuinely lovely seller. I absolutely recommend and i will be buying regularly from them.",Cuban Oregano (ORGANIC) Well Rooted plant,397818023446,False,15.5,Past 6 months,True
eden-elements,"🌸Gorgeous, healthy cuttings with beautiful pink blooms! Tradescantias are one of my favorite plants, and these were truly exceptional. The colors and elegance are stunning. The seller was extraordinary — the cuttings were trimmed with precision, wrapped with such care, and even included thoughtful care instructions. They were even better than described, and the shipping was very fast. Thank you so much — I’ll definitely be back!🪴",8 Cuttings (6 Inches Per)Purple Heart Wandering Jew - Tradescantia No Roots,397802973092,False,15.0,Past 6 months,True
eden-elements,"Reply from: eden-elements. Left within past 6 months. Thank you so much for such a beautiful and thoughtful review! 🌸✨ Tradescantias are truly special, and I am absolutely thrilled that the colors and pink blooms brought you so much joy. Knowing that the extra care put into trimming, packaging, and the instructions made a difference means the world to me. It was a pleasure, and I look forward to welcoming you back next time. Happy gardening! Box was a little damaged. It was packed well no damage to the plant. Plant was as described. Communication was good. Received my package when expected. ￼",ZZ Plant - Black Raven - Zamioculcas Zamiifolia ( ZZ Black),398117223936,False,17.25,Past month,True
eden-elements,"My plants arrived earlier than expected. They were well packaged and very healthy. They are absolutely beautiful., more so than as described The seller was very responsive to my many questions. A very pleasant experience.",15 Jew cuttings Purple Heart Wandering Tradescantia Pallida Purpurea Live Plants,397802996555,False,22.0,Past 6 months,True
eden-elements,Everything came so perfect ! She knows how much I love plants and even sent me a little treat ! Love this seller and will be back for more . Honestly reliable and super kind . Fast shipping came well packaged and better than described,ZZ Plant - Black Raven - Zamioculcas Zamiifolia ( ZZ Black),398117223936,False,18.5,Past 6 months,True
eden-elements,"Reply from: eden-elements. Left within past 6 months. Thank you so much for the incredibly kind words! 💚 I'm absolutely thrilled everything arrived perfectly and that you loved the extra little treat. It is always a pleasure sharing the plant love—see you next time, and happy gardening! Great seller. Great communication. Well packaged - arrived fresh ready to be planted. Thank you",10 ROOTED Tradescantia Zebrina Wandering Jew Plant Cuttings Purple plant,397940006171,False,16.5,Past 6 months,True
eden-elements,"This was my first time ordering plants online. Sadly, I damaged a few of the cuttings as I removed them from the packaging. The box was clearly marked which end was up, so I should have removed them from the bottom. They were rolled up and roots were contained in a wrapped plastic cup. The plants looked tired, but not dead! I've potted them and so far, so good. Overall, it was a good purchase and I would definitely buy from this seller again.",10 ROOTED Tradescantia Zebrina Wandering Jew Plant Cuttings Purple plant,397940006171,False,18.0,Past 6 months,True
eden-elements,"Reply from: eden-elements. Left within past 6 months. Thank you so much for your review and for trusting me with your very first online plant purchase! 💜 Please don't worry too much—Tradescantia Zebrina is incredibly resilient and forgiving, so those little accidental snips should bounce back in no time. I'm so glad to hear they are already potted up and doing well! Welcome to the online plant community, and happy growing! Plants arrived faster than I expected them to and it took an extra day to get them in the pot. They must have been well-packaged because they appear to be taking hold and doing fine after just 4 days.","5 LIVE rooted malabar spinach Seti, Vietnamese Spinach, Pui, Poi shak",397803078290,False,15.0,Past 6 months,True
eden-elements,"Reply from: eden-elements. Left within past 6 months. Thank you so much! I take great pride in my packaging to make sure they survive the journey (and a little delay!). I'm thrilled to hear the Malabar spinach is doing so well. Happy gardening! Fast shipping, great communication, product exactly as described",5 ROOTED Tradescantia Zebrina Wandering Jew Plant Cuttings Purple plant,397802143471,False,32.0,Past month,True
eden-elements,"Awesome place to order house plants! Fast shipping, great packaging, great looking plant and all around the best place I've ever ordered house plants from online!!!!! 💯😁","2 ZZ Plant 4"" inch Live Houseplant | Zamioculcas Zamiifolia (ZZ Green)",398117224932,False,16.5,Past month,True
eden-elements,Plants arrived and look very healthy. Product was well packed and shipped well. Great seller that takes pride in the plants they sell!,10 ROOTED Tradescantia Zebrina Wandering Jew Plant Cuttings Purple plant,397940006171,False,18.0,Past 6 months,True
eden-elements,Highly recommend if you're looking for an adorable tradescantia wandering dude plant. Seller could have labeled the box which side should be up. The packaging filler flew all over the floor when we opened up the box but the plants are safe and sound highly recommend this seller regardless of the unboxing experience!,5 Baby Bunny Bellies Tradescantia Wandering Jew House Plant Cuttings,397868914730,False,13.5,Past 6 months,True
eden-elements,"Reply from: eden-elements. Left within past 6 months. Thank you for the kind words and recommendation! Glad your Wandering Dude arrived safe and sound. We do place live plant stickers and ""this side up"" arrows on every box, although USPS sometimes sends them on their own little adventure 😄 We take a lot of pride in our packaging process. Maybe we need a label next that says: ""Open carefully, confetti may escape!"" Plants came in packaged very well, exactly what was pictured. Would order again! Thank you 👍",5 Baby Bunny Bellies Tradescantia Wandering Jew House Plant Cuttings,397868914730,False,12.5,Past 6 months,True
eden-elements,"Reply from: eden-elements. Left within past 6 months. Thank you so much! 🐰💚 I am thrilled to hear the Baby Bunny Bellies arrived safely and were exactly what you expected. Knowing the packaging did its job perfectly means the world. I look forward to welcoming you back in the future—happy gardening! 👍 Fast shipping, plants is healthy and beautiful. Was packaged with care. Looking forward to buying from this seller again in the future. Thank you!",5 Baby Bunny Bellies Tradescantia Wandering Jew House Plant Cuttings,397868914730,False,12.25,Past 6 months,True
eden-elements,"Reply from: eden-elements. Left within past 6 months. Thank you so much! 🐰💚 I'm thrilled to hear the Baby Bunny Bellies arrived safe, healthy, and beautiful. Knowing the care put into packaging paid off means the world to me. I look forward to welcoming you back in the future—happy gardening! Well packaged and shipped quickly. Item was exactly what I wanted and the personal note and bonus was a nice touch. Highly recommend this seller! Thanks so much!","5 LIVE rooted malabar spinach Seti, Vietnamese Spinach, Pui, Poi shak",397803078290,False,14.0,Past 6 months,True
eden-elements,"Reply from: eden-elements. Left within past 6 months. Thank you so much for the incredibly kind review! 🌿 I am absolutely thrilled to hear that the Malabar spinach was exactly what you wanted, and that it arrived safely and quickly. It was a pleasure adding that little personal note and bonus gift for you—knowing it brought a smile to your face means the world to me. Thank you for the high recommendation, and happy gardening! Seller went above and beyond to meet my needs and send out quality items to me ! I highly recommend working with this shop !",5 ROOTED Tradescantia Zebrina Wandering Jew Plant Cuttings Purple plant,397802143471,False,13.5,Past 6 months,True
eden-elements,"Reply from: eden-elements. Left within past 6 months. Thank you so much for the incredibly kind words! 💜 I always strive to go above and beyond for my customers, so it means the world to know you had such a great experience and are happy with your Zebrina cuttings. I truly appreciate the high recommendation—happy gardening! The plants I ordered arrived safe and sound, one spilled out some soil, but was unharmed so that's what matters! The seller was extremely helpful when I was choosing which plants would work best for my space. I would definitely purchase from them again.",FULL PLANT IN A CUP - 5 LIVE TRAILING Cebu Blue Pothos Rooted Houseplant,397790733941,False,16.5,Past 6 months,True
eden-elements,"Reply from: eden-elements. Left within past 6 months. Thank you so much! I'm so glad the Cebu Blue arrived safely and that a little spilled soil didn't slow it down! It was an absolute pleasure helping you pick the perfect plants for your space. Happy gardening! The plants I ordered arrived safe and sound, one spilled out some soil, but was unharmed so that's what matters! The seller was extremely helpful when I was choosing which plants would work best for my space. I would definitely purchase from them again.",ZZ Plant - Black Raven - Zamioculcas Zamiifolia ( ZZ Black),398117223936,False,17.5,Past 6 months,True
eden-elements,Reply from: eden-elements. Left within past 6 months. Thank you so much! I'm so glad your Black Raven ZZ arrived safe and sound despite a little spilled soil. It was an absolute pleasure helping you pick the perfect plants for your space. Happy gardening! Shipping and packing was great. Plant came healthy. Very happy 😊,ZZ Plant - Black Raven - Zamioculcas Zamiifolia ( ZZ Black),398117223936,False,17.25,Past month,True
eden-elements,"I am blown away by my entire experience. The seller went way above and beyond. My plant arrived in amazing condition, it is perfect. 100% recommend this eBay shop!!",Mini Mona Lisa Variegated Aeschynanthus Lipstick Plant (Rooted Or Non),398221162663,False,18.0,Past 6 months,True
eden-elements,"A+ purchase! Fast ship, great price",ZZ Plant - Black Raven - Zamioculcas Zamiifolia ( ZZ Black),398117223936,False,18.5,Past 6 months,True
eden-elements,Shipped quickly and we'll packaged. The plant is bigger than I thought it would be with strong roots.,ZZ Plant - Black Raven - Zamioculcas Zamiifolia ( ZZ Black),398117223936,False,18.5,Past 6 months,True
eden-elements,"seller generously upgraded my to a full plant -- thank you!! shipping was really fast and the plant was kept well protected for transit, barely any damage from shipping.",5 LIVE TRAILING Cebu Blue Pothos Rooted Houseplant,397790733941,False,13.64,Past 6 months,True
eden-elements,"Reply from: eden-elements. Left within past 6 months. Thank you so much for the lovely review! 🌿✨ It was a pleasure to upgrade you to the full plant, and I am absolutely thrilled to hear it arrived so quickly and well-protected during transit. Enjoy your beautiful Cebu Blue Pothos, and happy growing! 💙 Cute plants 🌵💚. Fast shipping and very healthy plants. Well packed and I love ZZ plants..","2 ZZ Plant 4"" inch Live Houseplant | Zamioculcas Zamiifolia (ZZ Green)",398117224932,False,16.5,Past 6 months,True
eden-elements,"Reply from: eden-elements. Left within past 6 months. Thank you so much! 🌵💚 I'm absolutely thrilled you love the ZZ plants and that they arrived safe, healthy, and fast. Enjoy your beautiful new green friends!"" Seller was very communicative in the whole process. Plants arrived with no issues and on time",5 ROOTED Tradescantia Zebrina Wandering Jew Plant Cuttings Purple plant,397802143471,False,27.0,Past 6 months,True
haileyshoya,Arrived and looks great! Better than pictured! Thank you!,HOYA WAYMANIAE BORNEO IN 4.5”POT / EXACT PLANT / WELL ROOTED/SHIP IN NURSERY POT,187690530263,False,29.0,Past 6 months,True
haileyshoya,Beautiful plant. Exact plant as the photos. PACKAGED EXCEPTIONALLY WELL. VERY FAIR PRICES. FAST SHIPPING AND OUTSTANDING PACKING. Plant arrive with no damage two days after it was shipped. Shipping was fast so the “dark time” in the box was minimal. Outstanding communication. Highly recommend this seller. Will definitely be browsing this shop for future purchases. OUTSTANDING OVERALL,"Hoya Pubicalyx Royal Hawaiian Purple Splash in 4”pot, well rooted-ships in pot",185401924038,False,35.0,More than a year ago,True
haileyshoya,"Super fast shipping, arrived safely, great packaging, excellent quality, as described, great customer service and communication. Very happy with purchase and transaction",HOYA PHUWUAENSIS IN 4.5”POT / EXACT PLANT / WELL ROOTED / SHIP IN POT,186916345982,False,33.0,More than a year ago,True
haileyshoya,"The item was far better than I expected, quality-wise and delivery-wise. Shipping was super fast; it arrived in a flash. It was packaged very well, so it arrived in perfect condition. Exactly as described! I would totally recommend this product and seller—a great experience.",COMBO: HOYA PUBICALYX ROYAL HAWAIIAN PURPLE and PUBICALYX PINK SILVER IN 4.5”POT,187020271254,False,14.0,More than a year ago,True
haileyshoya,"Most beautiful and healthy surigaeonsis which was perfectly packaged, shipped quickly, arrived quickly, and the plant is in 100% perfect condition. Love this seller! Thank you",HOYA SURIGAOENSIS IN 4.5”POT / EXACT PLANT / WELL ROOTED / SHIP IN NURSERY POT,187423317286,False,23.0,More than a year ago,True
haileyshoya,Plant arrived safe very healthy well packed recommend this seller,HOYA CRASSIPETIOLATA IN 4.5”POT / EXACT PLANT / WELL ROOTED / SHIP IN POT,187285114311,False,26.0,More than a year ago,True
haileyshoya,"Wow, it was packaged perfectly, just like the picture! Shipping was super fast, and it's a great deal; this seller's awesome.",HOYA VANGVIENGIENSIS IN 4.5”POT / EXACT PLANT / WELL ROOTED / SHIP IN POT,186916338940,False,35.0,More than a year ago,True
haileyshoya,"Thank you so much! Item just as described and shipped quickly. 👍😊👏 Great value, carefully packaged. 💯🚀✨",HOYA SP. PHILIPPINES IN 4.5”POT / EXACT PLANT / WELL ROOTED / SHIP IN POT,186916332618,False,59.0,More than a year ago,True
haileyshoya,"Fast shipping, great packaging, arrived safe and healthy and on time and as described. Always very happy with my experiences with this seller - Beautiful plants, Excellent communication, Great customer service. Highly recommend.","Hoya Pubicalyx Royal Hawaiian Purple in 4.25”pot, Exact Plant, well rooted",186396455150,False,15.0,More than a year ago,True
haileyshoya,Fast shipping. Excellent packaging arrived safe and healthy. As described. Great communication. Excellent customer service. Very happy with purchase. Highly recommend seller,"Hoya Australis in 4.25”pot, Exact Plant, well rooted-ships in nursery pot",186363534583,False,14.0,More than a year ago,True
haileyshoya,Beautiful plant nicely packaged and shipped lightening fast. Thank you!,HOYA CARMELAE IN 6”POT / EXACT PLANT / WELL ROOTED / SHIP IN NURSERY POT,187100218553,False,153.0,More than a year ago,True
haileyshoya,Professional seller & obviously professional grower. This Hoya pubicalyx Royal Hawaiian is a real beauty. Great characteristics! Conscientiously packaged with love & the shipping procedures are well planned. Shipped from San Diego on Monday and received in south central Montana on Wednesday. Thanks for the trust; am sure to return. PEACE,"Hoya Pubicalyx Royal Hawaiian Purple in 6”pot, well rooted - ships in pot",185514894918,False,55.0,More than a year ago,True
haileyshoya,"Fast shipping, great packaging, arrived safe and healthy and exactly as described. Beautiful plant, excellent customer service, great communication. Very happy with purchase. Highly recommend seller","Hoya Patcharawalai 077 in 4.25”pot, Exact Plant, well rooted-ships in pot",186386198027,False,35.0,More than a year ago,True
haileyshoya,Amazing beautiful plant arrived in perfect condition due to excellent packaging. Exceeded my expectations. Fast shipping. Great communication. Top notch customer service. Have purchased from this seller multiple times and always impressed with the quality. Very happy with purchase. Highly recommend seller,"Hoya Pubicalyx Royal Hawaiian Purple in 6”pot, Exact Plant, well rooted",186348151494,False,49.0,More than a year ago,True
haileyshoya,I can't believe how well packed and protected the plant was. I am truly impressed with sellers detail to safe shipping. Plant itself was as described and how it appeared in pictures. Delivery was quick. Overall a very good transaction!,"Hoya Pubicalyx Royal Hawaiian Purple in 4.25”pot, Exact Plant, well rooted",186268221137,False,18.0,More than a year ago,True
haileyshoya,"The seller contacted me to tell me the original plant I purchased was not as good as it was when it was put up for purchase. So they offered to ship me another plant. I was so thrilled when I received my plant. It is absolutely beautiful. So healthy, larger and with more leaves than the previous plant. This is a wonderful, honest seller. I will be purchasing from them again.","Hoya Chicken Farm in 4”pot, well rooted-ships in original nursery pot",185115538734,False,88.0,More than a year ago,True
haileyshoya,I also purchase items from this this seller on Etsy! Glad to find you on eBay. Great seller. Item came well packaged and the plant was healthy-exactly like the picture. Thank you!,"Hoya Pachyclada in 4”pot, well rooted - ships in nursery pot",185544048702,False,65.0,More than a year ago,True
haileyshoya,"Thanks a lot, for your help, great customer service, safe package and shipment. The plant arrived safe and quick. The plant looks better than the picture. Great seller. All the best!","Hoya Mathilde with peduncles in 6” pot, well rooted-ships in nursery pot",185737973031,False,135.0,More than a year ago,True
haileyshoya,Large gorgeous plant exactly as described. Exceeded expectations. Fast shipping. Excellent packaging so arrived safe and healthy. Highly recommend this seller. Very happy with purchase,"Hoya Pubicalyx Royal Hawaiian Purple in 6”pot, Exact Plant, well rooted",186303019128,False,57.0,More than a year ago,True
haileyshoya,Love the plant! Perfect packaging and shipping. Thank you for doing what you do so well!,HOYA WAYMANIAE BORNEO IN 4.5”POT / EXACT PLANT / WELL ROOTED/SHIP IN NURSERY POT,187143142401,False,31.0,More than a year ago,True
haileyshoya,On time as described. Packaged well. Perfect from start to finish,HOYA CRASSIPETIOLATA IN 4.5”POT / EXACT PLANT / WELL ROOTED / SHIP IN POT,187065959280,False,24.0,More than a year ago,True
haileyshoya,"Thank you so much, the hoya is perfect, just as described. the packing was wonderful. i love it.",HOYA RIGIDA IML 1424 IN 4.5”POT / EXACT PLANT / WELL ROOTED /SHIP IN NURSERY POT,187067126547,False,55.0,More than a year ago,True
haileyshoya,Exactly as described. Fast shipping. Great packaging. Beautiful and very healthy plant. Easy transaction. Would definitely buy from again!,"Hoya Mathilde in 3""pot, well rooted - ships in original nursery pot",185514843322,False,29.0,More than a year ago,True
haileyshoya,"Besutiful plant, fast shipping, packed well",HOYA SP. IV. WMZ (Welsh Mountain Zoo) IN 4.5”POT / EXACT PLANT / WELL ROOTED,186910366250,False,89.0,More than a year ago,True
haileyshoya,"Beautiful Hoya Sp. 22 Khao Yai, arrived quickly and in good health, I will buy from this seller again, great service, well packaged. Great seller, A+++++","Hoya Sp. 22 Khao Yai in 4.25”pot, Exact Plant, well rooted-ships in pot",186348430608,False,18.0,More than a year ago,True
hanwin-2412,"This seller is legit one of the best you could ever come across. 😊 Awesome communication, reasonable shipping cost (will combine shipping on multiple items), perfect packaging (came with a lovely note inside), and the plants were as described and then some. 🥰🌿 Thank you!!! 💕",RESERVED Hoya Bundle,307186865291,False,24.0,Past month,True
hanwin-2412,I highly recommend this seller! Hannah went above and beyond to make sure I was happy. There was a mishap with the plant I bought but she sent a beautiful replacement and a free Hoya Sea Stones to make up for it. Expertly packed too. Thank you so much! You're the best! I will be returning to this seller for sure 😊,Hoya Shining Sea Star- EXACT PLANT!,307186676038,False,13.3,Past month,True
hanwin-2412,"Beautiful plant, I would highly recommend this seller. Communication was excellent",Pink Princess Philodendron- EXACT PLANT! 💗,307155833015,False,38.0,Past month,True
hanwin-2412,Plants arrived safely and in great condition,Hoya Shining Sea Star- EXACT PLANT!,307193544263,False,14.0,Past month,True
hanwin-2412,Thank you so much as always,Philodendron White Wizard- LARGE EXACT PLANT!,307164795149,False,32.0,Past month,True
hanwin-2412,Thank you 🙏,Pink Princess Marble Galaxy Philodendron- GORGEOUS VARIEGATION EXACT PLANT! 💗,307154241832,False,20.0,Past month,True
hanwin-2412,Thank you 🙏,Pink Princess Philodendron Variegated Potted Indoor Plant 6in Broadleaf Veg,307154052071,False,38.0,Past month,True
hanwin-2412,Beautiful thank you,2 PPs reserved,307155363831,False,58.0,Past month,True
hanwin-2412,Order delivered on time with no issues,Hoya Mathilde Splash- EXACT PLANT!,307164934998,True,12.0,Past month,False
happilyplanted,My fishtail Hoya arrived safe and sound and was packaged very well. It looks good so far and is as described. Even has quite a few new leaves growing on it. Took the pics not long after it's arrival. The seller offered to ship it priority for $5 extra so it could get to me faster. I had been worried that it might not do well. That definitely helped having it travel only two days apposed to a week or so. Seller was very nice. Thank you! 😊🪴💕,"Hoya Polyneura (Fishtail Hoya) - 4"" Pot Live Plant - Free Shipping",287300100302,False,44.99,Past 6 months,True
happilyplanted,"The seller went above and beyond to send me the plant with most of the characteristics I was looking for! They delivered! The plant was much more mature than expected, much thicker, and even had flower buds on it! I could not be happier! Packaging was as perfect as it gets. The seller added a sweet birthday note since I told them that I bought the plant for my upcoming birthday. I will be returning as a customer and I highly reccommend this seller!","Brighamia Insignis Hawaiian Palm - 6"" Pot - Free Shipping",287499737493,False,79.99,Past month,True
happilyplanted,This item arrived in perfect condition and is very healthy. I even go to pick the one I wanted from the inventory and it is the exact one I asked for. The communication was wonderful after I noticed I had messed up the address. They were able to fix it and no issues at all. I will definitely buy from them again.,"Platycerium Grande Staghorn - 6"" Pot Live Plant - Free Shipping",287551342158,False,54.99,Past month,True
happilyplanted,"If I could give you a very positive I would, that plant is beautiful, I want to thank you, I just love it, and the shipping was fabulous. Packaging was out of this world, the best I’ve ever seen. It was described to a T, communication with the seller was spot on, I sure will be buying from you again. Keep up the good work ,for us plant lovers !!!!!!!!!","Hoya Rotundiflora - 4"" Pot Live Plant - Free Shipping",287391652393,False,44.99,Past 6 months,True
happilyplanted,"Fantastic seller. Plant as described, packed well, shipped quick, and great value. Very happy. Thank you.","Hoya Latifolia Sarawak - 4"" Pot Live Plant - Free Shipping",287427799655,False,44.99,Past 6 months,True
happilyplanted,"as describe : very please with my purchase, plant arrive and ,it was just as describe , very healthy plant excellent communication with the seller , getting more plants from this seller again thank you","Hoya Heuschkeliana Variegata- 6"" Pot Live Plant - Free Shipping",287392973924,False,71.99,Past month,True
happilyplanted,"Good communications, well packaged, arrived as promised, would buy again from this seller, A+","Brighamia Insignis Hawaiian Palm - 4"" Pot Live Plant - Free Shipping",287395318702,False,69.99,Past 6 months,True
happilyplanted,This plant arrived perfect. I had asked for this plant to be held at my post office because of the heat. I got it home to see the leaves were in such great shape and soil was packed tight to keep it in place. The plant was even larger size then most 6in plants I get. So this was a great surprise. The communication was wonderful and very caring. I will definitely purchases from this seller again.,"Platycerium Grande Staghorn - 6"" Pot Live Plant - Free Shipping",287551342158,False,54.99,Past month,True
happilyplanted,"The seller was very pleasant, the packaging was excellent, the plant was precisely as described, it is a beautiful item, and the price was very reasonable. Thank you!!! 😃","Hoya Waymaniae - 4"" Pot Live Plant - Free Shipping",287301557612,False,30.0,Past 6 months,True
happilyplanted,"I love this plant when came from delivery all still in good condition same as my expectations about this plant and the delivery time took 1 week to Arizona untill I got just afraid die under summer heat while delivering ,overall so far all good and the Quality of this plant good and nice packing","Philodendron Squamiferium- 4"" Pot Live Plant - Free Shipping",287387313703,False,39.99,Past 6 months,True
happilyplanted,Arrived safely. Picture perfect. Packaged with care. Thank you,"Sansevieria Variegated whale fin snake plant -Exact Plant 4"" Pot - Free Shipping",287528949749,False,24.0,Past 6 months,True
happilyplanted,"Quick shipment, as described, and packed well. Looks good. Thank you!","Brighamia Insignis Hawaiian Palm - 4"" Pot Live Plant - Free Shipping",287395318702,False,69.99,Past 6 months,True
happilyplanted,My plant arrived beautifully packaged and healthy. Green and beautiful. Buy from this seller and you will never go wrong. Thank you again.,"Platycerium Grande Staghorn - 6"" Pot Live Plant - Free Shipping",287341870524,False,74.99,Past 6 months,True
happilyplanted,"Shipping was fast, packaging was great and super protective. Hoya is absolutely STUNNING, looks super happy and healthy and I couldn’t be happier. Definitely recommend and will be shopping here again in the future 10/10. Thank you so much again! ☺️","Hoya Spartioides - 4"" Pot Live Plant - Free Shipping",287585802540,False,74.99,Past month,True
happilyplanted,"The H. rotundiflora arrived and she was beautiful! She was full and green, packed very well, and arrived quicker than expected! I’d buy from this seller again!","Hoya Rotundiflora - 4"" Pot Live Plant - Free Shipping",287431959757,False,40.49,Past 6 months,True
happilyplanted,"Absolutely beautiful specimen. I definitely recommend this seller. Stag was packed extremely secure, and is now happily outside acclimating to its new home. Thank you","Platycerium Superbum Staghorn - 6"" Pot Live Plant - Free Shipping",287351006362,False,74.99,Past 6 months,True
happilyplanted,Love the plant packaged well fast shipping larger than expected thank you!. In the future please leave unpacking instructions just a thought,"Brighamia Insignis Hawaiian Palm - 6"" Pot - Free Shipping",287573553768,False,79.99,Past month,True
happilyplanted,Fast shipping! Great packaging! A++++,"Monstera Lemon Lime - Exact Plant - 16"" Tall - 6"" Pot - Free Shipping",287456616872,False,79.99,Past 6 months,True
happilyplanted,As described. Packed well.,"Brighamia Insignis Hawaiian Palm - 6"" Pot - Free Shipping",287499737493,False,71.5,Past 6 months,True
happilyplanted,As described. Packed well.,"Brighamia Insignis Hawaiian Palm - 4"" Pot Live Plant - Free Shipping",287395318702,False,69.99,Past 6 months,True
happilyplanted,The plant was packaged well and the plants arrived in good condition.,"Brighamia Insignis Hawaiian Palm - 4"" Pot Live Plant - Free Shipping",287395318702,False,69.99,Past 6 months,True
happilyplanted,Wow!!!! Tyfor a beautiful plant!!!! Came in perfect shape!! Very fast shipment🤩❤️ AAAA++++ Awsome Seller!!!!,"Philodendron White Wizard- 4"" Pot Live Plant - Free Shipping",287590832075,False,28.99,Past month,True
happilyplanted,Fast shipping. Nice platelets. A! seller.Thank you.,"Anthurium Villenaorum Croat - 4"" Pot Live Plant - Free Shipping",287511742104,False,109.98,Past 6 months,True
happilyplanted,"Better than expected , packed very well , a good strong plant. Shipped just as asked","Platycerium Grande Staghorn - 6"" Pot Live Plant - Free Shipping",287341870524,False,74.99,Past 6 months,True
happilyplanted,"Beautiful, healthy plant. Fast ship, well packed. Recommend","Philodendron Warscewiczii Aurea- 4"" Pot Live Plant - Free Shipping",287459633299,False,29.99,Past 6 months,True
jessicastootielou,"Amazing communication by seller, and amazing PACKING!! My order was stuck in transit for a month, and when I reached out to the seller, they were kind enough to offer a refund if the plants came in dead. The plants were shipped promptly, so it was likely the postal service’s error. They were not dead! After a month in the dark, they were still green and alive, with only 2-5 leaves lost from 3 separate plants. Will always buy from this seller when possible!!! So excited for my fragrant flowers",Grand Duke of Tuscany Jasmine~Jasminum Sambac~~SMALL Rooted STARTER Plant,136986156714,False,22.99,Past 6 months,True
jessicastootielou,A +++ ++++++ +++++++++ perfect in every way arrived in perfect condition despite being 2 days late from carrier delays then survived the FedEx driver Jim carry handling it and Frisby Ing it over my gate well packaged better then described root bound in small pot leaves un torn unbelievable packing skill kudos to this seller thank you EDWARD TYNDALL YT APPROVED !!!,Dwarf Orinoco Musa Banana Tree--SMALL Rooted Starter Plant,136533397948,False,24.99,Past month,True
jessicastootielou,"AMAZING SELLER! Plant arrived alive and well after getting lost by the carrier for a month! Will be buying again from this seller! Great communication and service, secure and safe packaging, and always as described.",APRICOT ECHO Fragrant Tea Sweet Olive Osmanthus fragrans~~ Rooted Starter Plant,134191804754,False,20.99,Past month,True
jessicastootielou,"Item as described. Good communication, fair price, well packed, fast shipping A++ seller ✔",Dwarf Nam Wah Musa Banana Plant--SMALL ROOTED STARTER PLANT,136925302056,False,21.99,Past 6 months,True
jessicastootielou,"Very happy about these plants because you really never know what you might end up with when ordering online. To my surprise they shipped fast, and arrived in really good, dare I say excellent shape! They were packaged securely in the box they came in, each plant carefully wrapped and staked, as I would expect from the description. Couldn’t ask for better packaging, and directions for planting! Thank you, I really appreciate the care taken to get them to their destination safely!","BIGNONIA ""TANGERINE BEAUTY"" CROSSVINE*Rooted Starter Plant**ATTRACTS BUTTERFLIES",133977773967,False,45.98,Past 6 months,True
jessicastootielou,"Beautiful, healthy plant, packaged perfectly, just the right size box, exactly as described, arrived quickly. I had a question for the seller, and they responded quickly. This is the most beautiful variety of passion vine I've ever seen! I can't wait to see it grow in!",~~MAYPOP PASSIFLORA~~Starter Plant~~Passiflora Incarnata~~BUTTERFLY HEAVEN!,134102601723,False,22.99,Past 6 months,True
jessicastootielou,"Plant as described, packaged really well and fast shipping! Seller gave detailed instruction for how to take care of the plant. Great seller!",Grand Duke of Tuscany Jasmine~Jasminum Sambac~~SMALL Rooted STARTER Plant,136190382330,False,23.99,Past 6 months,True
jessicastootielou,"Plant as described, packaged really well and fast shipping! Seller gave detailed instruction for how to take care of the plant. Great seller!",Asian Snow Jasmine~Wrightia antidysenter~Small Rooted STARTER Plant~Fragrant,135390574485,False,21.99,Past 6 months,True
jessicastootielou,"Plant as described, packaged really well and fast shipping! Seller gave detailed instruction for how to take care of the plant. Great seller!",BELLE OF INDIA JASMINE~~Jasminum Sambac Double~Starter Plant~ Intensely Fragrant,134182137800,False,23.99,Past 6 months,True
jessicastootielou,Fast shipping! Great packaging! As described! And great communication! Will definitely buy from seller again in future!,~~MAYPOP PASSIFLORA~~Starter Plant~~Passiflora Incarnata~~BUTTERFLY HEAVEN!,134102601723,False,24.99,Past 6 months,True
jessicastootielou,The train that the plant was shipped on broke down and it took over a week to arrive. The plant didn't survive the trip. Was in constant communication with seller who was very nice. She stated I would get a full refund which I got faster than I could send her a message to split the cost. I appreciate your kindness.,Arabian Jasmine Plant~ Jasminum sambac~Rooted STARTER Plant~Extremely Fragrant,136925785310,False,22.99,Past 6 months,True
jessicastootielou,"A+++ eBay seller!! Thanks to the beautiful care in packaging these beautiful banana starts (huge) arrived in fantastic condition regardless the smooshed package and rough handling. Sellers care in packaging assured the bananas safe arrival and I do appreciate all the efforts taken!!! Do not hesitate to buy from this seller, plants are beautiful!!!",-Musa-ICE CREAM (BLUE JAVA)- Live Banana Tree-SMALL ROOTED STARTER PLANT-,134128653891,False,216.93,Past 6 months,True
jessicastootielou,"Exactly what was stated on the page; it arrived today, packed carefully in a starter pot with explicit directions on what to do next. It’s healthy and what I wanted. This was a quick transaction, quick delivery and I highly recommend this seller 🙂",Orange Pagoda-Clerodendrum paniculatum-AKA Orange Pyramid Tower--STARTER PLANT,137050235317,False,26.99,Past 6 months,True
jessicastootielou,"These folks are top professionals! Blue Java arrived to the Caribbean in perfect shape. Everything was staked properly, moisture loss blocked and fastened to the box. Thanks for supporting American soldiers overseas. We love Hope! 5 star ⭐️ seller! Trust them!",ICE CREAM (BLUE JAVA)Live Musa Banana Tree-WELL ROOTED STARTER PLANT,136902230585,False,30.99,Past 6 months,True
jessicastootielou,"Excellent communication, shipping, packaging and it is as described.",ICE CREAM (BLUE JAVA)Live Musa Banana Tree-WELL ROOTED STARTER PLANT,136902230585,False,30.99,Past 6 months,True
jessicastootielou,Plants arrived dead. They were poorly packed and arrived with the main stem cut. Not as described. Seller was given the opportunity but refused to help. Dishonest seller do not waste your time,-Musa-ICE CREAM (BLUE JAVA)- Live Banana Tree-SMALL ROOTED STARTER PLANT-,134128653891,False,123.96,Past 6 months,True
jessicastootielou,"I've no doubt my passion vine starter was a little beauty when packed up, but traveling to Houston in August heat by mail was less than kind. It arrived tussled, despite careful packaging and one leaf had separated. I followed the printed instructions to revive the small plant. It had good roots. There was a bit more die back, but a month now since delivery, the starter has set a new leaf. I'm confident it will survive and possibly flourish in the long Houston fall.","Becky's Blue & White Caerulea Passiflora Passion Fruit ""STARTER"" Plant",135036531730,False,21.99,Past month,True
jessicastootielou,Worth every penny! Exceeded all our expectations! The plants we received were larger and healthier than the photos! Very well packaged to prevent damage. Best Buy!,Laurus nobilis**BAY LEAF TREE**Bay Laurel*Sweet Bay*SMALL STARTER PLANT!,134020820806,False,37.98,Past 6 months,True
jessicastootielou,Good communications and fast delivery! Thanks to an AAA+++ ebay seller!,American Common Persimmon Tree~Diospyros virginiana~Well Rooted Starter Plant -,134245659627,False,22.5,Past month,True
jessicastootielou,Fast shipping and amazing packing. Plant exactly as described and alive and well! Already sprouting new leaves and branches.,Fudingzhu Fragrant Tea Olive Osmanthus Healthy well rooted starter plant,134191801885,False,20.99,Past month,True
jessicastootielou,"Item as described, shipped quickly, well packed",Laurus nobilis**BAY LEAF TREE**Bay Laurel*Sweet Bay*SMALL STARTER PLANT!,134020820806,False,18.99,Past 6 months,True
jessicastootielou,"This starter plant is amazing! Big, healthy, well packaged for its trip to me! Hopefully it does well under my care and grows into a big beautiful plant! Plant was as described, shipping was free, great transaction!",Christmas Cactus Starter Plant ~~Orange Norris~~ Schlumbergera Truncata,136856744808,False,18.99,Past 6 months,True
jessicastootielou,Excellent experience! The plant arrived healthy and well packed. It was exactly as described and handled with care during shipping. Very pleased with the quality and would definitely order again.,Well Rooted**SAN DIEGO RED* Live Bougainvillea starter/plug plant*USA SELLER*,133726852271,False,43.98,Past 6 months,True
jessicastootielou,"The plants were packed very securely and well. Fast shipping, great price, and looked very good! Hope flowers is a great seller!",~~MARDI GRAS~~Azalea Rhododendron Deciduous Starter Plant~~RED & WHITE BI-COLOR~,136530264393,False,18.99,Past year,True
jessicastootielou,Always a positive experience with this seller. The plants are always in good condition and well packed. Great value!,"BIGNONIA ""YELLOW"" CROSSVINE*Rooted Starter Plant*USA SELLER*ATTRACTS BUTTERFLIES",133683427043,False,20.99,Past 6 months,True
maiksylvia,"I’ll definitely be back! This is the best plant seller I’ve ever come across online and was as described and actually better than expected! The attention to detail in the shipping and packaging was incredible. I’ve never seen such care taken when shipping a plant. Thankfully, my plant arrived in perfect condition with no damage to the leaves. She was quick to respond after I placed my order and so friendly throughout. You can tell she really knows what she’s doing. I’m so glad I found her!",GIANT Variegated Golden Pothos Climbing hawaiian Large TRUNK NOT MONSTERA Mature,278068840342,False,59.0,Past 6 months,True
maiksylvia,"Quality of the plant is beautiful, bright full and just as the picture. Came in good condition, packaging was great and secured. Value is worth it! Recommend to buy from this seller! They were also great at communicating. THANK YOU! I love it!","Variegated Giant Golden Pothos Climbing hawaiian Live Plant Rooted 2,5"" Pot",277186081439,False,15.99,Past 6 months,True
maiksylvia,"They sent me four plants, even though I paid for two. Three have survived and doing great. I'll plant them in separate pots soon. Hopefully, they'll make it through the winter. Seller was prompt at responding and very generous with information. Awesome seller!!!","2 Pc Moringa Oleifera Rooted Live Plant 8"" + Tree Of Life Food Forest NO TX CA",285772698237,False,29.99,Past month,True
maiksylvia,"Amazing seller. She packaged everything very well, shipped extremely fast and everything arrived exactly how it looked in the pictures. I would recommend this seller to anyone looking for quality plants for a great price!",2 Pc XXL Sansevieria Masoniana Whale Fin Snake Plant,287388151062,False,110.0,Past 6 months,True
maiksylvia,"I had an amazing experience with this seller! I purchased two elderberry plants, and they arrived incredibly fast,well-packed and in perfect condition. The plants were vibrant, green, and healthy. The seller was also extremely helpful throughout the process. I highly recommend adding the $6 priority shipping,it’s worth every penny to keep them extra fresh. I can’t wait to see them grow! Highly, highly recommend this seller!",Priority Mail shipping upgrade For My Shop maiksylvia,286461396330,False,6.0,Past year,True
maiksylvia,"I had an amazing experience with this seller! I purchased two elderberry plants, and they arrived incredibly fast,well-packed and in perfect condition. The plants were vibrant, green, and healthy. The seller was also extremely helpful throughout the process. I highly recommend adding the $6 priority shipping,it’s worth every penny to keep them extra fresh. I can’t wait to see them grow! Highly, highly recommend this seller!",American Elderberry Tree sambucus canadensis Live Starter Plant Fully rooted,285339696980,False,39.98,Past year,True
maiksylvia,The communication with this seller is great and the packaging was excellent and shipping was quick. This plumeria is as described and a great value for what I paid. Thank You!!!,"Rooted Plumeria Live Plant Rooted CUTTING 3"" Pot COLOR SURPRISE",277451197774,False,39.9,Past 6 months,True
maiksylvia,The seller had great communication and was prompt with answering my questions. The plant was as described and matched the photo. The plant was shipped promptly and arrived well packaged. I would buy from this seller again.,Mature With 2 Flower Seed Pot Zamia furfuracea Cardboard Palm rare exotic Cycad,286844087064,False,169.99,Past year,True
maiksylvia,It was packed very well and arrived looking great!! It was as described and more than met my expectations!! A great seller!!,Agave decipiens False Sisal Florida Agave Succulent,276067013099,False,14.99,Past month,True
maiksylvia,Seller went to great lengths to grow a nice start and to pack it very carefully. Even as it was being shipped Seller gave me advice about delivery. Very good communication.,Burle Marx Philodendron Green Leaf rooted Live Plant multi grow NO CUTTING,285224305196,False,14.9,Past 6 months,True
maiksylvia,"Excellent seller! The plant arrived healthy, well-packaged, and exactly as described. You can tell great care was taken in preparing it for shipping. Communication was clear and professional throughout the process. I’m very happy with my purchase and would definitely buy again. Thank you! 🌿","Baby Sansevieria Masoniana Whale Fin Snake Plant 5-6"" in 2,5"" pot rooted",285339733352,False,18.0,Past year,True
maiksylvia,"Fantastic seller. Items as described, packed well, and shipped super quick. Great value. Very happy! Thank you.","XL 18"" Hoya Linearis Rooted Live Plant 3"" Pot",277771615504,False,45.0,Past 6 months,True
maiksylvia,"Excellent eBay seller, Excellent Communication, item was as stated, packaging was Excellent and lighting fast shipping. I would and will buy from this seller again……thanks",Women's Izod XFG Stretch Golf Shorts Bermuda with Pockets Size 6 Pink,283910954734,False,9.0,Past 6 months,True
maiksylvia,Great seller! Reached out before I received the stalk plugs to give care instructions and to let me know the package was on the way. Stalks arrived in great condition. Very satisfied with seller & purchase.,10 Lemongrass Stalks Plugs Live Cymbopogon Sereh Plant Herb Lemon Grass ORGANIC,285507161890,False,23.95,Past 6 months,True
maiksylvia,Fast shipping great packaging was as described and a good value.,"XL Rooted Bridal Bouquet Plumeria pudica Frangipani Live Plant white 24""",278118536440,False,42.99,Past 6 months,True
maiksylvia,"Shipped fairly fast and packaged extremely well. The item arrived exactly as described and looked just like the photos. Nothing was wrong with it, and I absolutely love it.",Y2K Hollister Distressed Full Zip Hoodie Men M Maroon Fleece Logo 1922,287434126217,False,39.0,Past month,True
maiksylvia,"Shipping & packaging was awesome, as well as the description & value!",Monstera Adansonii 2 inch Pot Live Plant Free Shipping Swiss Cheese Plant,277356097744,False,16.9,Past 6 months,True
maiksylvia,"Plant arrived in absolutely perfect condition! No damage whatsoever, and the way that the seller packaged this plant, the moisture in the paper towels didn't even dry up in the Texas heat! Seller was friendly, packaged the plant exceptionally, and got it here looking fantastic. Very happy with this overall experience!","Baby Sansevieria Masoniana Whale Fin Snake Plant 4-5"" rooted",276236873500,False,16.0,Past 6 months,True
maiksylvia,"This plant was exactly as described, and in very good condition. Seller shipped promptly. Plant was carefully packaged. Roots were moist, and there was no damage. I am very pleased with this cute whalefin and will definitely buy from this seller again.","Sansevieria Masoniana Whale Fin Snake Plant 6-7"" rooted Bare-root",285339735449,False,20.0,Past 6 months,True
maiksylvia,"Healthy large plant as described, carefully packed, quickly shipped. Great communication. I would definitely recommend this seller.",Large LIVE PLANTS PURPLE AMERICAN BEAUTY BERRY BUSH CALLICARPA FRENCH MULBERRY,286490726982,False,29.99,Past 6 months,True
maiksylvia,Another beautiful plant from this amazing seller. The shipping was very fast and the seller was very meticulous about how it was packaged. Plant was exactly as described and arrived in fantastic condition. Thank you so much! A++++++++++,"Epipremnum Champs Elysees Élysées Pothos Teruno 2,5"" Pot",277091177773,False,19.99,Past 6 months,True
maiksylvia,I would highly recommend this seller! Everything was great. Plant was packaged very well and arrived safely. Thank you so much!,Mature Large Syngonium Angustatum five finger Little Star live Plant,287449937302,False,27.0,Past month,True
maiksylvia,"Very happy with seller, loved that I was notified by seller of what to expect from plant. The shipping was fast and the packing was phenomenal. It looked just like someone handed it to you not that was removed from shipping box. Very positive experience.","Rooted Bridal Bouquet Plumeria pudica Frangipani Live Plant white 17""",277352372270,False,34.9,Past year,True
maiksylvia,"Love my Golden Pothos , I bought 2 and received today ! Exceeds my Expectations/Great price/ A+++ Packaging and Shipping was Super Fast ! I just purchased 3 more !! Thank you so much, Sincerely, Karen",GIANT Variegated Golden Pothos Climbing hawaiian One 3 node Juvenile cutting,275853064340,False,23.98,Past 6 months,True
maiksylvia,"Items received as described, packed well, and shipped timely. Thank you.","Variegated Giant Golden Pothos Climbing hawaiian Live Plant Rooted 2,5"" Pot",277186081439,False,15.99,Past month,True
nnplant,"I ordered a philodendron green congo and an Aphelandra Squarrosa from this seller. Both arrived in the mail well packaged and as advertised no pot. Upon arrival tney were placed in water that was changed daily and the plants began to wilt. When I finally got a day off from work and could pot them I wasn't sure how they'd do. They have both thrived since then and are showing new growth maintaining their beauty. Excellent seller, thank you!",Green Congo Indoor Philodendron Large Leaf 4 inches Pot Live Plant Ht7,396990154890,False,9.89,Past 6 months,True
nnplant,"Most important thing I want to mention is packaging! My plant was so well-packed it survived over 4 weeks of travel time! Carrier delivered my package to a wrong address so I thought it was lost forever. It arrived today - over 3 weeks after the date it was pronounced ""delivered"". I was shocked to see plant alive after spending about a month in a closed box during the hottest summer month God knows where. So yes! I do recommend the seller for the strong healthy plant and very good packaging!",Ficus Benjamina Braid 1 Gallon Plant Green Weeping Fig Live Plant,394267917432,False,21.99,Past 6 months,True
nnplant,"Excellent! Today I received 4 healthy Carex Evercolor Everest sedge plants, securely packaged with roots dampened slightly for shipment in tightly wrapped newspaper and plastic wrap. The plants were tightly bunched together in a cardboard box which helped avoid any damage during shipping. Delivery time of 3 weeks was reasonable to me. Price of plants and shipping was fair. I have just ordered 6 more and hoping for same excellence in this next batch. .","Carex Oshimensis Everest 4"" pot Japanese Sedge Grass Live Plant Mht7",397916778661,False,19.96,Past 6 months,True
nnplant,Well they came to me in good health other than three that I received. I notified seller and they advised me to leave in the original pot and just keep it watered with adequate light and not plant in the ground yet. They are slowly bouncing back. My only downside to this company is the communication is poor and use a little bigger boxes for your products not squish it during shipment which mine was. But the value was great and shipment was relatively fast. I will be a returning customer.,Sedum Angelina Stonecrop Yellow Foliage 12packs of 2in Plant Succulent LivePlant,394914437721,False,9.99,Past 6 months,True
nnplant,"Great ebay seller. I received the tracking information and the product arrived. It was very securely packaged, they're bright, green, and looking good. So I got them into the dirt right away, like his instructions, said",Mango fruit tree tropical yellow 4 inches pot Mangga Plant Fruit Tree Live,398135869764,False,25.17,Past month,True
nnplant,"Wow, such a lush, high-quality oak ivy plant that was packed and shipped so well! Arrived in excellent condition. Better than described and at a great price point. And I appreciate your kind customer care, too.","Oak Ivy Oak Leaf split leaf Hanging Climbing Ivy Vine Live Plant 6"" pot",395461169300,False,7.99,Past month,True
nnplant,"Super healthy plant. It was not just healthy but also unexpectedly a good size plant. Thank you! It was well packed, it was hardly dry when it arrived at my doorsteps. Grest ESeller. 5 stars transaction! Thank you for my healthy, happy plant.",Rosmarinus Off Prostratus 1 Gallon Creeping carpet Rosemary plant,397176068160,False,10.99,Past 6 months,True
nnplant,"Fast shipping and delivery! Very well packaged, perfect condition and perfect top quality appearance! Top-quality purchase and an excellent value. Very smooth transaction from start to finish. Highly trusted top-quality seller and products, and great eBay asset!",Ivy Plant English Variegated 4Inches Ivy Glacier Houseplant Pot Live Plant ht7 B,393209202918,False,9.98,Past 6 months,True
nnplant,Worst eBay I have had in over 20 years. The seller sent the purchase a month after the given shipment date. The seller didn't cover the postage. So there was a delay in the shipping while I worked out postal payment. The live merchandise arrived quite dead and moldy in a poorly packed shipping container. Added to all this was poor and dishonest communication.,20 Cuttings Tradescantia Sillamontana Matuda White Velvet Live Plant,395467368300,False,3.99,Past 6 months,True
nnplant,"Very nice and honest seller. My first shipment had issues and as a result many of the plants died. The seller offered to resend fresh plants, and did so quickly. I thank you very much!","Lippia Nodiflora 12 Packs of 2"" Turkey Tangle Frogfruit Phyla Flower Live Plant",396695920863,False,11.99,Past 6 months,True
nnplant,The original package was delayed within USPS. Seller immediately shipped a replacement. Replacement arrived quickly in excellent condition. Seller communication was wonderful. I will DEFINITELY buy from again. Thank you for the beautiful plant.,Jasminum Polyanthemum 1 gallon Pink white fragrant Jasmine vine Live Plantb G,395804146356,False,19.99,Past 6 months,True
nnplant,"Second-time buyer. Items arrived well-packaged, in great condition, and with initial best care instructions included.","Lippia Nodiflora 12 Packs of 2"" Turkey Tangle Frogfruit Phyla Flower Live Plant",396695920863,False,23.98,Past 6 months,True
nnplant,"I am a repeat customer. Today, I received very healthy cuttings due to seller’s packaging and care. Very pleased with my purchases from this shop.",Philodendron Brasil Lemon Stripe 4Inches Plant 4Inches Live plant Ht7,397012948520,False,4.99,Past year,True
nnplant,"Would not recommend. This plant was much smaller than advertised and shipped in a poor manner, damaging it. First, it is (at best) half of the advertised size, both in terms of the vegetation and root volume. Secondly, It was crammed into a too-small box, causing torn, crimped, and broken leaves as a result. I have purchased a dozen or so plants on Ebay over the years and thus know that better care is taken by other sellers. I do not feel this seller is reputable at all.",Peperomia Raindrop 12-16Inches 1 Gallon Ht7 Coin Leaf Peperomia Live plant Ht7,398001844784,False,17.99,Past 6 months,True
nnplant,Absolutely perfect Ebay transaction. Securely and quickly shipped. Just as described. Will buy again.,"Schefflera Arboricola green umbrella Octopus Paraso tree Live Plant 4"" pot",394779855655,False,4.99,Past 6 months,True
nnplant,Arrived packed well and just as described. Healthy beautiful plant. I look forward to watching it grow.,Pothos Epipremnum Aureum Neon Potho Hanging Lant 4.5inches Pot Live Plant,394730686461,False,4.99,Past 6 months,True
nnplant,Beautiful healthy plants. Second order from this seller. Fast shipping packed very well. Purchase with confidence. You can't go wrong. Thank you very much,"Oak Ivy Oak Leaf split leaf Hanging Climbing Ivy Vine Live Plant 6"" pot",395461169300,False,15.98,Past 6 months,True
nnplant,Been looking for this plant for a while very good price and healthy plant packaged carefully came in good condition. I recommend this seller!,"Senecio Macroglossus Variegated 4"" pot Natal flowering wax vine ivy live plant",395296886474,False,4.99,Past 6 months,True
nnplant,"Interesting shipping, a bit wilted and package handled, recovering well, nearly ready to plant. Great value, condition, bit of tlc needed, box supported well for non-crush. Real live lippia, as advertised. Good quality. Appeared shipped, but packrd well. Thank you. chris english",Lippia Nodiflora 12 Packs of 2in Turkey Tangle Fogfruit Phyla Flower Live Plant,396695920863,False,17.99,Past year,True
nnplant,Item arrived in the condition that was described. Plant arrived in a healthy state. Item was packaged well and shipped promptly.,Ficus Benjamina Green 1 Gallon Plant Weeping Fig Plant Java Willow Live Plant,395342169026,False,14.99,Past 6 months,True
nnplant,Amazing seller! My beautiful English Ivy plants arrived today. They were packaged with great care. I put them into a pot right away. I am so happy and appreciative.,Ivy Plant English Variegated 4Inches Ivy Glacier Houseplant Pot Live Plant ht7 B,393209202918,False,9.98,Past 6 months,True
nnplant,"Thanks for fast turnaround, good packing, safe shipping. Great seller!",Nerium Oleander Little Red 4 inches Oleander Dwarf Plant Flower Live Plant Ht7,397098645551,False,19.77,Past 6 months,True
nnplant,Spider cuttings were well packaged with gel to keep them hydrated. Good seller. Communication is good as well.,10 Cuttings Green Spider grass edge hedge Chlorophytum Capense live plant,397781335532,False,3.99,Past 6 months,True
nnplant,"The plant is healthy ,the condition it came in wonderful. It was very well packed ,cost and shipping great value. I will buy from them again .",Carex Ornithopoda 4inches Bird's Foot Sedge Plant Grasses Live Plant Ht7,395417348564,False,4.99,Past 6 months,True
nnplant,"I should be leaving negative feedback, but since I was given a refund...Three days after the delivery was due, I filed an item not received claim. Then, and only then the seller communicated they were having shipping issues. They said they would get it shipped out probably this week. Hadn't shipped it yet! Probably this week! No communication until the claim was filed. I almost purchased other items but usually see how the first item turns out before placing a second order, thank goodness.",10 Cuttings Green Spider grass edge hedge Chlorophytum Capense live plant,397781335532,False,3.99,Past 6 months,True
snakerootbotanicals,"I ordered seven plants and each one arrived in maybe even better shape than if I had bought them in person. I unfortunately can’t find plants like these locally and I am very pleased with the seller, the packing and the shipping.","Fittonia ‘Pink Nerve Plant’ - 3"" Pot",168537940422,False,26.97,Past month,True
snakerootbotanicals,"Thank you for such fast and safe shipping! Top quality potted plant, perfect condition, perfect appearance, exactly as shown. Excellent value. This seller takes care of the manner in which the plant is packaged and shipped. Absolutely great! Thank you so much for a great transaction! Highly recommend this devoted seller!","Sansevieria hahnii 'Gold Snake Plant' - 2.5"" Pot",168537952018,False,11.99,Past 6 months,True
snakerootbotanicals,"WOW! I couldn’t be more pleased with the plants that I received. These were packed really well and they are absolutely beautiful. The seller used UPS, which got them to me in perfect shape. I can’t seem to find the really cool plants locally. (Except at this local bougie plant shop that charges an arm and a leg.) So glad to find this seller.","Begonia 'Spotlight Green' - 4.5"" Pot",168537982737,False,19.99,Past month,True
snakerootbotanicals,"Great seller. Nice healthy plant, well packed and arrived quickly. Thanks!",Ceropegia 'String of Hearts',168537939737,False,9.89,Past month,True
snakerootbotanicals,Would definitely buy from the seller again! The plants I received are absolutely beautiful. They were packed so well and arrived very quickly.,Pilea 'Moon Valley',168656054207,False,10.99,Past month,True
snakerootbotanicals,"A++ Great seller. Fast shipping, Plant arrived healthy. Will definitely buy again.",Calathea fasciata 'Besar',168641887711,False,15.99,Past month,True
snakerootbotanicals,Shipped quickly and was packed very carefully. It’s so flipping cute!,"Hoya kerrii ‘Sweetheart Flame’ - 2.5"" Pot",168591137705,False,11.54,Past month,True
snakerootbotanicals,Very healthy plants. Fast shipping. Well packaged. Thank you.,Peperomia prostrata 'String of Turtles',168537939548,False,17.98,Past month,True
snakerootbotanicals,+++ 5 STARS + PLANT ARRIVED IN EXCELLENT CONDITION + JUST AS DESCRIBED BIG THANKS!! +++,"Cissus amazonica 'Jungle Vine' - 4"" Pot",168555615303,False,10.99,Past 6 months,True
snakerootbotanicals,Great deal and fast shipping,"Cissus amazonica 'Jungle Vine' - 4"" Pot",168555615303,False,21.98,Past 6 months,True
snakerootbotanicals,Thanks for fast delivery,"Crassula ovata ‘Shrek Ears' - 2.5"" Pot",168537897411,False,15.98,Past 6 months,True
snakerootbotanicals,What I received was not the same plant that was listed. It only had one living leader. One smaller one was broken and dead. The plant arrived very dry.,"Aeschynanthus 'Mona Lisa Lipstick Plant' - 4.5"" Pot",168644087144,False,13.99,Past month,True
snakerootbotanicals,"Good Quality , The Venus Flytrap arrived in Great Condition , Good Value. thanks...AAA+++",Dionaea muscipula ‘Venus Fly Trap’,168591080791,False,16.99,Past month,True
snakerootbotanicals,This Red Prayer Plant is lovely! Has a great bright red vibrancy that I haven’t been able to find in stores. It’s in good condition and already has a new leaf coming out. Thank god for this selles careful packaging! They did everything right and it saved this plant from being destroyed by USPS.,"Maranta Red ""Prayer Plant""",168537939671,False,13.99,Past 6 months,True
snakerootbotanicals,This Red Nerve Plant is lovely! Has a great bright red vibrancy that I haven’t been able to find in stores. They ether pull way more orange or just seem dull. It’s in good condition and already has a new leaf coming out. Thank god for this selles careful packaging! They did everything right and it saved this plant from being destroyed by USPS.,"Fittonia albivenis ‘Red Cloud Nerve Plant’ - 3"" Pot",168555615012,False,8.99,Past 6 months,True
snakerootbotanicals,"Disappointed, Plant Quality Poor, Roots Tiny, Not Recommended, Seller Said, ""My problem!"" I have 1000's of sales and purchases. I HATE leaving Negative... I don't remember the last Time I clicked ""NEGATIVE""",Hoya 'Assorted Varieties',168543315062,False,13.19,Past month,True
snakerootbotanicals,Reply from: snakerootbotanicals. Left within past month. This buyer did not contact us until around a month after delivery about the issue with the plant. Our refund and return policy clearly states that we only process refunds within 7 days because of the fickle nature of plants. That has been our policy at our plant shop in person and online for years and years. We never stated anything like my problem. We just simply informed him of our refund policy. Very nice plant,Maranta 'Lemon Lime Prayer Plant',168586308125,False,13.99,Past month,True
snakerootbotanicals,Great color and viable...,"Sarracenia 'Carnivorus Trumpet' - 3"" Pot",168591139120,False,16.99,Past month,True
snakerootbotanicals,Beautiful plant. Thank you.,Scindapsus pictus ‘Exotica’,168537975166,False,32.99,Past month,True
snakerootbotanicals,Order delivered on time with no issues,Dionaea muscipula ‘Venus Fly Trap’,168591080791,True,16.99,Past month,False
snakerootbotanicals,Order delivered on time with no issues,Dionaea muscipula ‘Venus Fly Trap’,168591080791,True,16.99,Past month,False
snakerootbotanicals,Order delivered on time with no issues,"Monstera 'Dubia' - 4"" Pot",168609009752,True,21.99,Past month,False
snakerootbotanicals,Order delivered on time with no issues,"Hoya kerrii ‘Sweetheart Flame’ - 2.5"" Pot",168591137705,True,11.54,Past month,False
snakerootbotanicals,Order delivered on time with no issues,Zamioculcas zamiifolia ‘Raven ZZ’,168537951147,True,97.99,Past month,False
snakerootbotanicals,Order delivered on time with no issues,Sansevieria zeylanica 'Snake Plant',168564881027,True,26.99,Past month,False
succulentsandcactus,"I ordered a plant from this seller a year ago and I recently decided I want another easter cactus. I was hesitant to order this one because all their reviews were over a year old. I ordered it anyway- GORGEOUS plant, in bloom and lightning fast shipping! I am assuming they do most of their sales around the holidays each year, so the reviews come in waves, yearly. EXCELLENT SELLER! Great communication, perfect transaction in every way. Thankyou!",RARE RED LIVE Easter Cactus SMALL LIVE PLANTS $$ !!,185827873889,False,25.99,Past 6 months,True
succulentsandcactus,"Absolutely beautiful cuttings. And, there were definitely more than three cuttings of each variety. The packaging was genius. Everything arrived fresh and undamaged even though it traveled all the way across the country. Delivery was lightning fast. Top-notch seller that I will shop again. Thank you so very much!","Pothos Ivy Combo 6 Cuttings Indoor Plant 2 Marble Queen, 2 Brazil , 2 N'Joy",186923683934,False,15.99,Past 6 months,True
succulentsandcactus,High quality very healthy plant. It was packaged well and received in good condition looking great. Good value with 3 babies included just as described. I’m pleased with my purchase.,Kalanchoe 'Pink Butterflies' Mother of Thousands 5 Pink pups On Top Of Plant,186073997694,False,14.24,Past month,True
succulentsandcactus,"My third order, another gorgeous plant! Packed very well - they always arrive in perfect condition. These are the reddest Easter cactus I've ever seen, so beautiful! VERY fast shipping. Highly recommend this seller!",RARE RED LIVE Easter Cactus SMALL LIVE PLANTS $$ !!,185827873889,False,25.99,Past 6 months,True
succulentsandcactus,"Quick delivery, nicely packaged, great communications, good value, 5 Star transaction.","3PCS BORNEO GIANT,REGULAR ELEPHANT EAR TARO ALOCASIA MACRORRHIZA READY TO PLANT",185847503046,False,15.99,Past 6 months,True
succulentsandcactus,"Llego en perfecto estado, se compro a buen precio, con un buen empaque gracias por el embio, recomiendo al vendedor 100%",Wandering Jew Tradescantia Zebrina Live House Plant 9 Unrooted Cuttings,185544944940,False,12.99,Past 6 months,True
succulentsandcactus,Beautiful cuttings! Looks great! Well packaged! Super fast shipping! Very healthy looking product! I’m very happy with my purchase. Thank you A+++++ Seller!,Monstera Adansonii Swiss Cheese 3 Cuttings Indoor / Outdoor House Plant,186946043534,False,13.29,Past month,True
succulentsandcactus,Great communication. Well packaged. Sent quickly.,3 cuttings GORGEOUS Variegated Tradescantia Blushing Bride Wandering Jew,185866610724,False,14.99,Past 6 months,True
succulentsandcactus,"Beautiful plants, generous amounts of stems/cuttings, very healthy. Original shipment was lost, contacted seller and situation was rectified immediately. I will purchase from this seller again knowing if something happened they will take care of it. Thank you A+++","Pothos Ivy Combo 6 Cuttings Indoor Plant 2 Marble Queen, 2 Brazil , 2 N'Joy",186923683934,False,15.19,Past year,True
succulentsandcactus,I received multiple cuttings. Thank you to the seller ! All in perfect condition. This was a great value and I will buy from this seller again .,Snow Queen Pothos plant 3 cutting,186440406694,False,13.99,Past month,True
succulentsandcactus,This is a beautiful and healthy looking plant! It was packaged perfectly and didn’t lose even one leaf during transport. I will definitely shop here again!,"Senecio jacobsenii - Trailing Jade, Weeping Jade Succulent Plant In 4” Pot",186185575950,False,29.99,Past month,True
succulentsandcactus,"Great plant stem cuttings, they were wrapped well and arrived on time. I recommend this seller. A good shopping experience. Thank you.",Crassula Daydream variegated - 3 Cuttings,185817698365,False,12.99,Past 6 months,True
succulentsandcactus,"OMG! I’m sooo happy! They arrived well packaged and in excellent condition. I got way more clippings than I was expecting! It pretty much made it impossible for me to discreetly blend them in and hide them from my husband, but I’m not mad at you for it. ;) delivery was quick! Thank you so much! 5 stars!",Pothos Pearls and Jade - 3 Cuttings - Devil’s Ivy Indoor House Plant Variegated,185839437287,False,14.99,Past month,True
succulentsandcactus,Product received well packaged and cant wait to see if I can grow a beautiful plant,"String of Watermelons succulent 3 cuttings 3""-4"" inches senecio herreanus",185582503631,False,12.99,Past month,True
succulentsandcactus,I love the way she packaged the cuttings! Arrived safe and with speedy shipping!!!,"3 Cuttings Philodendron ‘Brasil’ Brazil Pothos, Sweetheart 3-5 Nodes Unrooted",185632525804,False,11.99,Past 6 months,True
succulentsandcactus,Arrived timely and well packaged.,Kalanchoe 'Pink Butterflies' (Pink Mother of Thousands) Rooted Succulent Plant,186073996499,False,14.99,Past month,True
succulentsandcactus,Arrived in good condition and well wrapped.,Monstera Adansonii Swiss Cheese 3 Cuttings Indoor / Outdoor House Plant,186946043534,False,13.99,Past month,True
succulentsandcactus,Item as described. Great transaction.,RARE RED AKAI Jade Succulent Crassula Ovata Plant In 2” Pot,186183409645,False,12.99,Past month,True
succulentsandcactus,Excellent plant. Fast shipping. One of the best sellers on Ebay!,LIVE Silver Satin Scindapsus Pictus with Leaves vine houseplant in 4” pot,185880751257,False,25.99,Past month,True
succulentsandcactus,Thank you for your service. This is the third time I’ve purchased from you. Thank you.,"Crassula capitella Campfire Succulent Plant Cactus cuttings 3-4"" in length",185590657371,False,12.99,Past 6 months,True
succulentsandcactus,Cuttings came in pristine condition with a few extras! Awesome seller!,Pothos Pearls and Jade - 3 Cuttings - Devil’s Ivy Indoor House Plant Variegated,185839437287,False,14.99,Past month,True
succulentsandcactus,"Great seller, fast shipping, as advertised.","Pothos Ivy Combo 6 Cuttings Indoor Plant 2 Marble Queen, 2 Brazil , 2 N'Joy",186923683934,False,15.99,Past year,True
succulentsandcactus,Product as advertised. Fast shipping. Arrived in excellent condition.,"Pothos Ivy Combo 6 Cuttings Indoor Plant 2 Marble Queen, 2 Brazil , 2 N'Joy",186923683934,False,15.99,Past 6 months,True
succulentsandcactus,Well packaged and sent more than ordered. Thank you. Cuttings looked good. Highly recommend. A+++++,5+ Rare Wandering Jew Burgundy - Purple Plant Cuttings fast shipping,185496370529,False,12.99,Past 6 months,True
succulentsandcactus,STOP...STOP........putting PLANTS in plastic bags........do not ship good......plant died ...from heat from medal mailbox,"4” Pot of RARE Pink Lady, Pink Panther, Tradescantia Rainbow, Wandering Jew",185579456689,False,19.99,Past year,True
tinyturtlestropicals,"Great seller! Packaged very well, shipped very quickly and described well. Will definitely purchase other items!",Anthurium Tezula AOS Dark form x Luxurians hybrid bottom cut,318750860084,False,99.0,Past 6 months,True
tinyturtlestropicals,"Helpful, quick responses, bottom cuts without foliage as described, and packaged with care. Positive experience would recommend!",Anthurium Dark Mama x Doc Block F2 hybrid bottom cut,317469018714,False,69.0,Past year,True
tinyturtlestropicals,"Helpful, quick responses, bottom cuts without foliage as described, and packaged with care. Positive experience would recommend!",Anthurium Colors Bundle,317483794338,False,59.0,Past year,True
tinyturtlestropicals,"Helpful, quick responses, bottom cuts without foliage as described, and packaged with care. Positive experience would recommend!","Anthurium Bottom Bundle, Dresserli, Eyewall Crystal Sky x Blue Velvet x Black B.",317483732282,False,69.0,Past year,True
tinyturtlestropicals,"Helpful, quick responses, bottom cuts without foliage as described, and packaged with care. Positive experience would recommend!",Anthurium Dark Bundle,317483775946,False,76.0,Past year,True
tinyturtlestropicals,Amazing Seller! So knowledgeable! Received an awesome Black Begonia gift plant too which was cool. Highly recommend this shop. Will definitely be back for more.,Anthurium Black Magic- reserved for RG,317475899900,False,20.0,Past year,True
tinyturtlestropicals,Order delivered on time with no issues,Anthurium Rare Dark Bundle: 4 hybrids with foliage,318751086957,True,199.0,Past month,False
tinyturtlestropicals,Order delivered on time with no issues,Anthurium Circus Peanuts two-leaf clone,318643078597,True,150.0,Past 6 months,False
tinyturtlestropicals,Order delivered on time with no issues,Anthurium Red Spider with closed sinus and red center,317715425818,True,199.0,Past year,False
tinyturtlestropicals,Order delivered on time with no issues,"Anthurium Bundle of Three Carla x Lux, DP x Lux, Dress x",317533000980,True,199.0,Past year,False
tinyturtlestropicals,Order delivered on time with no issues,Red Vein Dark Phoenix x Luxurians Anthurium hybrid,317450951843,True,51.0,Past year,False
riversidegreenhouses,"Excellent plant sent with careful packaging. Great seller for plants, and a true positive for eBay.",Texas Ebony - Live Houseplant - 4-inch Pot,168284607758,False,23.0,Past 6 months,True
riversidegreenhouses,Excellent packaging great value trusted seller,Pink Christmas Cactus - Live Houseplant - 4-inch Pot,168284607711,False,20.96,Past 6 months,True
riversidegreenhouses,Order delivered on time with no issues,Lemon Lime Maranta Prayer Plant 3 in Live Houseplant | Maranta Leuconeura,168578976249,True,10.99,Past 6 months,False
riversidegreenhouses,Order delivered on time with no issues,Texas Ebony - Live Houseplant - 4-inch Pot,168284607758,True,24.44,Past 6 months,False
riversidegreenhouses,Order delivered on time with no issues,Orange Christmas Cactus - Live Houseplant - 4-inch Pot,168284607714,True,18.89,Past 6 months,False
