query,role,rank,is_owner,listing_id,url,seller,seller_feedback,format,owner_style,title,title_chars,title_words,title_starts_with_query,title_has_all_query_words,title_has_genus,title_has_species_or_latin,title_has_common_name,title_has_botanical_and_common,title_pot_size_in,title_has_pot_size,title_has_live,title_has_live_plant,title_has_free_ship,title_has_rare,title_has_variegated,title_has_exact,condition,condition_set,seller_notes,n_specifics,specific_names,has_type,has_common_name,has_genus,has_species_or_botanical,has_pot_size_spec,has_brand,brand,has_growth_stage,has_mpn,mpn,has_upc,epid,catalog_link,n_photos,n_photos_dom_check,n_photos_json_check,has_video,desc_chars,desc_words,desc_care,desc_size_what_you_get,desc_packing_shipping,desc_packing,desc_live_arrival_doa,desc_heat_cold_pack,desc_seller_story,desc_returns_refund,price,ship_cost,ship_service,free_shipping,total_price,ship_discount_promo,handling_days,delivery_start_days,delivery_end_days,returns_accepted,return_days,return_shipping_payer,free_returns,best_offer,qty_available,qty_more_than,sold,watchers,in_carts,views_24h,volume_discount,volume_tiers,coupon_or_promo,category_path,item_location,listing_start,listing_age_days,last_updated,has_variations,srp_price,srp_ship,srp_sold,srp_watchers,srp_best_offer,srp_volume,srp_free_returns,srp_n_cards,srp_header_count,rank_in_exact_result_set,ad_slot_inferred,organic_rank_inferred,in_top3_as_displayed,in_organic_top3,desc_start,fetched_at
calathea rattlesnake,competitor_top3,1,0,134424858998,https://www.ebay.com/itm/134424858998,Hope's Exotic Gardens,6744,rooted pot,,Rattlesnake Houseplant - Calathea lancifolia Insignis - Live 'STARTER' Plant,76,10,0,1,1,1,1,1,,0,1,0,0,0,0,0,not specified,0,1,5,Seller Notes|Brand|Type|Custom Bundle|Country of Origin,1,0,0,0,0,1,hope's garden,0,0,,0,,0,11,11,11,0,5016,912,1,1,1,1,1,1,1,0,21.99,0.0,Economy Shipping,1,21.99,,5,4,11,0,,,0,0,3,0,10,35,2,,0,,0,"Home & Garden > Yard, Garden & Outdoor Living > Plants, Seeds & Bulbs > Plants & Seedlings","Hurley, Mississippi, United States",2023-01-25,1348,2026-09-14,0,21.99,0.0,0,35,0,0,0,53,53,1,0,1,1,1,*****PLEASE READ COMPLETELY BEFORE BUYING!!!***** ~~~~VERY IMPORTANT INFORMATION!!!~~~~ PRICE IS FOR (1) HEALHTY WELL ROOTED STARTER PLANT THAT IS SHIPPED IN PO,2026-10-04T05:09:52.515Z
calathea rattlesnake,competitor_top3,2,0,314667131671,https://www.ebay.com/itm/314667131671,BubbleBlooms,2563,rooted pot,,"Calathea Lancifolia, Rattlesnake, Prayer Plant, Rattle Snake, 4 inch Pot",72,10,0,1,1,1,1,1,4,1,0,0,0,0,0,0,not specified,0,0,5,Type|Brand|Soil Type|Indoor or Outdoor|UPC,1,0,0,0,0,1,Florida House Plants,0,0,,1,,0,9,9,9,0,2331,422,1,1,1,1,0,0,1,0,24.99,0.0,Promotional Shipping Service,1,24.99,Free shipping on all eligible items from bubbleblooms.shop.,1,4,11,1,30,buyer,0,0,11,1,17,33,1,,1,1@24.99; 2@22.49; 3@21.24; 4+@19.99,0,"Home & Garden > Yard, Garden & Outdoor Living > Plants, Seeds & Bulbs > Plants & Seedlings","Apopka, Florida, United States",2023-06-24,1198,2026-09-20,0,24.99,5.95,0,0,0,1,0,53,53,1,1,,1,0,"Calathea Lancifolia, Rattlesnake in a 4 inch pot [GROWN AND PLANTED IN THE USA] Bringing the quality and price of local nurseries to you. [PRODUCT DETAILS] You ",2026-10-04T05:12:33.305Z
calathea rattlesnake,competitor_top3,3,0,314667165919,https://www.ebay.com/itm/314667165919,BubbleBlooms,2563,rooted pot,,"Rattlesnake Calathea Lancifolia, 6 inch Pot,",44,6,0,1,1,1,1,1,6,1,0,0,0,0,0,0,not specified,0,0,5,Type|Brand|Soil Type|Indoor or Outdoor|UPC,1,0,0,0,0,1,Florida House Plants,0,0,,1,,0,9,9,9,0,1836,320,1,1,1,1,0,1,0,0,43.79,0.0,Promotional Shipping Service,1,43.79,Free shipping on all eligible items from bubbleblooms.shop.,1,4,11,1,30,buyer,0,0,11,1,0,3,,,1,1@43.79; 2@39.41; 3@37.22; 4+@35.03,0,"Home & Garden > Yard, Garden & Outdoor Living > Plants, Seeds & Bulbs > Plants & Seedlings","Apopka, Florida, United States",2023-06-24,1198,2025-10-23,0,43.79,5.95,0,0,0,1,0,53,53,1,1,,1,0,"Rattlesnake Calathea Lancifolia, 6-inch pot, Plant shipped in its 6-inch pot, and ready for a size up! Excellent as a windowsill plant or for the nooks and cran",2026-10-04T05:12:54.324Z
calathea rattlesnake,owner_best,7,1,168578976268,https://www.ebay.com/itm/168578976268,riversidegreenhouses,4,rooted pot,new,Calathea Rattlesnake 4 in Live Houseplant | Lancifolia Prayer Plant,67,10,1,1,1,1,1,1,4,1,1,1,0,0,0,0,not specified,0,0,14,Brand|Type|Genus|Common Name|Features|Climate|Indoor/Outdoor|Number in Pack|Growth Stage|Watering|Safety|Sunlight|Foliage|Growth Habit,1,1,1,0,0,1,Unbranded,1,0,,0,,0,2,2,2,0,687,120,0,1,0,0,0,1,0,0,17.99,6.99,USPS Ground Advantage,0,24.98,,2,4,12,1,30,buyer,0,0,11,1,0,0,,,0,,0,"Home & Garden > Yard, Garden & Outdoor Living > Plants, Seeds & Bulbs > Plants & Seedlings","Jurupa Valley, CA, United States",2026-08-01,64,,0,17.99,6.99,0,0,0,0,0,53,53,1,0,4,0,0,Meet the Calathea Rattlesnake — a wild and striking tropical beauty that lives up to its name. With its long wavy edged leaves decorated in alternating dark and,2026-10-04T05:09:30.535Z
calathea setosa,competitor_top3,2,0,315342744568,https://www.ebay.com/itm/315342744568,BubbleBlooms,2563,bundle,,"Calathea Assortment, 2 inch Set of 5, Peacock Prayer Plant Set Regal Indoor Foli",80,14,0,0,1,0,1,0,2,1,0,0,0,0,0,0,not specified,0,0,5,Type|Brand|Soil Type|Indoor or Outdoor|UPC,1,0,0,0,0,1,Florida House Plants,0,0,,1,,0,6,6,6,0,2263,409,1,1,1,1,0,0,1,0,49.99,0.0,Promotional Shipping Service,1,49.99,Free shipping on all eligible items from bubbleblooms.shop.,1,4,11,1,30,buyer,0,0,11,1,8,25,2,6,1,1@49.99; 2@44.99; 3@42.49; 4+@39.99,0,"Home & Garden > Yard, Garden & Outdoor Living > Plants, Seeds & Bulbs > Plants & Seedlings","Apopka, Florida, United States",2024-05-04,883,2026-09-22,0,49.99,5.95,0,0,0,1,0,119,119,1,1,,1,0,[GROWN AND PLANTED IN THE USA] Bringing the quality and price of local nurseries to you. [PRODUCT DETAILS] You will receive plant(s) similar to the listing phot,2026-10-04T05:13:12.697Z
calathea setosa,competitor_top3,3,0,315123720896,https://www.ebay.com/itm/315123720896,BubbleBlooms,2563,bundle,,"Calathea Assortment, 2 inch Set of 5, Peacock Prayer Plant Set Regal Indoor Foli",80,14,0,0,1,0,1,0,2,1,0,0,0,0,0,0,not specified,0,0,5,Type|Brand|Soil Type|Indoor or Outdoor|UPC,1,0,0,0,0,1,Florida House Plants,0,0,,1,,0,6,6,6,0,2263,409,1,1,1,1,0,0,1,0,49.99,0.0,Promotional Shipping Service,1,49.99,Free shipping on all eligible items from bubbleblooms.shop.,1,4,11,1,30,buyer,0,1,11,1,11,28,6,7,1,1@49.99; 2@44.99; 3@42.49; 4+@39.99,0,"Home & Garden > Yard, Garden & Outdoor Living > Plants, Seeds & Bulbs > Plants & Seedlings","Apopka, Florida, United States",2024-01-28,980,2026-09-17,0,49.99,5.95,0,0,1,1,0,119,119,1,1,,1,0,[GROWN AND PLANTED IN THE USA] Bringing the quality and price of local nurseries to you. [PRODUCT DETAILS] You will receive plant(s) similar to the listing phot,2026-10-04T05:13:29.488Z
calathea setosa,competitor_top3,4,0,336022077178,https://www.ebay.com/itm/336022077178,Leal Plants Ecuador,155,bundle,,Calathea Silver Plate (Pack of 2) Fascinating Leaf Movement Prayer Plant,72,11,0,0,1,0,1,0,,0,0,0,0,0,0,0,not specified,0,1,9,Seller Notes|Brand|Type|Genus|Common Name|Color|Indoor/Outdoor|Features|Country of Origin,1,1,1,0,0,1,LEAL PLANTS ECUADOR,0,0,,0,,0,9,9,9,0,1041,164,0,0,0,0,0,1,1,0,46.0,15.0,Standard Shipping,0,61.0,,3,3,10,1,14,buyer,0,1,1,0,2,11,,,0,,0,"Home & Garden > Yard, Garden & Outdoor Living > Plants, Seeds & Bulbs > Plants & Seedlings","Homestead, Florida, United States",2025-06-18,473,2026-09-29,0,46.0,15.0,0,11,1,1,0,119,119,1,1,,1,0,"CAPTIVATING HERRINGBONE FOLIAGE: Bring home the calathea plant live celebrated for its stunning oval leaves with intricate, feather-like veining in shades of gr",2026-10-04T05:13:52.180Z
calathea setosa,owner_best,1,1,168578976239,https://www.ebay.com/itm/168578976239,riversidegreenhouses,4,rooted pot,new,Calathea Setosa Grey Star 4 in Live Houseplant | Prayer Plant,61,11,1,1,1,1,1,1,4,1,1,1,0,0,0,0,not specified,0,0,15,Brand|Type|Genus|Common Name|Color|Features|Climate|Indoor/Outdoor|Number in Pack|Growth Stage|Watering|Safety|Sunlight|Foliage|Growth Habit,1,1,1,0,0,1,Unbranded,1,0,,0,,0,2,2,2,0,697,116,0,1,0,0,0,1,0,0,18.99,6.99,USPS Ground Advantage,0,25.98,,2,4,12,1,30,buyer,0,0,11,1,1,3,1,5,0,,0,"Home & Garden > Yard, Garden & Outdoor Living > Plants, Seeds & Bulbs > Plants & Seedlings","Jurupa Valley, CA, United States",2026-08-01,64,,0,18.99,6.99,0,0,0,0,0,119,119,1,0,1,0,0,Meet the Calathea Setosa Grey Star — a soft and sophisticated tropical beauty unlike anything else in your collection. With its elongated silvery grey leaves ad,2026-10-04T05:14:12.365Z
cebu blue pothos,competitor_top3,1,0,168537975659,https://www.ebay.com/itm/168537975659,Snakeroot Botanicals,57,rooted pot,,Epipremnum pinnatum 'Cebu Blue Pothos',38,5,0,1,1,1,1,1,,0,0,0,0,0,0,0,not specified,0,0,6,Brand|Type|Indoor/Outdoor|Number in Pack|Sunlight|Country of Origin,1,0,0,0,0,1,Snakeroot Botanicals,0,0,,0,,0,4,3,1,0,742,114,1,0,0,0,0,0,0,0,13.99,10.79,USPS Ground Advantage,0,24.78,,2,6,13,1,14,buyer,0,0,3,0,0,1,1,,0,,0,"Home & Garden > Yard, Garden & Outdoor Living > Plants, Seeds & Bulbs > Plants & Seedlings","Indianapolis, Indiana, United States",2026-07-15,81,2026-10-02,0,13.99,10.79,0,0,0,0,0,85,85,1,1,,1,0,"Epipremnum pinnatum ‘Cebu Blue’ features long, narrow, silvery-blue leaves with a subtle metallic sheen that gives the plant its signature cool-toned look. Its ",2026-10-04T05:14:48.263Z
cebu blue pothos,competitor_top3,2,0,178137902483,https://www.ebay.com/itm/178137902483,PikaPlants,635,cuttings,,"Cebu Blue Pothos 5x Cuttings, Ships in Moss Off Mature Mom Plant",64,12,1,1,0,0,1,0,,0,0,0,0,0,0,0,not specified,0,0,9,Brand|Type|Genus|Common Name|Color|Features|Set Includes|Item Length|Country of Origin,1,1,1,0,0,1,Unbranded,0,0,,0,,0,2,2,2,0,436,78,0,1,1,0,0,0,0,0,8.99,7.0,USPS Ground Advantage,0,15.99,$2.00 shipping for each additional eligible item you buy from pikaplants.,2,3,9,0,,,0,1,2,0,8,12,1,5,0,,0,"Home & Garden > Yard, Garden & Outdoor Living > Plants, Seeds & Bulbs > Plants & Seedlings","Windsor, Connecticut, United States",2026-05-16,141,2026-07-02,0,8.99,7.0,0,12,1,0,0,85,85,1,1,,1,0,You will receive FIVE one leaf one node cuttings off of this mature mom plant Sure to grow into a gorgeous full plant in time. Will ship in moss to start off th,2026-10-04T05:15:08.925Z
cebu blue pothos,competitor_top3,3,0,257544572077,https://www.ebay.com/itm/257544572077,abdullahalazam,410,bundle,,Rare Live Pothos Cuttings Bundle 7: Adansonii Cebu Blue Marble Queen Satin More,79,13,0,1,0,0,1,0,,0,1,0,0,1,0,0,not specified,0,0,22,Climate|Common Name|Color|Indoor/Outdoor|Growth Habit|Soil Type|Brand|Personalize|Season of Interest|Plant Form|Type|Growth Stage|Watering|Genus|Growth Rate|Number in Pack|Sunlight|Foliage|Features|Safety|Room|Country of Origin,1,1,1,0,0,1,Unbranded,1,0,,0,,0,8,8,8,0,1005,169,0,0,0,0,0,1,0,0,24.95,0.0,USPS Ground Advantage,1,24.95,,3,4,11,0,,,0,0,5,0,13,46,6,12,1,1@24.95; 2@22.46; 3@21.21; 4+@19.96,0,"Home & Garden > Yard, Garden & Outdoor Living > Plants, Seeds & Bulbs > Plants & Seedlings","Webster, Texas, United States",2026-06-03,123,2026-08-03,0,24.95,0.0,0,46,0,1,0,85,85,1,1,,1,0,"Bring a touch of rare greenery into your home. We offer fresh, healthy leaf node cuttings from popular Pothos and easy-care houseplants, all taken from our own ",2026-10-04T05:15:26.408Z
cebu blue pothos,owner_best,52,1,168578976247,https://www.ebay.com/itm/168578976247,riversidegreenhouses,4,rooted pot,new,Cebu Blue Pothos 3 in Live Houseplant | Epipremnum Pinnatum,59,10,1,1,1,1,1,1,3,1,1,1,0,0,0,0,not specified,0,0,14,Brand|Type|Genus|Common Name|Features|Climate|Indoor/Outdoor|Number in Pack|Growth Stage|Watering|Safety|Sunlight|Foliage|Growth Habit,1,1,1,0,0,1,Unbranded,1,0,,0,,0,2,2,2,0,687,120,0,1,0,0,0,1,0,0,15.99,6.99,USPS Ground Advantage,0,22.98,,2,4,12,1,30,buyer,0,0,11,1,0,0,,,0,,0,"Home & Garden > Yard, Garden & Outdoor Living > Plants, Seeds & Bulbs > Plants & Seedlings","Jurupa Valley, CA, United States",2026-08-01,64,,0,15.99,6.99,0,0,0,0,0,85,85,1,0,38,0,0,Meet the Cebu Blue Pothos — a rare and mesmerizing vining beauty that stands out from every other pothos in the game. With its elongated silvery blue-green leav,2026-10-04T05:15:45.183Z
christmas cactus,competitor_top3,1,0,257658906611,https://www.ebay.com/itm/257658906611,rwwsr,3628,bundle,,"2"" Growers Choice Christmas/Thanksgiving Cactus - 3 plants - All Different",74,11,0,1,0,0,1,0,2,1,0,0,0,0,0,0,not specified,0,1,25,Seller Notes|Plant Type|Climate|Common Name|Color|Indoor/Outdoor|Growth Habit|Plant Characteristic|Soil Type|Brand|Personalize|Plant Form|Soil pH|Season of Interest|Watering|Type|Growth Stage|Genus|Number in Pack|Growth Rate|Sunlight|Foliage|Features|Safety|Country of Origin,1,1,1,0,0,1,Whitton,1,0,,0,,0,11,11,11,0,2487,415,1,1,1,0,0,1,1,0,19.99,0.0,USPS First Class,1,19.99,,1,3,9,1,30,buyer,0,0,8,0,24,14,6,29,0,,0,"Home & Garden > Yard, Garden & Outdoor Living > Plants, Seeds & Bulbs > Plants & Seedlings","Camden-Wyoming, Delaware, United States",2026-08-03,62,2026-09-28,0,19.99,0.0,24,0,0,0,0,120,1000,1,0,1,1,1,"Our Popular 2"" Growers Choice Collection A great way to start or add to your collection You will receive 3 - 2"" plants of our choice, similar in size as shown i",2026-10-04T05:16:07.374Z
christmas cactus,competitor_top3,2,0,154892382998,https://www.ebay.com/itm/154892382998,baldmtgardens,7581,bundle,,1 Christmas 1 Easter Cactus 1 Thanksgiving Cactus 3 LIVE PLANTS FREE SHIPPING $,79,14,0,1,0,0,1,0,,0,1,1,1,0,0,0,not specified,0,0,10,Brand|Plant Type|Type|Climate|Watering|Genus|Common Name|Sunlight|Plant Characteristic|Country of Origin,1,1,1,0,0,1,Cactus,0,0,,0,,0,9,9,9,0,1075,186,0,0,1,0,0,0,0,0,19.99,0.0,USPS First Class,1,19.99,,2,3,10,1,30,buyer,0,0,4,0,221,177,18,26,0,,0,"Home & Garden > Yard, Garden & Outdoor Living > Plants, Seeds & Bulbs > Plants & Seedlings","North Adams, Massachusetts, United States",2022-03-10,1669,2026-10-01,0,19.99,0.0,221,0,0,0,0,120,1000,1,1,,1,0,If you see some of our items with an outrageous price $$$ WE ARE WAITING FOR RESTOCK You can put the item in your watch list. And get a reminder when restocked.,2026-10-04T05:16:26.521Z
christmas cactus,competitor_top3,3,0,398409734708,https://www.ebay.com/itm/398409734708,ahvnllc,8,rooted pot,,"Purple Christmas Cactus Plant Live, Holiday Cactus, 4-8 Inch Tall",65,10,0,1,0,0,1,0,8,1,1,0,0,0,0,0,not specified,0,0,12,Brand|Type|Number in Pack|Growth Stage|Season of Interest|Watering|Sunlight|Color|Common Name|Genus|Indoor/Outdoor|Country of Origin,1,1,1,0,0,1,Unbranded,1,0,,0,,0,9,9,9,0,576,97,0,1,0,0,0,0,0,0,21.99,9.99,UPS Ground Saver,0,31.98,,5,10,16,1,30,buyer,0,0,4,0,1,7,,16,0,,0,"Home & Garden > Yard, Garden & Outdoor Living > Plants, Seeds & Bulbs > Plants & Seedlings","Hudson, FL, United States",2026-09-19,15,,0,21.99,9.99,0,7,0,0,0,120,1000,1,1,,1,0,"Christmas Cactus Plants Live, Thanksgiving Cactus Easter Cactus Like, 4-8 Inc Tall, Cold Hardy, Holiday Cactus for Indoor Outdoor Planting, Starter Size - This ",2026-10-04T05:16:44.223Z
christmas cactus,owner_unranked_same_plant,,1,168578976275,https://www.ebay.com/itm/168578976275,riversidegreenhouses,4,rooted pot,new,Christmas Cactus 4 in Live Flowering Cactus | Surprise Color,60,10,1,1,0,0,1,0,4,1,1,0,0,0,0,0,not specified,0,0,13,Brand|Type|Genus|Common Name|Features|Climate|Indoor/Outdoor|Number in Pack|Growth Stage|Watering|Safety|Sunlight|Growth Habit,1,1,1,0,0,1,Unbranded,1,0,,0,,0,3,3,3,0,636,111,0,1,0,0,0,1,0,0,17.99,6.99,USPS Ground Advantage,0,24.98,,2,4,12,1,30,buyer,0,0,11,1,0,0,,,0,,0,"Home & Garden > Yard, Garden & Outdoor Living > Plants, Seeds & Bulbs > Plants & Seedlings","Jurupa Valley, CA, United States",2026-08-01,64,,0,,,,,,,,120,1000,,,,0,0,"Meet the Christmas Cactus — a beloved holiday classic that blooms in stunning colors right when you need a little extra cheer. With our Surprise Color option, y",2026-10-04T05:17:04.323Z
christmas cactus,owner_dupe_unranked,,1,168284607711,https://www.ebay.com/itm/168284607711,riversidegreenhouses,4,rooted pot,old,Pink Christmas Cactus - Live Houseplant - 4-inch Pot,52,9,0,1,0,0,1,0,4,1,1,1,0,0,0,0,not specified,0,0,23,Brand|Type|Color|Features|Indoor/Outdoor|Climate|Number in Pack|Growth Stage|Safety|Sunlight|Watering|Foliage|MPN|Country of Origin|Soil Type|Growth Rate|Soil pH|Personalize|Item Height|Room|Item Length|Item Width|Item Weight,1,0,0,0,0,1,Unbranded,1,1,THA9FTFJ,0,,0,1,1,1,0,472,72,1,1,1,0,1,0,0,0,23.29,9.99,USPS Priority Mail,0,33.28,,3,3,6,1,30,buyer,0,1,9,0,1,0,,,0,,0,"Home & Garden > Yard, Garden & Outdoor Living > Plants, Seeds & Bulbs > Plants & Seedlings","Riverside, California, United States",2026-04-03,184,,0,,,,,,,,120,1000,,,,0,0,"Pink Christmas Cactus - 4-inch Pot The Pink Christmas Cactus features vibrant pink blossoms and lush green foliage, making it a popular choice for holiday decor",2026-10-04T05:17:22.073Z
christmas cactus,owner_dupe_unranked,,1,168284607714,https://www.ebay.com/itm/168284607714,riversidegreenhouses,4,rooted pot,old,Orange Christmas Cactus - Live Houseplant - 4-inch Pot,54,9,0,1,0,0,1,0,4,1,1,1,0,0,0,0,not specified,0,0,23,Brand|Type|Color|Features|Indoor/Outdoor|Climate|Number in Pack|Growth Stage|Safety|Sunlight|Watering|Foliage|MPN|Country of Origin|Soil Type|Growth Rate|Soil pH|Personalize|Item Height|Room|Item Length|Item Width|Item Weight,1,0,0,0,0,1,Unbranded,1,1,RCO6QPJU,0,,0,1,1,1,0,422,66,1,1,1,0,1,0,0,0,20.99,9.99,USPS Priority Mail,0,30.98,,3,3,6,1,30,buyer,0,1,9,0,1,0,,,0,,0,"Home & Garden > Yard, Garden & Outdoor Living > Plants, Seeds & Bulbs > Plants & Seedlings","Riverside, California, United States",2026-04-03,184,,0,,,,,,,,120,1000,,,,0,0,"Orange Christmas Cactus - 4-inch Pot The Orange Christmas Cactus is a stunning holiday plant known for its vibrant blooms. Easy to care for, it adds a splash of",2026-10-04T05:17:44.826Z
christmas cactus,owner_dupe_unranked,,1,168284607745,https://www.ebay.com/itm/168284607745,riversidegreenhouses,4,rooted pot,old,Red Christmas Cactus - Live Houseplant - 4-inch Pot,51,9,0,1,0,0,1,0,4,1,1,1,0,0,0,0,not specified,0,0,23,Brand|Type|Color|Features|Indoor/Outdoor|Climate|Number in Pack|Growth Stage|Safety|Sunlight|Watering|Foliage|MPN|Country of Origin|Soil Type|Growth Rate|Soil pH|Personalize|Item Height|Room|Item Length|Item Width|Item Weight,1,0,0,0,0,1,Unbranded,1,1,HIEJN8L4,0,,0,1,1,1,0,472,68,1,1,1,0,1,0,0,0,20.99,9.99,USPS Priority Mail,0,30.98,,3,3,6,1,30,buyer,0,1,10,0,0,0,,,0,,0,"Home & Garden > Yard, Garden & Outdoor Living > Plants, Seeds & Bulbs > Plants & Seedlings","Riverside, California, United States",2026-04-03,184,,0,,,,,,,,120,1000,,,,0,0,Red Christmas Cactus - 4-inch Pot The Red Christmas Cactus is a stunning holiday plant that produces vibrant red blooms. It's a low-maintenance succulent that t,2026-10-04T05:18:03.429Z
hoya australis lisa,competitor_top3,1,0,158236107860,https://www.ebay.com/itm/158236107860,irvin-sophi,1815,rooted pot,,hoya australis lisa Veragated Plant,35,5,1,1,1,1,1,1,,0,0,0,0,0,1,0,not specified,0,0,14,Climate|Common Name|Color|Indoor/Outdoor|Brand|Season of Interest|Type|Watering|Genus|Number in Pack|Sunlight|Features|Room|Country of Origin,1,1,1,0,0,1,Unbranded,0,0,,0,,0,5,5,5,0,38,7,0,1,0,0,0,0,0,0,16.0,9.0,USPS Ground Advantage,0,25.0,,2,4,11,0,,,0,1,4,0,2,3,1,9,0,,0,"Home & Garden > Yard, Garden & Outdoor Living > Plants, Seeds & Bulbs > Plants & Seedlings","Saint Albans, New York, United States",2026-08-29,36,2026-10-03,0,16.0,9.0,0,0,1,0,0,120,150,1,0,1,1,1,You will receive one single plant only,2026-10-04T05:18:24.850Z
hoya australis lisa,competitor_top3,2,0,315342716287,https://www.ebay.com/itm/315342716287,BubbleBlooms,2563,rooted pot,,"Variegated Hoya Australis, Tricolor Lisa, Very Rare Limited Live Plant, in 4 inc",80,13,0,1,1,1,1,1,,0,1,1,0,1,1,0,not specified,0,0,5,Type|Brand|Soil Type|Indoor or Outdoor|UPC,1,0,0,0,0,1,Florida House Plants,0,0,,1,,0,9,9,9,0,2040,360,1,1,1,1,0,0,0,0,24.99,0.0,Promotional Shipping Service,1,24.99,Free shipping on all eligible items from bubbleblooms.shop.,1,4,11,1,30,buyer,0,0,11,1,46,165,30,10,1,1@24.99; 2@22.49; 3@21.24; 4+@19.99,0,"Home & Garden > Yard, Garden & Outdoor Living > Plants, Seeds & Bulbs > Plants & Seedlings","Apopka, Florida, United States",2024-05-04,883,2026-10-03,0,24.99,5.95,0,165,0,1,0,120,150,1,1,,1,0,"Variegated Hoya Australis, Tricolor Lisa, Very Rare Limited Live plant, in 4 inch pot Plants will be shipped with a pot and soil You will receive a plant simila",2026-10-04T05:18:43.784Z
hoya australis lisa,competitor_top3,3,0,314667167717,https://www.ebay.com/itm/314667167717,BubbleBlooms,2563,bundle,,"Hoya Variety Assortment Plant Set, Hindu Rope, Varigated Australis, Lisa, Pubica",80,11,0,1,1,1,1,1,,0,0,0,0,0,1,0,not specified,0,0,5,Type|Brand|Soil Type|Indoor or Outdoor|UPC,1,0,0,0,0,1,Florida House Plants,0,0,,1,,0,9,9,9,0,3067,528,1,1,1,1,0,0,0,0,39.99,0.0,Promotional Shipping Service,1,39.99,Free shipping on all eligible items from bubbleblooms.shop.,1,4,11,1,30,buyer,0,0,11,1,11,33,3,,1,1@39.99; 2@35.99; 3@33.99; 4+@31.99,0,"Home & Garden > Yard, Garden & Outdoor Living > Plants, Seeds & Bulbs > Plants & Seedlings","Apopka, Florida, United States",2023-06-24,1198,2026-09-18,0,39.99,5.95,0,0,0,1,0,120,150,1,1,,1,0,"Hoya Variety Assortment Plant Set, Hindu rope, Varigated Australis, Lisa, Pubicalyx Splash variegation Live Potted premium collection 2 inch Pictured in a 2 inc",2026-10-04T05:19:03.336Z
hoya australis lisa,owner_best,27,1,168578976231,https://www.ebay.com/itm/168578976231,riversidegreenhouses,4,rooted pot,new,Hoya Australis Lisa 4 in Live Houseplant | Variegated Hoya,58,10,1,1,1,1,1,1,4,1,1,1,0,0,1,0,not specified,0,0,14,Brand|Type|Genus|Common Name|Features|Climate|Indoor/Outdoor|Number in Pack|Growth Stage|Watering|Safety|Sunlight|Foliage|Growth Habit,1,1,1,0,0,1,Unbranded,1,0,,0,,0,2,2,2,0,552,95,0,1,0,0,0,1,0,0,16.99,6.99,USPS Ground Advantage,0,23.98,,2,4,12,1,30,buyer,0,0,11,1,0,0,,,0,,0,"Home & Garden > Yard, Garden & Outdoor Living > Plants, Seeds & Bulbs > Plants & Seedlings","Jurupa Valley, CA, United States",2026-08-01,64,,0,16.99,6.99,0,0,0,0,0,120,150,1,0,20,0,0,"Meet the Hoya Australis Lisa — a gorgeous variegated hoya that turns heads with its creamy yellow, green, and white splashed waxy leaves. Fast growing and easy ",2026-10-04T05:19:23.463Z
hoya australis lisa,owner_dupe_unranked,,1,168284607673,https://www.ebay.com/itm/168284607673,riversidegreenhouses,4,rooted pot,old,Hoya Australis - Live Houseplant - 2-inch Pot,45,8,0,0,1,1,0,0,2,1,1,1,0,0,0,0,not specified,0,0,22,Brand|Type|Color|Features|Indoor/Outdoor|Climate|Number in Pack|Growth Stage|Sunlight|Watering|Foliage|MPN|Country of Origin|Soil Type|Growth Rate|Soil pH|Personalize|Item Height|Room|Item Length|Item Width|Item Weight,1,0,0,0,0,1,Unbranded,1,1,THA9FTFJ,0,,0,1,1,1,0,455,65,1,1,1,0,1,0,0,0,15.24,9.99,USPS Priority Mail,0,25.23,,3,3,6,1,30,buyer,0,1,10,0,0,0,,,0,,0,"Home & Garden > Yard, Garden & Outdoor Living > Plants, Seeds & Bulbs > Plants & Seedlings","Riverside, California, United States",2026-04-03,184,,0,,,,,,,,120,150,,,,0,0,"Hoya Australis - 2-inch Pot Hoya Australis is a stunning, easy-care houseplant known for its beautiful waxy leaves and fragrant star-shaped flowers. Ideal for b",2026-10-04T05:19:42.146Z
hoya carnosa compacta,competitor_top3,1,0,168537939852,https://www.ebay.com/itm/168537939852,Snakeroot Botanicals,57,rooted pot,,Hoya carnosa compacta ‘Hindu Rope Plant’,40,6,1,1,1,1,1,1,,0,0,0,0,0,0,0,not specified,0,0,6,Brand|Type|Indoor/Outdoor|Number in Pack|Sunlight|Country of Origin,1,0,0,0,0,1,Snakeroot Botanicals,0,0,,0,,0,6,5,1,0,622,96,1,0,0,0,0,0,0,0,14.29,8.3,USPS Ground Advantage,0,22.59,,2,6,13,1,14,buyer,0,0,11,1,6,14,1,,0,,0,"Home & Garden > Yard, Garden & Outdoor Living > Plants, Seeds & Bulbs > Plants & Seedlings","Indianapolis, Indiana, United States",2026-07-15,81,2026-09-28,0,14.29,8.3,0,0,0,0,0,69,69,1,1,,1,0,"Hoya carnosa compacta, known as ‘Hindu Rope Plant,’ features thick, twisted, and curled leaves that create a rope-like, textured appearance. Its trailing vines ",2026-10-04T05:20:01.330Z
hoya carnosa compacta,competitor_top3,2,0,206585992096,https://www.ebay.com/itm/206585992096,deporr-91,27,rooted pot,,Live Plant Hoya Carnosa Compacta Krimson Princess Tricolor Hoya Variegated Wax,78,11,0,1,1,1,0,0,,0,1,1,0,0,1,0,not specified,0,0,19,Climate|Common Name|Color|Indoor/Outdoor|Growth Habit|Set Includes|Personalize|Brand|Season of Interest|Type|Watering|Genus|Growth Rate|Number in Pack|Foliage|Features|Safety|Room|Country of Origin,1,1,1,0,0,1,Unbranded,0,0,,0,,0,6,6,6,0,484,79,0,1,0,0,0,0,0,0,39.99,12.97,USPS Ground Advantage,0,52.96,,3,3,10,0,,,0,1,,0,0,0,,,0,,0,"Home & Garden > Yard, Garden & Outdoor Living > Plants, Seeds & Bulbs > Plants & Seedlings","Pawcatuck, Connecticut, United States",2026-09-27,7,,0,39.99,12.97,0,0,1,0,0,69,69,1,1,,1,0,The Hoya Carnosa Compacta Krimson Princess Tricolor is a beautiful indoor and outdoor houseplant that thrives in tropical climates. This climbing plant features,2026-10-04T05:20:20.928Z
hoya carnosa compacta,competitor_top3,3,0,315342717635,https://www.ebay.com/itm/315342717635,BubbleBlooms,2563,rooted pot,,"Hoya carnosa compacta Hindu Rope Plant, 2"" Potted Starter, Krinkle Kurl, Porcela",80,12,1,1,1,1,1,1,2,1,0,0,0,0,0,0,not specified,0,0,5,Type|Brand|Soil Type|Indoor or Outdoor|UPC,1,0,0,0,0,1,Florida House Plants,0,0,,1,,0,4,4,4,0,2656,459,1,1,1,1,0,0,0,0,24.99,0.0,Promotional Shipping Service,1,24.99,Free shipping on all eligible items from bubbleblooms.shop.,1,4,11,1,30,buyer,0,0,11,1,0,3,,,1,1@24.99; 2@22.49; 3@21.24; 4+@19.99,0,"Home & Garden > Yard, Garden & Outdoor Living > Plants, Seeds & Bulbs > Plants & Seedlings","Apopka, Florida, United States",2024-05-04,883,2026-08-06,0,24.99,5.95,0,0,0,1,0,69,69,1,1,,1,0,"Hoya carnosa compacta 2"" potted starter, ready for 4-6"" pot Common names: Hindu Rope Plant, Krinkle Kurl, porcelain flower, and wax plant Pictured in a 2 inch p",2026-10-04T05:20:39.806Z
hoya carnosa compacta,owner_best,5,1,168578976224,https://www.ebay.com/itm/168578976224,riversidegreenhouses,4,rooted pot,new,Hoya Hindu Rope Variegated 2 in Live Houseplant | Hoya Carnosa Compacta,71,12,0,1,1,1,1,1,2,1,1,1,0,0,1,0,not specified,0,0,14,Brand|Type|Genus|Common Name|Features|Climate|Indoor/Outdoor|Number in Pack|Growth Stage|Watering|Safety|Sunlight|Foliage|Growth Habit,1,1,1,0,0,1,Unbranded,1,0,,0,,0,2,2,2,0,611,104,0,1,0,0,0,1,0,0,13.99,6.99,USPS Ground Advantage,0,20.98,,2,4,12,1,30,buyer,0,0,11,1,3,10,1,6,0,,0,"Home & Garden > Yard, Garden & Outdoor Living > Plants, Seeds & Bulbs > Plants & Seedlings","Jurupa Valley, CA, United States",2026-08-01,64,,0,13.99,6.99,0,0,0,0,0,69,69,1,0,1,0,0,Meet the Hoya Hindu Rope Variegated — one of the most unique and eye-catching hoyas you can own. With its tightly twisted and curled waxy leaves splashed in cre,2026-10-04T05:20:57.794Z
hoya carnosa compacta,owner_dupe_unranked,,1,168284607680,https://www.ebay.com/itm/168284607680,riversidegreenhouses,4,rooted pot,old,Krinkle Wax - Live Houseplant - 4-inch Pot,42,8,0,0,0,0,1,0,4,1,1,1,0,0,0,0,not specified,0,0,22,Brand|Type|Color|Features|Indoor/Outdoor|Climate|Number in Pack|Growth Stage|Sunlight|Watering|Foliage|MPN|Country of Origin|Soil Type|Growth Rate|Soil pH|Personalize|Item Height|Room|Item Length|Item Width|Item Weight,1,0,0,0,0,1,Unbranded,1,1,RCO6QPJU,0,,0,1,1,1,0,468,69,1,1,1,0,1,0,0,0,19.84,9.99,USPS Priority Mail,0,29.83,,3,3,6,1,30,buyer,0,1,10,0,0,0,,,0,,0,"Home & Garden > Yard, Garden & Outdoor Living > Plants, Seeds & Bulbs > Plants & Seedlings","Riverside, California, United States",2026-04-03,184,,0,,,,,,,,69,69,,,,0,0,"Krinkle Wax - 4-inch Pot Krinkle Wax is a unique Hoya variety known for its thick, textured leaves and abundant star-shaped flowers. It thrives in bright, indir",2026-10-04T05:21:14.946Z
hoya cummingiana,competitor_top3,1,0,188667828310,https://www.ebay.com/itm/188667828310,haileyshoya,235,rooted pot,,HOYA CUMMINGIANA ALBOMARGINATA IN 4.5”POT / WELL ROOTED/SHIP IN NURSERY POT,75,11,1,1,1,1,0,0,,1,0,0,0,0,0,0,not specified,0,0,8,Brand|Plant Form|Type|Genus|Common Name|Foliage|Features|Country of Origin,1,1,1,0,0,1,Hoya,0,0,,0,,0,3,3,3,0,2139,368,0,1,1,1,1,0,1,1,52.0,6.99,USPS Ground Advantage,0,58.99,,3,3,9,0,,,0,0,,0,0,2,,,0,,0,"Home & Garden > Yard, Garden & Outdoor Living > Plants, Seeds & Bulbs > Plants & Seedlings","North Port, Florida, United States",2026-07-20,76,2026-08-31,0,52.0,6.99,0,0,0,0,0,120,1200,1,0,1,1,1,"Hoya Cummingiana Albomarginata in 4.5”pot, well established with new growth. You are getting the exact plant shown in the photos. All of our plants ship in thei",2026-10-04T05:21:33.120Z
hoya cummingiana,competitor_top3,2,0,128113635145,https://www.ebay.com/itm/128113635145,381972kevin,421,rooted pot,,"Hoya, ROTUNDIFLORA, Tropical, Trailing, Rooted, in 2” pot. FRAGRANT",67,9,0,0,1,0,0,0,2,1,0,0,0,0,0,0,not specified,0,0,11,Brand|Type|Climate|Genus|Common Name|Color|Indoor/Outdoor|Features|Soil Type|Country of Origin|Plant Category,1,1,1,0,0,1,Foliage Frontier,0,0,,0,,0,9,9,9,0,1495,290,1,1,0,0,0,0,0,0,23.0,11.7,USPS Ground Advantage,0,34.7,,1,3,6,1,30,buyer,0,0,,0,0,0,,,0,,0,"Home & Garden > Yard, Garden & Outdoor Living > Plants, Seeds & Bulbs > Plants & Seedlings","Viola, Idaho, United States",2026-10-04,0,,0,23.0,10.95,0,0,0,0,0,120,1200,1,1,,1,0,"Hoya Rotundiflora is native to Myanmar and Thailand where it grows in high tropical forests. It likes a little more water than most Hoyas, but still needs the t",2026-10-04T05:21:53.550Z
hoya cummingiana,competitor_top3,3,0,128106244687,https://www.ebay.com/itm/128106244687,381972kevin,421,rooted pot,,"Hoya THOMSONII SPLASH Rooted, in 2” pot! Vining, Tropical. fragrant flowers",75,11,0,0,1,0,0,0,2,1,0,0,0,0,0,0,not specified,0,0,13,Climate|Common Name|Color|Indoor/Outdoor|Set Includes|Soil Type|Plant Category|Brand|Growth Stage|Type|Genus|Features|Country of Origin,1,1,1,0,0,1,Foliage Frontier,1,0,,0,,0,12,12,12,0,1564,292,1,1,1,1,0,0,0,0,25.0,11.7,USPS Ground Advantage,0,36.7,,3,3,9,1,14,buyer,0,1,2,0,0,4,,16,0,,0,"Home & Garden > Yard, Garden & Outdoor Living > Plants, Seeds & Bulbs > Plants & Seedlings","Viola, Idaho, United States",2026-09-30,4,2026-10-02,0,25.0,10.95,0,4,1,0,0,120,1200,1,1,,1,0,Hoya Thomsonii Splash has very fuzzy new growth that starts out silvery and turns to dark green with small silvery speckles scattered across the leaf surface. T,2026-10-04T05:22:13.738Z
hoya cummingiana,owner_best,5,1,168284607684,https://www.ebay.com/itm/168284607684,riversidegreenhouses,4,rooted pot,old,Hoya Cummingiana - Live Houseplant - 6-inch Pot,47,8,1,1,1,1,0,0,6,1,1,1,0,0,0,0,not specified,0,0,22,Brand|Type|Color|Features|Indoor/Outdoor|Climate|Number in Pack|Growth Stage|Sunlight|Watering|Foliage|MPN|Country of Origin|Soil Type|Growth Rate|Soil pH|Personalize|Item Height|Room|Item Length|Item Width|Item Weight,1,0,0,0,0,1,Unbranded,1,1,952C85CF,0,,0,1,1,1,0,408,58,1,1,1,0,1,0,0,0,30.19,9.99,USPS Priority Mail,0,40.18,,3,3,6,1,30,buyer,0,1,10,0,0,1,,,0,,0,"Home & Garden > Yard, Garden & Outdoor Living > Plants, Seeds & Bulbs > Plants & Seedlings","Riverside, California, United States",2026-04-03,184,,0,30.19,9.99,0,0,1,0,0,120,1200,1,0,2,0,0,"Hoya Cummingiana - 6-inch Pot A compact hoya with small, thick, lemon-scented leaves and upright vining growth. Produces clusters of bright yellow, star-shaped ",2026-10-04T05:10:10.591Z
hoya kerrii,competitor_top3,1,0,366036303830,https://www.ebay.com/itm/366036303830,abznursery,37,rooted pot,,Hoya Kerrii Green - Sweetheart plant- Valentine Plant- Rare Love Gift,69,11,1,1,1,1,1,1,,0,0,0,0,1,0,0,not specified,0,0,18,Common Name|Indoor/Outdoor|Color|Growth Habit|Set Includes|Item Length|Personalize|Brand|Season of Interest|Type|Genus|Number in Pack|Sunlight|Foliage|Features|Safety|Room|Country of Origin,1,1,1,0,0,1,Hoya,0,0,,0,,0,2,2,2,0,1489,254,0,1,1,1,1,1,0,1,19.99,13.99,UPS Ground,0,33.98,,3,4,11,0,,,0,0,2,0,3,31,5,8,0,,0,"Home & Garden > Yard, Garden & Outdoor Living > Plants, Seeds & Bulbs > Plants & Seedlings","Houston, Texas, United States",2025-12-03,305,2026-01-03,0,19.99,13.99,0,31,0,0,0,120,643,1,0,1,1,1,🌿 Friendly Shop Guidelines – Please Read Before Ordering 💚 Hand-Picked with Love Each plant is carefully chosen and packed with care so it can travel safely to ,2026-10-04T05:22:31.326Z
hoya kerrii,competitor_top3,2,0,365796038232,https://www.ebay.com/itm/365796038232,abznursery,37,rooted pot,,Hoya Kerrii Sweetheart Inner Variegate US seller exact picture Valentine,72,10,1,1,1,1,1,1,,0,0,0,0,0,0,1,not specified,0,0,7,Brand|Type|Genus|Common Name|Color|Features|Country of Origin,1,1,1,0,0,1,LeafVineGarden,0,0,,0,,0,7,7,7,0,1487,253,0,1,1,1,1,1,0,1,74.99,13.99,UPS Ground,0,88.98,,3,4,11,1,14,buyer,0,0,4,0,9,44,1,,0,,0,"Home & Garden > Yard, Garden & Outdoor Living > Plants, Seeds & Bulbs > Plants & Seedlings","Houston, Texas, United States",2025-08-13,417,2026-03-06,0,74.99,13.99,0,44,0,0,0,120,643,1,1,,1,0,Friendly Shop Guidelines – Please Read Before Ordering 💚 Hand-Picked with Love Each plant is carefully chosen and packed with care so it can travel safely to it,2026-10-04T05:22:48.443Z
hoya kerrii,competitor_top3,3,0,365842076436,https://www.ebay.com/itm/365842076436,abznursery,37,bundle,,Buy one pot get two types of Hoya Kerrii inner varigated and Hoya Kerrii Green,78,15,0,1,1,1,0,0,,1,0,0,0,0,1,0,not specified,0,0,17,Country of Origin|Common Name|Indoor/Outdoor|Color|Growth Habit|Set Includes|Personalize|Brand|Season of Interest|Type|Genus|Number in Pack|Sunlight|Foliage|Features|Safety|Room,1,1,1,0,0,1,Hoya,0,0,,0,,0,5,5,5,0,1491,255,0,1,1,1,1,1,0,1,39.99,13.99,UPS Ground,0,53.98,,3,4,11,0,,,0,0,3,0,2,19,2,,0,,0,"Home & Garden > Yard, Garden & Outdoor Living > Plants, Seeds & Bulbs > Plants & Seedlings","Houston, Texas, United States",2025-09-03,396,2026-01-03,0,39.99,13.99,0,19,0,0,0,120,643,1,1,,1,0,⸻ 🌿 Friendly Shop Guidelines – Please Read Before Ordering 💚 Hand-Picked with Love Each plant is carefully chosen and packed with care so it can travel safely t,2026-10-04T05:23:07.372Z
hoya kerrii,owner_best,88,1,168578976223,https://www.ebay.com/itm/168578976223,riversidegreenhouses,4,rooted pot,new-nonstandard,Hoya Kerrii 4 in Variegated 1 Heart Leaf Live Succulent Heart Plant Easy Care,77,14,1,1,1,1,1,1,4,1,1,0,0,0,1,0,not specified,0,0,14,Brand|Type|Genus|Common Name|Features|Climate|Indoor/Outdoor|Number in Pack|Growth Stage|Watering|Safety|Sunlight|Foliage|Growth Habit,1,1,1,0,0,1,Unbranded,1,0,,0,,0,4,4,4,0,484,82,0,1,0,0,0,1,0,0,21.99,6.99,USPS Ground Advantage,0,28.98,,2,4,12,1,30,buyer,0,0,11,1,0,0,,,0,,0,"Home & Garden > Yard, Garden & Outdoor Living > Plants, Seeds & Bulbs > Plants & Seedlings","Jurupa Valley, CA, United States",2026-08-01,64,,0,21.99,6.99,0,0,0,0,0,120,643,1,0,77,0,0,"Meet the Hoya Kerrii — the sweetest little plant you'll ever own. With its signature heart-shaped leaves, this charming plant makes the perfect gift for any occ",2026-10-04T05:23:26.058Z
hoya kerrii,owner_dupe_ranked,95,1,168284607681,https://www.ebay.com/itm/168284607681,riversidegreenhouses,4,rooted pot,old,Hoya Kerrii - Live Houseplant - 4-inch Pot,42,8,1,1,1,1,0,0,4,1,1,1,0,0,0,0,not specified,0,0,22,Brand|Type|Color|Features|Indoor/Outdoor|Climate|Number in Pack|Growth Stage|Sunlight|Watering|Foliage|MPN|Country of Origin|Soil Type|Growth Rate|Soil pH|Personalize|Item Height|Room|Item Length|Item Width|Item Weight,1,0,0,0,0,1,Unbranded,1,1,RCO6QPJU,0,,0,1,1,1,0,438,67,1,1,1,0,1,0,0,0,22.14,9.99,USPS Priority Mail,0,32.13,,3,3,6,1,30,buyer,0,1,10,0,0,0,,,0,,0,"Home & Garden > Yard, Garden & Outdoor Living > Plants, Seeds & Bulbs > Plants & Seedlings","Riverside, California, United States",2026-04-03,184,,0,22.14,9.99,0,0,1,0,0,120,643,1,0,84,0,0,"Hoya Kerrii - 4-inch Pot Hoya Kerrii, also known as the Sweetheart Plant, is a charming, heart-shaped succulent known for its waxy leaves and trailing growth ha",2026-10-04T05:23:45.446Z
monstera peru,competitor_top3,1,0,287442315251,https://www.ebay.com/itm/287442315251,leafandlilt,187,rooted pot,,Monstera Obliqua Peru,21,3,0,1,1,1,1,1,,0,0,0,0,0,0,0,not specified,0,0,3,Brand|Type|Country of Origin,1,0,0,0,0,1,Unbranded,0,0,,0,,0,8,8,8,0,2413,387,1,1,1,0,1,1,0,1,35.0,0.0,USPS Ground Advantage,1,35.0,,1,3,10,0,,,0,1,11,1,2,9,2,,1,1@35.00; 2@31.50; 3@29.75; 4+@28.00,0,"Home & Garden > Yard, Garden & Outdoor Living > Plants, Seeds & Bulbs > Plants & Seedlings","Tampa, Florida, United States",2026-07-06,90,2026-07-15,0,35.0,0.0,0,0,1,1,0,56,56,1,0,1,1,1,"You are purchasing one Monstera Obliqua Peru rooted starter plant in a 2"" pot, grown in Florida by Leaf and Lilt. The Monstera Obliqua Peru is one of the most d",2026-10-04T05:24:02.255Z
monstera peru,competitor_top3,2,0,227550999715,https://www.ebay.com/itm/227550999715,Back To Basics Greenhouse,433,rooted pot,,Monstera Peru Variegated,24,3,1,1,1,0,1,0,,0,0,0,0,0,1,0,not specified,0,0,27,Climate|Common Name|Indoor/Outdoor|Growth Habit|MPN|Item Length|Soil Type|Growth Stage|Genus|Item Height|Number in Pack|Foliage|Features|Safety|Room|Item Width|Color|Set Includes|Brand|Season of Interest|Plant Form|Soil pH|Type|Watering|Growth Rate|Sunlight|Item Weight,1,1,1,0,0,1,Unbranded,1,1,Does Not Apply,0,,0,3,3,3,0,1863,294,0,0,1,1,1,1,0,0,75.0,5.0,UPS 3 Day Select SM,0,80.0,,3,4,11,1,30,seller,1,1,,0,0,0,,,0,,1,"Home & Garden > Yard, Garden & Outdoor Living > Plants, Seeds & Bulbs > Plants & Seedlings","Mechanicsville, Maryland, United States",2026-10-04,0,,0,75.0,5.0,0,0,1,0,1,56,56,1,1,,1,0,-When do you ship? Order's are shipped on Monday's and Tuesday's each week. Order processing is 2-6 business days. -What premium shipping options are available?,2026-10-04T05:24:22.163Z
monstera peru,competitor_top3,3,0,257007236973,https://www.ebay.com/itm/257007236973,GreenVue,13438,rooted pot,,Stunning Monstera Obliqua Peru in 4 inch pot - Live Rare Tropical Aroid Great,77,14,0,1,1,1,1,1,4,1,1,0,0,1,0,0,not specified,0,0,3,Type|Brand|Country of Origin,1,0,0,0,0,1,Does Not Apply,0,0,,0,,0,8,8,0,0,2447,379,1,0,1,1,1,1,1,0,84.99,14.99,Standard Shipping,0,99.98,,5,4,11,0,,,0,0,7,0,2,38,,,0,,0,"Home & Garden > Yard, Garden & Outdoor Living > Plants, Seeds & Bulbs > Plants & Seedlings","Winter Park, Florida, United States",2025-07-08,453,2026-09-25,0,84.99,14.99,0,26,0,0,0,56,56,1,1,,1,0,"FREE HOYA KRIMSON QUEEN 4"" with order of 3 or more potted plants when you mention this offer in the order notes. Valid 7/5-7/11 or while supplies last. ATTENTIO",2026-10-04T05:24:43.562Z
monstera peru,owner_best,33,1,168578976251,https://www.ebay.com/itm/168578976251,riversidegreenhouses,4,rooted pot,new,Monstera Peru 3 in Live Houseplant | Monstera Karstenianum,58,9,1,1,1,1,1,1,3,1,1,1,0,0,0,0,not specified,0,0,14,Brand|Type|Genus|Common Name|Features|Climate|Indoor/Outdoor|Number in Pack|Growth Stage|Watering|Safety|Sunlight|Foliage|Growth Habit,1,1,1,0,0,1,Unbranded,1,0,,0,,0,2,2,2,0,641,108,0,1,0,0,0,1,0,0,17.5,6.99,USPS Ground Advantage,0,24.49,,2,4,12,1,30,buyer,0,0,11,1,0,0,,,0,,0,"Home & Garden > Yard, Garden & Outdoor Living > Plants, Seeds & Bulbs > Plants & Seedlings","Jurupa Valley, CA, United States",2026-08-01,64,,0,17.5,6.99,0,0,0,0,0,56,56,1,0,22,0,0,Meet the Monstera Peru — a rare and captivating tropical beauty that is unlike any other monstera in your collection. With its thick deeply textured dark green ,2026-10-04T05:25:03.975Z
monstera peru,owner_dupe_ranked,36,1,168578976212,https://www.ebay.com/itm/168578976212,riversidegreenhouses,4,rooted pot,new,Monstera Peru 4 in Live Houseplant | Monstera Karstenianum,58,9,1,1,1,1,1,1,4,1,1,1,0,0,0,0,not specified,0,0,14,Brand|Type|Genus|Common Name|Features|Climate|Indoor/Outdoor|Number in Pack|Growth Stage|Watering|Safety|Sunlight|Foliage|Growth Habit,1,1,1,0,0,1,Unbranded,1,0,,0,,0,2,2,2,0,641,108,0,1,0,0,0,1,0,0,17.99,6.99,USPS Ground Advantage,0,24.98,,2,4,12,1,30,buyer,0,0,11,1,0,0,,,0,,0,"Home & Garden > Yard, Garden & Outdoor Living > Plants, Seeds & Bulbs > Plants & Seedlings","Jurupa Valley, CA, United States",2026-08-01,64,,0,17.99,6.99,0,0,0,0,0,56,56,1,0,25,0,0,Meet the Monstera Peru — a rare and captivating tropical beauty that is unlike any other monstera in your collection. With its thick deeply textured dark green ,2026-10-04T05:25:21.835Z
monstera peru,owner_dupe_ranked,43,1,168284607697,https://www.ebay.com/itm/168284607697,riversidegreenhouses,4,rooted pot,old,Monstera Peru - Live Houseplant - 3-inch Pot,44,8,1,1,1,0,1,0,3,1,1,1,0,0,0,0,not specified,0,0,22,Brand|Type|Color|Features|Indoor/Outdoor|Climate|Number in Pack|Growth Stage|Sunlight|Watering|Foliage|MPN|Country of Origin|Soil Type|Growth Rate|Soil pH|Personalize|Item Height|Room|Item Length|Item Width|Item Weight,1,0,0,0,0,1,Unbranded,1,1,THA9FTFJ,0,,0,1,1,1,0,420,64,1,1,1,0,1,0,0,0,19.84,9.99,USPS Priority Mail,0,29.83,,3,3,6,1,30,buyer,0,1,10,0,0,1,,,0,,0,"Home & Garden > Yard, Garden & Outdoor Living > Plants, Seeds & Bulbs > Plants & Seedlings","Riverside, California, United States",2026-04-03,184,,0,19.84,9.99,0,0,1,0,0,56,56,1,0,30,0,0,"Monstera Peru - 3-inch Pot Monstera Peru is a unique and rare climbing plant known for its textured, elongated leaves. Ideal for adding a tropical touch to any ",2026-10-04T05:25:40.695Z
monstera siltepecana,competitor_top3,1,0,168628479446,https://www.ebay.com/itm/168628479446,baysidenursery02,253,rooted pot,,Monstera Legacy,15,2,0,0,1,0,0,0,,0,0,0,0,0,0,0,not specified,0,1,6,Seller Notes|Brand|Type|Genus|Features|Country of Origin,1,0,1,0,0,1,Unbranded,0,0,,0,,0,4,4,4,0,773,137,0,1,1,0,1,0,0,1,41.0,10.49,UPS 3 Day Select SM,0,51.49,,5,4,12,0,,,0,0,6,0,2,20,6,27,0,,0,"Home & Garden > Yard, Garden & Outdoor Living > Plants, Seeds & Bulbs > Plants & Seedlings","San Jose, California, United States",2026-08-20,45,2026-08-21,0,41.0,10.49,0,20,0,0,0,63,63,1,0,1,1,1,We offer combined shipping - so you only need pay for shipping for one plant - please send us a message and we will refund the shipping cost for any additional ,2026-10-04T05:25:59.922Z
monstera siltepecana,competitor_top3,2,0,276349896200,https://www.ebay.com/itm/276349896200,maiksylvia,8982,rooted pot,,"Monstera Siltepecana rooted plant 2.5"" Pot",42,6,1,1,1,1,0,0,2.5,1,0,0,0,0,0,0,not specified,0,0,15,Climate|Color|Indoor/Outdoor|Growth Habit|Brand|Type|Watering|Genus|Number in Pack|Growth Rate|Sunlight|Foliage|Features|Country of Origin|Item Width,1,0,1,0,0,1,Unbranded,0,0,,0,,0,4,4,4,0,1119,197,0,1,1,0,0,1,0,0,19.9,0.0,USPS Ground Advantage,1,19.9,,1,3,6,0,,,0,0,4,0,2,12,2,10,0,,0,"Home & Garden > Yard, Garden & Outdoor Living > Plants, Seeds & Bulbs > Plants & Seedlings","Englewood, Florida, United States",2024-02-23,954,2026-09-03,0,19.9,0.0,0,12,0,0,0,63,63,1,1,,1,0,"The product is a Monstera Siltepecana rooted plant in a 2.5"" pot. This indoor houseplant has a tropical climate preference and silver color. It has a climbing g",2026-10-04T05:26:19.497Z
monstera siltepecana,competitor_top3,3,0,317743243148,https://www.ebay.com/itm/317743243148,KS Plants,68,rooted pot,,Monstera 'Siltepecana' | Live Plant for Indoor & Outdoor,56,9,0,1,1,1,0,0,,0,1,1,0,0,0,0,not specified,0,0,12,Brand|Color|Country/Region of Manufacture|Features|Growth Stage|Indoor/Outdoor|Number in Pack|Soil Type|Sunlight|Type|Watering|Country of Origin,1,0,0,0,0,1,KS Plants,1,0,,0,,0,9,6,1,0,692,105,0,0,0,0,0,0,1,0,40.99,9.8,UPS Ground,0,50.79,,3,4,11,0,,,0,0,1,0,0,3,,,0,,0,"Home & Garden > Yard, Garden & Outdoor Living > Plants, Seeds & Bulbs > Plants & Seedlings","Mount Dora, Florida, United States",2026-01-08,269,2026-09-30,0,40.99,9.8,0,0,0,0,0,63,63,1,1,,1,0,"Botanical Name: Philodendron Siltepecana Common Name(s): Silver Monstera, Seltene Monstera, Philodendron Silver Queen Description: Monstera Siltepecana is a pop",2026-10-04T05:26:40.454Z
monstera siltepecana,owner_best,21,1,168578976222,https://www.ebay.com/itm/168578976222,riversidegreenhouses,4,rooted pot,new,Monstera Siltepecana 4 in Live Houseplant | Silver Monstera,59,9,1,1,1,1,1,1,4,1,1,1,0,0,0,0,not specified,0,0,15,Brand|Type|Genus|Common Name|Color|Features|Climate|Indoor/Outdoor|Number in Pack|Growth Stage|Watering|Safety|Sunlight|Foliage|Growth Habit,1,1,1,0,0,1,Unbranded,1,0,,0,,0,2,2,2,0,713,117,0,1,0,0,0,1,0,0,21.99,6.99,USPS Ground Advantage,0,28.98,,2,4,12,1,30,buyer,0,0,11,1,0,0,,,0,,0,"Home & Garden > Yard, Garden & Outdoor Living > Plants, Seeds & Bulbs > Plants & Seedlings","Jurupa Valley, CA, United States",2026-08-01,64,,0,21.99,6.99,0,0,0,0,0,63,63,1,0,14,0,0,Meet the Monstera Siltepecana — a rare and enchanting tropical beauty that brings a cool silvery elegance to any plant collection. With its elongated dark green,2026-10-04T05:26:57.614Z
monstera siltepecana,owner_dupe_unranked,,1,168284607756,https://www.ebay.com/itm/168284607756,riversidegreenhouses,4,rooted pot,old,Siltepecana El Salvador - Live Houseplant - 4-inch Pot,54,9,0,0,0,1,1,0,4,1,1,1,0,0,0,0,not specified,0,0,22,Brand|Type|Color|Features|Indoor/Outdoor|Climate|Number in Pack|Growth Stage|Sunlight|Watering|Foliage|MPN|Country of Origin|Soil Type|Growth Rate|Soil pH|Personalize|Item Height|Room|Item Length|Item Width|Item Weight,1,0,0,0,0,1,Unbranded,1,1,YJ2N2HGZ,0,,0,1,1,1,0,461,69,1,1,1,0,1,0,0,0,34.79,9.99,USPS Priority Mail,0,44.78,,3,3,6,1,30,buyer,0,1,10,0,0,0,,,0,,0,"Home & Garden > Yard, Garden & Outdoor Living > Plants, Seeds & Bulbs > Plants & Seedlings","Riverside, California, United States",2026-04-03,184,,0,,,,,,,,63,63,,,,0,0,Siltepecana El Salvador - 4-inch Pot Siltepecana El Salvador is a unique Hoya species known for its stunning foliage and trailing growth habit. This plant thriv,2026-10-04T05:27:18.314Z
peperomia hope,competitor_top3,1,0,287556713484,https://www.ebay.com/itm/287556713484,Happily Planted Nursery,230,rooted pot,,"Peperomia Hope - 4"" Pot - Free Shipping",39,8,1,1,1,0,1,0,4,1,0,0,1,0,0,0,not specified,0,1,9,Seller Notes|Brand|Type|Climate|Genus|Common Name|Indoor/Outdoor|Features|Country of Origin,1,1,1,0,0,1,Unbranded,0,0,,0,,0,5,6,,1,2849,451,1,1,1,1,1,1,0,1,24.99,0.0,USPS Ground Advantage,1,24.99,,1,2,5,0,,,0,0,2,0,1,2,,,0,,0,"Home & Garden > Yard, Garden & Outdoor Living > Plants, Seeds & Bulbs > Plants & Seedlings","Debary, Florida, United States",2026-08-31,34,,0,24.99,0.0,0,2,0,0,0,57,57,1,0,1,1,1,"PLEASE READ FULL DESCRIPTION BEFORE PURCHASING You will receive a healthy plant currently growing in a 4"" nursery pot. Each plant is well-rooted and carefully s",2026-10-04T05:27:36.775Z
peperomia hope,competitor_top3,2,0,315342713116,https://www.ebay.com/itm/315342713116,BubbleBlooms,2563,bundle,,"Peperomia Assortment, Foliage Set, Rosso, Frost, albovittata, caperata, Premium",79,9,0,0,1,0,0,0,,0,0,0,0,0,0,0,not specified,0,0,5,Type|Brand|Soil Type|Indoor or Outdoor|UPC,1,0,0,0,0,1,Florida House Plants,0,0,,1,,0,9,9,9,0,2766,474,1,1,1,1,0,0,0,0,29.99,0.0,Promotional Shipping Service,1,29.99,Free shipping on all eligible items from bubbleblooms.shop.,1,4,11,1,30,buyer,0,0,11,1,25,42,,,1,1@29.99; 2@26.99; 3@25.49; 4+@23.99,0,"Home & Garden > Yard, Garden & Outdoor Living > Plants, Seeds & Bulbs > Plants & Seedlings","Apopka, Florida, United States",2024-05-04,883,2026-10-03,0,29.99,5.95,0,0,0,1,0,57,57,1,1,,1,0,"Peperomia Assortment, Foliage set, rosso, frost, albovittata, caperata, premium succulent collection, in 2 inch pots, plant gift Pictured in a 2 inch pot. Plant",2026-10-04T05:27:57.397Z
peperomia hope,competitor_top3,3,0,315342712939,https://www.ebay.com/itm/315342712939,BubbleBlooms,2563,rooted pot,,"Peperomia Hope, Peperomia rotundifolia, pecuniifolia in a 4 inch Pot,",69,10,1,1,1,1,1,1,4,1,0,0,0,0,0,0,not specified,0,0,5,Type|Brand|Soil Type|Indoor or Outdoor|UPC,1,0,0,0,0,1,Florida House Plants,0,0,,1,,0,9,9,9,0,2121,368,1,1,1,1,0,0,0,0,21.99,0.0,Promotional Shipping Service,1,21.99,Free shipping on all eligible items from bubbleblooms.shop.,1,4,11,1,30,buyer,0,0,11,1,0,3,,,1,1@21.99; 2@19.79; 3@18.69; 4+@17.59,0,"Home & Garden > Yard, Garden & Outdoor Living > Plants, Seeds & Bulbs > Plants & Seedlings","Apopka, Florida, United States",2024-05-04,883,2026-10-04,0,21.99,5.95,0,0,0,1,0,57,57,1,1,,1,0,"Peperomia hope, Peperomia rotundifolia, pecuniifolia in a 4 inch pot, very rare Plant(s) will be shipped with a plastic pot and soil You will receive a plant si",2026-10-04T05:28:17.226Z
peperomia hope,owner_best,17,1,168578976263,https://www.ebay.com/itm/168578976263,riversidegreenhouses,4,rooted pot,new,Peperomia Hope 4 in Live Houseplant | Trailing Peperomia,56,9,1,1,1,0,1,0,4,1,1,1,0,0,0,0,not specified,0,0,14,Brand|Type|Genus|Common Name|Features|Climate|Indoor/Outdoor|Number in Pack|Growth Stage|Watering|Safety|Sunlight|Foliage|Growth Habit,1,1,1,0,0,1,Unbranded,1,0,,0,,0,2,2,2,0,645,108,0,1,0,0,0,1,0,0,16.99,6.99,USPS Ground Advantage,0,23.98,,2,4,12,1,30,buyer,0,0,11,1,0,0,,,0,,0,"Home & Garden > Yard, Garden & Outdoor Living > Plants, Seeds & Bulbs > Plants & Seedlings","Jurupa Valley, CA, United States",2026-08-01,64,,0,16.99,6.99,0,0,0,0,0,57,57,1,0,10,0,0,Meet the Peperomia Hope — a charming and easygoing trailing beauty that looks stunning in a hanging basket or cascading from a shelf. With its round thick succu,2026-10-04T05:28:39.427Z
peperomia hope,owner_dupe_ranked,23,1,168284607715,https://www.ebay.com/itm/168284607715,riversidegreenhouses,4,rooted pot,old,Peperomia Hope - Live Houseplant - 6-inch Pot,45,8,1,1,1,0,1,0,6,1,1,1,0,0,0,0,not specified,0,0,23,Brand|Type|Color|Features|Indoor/Outdoor|Climate|Number in Pack|Growth Stage|Safety|Sunlight|Watering|Foliage|MPN|Country of Origin|Soil Type|Growth Rate|Soil pH|Personalize|Item Height|Room|Item Length|Item Width|Item Weight,1,0,0,0,0,1,Unbranded,1,1,THA9FTFJ,0,,0,1,1,1,0,482,72,1,1,1,0,1,0,0,0,33.64,9.99,USPS Priority Mail,0,43.63,,3,3,6,1,30,buyer,0,1,10,0,0,0,,,0,,0,"Home & Garden > Yard, Garden & Outdoor Living > Plants, Seeds & Bulbs > Plants & Seedlings","Riverside, California, United States",2026-04-03,184,,0,33.64,9.99,0,0,1,0,0,57,57,1,0,16,0,0,"Peperomia Hope - 6-inch Pot Peperomia Hope is a compact and attractive houseplant featuring thick, glossy leaves that are a vibrant green. This easy-to-care-for",2026-10-04T05:28:58.576Z
philodendron brasil,competitor_top3,1,0,185632530752,https://www.ebay.com/itm/185632530752,succulentsandcactus,2417,cuttings,,3 Cuttings Brazil Philodendron Brasil Heart,43,6,0,1,1,0,1,0,,0,0,0,0,0,0,0,not specified,0,0,5,Brand|Type|Genus|Color|Country of Origin,1,0,1,0,0,1,Unbranded,0,0,,0,,0,3,3,3,0,44,6,0,0,0,0,0,0,0,0,14.99,0.0,USPS First Class,1,14.99,,3,3,10,0,,,0,0,11,1,7,3,,,0,,0,"Home & Garden > Yard, Garden & Outdoor Living > Plants, Seeds & Bulbs > Plants & Seedlings","Garden Grove, California, United States",2022-10-26,1439,2026-09-17,0,14.99,0.0,0,0,0,0,0,120,169,1,0,1,1,1,3 Cuttings Brazil Philodendron Brasil Heart.,2026-10-04T05:29:15.211Z
philodendron brasil,competitor_top3,2,0,366700343798,https://www.ebay.com/itm/366700343798,zonetenplants1,23,rooted pot,,Philodendron Brasil Live Potted Tropical Broadleaf Climbing Green Yellow,72,9,1,1,1,0,1,0,,1,1,1,0,0,0,0,not specified,0,0,28,Climate|Common Name|Indoor/Outdoor|Growth Habit|MPN|Item Length|Soil Type|Growth Stage|Genus|Number in Pack|Item Height|Foliage|Features|Safety|Room|Item Width|Color|Set Includes|Brand|Season of Interest|Plant Form|Soil pH|Type|Watering|Growth Rate|Sunlight|Item Weight|Country of Origin,1,1,1,0,0,1,Unbranded,1,1,Does Not Apply,0,,0,3,3,3,0,418,73,0,0,1,0,1,0,0,1,17.0,6.34,USPS Ground Advantage,0,23.34,,2,3,10,0,,,0,1,,0,0,1,,,0,,0,"Home & Garden > Yard, Garden & Outdoor Living > Plants, Seeds & Bulbs > Plants & Seedlings","West Palm Beach, Florida, United States",2026-09-29,5,,0,17.0,6.34,0,0,1,0,0,120,169,1,1,,1,0,ALL SALES FINAL — NO RETURNS REFUNDS OR EXCHANGES. SELLER IS NOT RESPONSIBLE FOR ANY DAMAGES OR DELAYS IN SHIPPING. * Please note most plants are grown outdoors,2026-10-04T05:29:35.596Z
philodendron brasil,competitor_top3,3,0,186270927734,https://www.ebay.com/itm/186270927734,succulentsandcactus,2417,rooted pot,,Philodendron Brasil Live House Plant FREE Shipping In 6” Pot,60,10,1,1,1,0,1,0,6,1,1,0,1,0,0,0,not specified,0,0,7,Country of Origin|Brand|Type|Genus|Common Name|Features|Item Length,1,1,1,0,0,1,Unbranded,0,0,,0,,0,1,1,1,0,580,100,0,1,1,0,0,0,0,0,69.99,0.0,USPS Priority Mail,1,69.99,,3,3,10,0,,,0,0,10,0,0,1,,,0,,0,"Home & Garden > Yard, Garden & Outdoor Living > Plants, Seeds & Bulbs > Plants & Seedlings","Garden Grove, California, United States",2024-01-26,982,2025-12-26,0,69.99,0.0,0,0,0,0,0,120,169,1,1,,1,0,Introducing the beautiful Philodendron Brasil! This live house plant is perfect for adding a touch of greenery to any home or garden. It comes in a 6 inch pot a,2026-10-04T05:29:56.357Z
philodendron brasil,owner_best,49,1,168578976257,https://www.ebay.com/itm/168578976257,riversidegreenhouses,4,rooted pot,new,Philodendron Brasil 6 in Live Houseplant | Variegated Heartleaf Philodendron,76,10,1,1,1,0,1,0,6,1,1,1,0,0,1,0,not specified,0,0,14,Brand|Type|Genus|Common Name|Features|Climate|Indoor/Outdoor|Number in Pack|Growth Stage|Watering|Safety|Sunlight|Foliage|Growth Habit,1,1,1,0,0,1,Unbranded,1,0,,0,,0,2,2,2,0,730,121,0,1,0,0,0,1,0,0,18.99,6.99,USPS Ground Advantage,0,25.98,,2,4,12,1,30,buyer,0,0,11,1,0,0,,,0,,0,"Home & Garden > Yard, Garden & Outdoor Living > Plants, Seeds & Bulbs > Plants & Seedlings","Jurupa Valley, CA, United States",2026-08-01,64,,0,18.99,6.99,0,0,0,0,0,120,169,1,0,36,0,0,Meet the Philodendron Brasil — a vibrant and energetic vining beauty that brings a burst of tropical color to any space. With its heart-shaped leaves boldly var,2026-10-04T05:30:14.272Z
philodendron micans,competitor_top3,1,0,860002641382,https://www.ebay.com/itm/860002641382,Tiny Turtles Tropicals,8,bundle,,"Pink Variegated Philodendron Bundle: Red Medusa, Micans, Hoya EXACT",67,9,0,1,1,1,1,1,,0,0,0,0,0,1,1,not specified,0,1,12,Seller Notes|Brand|Type|Climate|Watering|Common Name|Genus|Color|Growth Habit|MPN|Soil Type|Country of Origin,1,1,1,0,0,1,Unbranded,0,1,Philodendron Micans,0,,0,4,4,4,0,614,106,1,0,1,1,0,0,0,0,64.35,0.0,FedEx 2Day,1,64.35,,4,5,6,0,,,0,0,,0,0,1,,5,0,,1,"Home & Garden > Yard, Garden & Outdoor Living > Plants, Seeds & Bulbs > Plants & Seedlings","Dupont, Washington, United States",2026-10-03,1,2026-10-04,0,64.35,0.0,0,0,0,0,0,111,111,1,0,1,1,1,"Philodendron Variegated Micans, Pink Halfmoon Red Medusa with three leaves, Purple Pride Hoya with four pink leaves vining. Please do not repot or over water. O",2026-10-04T05:30:32.070Z
philodendron micans,competitor_top3,2,0,860002692001,https://www.ebay.com/itm/860002692001,Tiny Turtles Tropicals,8,rooted pot,,Pink Variegated Type 1 Gloriosum Albo Philodendron: NOT a Galaxy,64,10,0,0,1,0,0,0,,0,0,0,0,0,1,0,not specified,0,1,12,Seller Notes|Brand|Type|Climate|Watering|Common Name|Genus|Color|Growth Habit|MPN|Soil Type|Country of Origin,1,1,1,0,0,1,Unbranded,0,1,"Philodendron Micans, Philodendron Gloriosum",0,,0,2,2,2,0,654,112,1,0,1,1,0,0,0,0,194.35,10.0,FedEx 2Day,0,204.35,,4,5,6,0,,,0,0,,0,0,1,,6,0,,1,"Home & Garden > Yard, Garden & Outdoor Living > Plants, Seeds & Bulbs > Plants & Seedlings","Dupont, Washington, United States",2026-10-03,1,,0,194.35,10.0,0,0,0,0,0,111,111,1,1,,1,0,Philodendron Variegated Gloriosum Type 1 Albo: pink mutation. Propogation from high Variegated Pink mother plant. This is NOT a Galaxy and not sport Variegated.,2026-10-04T05:30:50.035Z
philodendron micans,competitor_top3,3,0,307104595556,https://www.ebay.com/itm/307104595556,Moss and Market Co,3240,bundle,,Rare Aroid Node Cuttings 🪴 Philodendron Epipremnum Monstera You Get 6 Types!,76,12,0,0,1,0,0,0,,0,0,0,0,1,0,0,not specified,0,0,21,Climate|Common Name|Color|Indoor/Outdoor|Growth Habit|Set Includes|Soil Type|Brand|Season of Interest|Plant Form|Soil pH|Type|Growth Stage|Watering|Genus|Number in Pack|Growth Rate|Sunlight|Features|Room|Country of Origin,1,1,1,0,0,1,live Cuttings,1,0,,0,,0,9,9,9,0,4752,690,0,1,1,1,0,0,0,0,19.99,5.8,USPS Ground Advantage,0,25.79,,3,3,9,0,,,0,1,1,0,4,18,2,9,0,,0,"Home & Garden > Yard, Garden & Outdoor Living > Plants, Seeds & Bulbs > Plants & Seedlings","Rochelle, Illinois, United States",2026-08-03,62,2026-08-11,0,19.99,5.8,0,18,1,0,0,111,111,1,1,,1,0,🌿 Moss & Market 🌿 Premium Plants • Cuttings • Corms Thank you for supporting Moss & Market! Every plant is grown and cared for with attention to quality and pac,2026-10-04T05:31:07.872Z
philodendron micans,owner_best,48,1,168578976248,https://www.ebay.com/itm/168578976248,riversidegreenhouses,4,rooted pot,new,Philodendron Micans 4 in Live Houseplant | Velvet Leaf Philodendron,67,10,1,1,1,1,1,1,4,1,1,1,0,0,0,0,not specified,0,0,14,Brand|Type|Genus|Common Name|Features|Climate|Indoor/Outdoor|Number in Pack|Growth Stage|Watering|Safety|Sunlight|Foliage|Growth Habit,1,1,1,0,0,1,Unbranded,1,0,,0,,0,2,2,2,0,600,104,0,1,0,0,0,1,0,0,15.99,6.99,USPS Ground Advantage,0,22.98,,2,4,12,1,30,buyer,0,0,11,1,0,2,,,0,,0,"Home & Garden > Yard, Garden & Outdoor Living > Plants, Seeds & Bulbs > Plants & Seedlings","Jurupa Valley, CA, United States",2026-08-01,64,,0,15.99,6.99,0,0,0,0,0,111,111,1,0,35,0,0,Meet the Philodendron Micans — a velvety and luxurious trailing beauty that is as soft to the touch as it is stunning to look at. With its heart-shaped leaves i,2026-10-04T05:31:27.245Z
philodendron pink princess,competitor_top3,1,0,307212273185,https://www.ebay.com/itm/307212273185,hanwin-2412,60,bare root,,Pink Princess Marble Galaxy Philodendron- HIGH VARIEGATION EXACT PLANT! 🩷,73,10,0,1,1,0,1,0,,0,0,0,0,0,0,1,not specified,0,0,6,Genus|Color|Features|Brand|Type|Country of Origin,1,0,1,0,0,1,Unbranded,0,0,,0,,0,5,5,5,0,265,42,0,1,1,1,0,0,0,0,30.0,10.11,USPS Ground Advantage,0,40.11,,2,4,11,0,,,0,0,,0,0,0,,6,0,,0,"Home & Garden > Yard, Garden & Outdoor Living > Plants, Seeds & Bulbs > Plants & Seedlings","Suncook, New Hampshire, United States",2026-10-03,1,,0,30.0,10.11,0,0,0,0,0,120,164,1,0,1,1,1,Beautiful deeply variegated pink princess philodendron! Gorgeous dark green marble galaxy leaves with 2 new deep ruby pink leaves!! Will be shipped bare root in,2026-10-04T05:31:46.774Z
philodendron pink princess,competitor_top3,2,0,315772499886,https://www.ebay.com/itm/315772499886,BubbleBlooms,2563,rooted pot,,BubbleBlooms Philodendron Pink Naomi 2 inch Pink Princess,57,8,0,1,1,0,1,0,2,1,0,0,0,0,0,0,not specified,0,0,5,Type|Brand|Soil Type|Indoor or Outdoor|UPC,1,0,0,0,0,1,Florida House Plants,0,0,,1,,0,9,9,9,0,853,136,0,0,1,1,0,1,0,0,21.99,0.0,Promotional Shipping Service,1,21.99,Free shipping on all eligible items from bubbleblooms.shop.,1,4,11,1,30,buyer,0,0,11,1,4,25,2,,1,1@21.99; 2@19.79; 3@18.69; 4+@17.59,0,"Home & Garden > Yard, Garden & Outdoor Living > Plants, Seeds & Bulbs > Plants & Seedlings","Apopka, Florida, United States",2024-09-20,744,2026-10-02,0,21.99,5.95,0,0,0,1,0,120,164,1,1,,1,0,"[CONNECT & DISCOVER] BubbleBlooms, your gateway to a myriad of quality local nurseries and growers, ready to greenify your space. [CAREFUL WRAPPING] At BubbleBl",2026-10-04T05:32:04.208Z
philodendron pink princess,competitor_top3,3,0,315772497595,https://www.ebay.com/itm/315772497595,BubbleBlooms,2563,rooted pot,,BubbleBlooms Philodendron Pink Naomi 4 inch Pink Princess,57,8,0,1,1,0,1,0,4,1,0,0,0,0,0,0,not specified,0,0,5,Type|Brand|Soil Type|Indoor or Outdoor|UPC,1,0,0,0,0,1,Florida House Plants,0,0,,1,,0,9,9,9,0,853,136,0,0,1,1,0,1,0,0,34.99,0.0,Promotional Shipping Service,1,34.99,Free shipping on all eligible items from bubbleblooms.shop.,1,4,11,1,30,buyer,0,0,11,1,8,35,4,,1,1@34.99; 2@31.49; 3@29.74; 4+@27.99,0,"Home & Garden > Yard, Garden & Outdoor Living > Plants, Seeds & Bulbs > Plants & Seedlings","Apopka, Florida, United States",2024-09-20,744,2026-10-02,0,34.99,5.95,0,0,0,1,0,120,164,1,1,,1,0,"[CONNECT & DISCOVER] BubbleBlooms, your gateway to a myriad of quality local nurseries and growers, ready to greenify your space. [CAREFUL WRAPPING] At BubbleBl",2026-10-04T05:32:23.033Z
philodendron pink princess,owner_best,94,1,168284607710,https://www.ebay.com/itm/168284607710,riversidegreenhouses,4,rooted pot,old,Philodendron Pink Princess - Live Houseplant - 4-inch Pot,57,9,1,1,1,0,1,0,4,1,1,1,0,0,0,0,not specified,0,0,22,Brand|Type|Color|Features|Indoor/Outdoor|Climate|Number in Pack|Growth Stage|Sunlight|Watering|Foliage|MPN|Country of Origin|Soil Type|Growth Rate|Soil pH|Personalize|Item Height|Room|Item Length|Item Width|Item Weight,1,0,0,0,0,1,Unbranded,1,1,DSGK0FTP,0,,0,1,1,1,0,462,68,1,1,1,0,1,0,0,0,53.19,9.99,USPS Priority Mail,0,63.18,,3,3,6,1,30,buyer,0,1,10,0,0,0,,,0,,0,"Home & Garden > Yard, Garden & Outdoor Living > Plants, Seeds & Bulbs > Plants & Seedlings","Riverside, California, United States",2026-04-03,184,,0,53.19,9.99,0,0,1,0,0,120,164,1,0,81,0,0,Philodendron Pink Princess - 4-inch Pot The Philodendron Pink Princess is a stunning variegated plant known for its vibrant pink and green foliage. It's a favor,2026-10-04T05:32:39.805Z
pilea peperomioides,competitor_top3,1,0,406898188504,https://www.ebay.com/itm/406898188504,dealcrossing,2489,rooted pot,,"2"" Pot Live Chinese Money Plant Pilea peperomioides Indoor House Plants",71,11,0,1,1,1,1,1,2,1,1,0,0,0,0,0,not specified,0,0,10,Brand|Type|Watering|Genus|Common Name|Number in Pack|Indoor/Outdoor|Sunlight|Features|Country of Origin,1,1,1,0,0,1,Unbranded,0,0,,0,,0,3,3,3,0,569,99,0,1,0,0,0,0,0,0,12.95,0.0,"2-4 day delivery Get it between Tue, Oct 6 and Thu, Oct 8 to 94104",1,12.95,,1,,,0,,,0,0,9,0,32,79,20,5,0,,0,"Home & Garden > Yard, Garden & Outdoor Living > Plants, Seeds & Bulbs > Plants & Seedlings","Beaverton, Oregon, United States",2026-05-02,155,2026-06-18,0,12.95,0.0,32,0,0,0,0,120,164,1,0,1,1,1,"2"" Pot Live Chinese Money Plant Pilea peperomioides Indoor House Plants Pot Size: 2"" A live plant The pilea peperomioides, also known as the Chinese money plant",2026-10-04T05:32:58.479Z
pilea peperomioides,competitor_top3,2,0,398417758182,https://www.ebay.com/itm/398417758182,NYGardenia,12288,rooted pot,,"Live Pilea peperomioides in 4.5"" Nursery Pot - Round Green Leaves",65,11,0,1,1,1,0,0,4.5,1,1,0,0,0,0,0,not specified,0,0,8,Brand|Type|Common Name|Plant Name|Plant Form|Number in Pack|Presentation|Country of Origin,1,1,0,0,0,1,NYGardenia,0,0,,0,,0,5,5,5,0,1197,181,1,1,0,0,0,0,0,0,19.95,0.0,USPS Ground Advantage,1,19.95,,1,3,9,0,,,0,0,9,0,1,2,,,0,,0,"Home & Garden > Yard, Garden & Outdoor Living > Plants, Seeds & Bulbs > Plants & Seedlings","Staten Island, New York, United States",2026-09-21,13,2026-09-21,0,19.95,0.0,0,0,0,0,0,120,164,1,1,,1,0,"Live Pilea peperomioides in 4.5"" Nursery Pot - Round Green Leaves A live Pilea peperomioides with distinctive round green leaves in a 4.5-inch nursery pot. This",2026-10-04T05:33:19.681Z
pilea peperomioides,competitor_top3,3,0,407082982498,https://www.ebay.com/itm/407082982498,lensgardenusa,354,rooted pot,,Pilea Peperomioides Chinese Money Plant 3 Inches Size Pot Live Houseplant,73,11,1,1,1,1,1,1,3,1,1,1,0,0,0,0,not specified,0,0,19,Climate|Common Name|Color|Indoor/Outdoor|Item Length|Soil Type|Personalize|Brand|Soil pH|Season of Interest|Type|Watering|Genus|Number in Pack|Item Height|Features|Safety|Room|Country of Origin,1,1,1,0,0,1,Unbranded,0,0,,0,,0,7,7,7,0,263,47,0,0,0,0,0,0,0,0,12.95,6.34,USPS Ground Advantage,0,19.29,,2,4,11,1,30,buyer,0,1,8,0,2,9,2,,1,1@12.95; 2@11.66; 3@11.01; 4+@10.36,0,"Home & Garden > Yard, Garden & Outdoor Living > Plants, Seeds & Bulbs > Plants & Seedlings","Delta, Pennsylvania, United States",2026-07-19,77,2026-08-17,0,12.95,6.34,0,9,1,1,0,120,164,1,1,,1,0,The Chinese Money plant is a popular and easy to grow houseplant. The leaves are coin shaped and appears in bright green color. This plant likes bright and indi,2026-10-04T05:33:39.173Z
pilea peperomioides,owner_best,48,1,168578976235,https://www.ebay.com/itm/168578976235,riversidegreenhouses,4,rooted pot,new,Chinese Money Plant 4 in Live Houseplant | Pilea Peperomioides,62,10,0,1,1,1,1,1,4,1,1,1,0,0,0,0,not specified,0,0,14,Brand|Type|Genus|Common Name|Features|Climate|Indoor/Outdoor|Number in Pack|Growth Stage|Watering|Safety|Sunlight|Foliage|Growth Habit,1,1,1,0,0,1,Unbranded,1,0,,0,,0,5,5,5,0,527,88,0,1,0,0,0,1,0,0,21.99,6.99,USPS Ground Advantage,0,28.98,,2,4,12,1,30,buyer,0,0,11,1,0,0,,,0,,0,"Home & Garden > Yard, Garden & Outdoor Living > Plants, Seeds & Bulbs > Plants & Seedlings","Jurupa Valley, CA, United States",2026-08-01,64,,0,21.99,6.99,0,0,0,0,0,120,164,1,0,35,0,0,"Meet the Chinese Money Plant — one of the most charming and trendy houseplants around. With its perfectly round coin-shaped leaves on delicate stems, this littl",2026-10-04T05:33:57.336Z
raven zz plant,competitor_top3,1,0,398117223936,https://www.ebay.com/itm/398117223936,eden-elements,250,rooted pot,,ZZ Plant - Black Raven - Zamioculcas Zamiifolia ( ZZ Black),59,11,0,1,1,1,1,1,,0,0,0,0,0,0,0,not specified,0,1,13,Seller Notes|Brand|Season of Interest|Climate|Type|Common Name|Genus|Indoor/Outdoor|Color|Growth Rate|Sunlight|Features|Country of Origin,1,1,1,0,0,1,Eden Elements,0,0,,0,,0,4,4,4,0,3573,611,1,1,1,1,0,1,0,0,18.5,0.0,USPS Ground Advantage,1,18.5,,,4,11,0,,,0,0,2,0,23,51,9,14,0,,0,"Home & Garden > Yard, Garden & Outdoor Living > Plants, Seeds & Bulbs > Plants & Seedlings","Albany, Georgia, United States",2026-06-28,98,2026-09-14,0,18.5,0.0,23,0,0,0,0,129,46,1,0,1,1,1," RAVEN ZZ PLANT (BLACK ZZ) - ROOTED HOUSEPLANT The Raven ZZ Plant is the rare and highly sought-after cousin to the standard ZZ. It is a stunning ""gothic"" plant",2026-10-04T05:34:15.859Z
raven zz plant,competitor_top3,2,0,358903439261,https://www.ebay.com/itm/358903439261,danniialocasia410,28,rooted pot,,Zamioculcas Zamiifolia Raven Black&Pink Variegated Starter Plant,64,7,0,0,1,1,1,1,,0,0,0,0,0,1,0,not specified,0,0,14,Climate|Common Name|Color|Indoor/Outdoor|Set Includes|Brand|Plant Form|Growth Stage|Type|Genus|Number in Pack|Foliage|Features|Country of Origin,1,1,1,0,0,1,Unbranded,1,0,,0,,0,4,4,4,0,421,69,0,0,0,0,0,0,0,0,315.0,17.05,USPS Ground Advantage,0,332.05,,2,4,11,0,,,0,1,3,0,0,3,,,1,1@315.00; 2@299.25; 3@283.50,0,"Home & Garden > Yard, Garden & Outdoor Living > Plants, Seeds & Bulbs > Plants & Seedlings","Baltimore, Maryland, United States",2026-08-09,56,,0,315.0,17.05,0,3,1,1,0,129,46,1,1,,1,0,"The product is a Zamioculcas Zamiifolia Raven Black&Pink Variegated starter plant, which is a houseplant suitable for both indoor and outdoor environments. This",2026-10-04T05:34:31.711Z
raven zz plant,competitor_top3,3,0,198215749371,https://www.ebay.com/itm/198215749371,myshop_50,10,rooted pot,,Zamioculcas Raven ZZ Plant | Potted Broadleaf | Green & Black Foliage,69,12,0,1,1,0,1,0,,1,0,0,0,0,0,0,not specified,0,0,23,Climate|Common Name|Indoor/Outdoor|Color|Growth Habit|Set Includes|Soil Type|Brand|Plant Form|Soil pH|Season of Interest|Type|Watering|Growth Stage|Genus|Growth Rate|Number in Pack|Sunlight|Foliage|Features|Safety|Room|Country of Origin,1,1,1,0,0,1,Unbranded,1,0,,0,,0,4,4,4,0,572,92,0,0,0,0,0,0,0,0,17.24,6.34,USPS Ground Advantage,0,23.58,,2,4,12,0,,,0,0,1,0,5,5,3,,0,,0,"Home & Garden > Yard, Garden & Outdoor Living > Plants, Seeds & Bulbs > Plants & Seedlings","Union City, Georgia, United States",2026-03-22,196,2026-04-14,0,17.24,6.34,0,5,0,1,0,129,46,1,1,,1,0,"The Zamioculcas Raven ZZ Plant is a stylish and versatile indoor and outdoor plant with green and black foliage, perfect for any room in your home. This slow-gr",2026-10-04T05:34:52.659Z
raven zz plant,owner_best,27,1,168284607742,https://www.ebay.com/itm/168284607742,riversidegreenhouses,4,rooted pot,old,Rare Black Raven ZZ - Live Houseplant - 4-inch Pot,50,10,0,1,0,0,1,0,4,1,1,1,0,1,0,0,not specified,0,0,22,Brand|Type|Color|Features|Indoor/Outdoor|Climate|Number in Pack|Growth Stage|Sunlight|Watering|Foliage|MPN|Country of Origin|Soil Type|Growth Rate|Soil pH|Personalize|Item Height|Room|Item Length|Item Width|Item Weight,1,0,0,0,0,1,Unbranded,1,1,HIEJN8L4,0,,0,1,1,1,0,448,68,1,1,1,0,1,0,0,0,31.34,9.99,USPS Priority Mail,0,41.33,,3,3,6,1,30,buyer,0,1,10,0,0,0,,,0,,0,"Home & Garden > Yard, Garden & Outdoor Living > Plants, Seeds & Bulbs > Plants & Seedlings","Riverside, California, United States",2026-04-03,184,,0,31.34,9.99,0,0,1,0,0,129,46,1,0,20,0,0,"Rare Black Raven ZZ - 4-inch Pot The Rare Black Raven ZZ is a stunning plant known for its glossy, dark leaves and low maintenance requirements, making it perfe",2026-10-04T05:35:11.619Z
raven zz plant,owner_dupe_ranked,76,1,168578976271,https://www.ebay.com/itm/168578976271,riversidegreenhouses,4,rooted pot,new,ZZ Plant 2 in Live Houseplant | Zamioculcas Zamiifolia,54,9,0,0,1,1,1,1,2,1,1,1,0,0,0,0,not specified,0,0,14,Brand|Type|Genus|Common Name|Features|Climate|Indoor/Outdoor|Number in Pack|Growth Stage|Watering|Safety|Sunlight|Foliage|Growth Habit,1,1,1,0,0,1,Unbranded,1,0,,0,,0,2,2,2,0,562,92,0,1,0,0,0,1,0,0,12.99,6.99,USPS Ground Advantage,0,19.98,,2,4,12,1,30,buyer,0,0,11,1,0,0,,,0,,0,"Home & Garden > Yard, Garden & Outdoor Living > Plants, Seeds & Bulbs > Plants & Seedlings","Jurupa Valley, CA, United States",2026-08-01,64,,0,12.99,6.99,0,0,0,0,0,129,46,0,0,63,0,0,"Meet the ZZ Plant — the ultimate low maintenance houseplant. With its glossy deep green leaves and incredible tolerance for neglect, this nearly indestructible ",2026-10-04T05:35:30.188Z
raven zz plant,owner_dupe_ranked,82,1,168578976218,https://www.ebay.com/itm/168578976218,riversidegreenhouses,4,rooted pot,new,ZZ Plant Zamifolia 8 in Live Houseplant | Zamioculcas Zamiifolia,64,10,0,0,1,1,1,1,8,1,1,1,0,0,0,0,not specified,0,0,14,Brand|Type|Genus|Common Name|Features|Climate|Indoor/Outdoor|Number in Pack|Growth Stage|Watering|Safety|Sunlight|Foliage|Growth Habit,1,1,1,0,0,1,Unbranded,1,0,,0,,0,2,2,2,0,686,111,0,1,0,0,0,1,0,0,34.99,6.99,USPS Ground Advantage,0,41.98,,2,4,12,1,30,buyer,0,0,11,1,1,0,,,0,,0,"Home & Garden > Yard, Garden & Outdoor Living > Plants, Seeds & Bulbs > Plants & Seedlings","Jurupa Valley, CA, United States",2026-08-01,64,,0,34.99,6.99,0,0,0,0,0,129,46,0,0,69,0,0,"Meet the ZZ Plant Zamifolia — the gold standard of low maintenance houseplants. With its glossy deep green oval leaves growing in elegant arching stems, this ne",2026-10-04T05:35:49.550Z
raven zz plant,owner_dupe_ranked,114,1,168578976252,https://www.ebay.com/itm/168578976252,riversidegreenhouses,4,rooted pot,new,ZZ Plant 2 in Live Houseplant | Zamioculcas Zamiifolia,54,9,0,0,1,1,1,1,2,1,1,1,0,0,0,0,not specified,0,0,14,Brand|Type|Genus|Common Name|Features|Climate|Indoor/Outdoor|Number in Pack|Growth Stage|Watering|Safety|Sunlight|Foliage|Growth Habit,1,1,1,0,0,1,Unbranded,1,0,,0,,0,2,2,2,0,717,118,0,1,0,0,0,1,0,0,12.99,6.99,USPS Ground Advantage,0,19.98,,2,4,12,1,30,buyer,0,0,11,1,0,1,,,0,,0,"Home & Garden > Yard, Garden & Outdoor Living > Plants, Seeds & Bulbs > Plants & Seedlings","Jurupa Valley, CA, United States",2026-08-01,64,,0,12.99,6.99,0,0,0,0,0,129,46,0,0,101,0,0,Meet the ZZ Plant — the ultimate starter plant for anyone who wants a beautiful and effortless houseplant. With its glossy deep green oval leaves growing in ele,2026-10-04T05:36:09.908Z
rhaphidophora tetrasperma,competitor_top3,1,0,226222584395,https://www.ebay.com/itm/226222584395,Back To Basics Greenhouse,433,cuttings,,Variegated Rhaphidophora Tetrasperma Rooted Plants and Cuttings Albo Mini Monst,79,10,0,1,1,1,0,0,,0,0,0,0,0,1,0,New New More information - About this item condition,1,0,13,Condition|Type|Indoor/Outdoor|Features|Genus|Common Name|Season of interest|Sunlight|Climate|Plant form|Brand|MPN|Country of Origin,1,1,1,0,0,1,House Plants,0,1,Rhaphidophora Tetras 37aaf23f-ece0-4,0,,0,20,9,1,0,2535,378,1,0,1,1,1,1,0,0,35.0,5.0,UPS 3 Day Select SM,0,40.0,,3,4,11,1,30,seller,1,0,3,0,12,56,17,14,0,,1,Pet Supplies > Fish & Aquariums > Live Plants,"Mechanicsville, Maryland, United States",2024-07-02,824,2026-10-02,0,35.0,5.0,0,12,0,0,1,63,63,1,0,1,1,1,This listing features stunning Rhaphidophora Tetrasperma Variegated cuttings and rooted plants! 🌿 Grower's Choice Listing & Highlights: - **Cuttings Available:*,2026-10-04T05:36:30.164Z
rhaphidophora tetrasperma,competitor_top3,2,0,284421794929,https://www.ebay.com/itm/284421794929,Butterfly Garden Seeds,5614,seeds,,Rhaphidophora tetrasperma | Mini Monstera | Ginny Philodendron | 100_Seeds,74,10,1,1,1,1,1,1,,0,0,0,0,0,0,0,not specified,0,0,2,Brand|Type,1,0,0,0,0,1,Butterfly Garden Seeds,0,0,,0,,0,5,5,5,0,352,59,0,0,0,0,0,0,0,0,7.95,5.27,"delivery in 2–4 days Get it between Tue, Oct 6 and Thu, Oct 8 to 94104",0,13.22,,1,,,1,30,seller,1,0,4,0,219,253,35,9,1,1@7.95; 2@7.16; 3@6.76; 4+@6.36,0,"Home & Garden > Yard, Garden & Outdoor Living > Plants, Seeds & Bulbs > Seeds & Bulbs","San Francisco, California, United States",2021-08-23,1868,2026-08-11,0,7.95,5.27,219,0,0,1,1,63,63,1,1,,1,0,"These seeds were collected from Rhaphidophora tetrasperma, also known as Mini Monstera, mini split-leaf, and Ginny philodendron. These vines like to live in lig",2026-10-04T05:36:50.778Z
rhaphidophora tetrasperma,competitor_top3,3,0,204398834487,https://www.ebay.com/itm/204398834487,Quinta dos Ouriques,10220,seeds,,"Rhaphidophora tetrasperma, Mini Monstera, Philodendron ""Ginny"" - 20 Se eds",74,10,1,1,1,1,1,1,,0,0,0,0,0,0,0,New New More information - About this item condition,1,0,4,Condition|Brand|Country of Origin|UPC,0,0,0,0,0,1,Unbranded,0,0,,1,,0,7,7,7,0,1683,263,0,0,1,0,0,0,1,0,7.98,3.9,Economy Shipping from outside US,0,11.88,Free shipping on each additional eligible item you buy from quinta_dos_ouriques.,1,12,26,1,30,buyer,0,0,4,0,158,203,40,10,1,1@7.98; 2@6.38; 2+@6.38,0,Home & Garden > Other Home & Garden,"Lisboa, Portugal",2023-07-16,1176,2026-09-16,0,7.98,3.9,158,0,0,0,0,63,63,1,1,,1,0," Rhaphidophora tetrasperma ( 20 Seeds ) Botanical name: Rhaphidophora tetrasperma Common name: Mini Monstera, Philodendron Ginny, Philodendron Piccolo Kingdom: ",2026-10-04T05:37:11.693Z
rhaphidophora tetrasperma,owner_best,21,1,168578976210,https://www.ebay.com/itm/168578976210,riversidegreenhouses,4,rooted pot,new,Mini Monstera 4 in Live Houseplant | Rhaphidophora Tetrasperma,62,9,0,1,1,1,1,1,4,1,1,1,0,0,0,0,not specified,0,0,14,Brand|Type|Genus|Common Name|Features|Climate|Indoor/Outdoor|Number in Pack|Growth Stage|Watering|Safety|Sunlight|Foliage|Growth Habit,1,1,1,0,0,1,Unbranded,1,0,,0,,0,2,2,2,0,680,115,0,1,0,0,0,1,0,0,16.99,6.99,USPS Ground Advantage,0,23.98,,2,4,12,1,30,buyer,0,0,11,1,0,2,,,0,,0,"Home & Garden > Yard, Garden & Outdoor Living > Plants, Seeds & Bulbs > Plants & Seedlings","Jurupa Valley, CA, United States",2026-08-01,64,,0,16.99,6.99,0,0,0,0,0,63,63,1,0,14,0,0,Meet the Mini Monstera — all the dramatic tropical vibes of a full size Monstera in a compact and fast growing package. With its deeply split and fenestrated de,2026-10-04T05:37:29.217Z
rhaphidophora tetrasperma,owner_dupe_ranked,28,1,168578976216,https://www.ebay.com/itm/168578976216,riversidegreenhouses,4,rooted pot,new,Mini Monstera 8 in Live Houseplant | Rhaphidophora Tetrasperma,62,9,0,1,1,1,1,1,8,1,1,1,0,0,0,0,not specified,0,0,14,Brand|Type|Genus|Common Name|Features|Climate|Indoor/Outdoor|Number in Pack|Growth Stage|Watering|Safety|Sunlight|Foliage|Growth Habit,1,1,1,0,0,1,Unbranded,1,0,,0,,0,2,2,2,0,718,121,0,1,0,0,0,1,0,0,27.99,6.99,USPS Ground Advantage,0,34.98,,2,4,12,1,30,buyer,0,0,11,1,0,0,,,0,,0,"Home & Garden > Yard, Garden & Outdoor Living > Plants, Seeds & Bulbs > Plants & Seedlings","Jurupa Valley, CA, United States",2026-08-01,64,,0,27.99,6.99,0,0,0,0,0,63,63,1,0,21,0,0,Meet the Mini Monstera — a fast growing and wildly popular tropical vining plant that delivers big monstera energy in a large and impressive size. With its deep,2026-10-04T05:37:45.746Z
sansevieria moonshine,competitor_top3,1,0,189015033875,https://www.ebay.com/itm/189015033875,pamz5432,605,rooted pot,,Sansevieria Trifasciata ‘Silver Queen’. Not ‘Moonshine’. Silver leaves.,71,8,0,1,1,1,1,1,,0,0,0,0,0,0,0,not specified,0,0,13,Color|Indoor/Outdoor|Personalize|Brand|Soil pH|Watering|Type|Number in Pack|Growth Rate|Features|Safety|Room|Country of Origin,1,0,0,0,0,1,Unbranded,0,0,,0,,0,4,4,4,0,927,162,0,0,1,1,0,0,0,0,40.0,18.2,USPS Priority Mail,0,58.2,,3,3,9,0,,,0,0,,0,0,1,,,0,,0,"Home & Garden > Yard, Garden & Outdoor Living > Plants, Seeds & Bulbs > Plants & Seedlings","Springfield, Ohio, United States",2026-09-30,4,,0,40.0,18.2,0,0,0,0,0,92,92,1,0,1,1,1,Sansevieria/Dracaena. Trifasciata ’Silver Queen’. rare variety. A beautiful plant. There are 3 plants stuffed in this pot. It will ship in the pot. I have many ,2026-10-04T05:38:06.103Z
sansevieria moonshine,competitor_top3,2,0,315342742719,https://www.ebay.com/itm/315342742719,BubbleBlooms,2563,rooted pot,,BubbleBlooms Sansevieria Moonshine White-ish Green Snake Plant in a 4 inch Pot,78,12,0,1,1,0,1,0,4,1,0,0,0,0,0,0,not specified,0,0,5,Type|Brand|Soil Type|Indoor or Outdoor|UPC,1,0,0,0,0,1,Florida House Plants,0,0,,1,,0,8,8,8,0,1322,203,0,0,1,1,0,1,0,0,23.99,0.0,Promotional Shipping Service,1,23.99,Free shipping on all eligible items from bubbleblooms.shop.,1,4,11,1,30,buyer,0,0,11,1,0,7,,,1,1@23.99; 2@21.59; 3@20.39; 4+@19.19,0,"Home & Garden > Yard, Garden & Outdoor Living > Plants, Seeds & Bulbs > Plants & Seedlings","Apopka, Florida, United States",2024-05-04,883,2026-02-10,0,23.99,5.95,0,0,0,1,0,92,92,1,1,,1,0,"[CONNECT & DISCOVER] Dive into the whimsical world of BubbleBlooms, your gateway to a myriad of quality local nurseries and growers, ready to greenify your spac",2026-10-04T05:38:26.366Z
sansevieria moonshine,competitor_top3,3,0,257775122838,https://www.ebay.com/itm/257775122838,abdullahalazam,410,bare root,,Moonshine Sansevieria | Silver Snake Plant | LIVE Houseplant 13inch Tall #F,75,12,0,1,1,0,1,0,13,1,1,1,0,0,0,0,not specified,0,1,19,Seller Notes|Climate|Common Name|Color|Indoor/Outdoor|MPN|Personalize|Brand|Plant Form|Season of Interest|Type|Growth Stage|Watering|Genus|Number in Pack|Sunlight|Features|Room|Country of Origin,1,1,1,0,0,1,Unbranded,1,1,Snake plant,0,,0,3,4,3,1,824,127,1,1,1,1,0,0,0,0,26.99,0.0,USPS Ground Advantage,1,26.99,,3,4,11,1,14,buyer,0,1,,0,0,1,1,,0,,0,"Home & Garden > Yard, Garden & Outdoor Living > Plants, Seeds & Bulbs > Plants & Seedlings","Webster, Texas, United States",2026-09-30,4,,0,26.99,0.0,0,0,1,0,0,92,92,1,1,,1,0,"Live plant, approximately 13 inches tall, shipped bare root without soil or a nursery pot. The plant will be carefully wrapped for shipping to help protect the ",2026-10-04T05:38:42.338Z
sansevieria moonshine,owner_best,18,1,168578976215,https://www.ebay.com/itm/168578976215,riversidegreenhouses,4,rooted pot,new,Sansevieria Moonshine 6 in Live Houseplant | Silver Snake Plant,63,10,1,1,1,0,1,0,6,1,1,1,0,0,0,0,not specified,0,0,15,Brand|Type|Genus|Common Name|Color|Features|Climate|Indoor/Outdoor|Number in Pack|Growth Stage|Watering|Safety|Sunlight|Foliage|Growth Habit,1,1,1,0,0,1,Unbranded,1,0,,0,,0,2,2,2,0,637,109,0,1,0,0,0,1,0,0,18.99,6.99,USPS Ground Advantage,0,25.98,,2,4,12,1,30,buyer,0,0,11,1,0,0,,,0,,0,"Home & Garden > Yard, Garden & Outdoor Living > Plants, Seeds & Bulbs > Plants & Seedlings","Jurupa Valley, CA, United States",2026-08-01,64,,0,18.99,6.99,0,0,0,0,0,92,92,1,0,11,0,0,Meet the Sansevieria Moonshine — one of the most elegant and striking snake plant varieties you can own. With its broad upright leaves in a stunning pale silver,2026-10-04T05:39:02.296Z
satin pothos,competitor_top3,1,0,257757509874,https://www.ebay.com/itm/257757509874,abdullahalazam,410,bundle,,"8 Plant Cuttings Bundle, Pothos Monstera Variety: Marble Satin Neon Global Cebu",79,12,0,1,0,0,1,0,,0,0,0,0,0,0,0,not specified,0,1,17,Seller Notes|Climate|Common Name|Color|Indoor/Outdoor|Brand|Personalize|Season of Interest|Plant Form|Type|Watering|Genus|Number in Pack|Sunlight|Features|Room|Country of Origin,1,1,1,0,0,1,Unbranded,0,0,,0,,0,9,9,,0,969,147,1,1,0,0,0,0,0,0,24.99,0.0,USPS Ground Advantage,1,24.99,,3,4,11,1,14,buyer,0,1,10,0,0,7,,8,0,,0,"Home & Garden > Yard, Garden & Outdoor Living > Plants, Seeds & Bulbs > Plants & Seedlings","Webster, Texas, United States",2026-09-22,12,,0,24.99,0.0,0,0,1,0,0,116,116,1,0,1,1,1,"Rare live plant cutting collection featuring Monstera Adansonii, Silver Satin, Cebu Blue, Marble Queen, Global Green, Neon, Golden Pothos & Monstera Siltepecana",2026-10-04T05:39:40.654Z
satin pothos,competitor_top3,2,0,178148711881,https://www.ebay.com/itm/178148711881,PikaPlants,635,cuttings,,Silver Satin Pothos 3 x 1 leaf 1 node Cutting Ships in Moss Off Mature Mom Plant,80,17,0,1,0,0,1,0,,0,0,0,0,0,0,0,not specified,0,0,9,Brand|Type|Genus|Common Name|Color|Features|Set Includes|Item Length|Country of Origin,1,1,1,0,0,1,Unbranded,0,0,,0,,0,4,4,4,0,442,79,0,1,1,0,0,0,0,0,9.99,7.0,USPS Ground Advantage,0,16.99,$2.00 shipping for each additional eligible item you buy from pikaplants.,2,3,9,0,,,0,1,6,0,4,10,,,0,,0,"Home & Garden > Yard, Garden & Outdoor Living > Plants, Seeds & Bulbs > Plants & Seedlings","Windsor, Connecticut, United States",2026-05-19,138,2026-07-02,0,9.99,7.0,0,10,1,0,0,116,116,1,1,,1,0,"You will receive a three one leaf one node cuttings, off of this mature mom plant Sure to grow into a gorgeous full plant in time. Will ship in moss to start of",2026-10-04T05:40:01.070Z
satin pothos,competitor_top3,3,0,257544572077,https://www.ebay.com/itm/257544572077,abdullahalazam,410,bundle,,Rare Live Pothos Cuttings Bundle 7: Adansonii Cebu Blue Marble Queen Satin More,79,13,0,1,0,0,1,0,,0,1,0,0,1,0,0,not specified,0,0,22,Climate|Common Name|Color|Indoor/Outdoor|Growth Habit|Soil Type|Brand|Personalize|Season of Interest|Plant Form|Type|Growth Stage|Watering|Genus|Growth Rate|Number in Pack|Sunlight|Foliage|Features|Safety|Room|Country of Origin,1,1,1,0,0,1,Unbranded,1,0,,0,,0,8,8,8,0,1005,169,0,0,0,0,0,1,0,0,24.95,0.0,USPS Ground Advantage,1,24.95,,3,4,11,0,,,0,0,5,0,13,46,6,12,1,1@24.95; 2@22.46; 3@21.21; 4+@19.96,0,"Home & Garden > Yard, Garden & Outdoor Living > Plants, Seeds & Bulbs > Plants & Seedlings","Webster, Texas, United States",2026-06-03,123,2026-08-03,0,24.95,0.0,0,46,0,1,0,116,116,1,1,,1,0,"Bring a touch of rare greenery into your home. We offer fresh, healthy leaf node cuttings from popular Pothos and easy-care houseplants, all taken from our own ",2026-10-04T05:15:26.408Z
satin pothos,owner_best,43,1,168578976270,https://www.ebay.com/itm/168578976270,riversidegreenhouses,4,rooted pot,new,Satin Pothos 4 in Live Houseplant | Scindapsus Pictus,53,9,1,1,1,1,1,1,4,1,1,1,0,0,0,0,not specified,0,0,14,Brand|Type|Genus|Common Name|Features|Climate|Indoor/Outdoor|Number in Pack|Growth Stage|Watering|Safety|Sunlight|Foliage|Growth Habit,1,1,1,0,0,1,Unbranded,1,0,,0,,0,2,2,2,0,548,92,0,1,0,0,0,1,0,0,16.99,6.99,USPS Ground Advantage,0,23.98,,2,4,12,1,30,buyer,0,0,11,1,0,0,,,0,,0,"Home & Garden > Yard, Garden & Outdoor Living > Plants, Seeds & Bulbs > Plants & Seedlings","Jurupa Valley, CA, United States",2026-08-01,64,,0,16.99,6.99,0,0,0,0,0,116,116,1,0,30,0,0,Meet the Satin Pothos — a stunning vining beauty that stands out from the crowd. With its deep green heart-shaped leaves dusted in silvery satin-like variegatio,2026-10-04T05:40:20.228Z
satin pothos,owner_dupe_ranked,54,1,168578976237,https://www.ebay.com/itm/168578976237,riversidegreenhouses,4,rooted pot,new,Satin Pothos 4 in Live Houseplant | Scindapsus Pictus,53,9,1,1,1,1,1,1,4,1,1,1,0,0,0,0,not specified,0,0,14,Brand|Type|Genus|Common Name|Features|Climate|Indoor/Outdoor|Number in Pack|Growth Stage|Watering|Safety|Sunlight|Foliage|Growth Habit,1,1,1,0,0,1,Unbranded,1,0,,0,,0,2,2,2,0,681,113,0,1,0,0,0,1,0,0,16.99,6.99,USPS Ground Advantage,0,23.98,,2,4,12,1,30,buyer,0,0,11,1,0,0,,,0,,0,"Home & Garden > Yard, Garden & Outdoor Living > Plants, Seeds & Bulbs > Plants & Seedlings","Jurupa Valley, CA, United States",2026-08-01,64,,0,16.99,6.99,0,0,0,0,0,116,116,1,0,41,0,0,Meet the Satin Pothos — a stunning and sophisticated vining beauty that elevates any space it touches. With its deep green heart-shaped leaves dusted in a silve,2026-10-04T05:40:37.304Z
syngonium chiapense,competitor_top3,1,0,306845168403,https://www.ebay.com/itm/306845168403,famplants,1162,bundle,,Syngonium Plant Collection (4 Pack) Live Starter Plants,55,8,0,0,1,0,0,0,,0,1,0,0,0,0,0,not specified,0,0,10,Brand|Type|Climate|Genus|Common Name|Color|Indoor/Outdoor|Number in Pack|Features|Country of Origin,1,1,1,0,0,1,Fam Plants,0,0,,0,,0,45,45,6,0,1747,264,0,1,1,0,0,0,0,0,28.5,0.0,USPS Ground Advantage,1,28.5,,1,3,6,0,,,0,0,11,1,9,34,12,23,0,,0,"Home & Garden > Yard, Garden & Outdoor Living > Plants, Seeds & Bulbs > Plants & Seedlings","Apopka, Florida, United States",2026-03-26,192,2026-07-22,0,28.5,0.0,0,0,0,0,0,120,208,1,1,,1,0,"This Syngonium Rare Houseplant Collection includes four live starter plants, featuring one each of the most popular arrowhead vine varieties: Syngonium Batik, H",2026-10-04T05:40:56.475Z
syngonium chiapense,competitor_top3,2,0,227550968838,https://www.ebay.com/itm/227550968838,Back To Basics Greenhouse,433,cuttings,,Reverted Syngonium Chiapense Variegated - Live Potted Houseplants,65,8,0,1,1,1,0,0,,1,1,1,0,0,1,0,not specified,0,0,20,Climate|Common Name|Color|Indoor/Outdoor|Growth Habit|Set Includes|Brand|Season of Interest|Plant Form|Type|Watering|Growth Stage|Genus|Growth Rate|Number in Pack|Foliage|Sunlight|Features|Safety|Room,1,1,1,0,0,1,Unbranded,1,0,,0,,0,6,6,0,0,453,71,0,0,1,1,1,0,0,0,100.0,5.0,UPS 3 Day Select SM,0,105.0,,3,4,11,1,30,seller,1,0,1,0,0,0,,,0,,1,"Home & Garden > Yard, Garden & Outdoor Living > Plants, Seeds & Bulbs > Plants & Seedlings","Mechanicsville, Maryland, United States",2026-10-04,0,,0,100.0,5.0,0,0,0,0,1,120,208,1,1,,1,0,"Experience our premium shipping, all orders ship out on Mondays each week. Your cuttings will be thoughtfully packaged wrapped in spagnum moss; rooted plants se",2026-10-04T05:41:17.410Z
syngonium chiapense,competitor_top3,3,0,227550965923,https://www.ebay.com/itm/227550965923,Back To Basics Greenhouse,433,rooted pot,,"Variegated Syngonium Chiapense - Live Potted Houseplants, Indoor Green/White",76,9,0,1,1,1,0,0,,1,1,1,0,0,1,0,not specified,0,0,20,Climate|Common Name|Color|Indoor/Outdoor|Growth Habit|Set Includes|Brand|Season of Interest|Plant Form|Type|Watering|Growth Stage|Genus|Growth Rate|Number in Pack|Foliage|Sunlight|Features|Safety|Room,1,1,1,0,0,1,Unbranded,1,0,,0,,0,5,5,0,0,0,0,0,0,0,0,0,0,0,0,150.0,5.0,UPS 3 Day Select SM,0,155.0,,3,4,11,1,30,seller,1,0,1,0,0,0,,,0,,1,"Home & Garden > Yard, Garden & Outdoor Living > Plants, Seeds & Bulbs > Plants & Seedlings","Mechanicsville, Maryland, United States",2026-10-04,0,,0,150.0,5.0,0,0,0,0,1,120,208,1,1,,1,0,,2026-10-04T05:41:41.852Z
syngonium chiapense,owner_best,20,1,168578976217,https://www.ebay.com/itm/168578976217,riversidegreenhouses,4,rooted pot,new,Syngonium Chiapense 4 in Live Houseplant | Rare Arrowhead Plant,63,10,1,1,1,1,1,1,4,1,1,1,0,1,0,0,not specified,0,0,14,Brand|Type|Genus|Common Name|Features|Climate|Indoor/Outdoor|Number in Pack|Growth Stage|Watering|Safety|Sunlight|Foliage|Growth Habit,1,1,1,0,0,1,Unbranded,1,0,,0,,0,2,2,2,0,643,109,0,1,0,0,0,1,0,0,21.99,6.99,USPS Ground Advantage,0,28.98,,2,4,12,1,30,buyer,0,0,5,0,0,1,,,0,,0,"Home & Garden > Yard, Garden & Outdoor Living > Plants, Seeds & Bulbs > Plants & Seedlings","Jurupa Valley, CA, United States",2026-08-01,64,,0,21.99,6.99,0,0,0,0,0,120,208,1,0,12,0,0,Meet the Syngonium Chiapense — a rare and stunning tropical beauty that stands out from the crowd. With its large velvety deep green arrowhead shaped leaves tha,2026-10-04T05:42:01.466Z
syngonium chiapense,owner_dupe_ranked,97,1,168578976213,https://www.ebay.com/itm/168578976213,riversidegreenhouses,4,rooted pot,new-nonstandard,Syngonium Auritum Tri-Leaf Wonder Plant,39,5,0,0,1,0,0,0,,0,0,0,0,0,0,0,not specified,0,0,14,Brand|Type|Genus|Common Name|Features|Climate|Indoor/Outdoor|Number in Pack|Growth Stage|Watering|Safety|Sunlight|Foliage|Growth Habit,1,1,1,0,0,1,Unbranded,1,0,,0,,0,2,2,2,0,718,121,0,1,0,0,0,1,0,0,21.99,6.99,USPS Ground Advantage,0,28.98,,2,4,12,1,30,buyer,0,0,11,1,0,0,,,0,,0,"Home & Garden > Yard, Garden & Outdoor Living > Plants, Seeds & Bulbs > Plants & Seedlings","Jurupa Valley, CA, United States",2026-08-01,64,,0,21.99,6.99,0,0,0,0,0,120,208,1,0,83,0,0,Meet the Syngonium Auritum Tri-Leaf Wonder — a rare and fascinating tropical beauty that is truly in a class of its own. With its uniquely shaped deep green lea,2026-10-04T05:42:23.710Z
syngonium mojito,competitor_top3,1,0,178425562170,https://www.ebay.com/itm/178425562170,anniestore2010,21140,rooted pot,,"Syngonium Mojito Live Plant In 4"" Pot~Arrowhead Plant Well Rooted",65,10,1,1,1,0,1,0,4,1,1,1,0,0,0,0,not specified,0,0,25,Climate|Common Name|Indoor/Outdoor|Color|Growth Habit|MPN|Set Includes|Soil Type|Brand|Plant Form|Season of Interest|Soil pH|Growth Stage|Type|Watering|Genus|Number in Pack|Growth Rate|Foliage|Sunlight|Features|Safety|Room|Country of Origin|UPC,1,1,1,0,0,1,anniestore2010,1,1,n/a,1,,0,1,1,1,0,537,89,0,0,0,0,0,0,0,0,10.99,10.0,USPS Ground Advantage,0,20.99,,1,3,9,0,,,0,1,2,0,1,11,2,,0,,0,"Home & Garden > Yard, Garden & Outdoor Living > Plants, Seeds & Bulbs > Plants & Seedlings","Homestead, Florida, United States",2026-08-20,45,,0,10.99,10.0,0,11,1,0,0,132,21,1,0,1,1,1,The Syngonium Mojito live plant is a versatile indoor and outdoor houseplant that thrives in tropical wet and dry climates. This arrowhead plant features beauti,2026-10-04T05:42:42.379Z
syngonium mojito,competitor_top3,2,0,168724643273,https://www.ebay.com/itm/168724643273,Plantasha_Creatives,1743,rooted pot,,"Rare Syngonium Mutant Variegated Mojito 23"" Tall No Monstera Philodendron Aroid",79,11,0,1,1,0,1,0,23,1,0,0,0,1,1,0,not specified,0,0,30,Climate|Common Name|Indoor/Outdoor|Growth Habit|MPN|Item Length|Soil Type|Personalize|Growth Stage|Genus|Number in Pack|Item Height|Foliage|Features|Safety|Room|Item Width|Color|Set Includes|Brand|Plant Form|Season of Interest|Soil pH|Type|Watering|Growth Rate|Sunlight|Country of Origin|Item Weight|UPC,1,1,1,0,0,1,Unbranded,1,1,n/a,1,,0,23,23,23,0,1904,323,1,1,1,1,0,1,0,0,36.0,22.55,USPS Priority Mail,0,58.55,,3,4,11,0,,,0,1,,0,0,1,,,0,,1,"Home & Garden > Yard, Garden & Outdoor Living > Plants, Seeds & Bulbs > Plants & Seedlings","Glenmoore, Pennsylvania, United States",2026-09-26,8,,0,36.0,21.55,0,0,1,0,0,132,21,1,1,,1,0,"Syngonium 'Mojito' is a rare, low-maintenance, fast-growing vining plant featuring arrow-shaped leaves with unique, mottled light green, dark green, and white v",2026-10-04T05:42:59.162Z
syngonium mojito,competitor_top3,3,0,158322626712,https://www.ebay.com/itm/158322626712,AR Trendz,276,rooted pot,,Syngonium Mojito Mottled Variegated Arrowhead Live Plant 4in Pot Rooted Aroid,77,11,1,1,1,0,1,0,4,1,1,1,0,0,1,0,not specified,0,0,18,Brand|Number in Pack|Climate|Foliage|Features|Room|Season of Interest|Genus|Growth Stage|Color|Watering|Growth Habit|Indoor/Outdoor|Type|Growth Rate|Common Name|Sunlight|Country of Origin,1,1,1,0,0,1,Unbranded,1,0,,0,,0,6,6,6,0,881,137,0,1,1,0,0,0,0,0,34.0,8.99,Standard Shipping,0,42.99,,1,3,9,1,30,buyer,0,1,10,0,0,0,,13,0,,0,"Home & Garden > Yard, Garden & Outdoor Living > Plants, Seeds & Bulbs > Plants & Seedlings","Ocklawaha, Florida, United States",2026-09-22,12,2026-09-22,0,34.0,8.99,0,0,1,0,0,132,21,1,1,,1,0,Syngonium Mojito is a live rooted tropical houseplant prized for its distinctive mottled green and chartreuse arrowhead foliage. This plant is growing in a 4in ,2026-10-04T05:43:17.265Z
syngonium mojito,owner_best,10,1,168578976211,https://www.ebay.com/itm/168578976211,riversidegreenhouses,4,rooted pot,new,Syngonium Mojito 4 in Live Houseplant | Rare Variegated Arrowhead Plant,71,11,1,1,1,0,1,0,4,1,1,1,0,1,1,0,not specified,0,0,14,Brand|Type|Genus|Common Name|Features|Climate|Indoor/Outdoor|Number in Pack|Growth Stage|Watering|Safety|Sunlight|Foliage|Growth Habit,1,1,1,0,0,1,Unbranded,1,0,,0,,0,2,2,2,0,722,125,0,1,0,0,0,1,0,0,23.99,6.99,USPS Ground Advantage,0,30.98,,2,4,12,1,30,buyer,0,0,11,1,0,0,,,0,,0,"Home & Garden > Yard, Garden & Outdoor Living > Plants, Seeds & Bulbs > Plants & Seedlings","Jurupa Valley, CA, United States",2026-08-01,64,,0,23.99,6.99,0,0,0,0,0,132,21,1,0,7,0,0,Meet the Syngonium Mojito — a rare and refreshing tropical beauty that is as unique as its name. With its arrowhead shaped leaves splashed and marbled in a stun,2026-10-04T05:43:33.401Z
texas ebony plant,competitor_top3,1,0,155300931749,https://www.ebay.com/itm/155300931749,Exotic Cactus Collection,56398,seeds,,Ebenopsis ebano Texas ebony rare bonsai tree succulent plant seed pack 10 seeds,79,13,0,1,1,1,1,1,,0,0,0,0,1,0,0,not specified,0,0,11,Brand|Type|Growth Stage|Plant Format|Color|Number in Pack|Tree Type|Features|Plant Name|Plant Category|Country of Origin,1,0,0,0,0,1,Tree,1,0,,0,,0,1,1,1,0,235,44,0,0,0,0,0,0,0,0,12.99,0.0,Expedited Shipping,1,12.99,Free shipping on each additional eligible item you buy from exotic_cactus_collection.,1,3,9,1,30,buyer,0,0,11,1,3,12,1,,0,,0,"Home & Garden > Yard, Garden & Outdoor Living > Plants, Seeds & Bulbs > Plants & Seedlings","Miami, Florida, United States",2022-12-09,1395,2026-06-08,0,12.99,0.0,0,0,0,0,0,122,8,1,0,1,1,1,"Ebenopsis ebano (Texas ebony) 10 SEEDS PACKAGE OF 10 SEEDS, the seeds were took this season, We have a lot of extremely rare plants if you want something rare l",2026-10-04T05:43:54.031Z
texas ebony plant,competitor_top3,2,0,136730340680,https://www.ebay.com/itm/136730340680,nicfur68,7,seeds,,TEXAS EBONY TREE - 20 SEEDS - EBENOPSIS EBANO DESERT BONSAI,59,11,0,1,1,1,1,1,,0,0,0,0,0,0,0,not specified,0,0,7,Brand|Type|Watering|Sunlight|Features|Cultivating Difficulty|UPC,1,0,0,0,0,1,Unbranded,0,0,,1,,0,7,7,7,0,521,85,0,0,0,0,0,0,0,0,15.0,0.0,USPS Ground Advantage,1,15.0,,3,3,10,0,,,0,0,3,0,1,4,,,0,,0,"Home & Garden > Yard, Garden & Outdoor Living > Plants, Seeds & Bulbs > Seeds & Bulbs","Tucson, Arizona, United States",2025-11-11,327,,0,15.0,0.0,0,4,0,0,0,122,8,1,1,,1,0,"The Texas Ebony Tree, also known as Ebenopsis ebano, is a drought-resistant bonsai tree that thrives in full sun. This easy-to-cultivate plant, originating from",2026-10-04T05:44:12.890Z
texas ebony plant,competitor_top3,3,0,318104924120,https://www.ebay.com/itm/318104924120,OldPhotosOnline,2157,other (not a plant),,Los Ebanos Texas Cemetery 2014 Grave Monument Flowers Rio Grande Valley,71,11,0,0,0,1,0,0,,0,0,0,0,0,0,0,New New More information - About this item condition,1,0,4,Condition|Brand|Type|Country of Origin,1,0,0,0,0,1,Unbranded,0,0,,0,,0,1,1,1,0,1423,233,0,0,1,0,1,0,0,1,13.49,2.99,USPS First Class,0,16.48,,1,3,6,1,30,buyer,0,0,,0,0,0,,,0,,0,Collectibles & Art > Collectibles > Photographic Images > Photographs,"Littleton, Colorado, United States",2026-04-04,183,,0,13.49,2.99,0,0,0,0,0,122,8,1,1,,1,0,You found it!!! Now buy it!!! Description of Photograph This is an 8x12 inch Reproduction Photograph made from a high quality scan of the original. When evaluat,2026-10-04T05:44:32.864Z
texas ebony plant,owner_best,6,1,168284607758,https://www.ebay.com/itm/168284607758,riversidegreenhouses,4,rooted pot,old,Texas Ebony - Live Houseplant - 4-inch Pot,42,8,0,1,0,0,1,0,4,1,1,1,0,0,0,0,not specified,0,0,22,Brand|Type|Color|Features|Indoor/Outdoor|Climate|Number in Pack|Growth Stage|Sunlight|Watering|Foliage|MPN|Country of Origin|Soil Type|Growth Rate|Soil pH|Personalize|Item Height|Room|Item Length|Item Width|Item Weight,1,0,0,0,0,1,Unbranded,1,1,YJ2N2HGZ,0,,0,1,1,1,0,460,68,1,1,1,0,1,0,0,0,24.44,9.99,USPS Priority Mail,0,34.43,,3,3,6,1,30,buyer,0,1,8,0,2,2,,,0,,0,"Home & Garden > Yard, Garden & Outdoor Living > Plants, Seeds & Bulbs > Plants & Seedlings","Riverside, California, United States",2026-04-03,184,,0,24.44,9.99,0,0,1,0,0,122,8,1,0,3,0,0,Texas Ebony - 4-inch Pot Texas Ebony is a hardy and drought-tolerant tree known for its dense canopy and long-lasting wood. Ideal for enhancing landscapes with ,2026-10-04T05:44:52.881Z
watermelon peperomia,competitor_top3,1,0,188238774347,https://www.ebay.com/itm/188238774347,CTS Air Plants,25681,rooted pot,,Peperomia Watermelon Live Potted Houseplant,43,5,0,1,1,0,1,0,,1,1,1,0,0,0,0,not specified,0,1,19,Seller Notes|Country of Origin|Plant Type|Climate|Common Name|Color|Indoor/Outdoor|USDA Hardiness Zone (°F)|Plant Characteristic|Soil Type|Brand|Season of Interest|Soil pH|Type|Genus|Growth Rate|Sunlight|Features|Safety,1,1,1,0,0,1,CTS Air Plants,0,0,,0,,0,4,4,4,0,457,72,1,1,0,0,0,0,0,0,15.95,6.95,USPS Ground Advantage,0,22.9,Free shipping on each additional eligible item you buy from coastaltill1.,2,3,10,1,30,buyer,0,0,9,0,5,15,8,,0,,1,"Home & Garden > Yard, Garden & Outdoor Living > Plants, Seeds & Bulbs > Plants & Seedlings","Castaic, California, United States",2026-04-03,184,2026-10-03,0,15.95,6.95,0,15,0,0,0,126,39,1,0,1,1,1,Peperomia Watermelon in 4” Pot. Striking foliage patterns. An easy to care for and propagate houseplant. Peperomia enjoy bright filtered light without too much ,2026-10-04T05:45:10.405Z
watermelon peperomia,competitor_top3,2,0,315342753552,https://www.ebay.com/itm/315342753552,BubbleBlooms,2563,bundle,,Harmony Foliage Watermelon Peperomia in 4 inch pots 15-Pack Bulk Wholesale Plant,80,12,0,1,1,0,1,0,4,1,0,0,0,0,0,0,not specified,0,0,5,Type|Brand|Soil Type|Indoor or Outdoor|UPC,1,0,0,0,0,1,Florida House Plants,0,0,,1,,0,1,1,1,0,886,142,0,0,1,1,0,1,0,0,159.99,0.0,Promotional Shipping Service,1,159.99,Free shipping on all eligible items from bubbleblooms.shop.,1,4,11,1,30,buyer,0,0,11,1,0,1,1,,1,1@159.99; 2@143.99; 3@135.99; 4+@127.99,0,"Home & Garden > Yard, Garden & Outdoor Living > Plants, Seeds & Bulbs > Plants & Seedlings","Apopka, Florida, United States",2024-05-04,883,2025-09-14,0,159.99,5.95,0,0,0,1,0,126,39,1,1,,1,0,"[CONNECT & DISCOVER] Dive into the whimsical world of BubbleBlooms, your gateway to a myriad of quality local nurseries and growers, ready to greenify your spac",2026-10-04T05:45:29.055Z
watermelon peperomia,competitor_top3,4,0,314667169695,https://www.ebay.com/itm/314667169695,BubbleBlooms,2563,bundle,,"Peperomia Assortment Set, 4 inch pots, Watermelon, Marble, Ripple, Rosso, albvio",80,11,0,1,1,0,1,0,4,1,0,0,0,0,0,0,not specified,0,0,5,Type|Brand|Soil Type|Indoor or Outdoor|UPC,1,0,0,0,0,1,Florida House Plants,0,0,,1,,0,9,9,9,0,2291,404,1,1,1,1,0,0,0,0,69.99,0.0,Promotional Shipping Service,1,69.99,Free shipping on all eligible items from bubbleblooms.shop.,1,4,11,1,30,buyer,0,0,11,1,1,7,,,1,1@69.99; 2@62.99; 3@59.49; 4+@55.99,0,"Home & Garden > Yard, Garden & Outdoor Living > Plants, Seeds & Bulbs > Plants & Seedlings","Apopka, Florida, United States",2023-06-24,1198,2026-10-02,0,69.99,5.95,0,0,0,1,0,126,39,1,1,,1,0,"Peperomia Assortment Set, 4 inch pots, Watermelon, marble, ripple, rosso, albviotta, carperata, Variety Assorted Collection Pictured in a 4 inch pot. NOTE: We w",2026-10-04T05:45:50.228Z
watermelon peperomia,owner_best,3,1,168578976274,https://www.ebay.com/itm/168578976274,riversidegreenhouses,4,rooted pot,new,Watermelon Peperomia (Stilt) 4 in Live Houseplant | Peperomia Argyreia,70,10,1,1,1,1,1,1,4,1,1,1,0,0,0,0,not specified,0,0,14,Brand|Type|Genus|Common Name|Features|Climate|Indoor/Outdoor|Number in Pack|Growth Stage|Watering|Safety|Sunlight|Foliage|Growth Habit,1,1,1,0,0,1,Unbranded,1,0,,0,,0,2,2,2,0,583,98,0,1,0,0,0,1,0,0,18.99,6.99,USPS Ground Advantage,0,25.98,,2,4,12,1,30,buyer,0,0,11,1,0,0,,,0,,0,"Home & Garden > Yard, Garden & Outdoor Living > Plants, Seeds & Bulbs > Plants & Seedlings","Jurupa Valley, CA, United States",2026-08-01,64,,0,18.99,6.99,0,0,0,0,0,126,39,1,1,,0,0,Meet the Watermelon Peperomia — one of the most fun and unique houseplants around. With its round leaves striped in silver and deep green mimicking the look of ,2026-10-04T05:46:11.621Z
calathea rattlesnake,control_mid,13,0,204399660107,https://www.ebay.com/itm/204399660107,Quinta dos Ouriques,10220,rooted pot,,Calathea crotalifera Yellow 'Rattleshaker' Exotic Rattlesnake - 5 Sementes,74,9,0,1,1,0,1,0,,0,0,0,0,0,0,0,New New More information - About this item condition,1,0,4,Condition|Brand|Country of Origin|UPC,0,0,0,0,0,1,Unbranded,0,0,,1,,0,4,4,4,0,684,91,0,1,0,0,0,0,1,0,9.98,3.9,Economy Shipping from outside US,0,13.88,Free shipping on each additional eligible item you buy from quinta_dos_ouriques.,1,12,26,1,30,buyer,0,0,10,0,26,43,7,,1,1@9.98; 2@7.98; 2+@7.98,0,Home & Garden > Other Home & Garden,"Lisboa, Portugal",2023-07-17,1175,2026-09-16,0,9.98,3.9,0,43,0,0,0,53,53,1,1,,0,0,"PLEASE NOTE: YOU ARE PURCHASING SEEDS. Calathea crotalifera Seeds (5 Seeds) Botanical nomenclature: Calathea crotalifera Common Name: Yellow Rattleshaker, Rattl",2026-10-04T06:15:22.249Z
calathea rattlesnake,control_low,33,0,357728711385,https://www.ebay.com/itm/357728711385,Rainbow Gardens Shop,9257,seeds,,25+ Rattlesnake Calathea Seeds for Garden Planting - USA - PADDED SHIPPING!,75,12,0,1,1,0,1,0,,0,0,0,0,0,0,0,not specified,0,0,6,Brand|Type|Common Name|Indoor/Outdoor|Cultivating Difficulty|Country of Origin,1,1,0,0,0,1,Unbranded,0,0,,0,,0,1,1,,0,3661,557,1,0,1,0,1,1,0,1,3.98,5.48,USPS Ground Advantage,0,9.46,,15,15,23,0,,,0,0,11,1,1,7,,,0,,0,"Home & Garden > Yard, Garden & Outdoor Living > Plants, Seeds & Bulbs > Seeds & Bulbs","Spring City, Tennessee, United States",2025-10-10,359,2026-01-18,0,3.98,,0,0,0,0,0,53,53,1,0,22,0,0,"Elevate your indoor jungle with these premium Rattlesnake Calathea Plant Seeds! Each pack contains 25+ high-quality seeds sourced from trusted suppliers, perfec",2026-10-04T06:15:42.786Z
calathea setosa,control_mid,51,0,394149194737,https://www.ebay.com/itm/394149194737,kunjmat_42,696,rooted pot,,Calathea PinkStripe~Pink Stripe Calathea plant 12 inches tall ~ USA SELLER,74,11,0,0,1,0,0,0,12,1,0,0,0,0,0,0,not specified,0,0,18,Item Length|Climate|Common Name|Color|Indoor/Outdoor|Growth Habit|Brand|Plant Form|Season of Interest|Type|Watering|Genus|Growth Rate|Sunlight|Features|Species|Country of Origin|Plant/Pot Size,1,1,1,1,0,1,anniestore2010,0,0,,0,,0,1,1,1,0,73,10,0,1,0,0,0,0,0,0,24.0,6.99,USPS First Class,0,30.99,,3,4,11,0,,,0,0,2,0,0,2,,,0,,0,"Home & Garden > Yard, Garden & Outdoor Living > Plants, Seeds & Bulbs > Plants & Seedlings","Riverview, Florida, United States",2022-07-05,1552,2026-03-16,0,24.0,6.99,0,2,0,0,0,119,119,1,0,38,0,0,Calathea PinkStripe~Pink Stripe Calathea plant 6inches tall ~ USA SELLER.,2026-10-04T06:16:01.279Z
calathea setosa,control_low,91,0,146349587573,https://www.ebay.com/itm/146349587573,Wekiva Foliage,2196,bundle,,Calathea Zebrina Prayer Plant and Soil Mix Combo - Live Plant in a 4 Inch Pot,77,16,0,0,1,0,1,0,4,1,1,1,0,0,0,0,not specified,0,1,7,Seller Notes|Brand|Color|Item Weight|Type|UPC|Country of Origin,1,0,0,0,0,1,Wekiva Foliage,0,0,,1,,0,6,6,6,0,2076,334,1,1,0,0,0,1,0,0,48.25,0.0,UPS Ground,1,48.25,,3,2,5,0,,,0,0,10,0,0,0,,,0,,0,"Home & Garden > Yard, Garden & Outdoor Living > Plants, Seeds & Bulbs > Plants & Seedlings","US, United States",2025-01-24,618,2026-05-26,0,48.25,0.0,0,0,0,0,0,119,119,1,0,78,0,0,"Add a touch of tropical elegance to your space with the stunning Calathea Zebrina. Known for its vibrant, zebra-like striped leaves and mesmerizing leaf movemen",2026-10-04T06:16:22.679Z
cebu blue pothos,control_mid,33,0,407216142486,https://www.ebay.com/itm/407216142486,rachelunsupervised,61,cuttings,,"Cebu Blue Pothos Live Plant 3"" Pot | Rooted Double Cutting | #P-008",67,13,1,1,0,0,1,0,3,1,1,1,0,0,0,0,not specified,0,0,19,Climate|Common Name|Color|Growth Habit|Soil Type|Personalize|Brand|Season of Interest|Soil pH|Growth Stage|Type|Genus|Growth Rate|Number in Pack|Foliage|Sunlight|Features|Safety|Room,1,1,1,0,0,1,Unbranded,1,0,,0,,0,4,4,4,0,2359,404,0,1,1,1,0,0,0,0,12.99,7.05,USPS Ground Advantage,0,20.04,,3,4,11,0,,,0,1,,0,0,0,,,0,,0,"Home & Garden > Yard, Garden & Outdoor Living > Plants, Seeds & Bulbs > Plants & Seedlings","Newark, Ohio, United States",2026-09-14,20,,0,12.99,7.05,0,0,1,0,0,85,85,1,0,21,0,0,"Cebu Blue Pothos – P-008 There's a reason Cebu Blue has become a favorite among plant collectors. Even while it's young, the leaves have that soft blue-green sh",2026-10-04T06:16:39.685Z
cebu blue pothos,control_low,69,0,403639794961,https://www.ebay.com/itm/403639794961,peoniesplants,39,rooted pot,,Fluffy Cebu Blue Pothos Epipremnum Pinnatum Rooted Live Plant 01,64,10,0,1,1,1,1,1,,0,1,1,0,0,0,0,not specified,0,0,4,Brand|Type|Common Name|Color,1,1,0,0,0,1,Peonies Plants,0,0,,0,,0,4,4,4,0,185,34,0,0,1,0,0,0,0,0,26.99,9.0,USPS Priority Mail,0,35.99,,3,3,6,0,,,0,1,,0,0,3,,,0,,0,"Home & Garden > Yard, Garden & Outdoor Living > Plants, Seeds & Bulbs > Plants & Seedlings","Sachse, Texas, United States",2022-05-04,1614,2022-05-06,0,26.99,9.0,0,0,1,0,0,85,85,1,0,55,0,0,Cebu blue rooted live plant. I am not a botanist by any means so make sure you know what you’re looking to purchase. Please do your own research. Shipping on Mo,2026-10-04T06:16:59.652Z
christmas cactus,control_mid,48,0,117403075780,https://www.ebay.com/itm/117403075780,faitjorda_44,429,rooted pot,,LIVE Christmas Cactus Plant (Schlumbergera) Young Rooted & Growing Pink Flowers,79,11,0,1,1,0,1,0,,0,1,0,0,0,0,0,not specified,0,0,26,Climate|Common Name|Indoor/Outdoor|Growth Habit|MPN|Item Length|Soil Type|Personalize|Growth Stage|Genus|Number in Pack|Foliage|Safety|Room|Color|Set Includes|Brand|Season of Interest|Plant Form|Soil pH|Watering|Type|Growth Rate|Sunlight|Country of Origin|UPC,1,1,1,0,0,1,Cactus,1,1,"Does not apply, 6",1,,0,2,2,2,0,615,99,0,0,0,0,0,0,0,0,5.0,6.34,USPS Ground Advantage,0,11.34,,3,4,12,0,,,0,0,,0,0,5,1,,0,,0,"Home & Garden > Yard, Garden & Outdoor Living > Plants, Seeds & Bulbs > Plants & Seedlings","Bowling Green, Kentucky, United States",2026-09-08,26,,0,5.0,6.34,0,0,0,0,0,120,1000,1,0,36,0,0,This LIVE Christmas Cactus Plant (Schlumbergera) is a young rooted indoor and outdoor plant that thrives in temperate climates. It features beautiful pink flowe,2026-10-04T06:17:18.794Z
christmas cactus,control_low,84,0,206504260713,https://www.ebay.com/itm/206504260713,bearsandsuch,4907,rooted pot,,Sunspot - Thanksgiving/Christmas Cactus Schlumbergera,53,5,0,1,1,0,1,0,,0,0,0,0,0,0,0,not specified,0,0,17,Common Name|Indoor/Outdoor|Soil Type|Brand|Season of Interest|Plant Form|Soil pH|Watering|Type|Genus|Number in Pack|Growth Rate|Sunlight|Foliage|Features|Safety|Country of Origin,1,1,1,0,0,1,Unbranded,0,0,,0,,0,1,1,1,0,342,59,0,0,1,0,0,0,0,0,29.0,0.0,USPS Ground Advantage,1,29.0,,3,3,10,0,,,0,0,,0,0,3,1,,0,,0,"Home & Garden > Yard, Garden & Outdoor Living > Plants, Seeds & Bulbs > Plants & Seedlings","Lawrence, Kansas, United States",2026-08-19,46,,0,29.0,0.0,0,0,0,0,0,120,1000,1,0,72,0,0," Rooted starter size plant as pictured. bright yellow petals with white base, light reddish flush to ends of basal & lower petals. If in bud or bloom at time of",2026-10-04T06:17:37.866Z
hoya australis lisa,control_mid,53,0,227495838809,https://www.ebay.com/itm/227495838809,rockymountain-mercantile,1187,rooted pot,,Hoya Carnosa “Splash”,21,3,0,0,1,0,0,0,,0,0,0,0,0,0,0,not specified,0,0,3,Brand|Type|Country of Origin,1,0,0,0,0,1,Hoya,0,0,,0,,0,5,5,5,0,367,66,0,0,1,0,0,0,0,0,29.99,0.0,USPS Ground Advantage,1,29.99,,3,3,6,1,30,seller,1,0,,0,0,0,,,0,,0,"Home & Garden > Yard, Garden & Outdoor Living > Plants, Seeds & Bulbs > Plants & Seedlings","Whitefish, Montana, United States",2026-08-28,37,,0,29.99,0.0,0,0,0,0,1,120,150,1,0,40,0,0,"The larger pictures are the mother plant. This cutting is rooted and growing. Ready to put in a sunny window in your pot. The Hoya Carnosa ""Splash"" is a beautif",2026-10-04T06:17:56.496Z
hoya australis lisa,control_low,83,0,227542299099,https://www.ebay.com/itm/227542299099,the6o3jungle,201,rooted pot,,"Hoya Sunrise (Thailand form) in a 3” pot, rare!",47,9,0,0,1,0,0,0,3,1,0,0,0,1,0,0,not specified,0,0,17,Climate|Common Name|Indoor/Outdoor|Color|MPN|Brand|Season of Interest|Growth Stage|Type|Watering|Genus|Number in Pack|Foliage|Sunlight|Features|Room|Country of Origin,1,1,1,0,0,1,Hoya,1,1,Hoya Sunrise,0,,0,4,4,4,0,1533,259,0,1,1,0,1,1,0,1,23.99,11.9,USPS Ground Advantage,0,35.89,,2,3,9,0,,,0,0,,0,0,1,,,0,,0,"Home & Garden > Yard, Garden & Outdoor Living > Plants, Seeds & Bulbs > Plants & Seedlings","Merrimack, New Hampshire, United States",2026-09-28,6,,0,23.99,11.9,0,0,0,0,0,120,150,1,0,70,0,0,"Hoya sunrise Thailand form is a rare Hoya that, when sunstressed, it’s teardrop shaped leaves turn a vibrant red color. When exposed to bright light, its leaves",2026-10-04T06:18:14.868Z
hoya carnosa compacta,control_mid,30,0,389410026124,https://www.ebay.com/itm/389410026124,om.bro,227,rooted pot,,"Hoya Hindu Rope Plant Live Carnosa Compacta Indoor Houseplant In 6""H Pot",72,12,0,1,1,1,1,1,,1,1,0,0,0,0,0,not specified,0,1,27,Seller Notes|Country of Origin|Climate|Common Name|Indoor/Outdoor|Growth Habit|MPN|Soil Type|Personalize|Growth Stage|Genus|Number in Pack|Foliage|Features|Safety|Room|Color|Set Includes|Brand|Season of Interest|Plant Form|Soil pH|Type|Watering|Growth Rate|Sunlight|UPC,1,1,1,0,0,1,Unbranded,1,1,Hindu Rope Hoya,1,,0,3,3,3,0,1339,229,1,1,1,1,0,0,0,0,69.95,0.0,Standard Shipping,1,69.95,,15,15,23,1,30,buyer,0,1,5,0,0,1,,,1,1@69.95; 2@66.45; 3+@62.96,0,"Home & Garden > Yard, Garden & Outdoor Living > Plants, Seeds & Bulbs > Plants & Seedlings","Hacienda Heights, California, United States",2025-12-24,284,2026-01-30,0,69.95,0.0,0,0,1,1,0,69,69,1,1,,0,0,"Hoya Hindu Rope Plant Live Carnosa Compacta Indoor Houseplant In 6""H Pot Color Green Sunlight Exposure indirect light Unit Count 1.0 Count Product Care Instruct",2026-10-04T06:18:32.116Z
hoya carnosa compacta,control_low,46,0,185819128533,https://www.ebay.com/itm/185819128533,succulentsandcactus,2418,rooted pot,,"FlowerPotNursery Hindu Rope Hoya Wax Plant Hoya carnosa Hindu Rope 4"" Pot",73,12,0,0,1,1,1,1,4,1,0,0,0,0,0,0,not specified,0,0,7,Brand|Type|Common Name|Features|Item Length|UPC|Country of Origin,1,1,0,0,0,1,The Flower Pot Nursery,0,0,,1,,0,1,1,1,0,74,12,0,1,0,0,0,0,0,0,29.99,0.0,USPS Priority Mail,1,29.99,,3,3,10,0,,,0,0,9,0,1,0,1,,0,,0,"Home & Garden > Yard, Garden & Outdoor Living > Plants, Seeds & Bulbs > Plants & Seedlings","Garden Grove, California, United States",2023-03-18,1296,2023-04-29,0,29.99,0.0,0,9,0,0,0,69,69,1,0,32,0,0,"FlowerPotNursery Hindu Rope Hoya Wax Plant Hoya carnosa Hindu Rope 4"" Pot.",2026-10-04T06:18:51.106Z
hoya cummingiana,control_mid,37,0,278151074246,https://www.ebay.com/itm/278151074246,mbufalo12,6911,rooted pot,,"Rare Hoya MB 1065-43 Lime Sherbert Shipped Inside 5"" Pot Multiple Plants Per Pot",80,14,0,0,1,0,0,0,5,1,0,0,0,1,0,0,not specified,0,1,14,Seller Notes|Brand|Plant Form|Watering|Type|Genus|Common Name|Indoor/Outdoor|Growth Rate|Sunlight|Growth Habit|Set Includes|Features|Country of Origin,1,1,1,0,0,1,Hoya,0,0,,0,,0,7,7,7,0,1168,201,0,1,1,0,1,0,0,1,27.95,13.95,USPS Priority Mail,0,41.9,,2,3,9,1,30,buyer,0,0,2,0,4,14,1,,0,,0,"Home & Garden > Yard, Garden & Outdoor Living > Plants, Seeds & Bulbs > Plants & Seedlings","Orlando, Florida, United States",2026-07-03,93,,0,27.95,13.95,0,14,0,0,0,120,1200,1,0,26,0,0,Rare Hoya MB 1065-43 Lime Sherbet MB001 X Golden Eye 4-6 Plants Per Pot. All plants shipped in pot with all soil intact. Hoya Lime Sherbet is a gorgeous hybrid ,2026-10-04T06:19:09.024Z
hoya cummingiana,control_low,112,0,158300439144,https://www.ebay.com/itm/158300439144,Green Bee Plant Shop,779,rooted pot,,Hoya Matilde 'Super Splash' - 3 Active Growth Points - Rooted & Growing! #1,75,14,0,0,1,0,0,0,,0,0,0,0,0,0,0,not specified,0,1,8,Seller Notes|Brand|Type|Genus|Common Name|Color|Country of Origin|Plant Category,1,1,1,0,0,1,Unbranded,0,0,,0,,0,7,7,7,0,849,143,0,0,1,1,0,1,0,0,23.0,13.0,USPS Priority Mail,0,36.0,$2.00 shipping for each additional eligible item you buy from greenbeeplantshop.,3,3,6,0,,,0,1,,0,0,1,,,0,,0,"Home & Garden > Yard, Garden & Outdoor Living > Plants, Seeds & Bulbs > Plants & Seedlings","Clearwater, Florida, United States",2026-09-17,17,2026-09-22,0,23.0,13.0,0,0,1,0,0,120,1200,1,0,99,0,0,"Hoya Matilde 'Super Splash' - 3 Active Growth Points - Rooted & Growing! #1 Propagated in stratum/perlite and recently upsized to 2.7 square"" pot with my soille",2026-10-04T06:19:26.996Z
hoya kerrii,control_mid,35,0,298381851062,https://www.ebay.com/itm/298381851062,Beauti Florist,23237,rooted pot,,Hoya Kerrii Sweet Heart Hoya,28,5,1,1,1,1,1,1,,0,0,0,0,0,0,0,not specified,0,0,15,Non-Domestic Product|Common Name|Custom Bundle|Indoor/Outdoor|Soil Type|Modified Item|Brand|Plant Form|Type|Growth Stage|Watering|Genus|Growth Rate|Sunlight|Country of Origin,1,1,1,0,0,1,Beauti Florist,1,0,,0,,0,8,8,8,0,2268,403,0,1,1,1,0,1,0,0,74.99,19.99,"delivery in 2–4 days Get it between Tue, Oct 6 and Thu, Oct 8 to 94104",0,94.98,,1,,,0,,,0,0,,0,0,12,3,,0,,0,"Home & Garden > Yard, Garden & Outdoor Living > Plants, Seeds & Bulbs > Plants & Seedlings","Garden Grove, California, United States",2026-06-03,123,,0,74.99,19.99,0,12,0,0,0,120,643,1,0,26,0,0,Hoya Kerrii You will receive exact plant as shown in pictures. There are multiple plants in 8 inch nursery pot. Blooming picture is for presentation only. Plant,2026-10-04T06:19:49.001Z
hoya kerrii,control_low,85,0,178509638512,https://www.ebay.com/itm/178509638512,gardenialabllc,0,rooted pot,,"Kerrii Hoya Plant Live, Trailing Indoor Houseplant, 3-4 Inch Tall",65,10,0,1,1,1,0,0,4,1,1,0,0,0,0,0,not specified,0,0,11,Brand|Type|Genus|Common Name|Color|Indoor/Outdoor|Number in Pack|Growth Stage|Season of Interest|Watering|Sunlight,1,1,1,0,0,1,Unbranded,1,0,,0,,0,6,6,6,0,204,39,0,0,0,0,0,0,0,0,25.89,9.99,USPS Ground Advantage,0,35.88,,5,9,12,1,30,buyer,0,0,5,0,0,0,,,0,,0,"Home & Garden > Yard, Garden & Outdoor Living > Plants, Seeds & Bulbs > Plants & Seedlings","Hudson, FL, United States",2026-09-19,15,,0,25.89,9.99,0,0,0,0,0,120,643,1,0,74,0,0,"Hoya Kerrii Heart Plant Live, Hoya Kerrii Plant Live 3 To 4 Inches Long Live, Houseplant - Hoya Kerrii Heart Plant Live, Hoya Kerrii Plant Live 3 To 4 Inches Lo",2026-10-04T06:20:08.530Z
monstera peru,control_mid,15,0,125663958996,https://www.ebay.com/itm/125663958996,yahtasha,1254,cuttings,,MONSTERA PERU ‘Green Galaxy’ -(2) 7” Cuttings,45,7,1,1,1,0,1,0,7,1,0,0,0,0,0,0,not specified,0,0,13,Country of Origin|Color|Indoor/Outdoor|Item Length|Brand|Season of Interest|Type|Growth Stage|Watering|Genus|Number in Pack|Sunlight|Safety,1,0,1,0,0,1,Unbranded,1,0,,0,,0,1,1,1,0,60,8,0,0,0,0,0,0,0,0,17.97,0.0,USPS Ground Advantage,1,17.97,,3,4,12,0,,,0,0,10,0,3,12,,,0,,0,"Home & Garden > Yard, Garden & Outdoor Living > Plants, Seeds & Bulbs > Plants & Seedlings","Spring, Texas, United States",2022-12-14,1390,2025-12-14,0,17.97,0.0,0,12,0,0,0,56,56,1,1,,0,0,MONSTERA PERU ‘Green Galaxy’ -2 Cuttings. Blessed gardening😇,2026-10-04T06:20:25.189Z
monstera peru,control_low,38,0,394413158960,https://www.ebay.com/itm/394413158960,happy_planting,157,rooted pot,,Monstera obliqua peru Aroid- Exact Plant - 4 Inch Pot Rooted,60,11,0,1,1,1,1,1,4,1,0,0,0,0,0,1,not specified,0,0,8,Country of Origin|Brand|Type|Genus|Common Name|Indoor/Outdoor|Color|Features,1,1,1,0,0,1,Philodendron,0,0,,0,,0,9,9,9,0,1078,191,0,1,1,0,1,1,1,1,149.99,14.99,USPS Priority Mail,0,164.98,,3,4,12,0,,,0,1,,0,0,0,,,0,,0,"Home & Garden > Yard, Garden & Outdoor Living > Plants, Seeds & Bulbs > Plants & Seedlings","Bradenton, Florida, United States",2023-01-09,1364,2025-12-09,0,149.99,14.99,0,0,1,0,0,56,56,1,0,27,0,0,Monstera obliqua peru Aroid- Exact Plant - 4 Inch Pot Rooted PURCHASE AND SHIPPING TERMS (By purchasing this plant you agree to these terms) You will receive th,2026-10-04T06:20:46.511Z
monstera siltepecana,control_mid,17,0,407191082898,https://www.ebay.com/itm/407191082898,rachelunsupervised,61,rooted pot,,"Monstera Siltepecana Live Plant | 4"" Pot | Exact Plant | #P-012",63,12,1,1,1,1,0,0,4,1,1,1,0,0,0,1,not specified,0,0,12,Brand|Type|Watering|Climate|Genus|Common Name|Growth Habit|Sunlight|Features|Set Includes|Item Length|Country of Origin,1,1,1,0,0,1,Unbranded,0,0,,0,,0,4,4,4,0,2521,428,0,1,1,1,0,0,0,0,18.99,7.05,USPS Ground Advantage,0,26.04,,3,4,11,0,,,0,1,,0,0,0,,,0,,0,"Home & Garden > Yard, Garden & Outdoor Living > Plants, Seeds & Bulbs > Plants & Seedlings","Newark, Ohio, United States",2026-09-03,31,,0,18.99,7.05,0,0,1,0,0,63,63,1,0,10,0,0,Monstera Siltepecana – P-012 Some plants stand out because they're big and dramatic. Others catch your eye because of the little details. Monstera Siltepecana i,2026-10-04T06:21:04.243Z
monstera siltepecana,control_low,43,0,406914426020,https://www.ebay.com/itm/406914426020,erhul_2516,2,rooted pot,,Monstera Miracle Tricolor,25,3,0,0,1,0,0,0,,0,0,0,0,0,0,0,not specified,0,0,13,Climate|Common Name|Color|Indoor/Outdoor|MPN|Brand|Plant Form|Type|Growth Stage|Genus|Number in Pack|Foliage|Features,1,1,1,0,0,1,Unbranded,1,1,"MT47T01, 2603H",0,,0,2,2,2,0,26,4,0,0,0,0,0,0,0,0,250.0,5.99,USPS Ground Advantage,0,255.99,,2,3,9,0,,,0,0,,0,0,3,,,0,,0,"Home & Garden > Yard, Garden & Outdoor Living > Plants, Seeds & Bulbs > Plants & Seedlings","Seattle, Washington, United States",2026-05-09,148,,0,250.0,5.99,0,0,0,0,0,63,63,1,0,31,0,0,Recently imported - rooted,2026-10-04T06:21:25.150Z
peperomia hope,control_mid,18,0,394614046558,https://www.ebay.com/itm/394614046558,NNPLANT,4979,rooted pot,,"String of coins Peperomia hope tetraphylla Acorn Trailing Jade plant 4""pot",74,11,0,1,1,1,1,1,,1,0,0,0,0,0,0,not specified,0,1,4,Seller Notes|Brand|Type|Country of Origin,1,0,0,0,0,1,nnplant,0,0,,0,,0,1,1,1,0,1398,235,0,1,1,1,1,1,0,1,4.99,6.99,USPS Priority Mail,0,11.98,,10,12,19,1,14,buyer,0,0,11,1,52,74,9,,1,1@4.99; 2@4.74; 3@4.69; 4+@4.64,0,"Home & Garden > Yard, Garden & Outdoor Living > Plants, Seeds & Bulbs > Plants & Seedlings","Modesto, California, United States",2023-05-08,1245,2026-06-08,0,4.99,6.99,52,0,0,1,0,57,57,1,0,11,0,0,? IMPORTANT NOTICE ? ?? Consumption Warning: Do not consume this plant or any part of it unless it is clearly labeled as a vegetable or edible fruit tree in our,2026-10-04T06:21:44.848Z
peperomia hope,control_low,47,0,154499025551,https://www.ebay.com/itm/154499025551,mainelycoastalplants,3,rooted pot,,Peperomia Frost,15,2,0,0,1,0,0,0,,0,0,0,0,0,0,0,not specified,0,0,3,Brand|Type|Genus,1,0,1,0,0,1,Unbranded,0,0,,0,,0,9,9,9,0,398,69,0,1,1,0,0,0,0,0,32.0,22.55,USPS Priority Mail,0,54.55,,2,3,9,0,,,0,1,,0,0,1,,,0,,0,"Home & Garden > Yard, Garden & Outdoor Living > Plants, Seeds & Bulbs > Plants & Seedlings","York, Maine, United States",2021-06-19,1933,,0,32.0,21.55,0,0,1,0,0,57,57,1,0,34,0,0,Peperomia Frost. Shipped with USPS Priority Mail. Currently in a 5 inch pot it will need to be re-potted by the end of summer as the leaves are struggling for s,2026-10-04T06:22:03.824Z
philodendron brasil,control_mid,32,0,286327034396,https://www.ebay.com/itm/286327034396,uniquehomemart,51,rooted pot,,Rooted Indoor Plants Brasil Philodendron,40,5,0,1,1,0,1,0,,0,0,0,0,0,0,0,not specified,0,1,18,Seller Notes|Country of Origin|Common Name|Indoor/Outdoor|Color|Growth Habit|Brand|Season of Interest|Type|Growth Stage|Watering|Genus|Number in Pack|Item Height|Growth Rate|Sunlight|Features|Room,1,1,1,0,0,1,Philodendron,1,0,,0,,0,1,1,1,0,460,71,0,0,0,0,0,0,0,0,21.5,14.65,USPS Ground Advantage,0,36.15,,2,4,11,0,,,0,0,5,0,0,0,,,1,1@21.50; 2@19.35; 3@18.28; 4+@17.20,0,"Home & Garden > Yard, Garden & Outdoor Living > Plants, Seeds & Bulbs > Plants & Seedlings","Woodhaven, New York, United States",2025-02-14,597,2025-12-14,0,21.5,14.65,0,0,0,1,0,120,169,1,1,,0,0,"This houseplant is popular for new plant parents, due to the forgiving nature and low-maintenance requirements for care. Brasil Philodendron is a trailing varie",2026-10-04T06:22:23.907Z
philodendron brasil,control_low,86,0,257058519904,https://www.ebay.com/itm/257058519904,mairim55563,281,cuttings,,philodendron Brasil - 3 Rooted Cuttings - House Plant -Vine Plant - Heart Leaf,78,14,1,1,1,0,1,0,,0,0,0,0,0,0,0,not specified,0,0,11,Brand|Plant Form|Type|Watering|Genus|Common Name|Color|Number in Pack|Sunlight|Features|Country of Origin,1,1,1,0,0,1,Unbranded,0,0,,0,,0,2,2,2,0,481,76,0,0,0,0,0,0,0,0,9.99,13.65,USPS Ground Advantage,0,23.64,,2,16,34,1,30,buyer,0,0,4,0,0,1,,,0,,0,"Home & Garden > Yard, Garden & Outdoor Living > Plants, Seeds & Bulbs > Plants & Seedlings","Lajas, Puerto Rico, United States",2025-08-09,421,2026-04-11,0,9.99,12.9,0,0,0,0,0,120,169,1,0,73,0,0,"The philodendron Brasil is a fast-growing vine plant known for its heart-shaped leaves, making it a popular choice for indoor houseplants. This plant thrives in",2026-10-04T06:22:43.572Z
philodendron micans,control_mid,27,0,236743164517,https://www.ebay.com/itm/236743164517,formosa_plants,103,rooted pot,,Philodendron Micans-1 Live Plant in a 2 Inch Pot-Philodendron hederaceum Micans,79,11,1,1,1,1,1,1,2,1,1,1,0,0,0,0,not specified,0,1,20,Seller Notes|Climate|Common Name|Color|Indoor/Outdoor|Growth Habit|Set Includes|MPN|Personalize|Brand|Season of Interest|Soil pH|Type|Watering|Genus|Number in Pack|Sunlight|Features|Room|Country of Origin,1,1,1,0,0,1,Formosa Plants,0,1,Philodendron Micans,0,,0,6,6,0,0,2037,295,1,1,0,0,0,1,0,0,22.78,0.0,UPS Ground Saver,1,22.78,,3,3,10,1,14,buyer,0,0,10,0,1,1,1,,0,,0,"Home & Garden > Yard, Garden & Outdoor Living > Plants, Seeds & Bulbs > Plants & Seedlings","Sorrento, Florida, United States",2026-04-08,179,2026-07-21,0,22.78,0.0,0,0,0,0,0,111,111,1,0,20,0,0,"Philodendron Micans (Philodendron hederaceum 'Micans') is a stunning and highly sought-after tropical houseplant celebrated for its large, velvety heart-shaped ",2026-10-04T06:23:03.290Z
philodendron micans,control_low,108,0,145731736361,https://www.ebay.com/itm/145731736361,Wekiva Foliage,2196,rooted pot,,Philodendron Micans - Live Plants in 4 Inch Growers Pots - Philodendron 'Micans',80,13,1,1,1,1,1,1,4,1,1,1,0,0,0,0,not specified,0,1,5,Seller Notes|Brand|Item Weight|Type|Country of Origin,1,0,0,0,0,1,Wekiva Foliage,0,0,,0,,0,7,7,0,0,2675,428,1,0,1,1,0,1,0,0,29.78,0.0,UPS Ground,1,29.78,,3,2,5,0,,,0,0,10,0,0,2,,,0,,0,"Home & Garden > Yard, Garden & Outdoor Living > Plants, Seeds & Bulbs > Plants & Seedlings","US, United States",2024-04-18,899,2026-05-26,0,29.78,0.0,0,0,0,0,0,111,111,1,0,95,0,0,"This philodendron is easy to care for and grow indoors as a houseplant. It appreciates bright, indirect light; well-draining soil; and regular watering. While t",2026-10-04T06:23:21.638Z
philodendron pink princess,control_mid,32,0,277215965809,https://www.ebay.com/itm/277215965809,maiksylvia,8982,rooted pot,,"PPP Philodendron Pink Princess US SELLER variegated 3"" pot",58,9,0,1,1,0,1,0,3,1,0,0,0,0,1,0,not specified,0,0,17,Country of Origin|Climate|Custom Bundle|Color|Indoor/Outdoor|Growth Habit|MPN|Item Length|Brand|Season of Interest|Type|Genus|Item Height|Number in Pack|Sunlight|Foliage|Features,1,0,1,0,0,1,sylviasfloridagarden,0,1,None,0,,0,5,5,5,0,1156,202,0,1,1,0,0,1,0,0,19.9,5.0,USPS Ground Advantage,0,24.9,,1,2,5,0,,,0,0,,0,0,4,,,0,,0,"Home & Garden > Yard, Garden & Outdoor Living > Plants, Seeds & Bulbs > Plants & Seedlings","Englewood, Florida, United States",2025-06-17,474,2025-12-17,0,19.9,5.0,0,0,0,0,0,120,164,1,1,,0,0,"The PPP Philodendron Pink Princess is a beautiful houseplant with variegated foliage, featuring shades of pink, multicolor, and green. It thrives in humid subtr",2026-10-04T06:23:39.818Z
philodendron pink princess,control_low,76,0,257663100263,https://www.ebay.com/itm/257663100263,Thia's Treasures,1324,cuttings,,Pink Princess Philodendron Variegated Exact Plant Pictured Cutting Unrooted,75,9,0,1,1,0,1,0,,0,0,0,0,0,1,1,not specified,0,0,6,Brand|Plant Form|Type|Common Name|Color|Country of Origin,1,1,0,0,0,1,Unbranded,0,0,,0,,0,5,5,5,0,1268,209,0,1,1,1,1,1,0,1,9.99,15.0,USPS Priority Mail,0,24.99,,7,4,11,1,30,buyer,0,1,,0,0,0,,,0,,0,"Home & Garden > Yard, Garden & Outdoor Living > Plants, Seeds & Bulbs > Plants & Seedlings","Buffalo, New York, United States",2026-08-05,60,,0,9.99,15.0,0,0,1,0,0,120,164,1,0,63,0,0,Pink Princess Philodendron Variegated Exact Plant Pictured Cutting Unrooted Cut on July 17th You will receive the exact cutting pictured. Your cutting will be s,2026-10-04T06:23:58.795Z
pilea peperomioides,control_mid,28,0,196289271977,https://www.ebay.com/itm/196289271977,laurantoni-76,110,rooted pot,,"Pilea Peperomioides,Chinese Money Plant, UFO Plant ,Lefsi Plant live in 4"" Pot",78,12,1,1,1,1,1,1,4,1,1,0,0,0,0,0,not specified,0,0,25,Country of Origin|Climate|Common Name|Indoor/Outdoor|Growth Habit|Item Length|Soil Type|Personalize|Genus|Number in Pack|Item Height|Features|Safety|Room|Item Width|Color|Set Includes|Brand|Season of Interest|Soil pH|Plant Form|Type|Watering|Growth Rate|Sunlight,1,1,1,0,0,1,Unbranded,0,0,,0,,0,2,2,2,0,617,112,1,1,0,0,0,0,0,0,10.0,9.22,USPS Priority Mail,0,19.22,,3,4,12,0,,,0,0,2,0,1,3,,,0,,0,"Home & Garden > Yard, Garden & Outdoor Living > Plants, Seeds & Bulbs > Plants & Seedlings","San Marcos, California, United States",2024-03-12,936,2025-12-12,0,10.0,9.22,0,3,0,0,0,120,164,1,0,21,0,0,"This Pilea Peperomioides, also known as the Chinese Money Plant or UFO Plant, is a beautiful addition to any indoor space. With its lush green color and climbin",2026-10-04T06:24:16.081Z
pilea peperomioides,control_low,98,0,277820776259,https://www.ebay.com/itm/277820776259,annwoo,597,rooted pot,,One Rooted JADE Plant 4-7” Plus One succulent,45,8,0,0,0,0,0,0,7,1,0,0,0,0,0,0,not specified,0,0,25,Plant Type|Climate|Common Name|Custom Bundle|Indoor/Outdoor|Color|Growth Habit|Plant Characteristic|Soil Type|Brand|Plant Form|Soil pH|Growth Stage|Type|Watering|Genus|Item Height|Number in Pack|Growth Rate|Foliage|Sunlight|Features|Item Width|Country of Origin|UPC,1,1,1,0,0,1,Jade,1,0,,1,,0,1,1,1,0,104,19,0,0,1,0,0,0,0,0,8.0,10.11,USPS Ground Advantage,0,18.11,,3,3,10,1,14,buyer,0,0,2,0,4,6,3,,0,,0,"Home & Garden > Yard, Garden & Outdoor Living > Plants, Seeds & Bulbs > Plants & Seedlings","Brooklyn, New York, United States",2026-03-20,198,2026-07-11,0,8.0,10.11,0,6,0,0,0,120,164,1,0,85,0,0,"One rooted JADE Plant 4-7” or similar plus one succulent. easy grow. shipped with minimal soil , no pot.",2026-10-04T06:24:35.274Z
raven zz plant,control_mid,16,0,285755888601,https://www.ebay.com/itm/285755888601,Epice Solutions,55961,rooted pot,,Costa Farms Raven® ZZ Zamioculcas ‘Dowon&#8217; Trending Tropicals Li,69,9,0,1,1,0,1,0,,0,0,0,0,0,0,0,not specified,0,0,7,EAN|MPN|UPC|Brand|Style|Pattern Name|Type,1,0,0,0,0,1,Costa Farms,0,1,CO.ZB10.13.TT,1,,0,5,5,5,0,3617,591,1,1,1,0,0,0,0,1,88.19,0.0,Standard Shipping,1,88.19,,1,2,5,1,30,seller,1,0,11,1,1,5,,,0,,0,"Home & Garden > Yard, Garden & Outdoor Living > Plants, Seeds & Bulbs > Plants & Seedlings","Within United States, United States",2024-03-09,939,2026-10-02,0,88.19,0.0,0,0,0,0,1,129,46,1,1,,0,0," Brand New Costa Farms Raven® ZZ Zamioculcas ‘Dowon’ Trending Tropicals Live Indoor Plant 22-Inches Tall, Decor Planter Manufacturer model: CO.ZB10.13.TT Raven ",2026-10-04T06:24:56.669Z
raven zz plant,control_low,35,0,376116334568,https://www.ebay.com/itm/376116334568,nilsatropicalgarden,329,rooted pot,,ZZ Plant - Black Raven - Zamioculcas Zamiifolia,47,8,0,1,1,1,1,1,,0,0,0,0,0,0,0,not specified,0,0,12,Country of Origin|Brand|Season of Interest|Climate|Type|Common Name|Genus|Indoor/Outdoor|Color|Growth Rate|Sunlight|Features,1,1,1,0,0,1,Unbranded,0,0,,0,,0,14,15,14,1,926,126,1,0,1,1,0,1,0,0,16.95,11.0,USPS Priority Mail,0,27.95,,5,4,12,0,,,0,1,1,0,14,22,2,,0,,0,"Home & Garden > Yard, Garden & Outdoor Living > Plants, Seeds & Bulbs > Plants & Seedlings","Lakeland, Florida, United States",2025-03-31,552,2026-09-30,0,16.95,11.0,14,0,1,1,0,129,46,1,0,27,0,0,"ZZ Plant - Black Raven - Zamioculcas Zamiifolia ZZ Black Raven plant grows smooth, naturally shiny leaves that start out as bright lime in their youth, then tra",2026-10-04T06:25:16.227Z
rhaphidophora tetrasperma,control_mid,18,0,185839433765,https://www.ebay.com/itm/185839433765,succulentsandcactus,2418,cuttings,,Rhaphidophora Tetrasperma Mini Monstera 2 Cuttings 2 Leaves 2 Nodes,67,10,1,1,1,1,1,1,,0,0,0,0,0,0,0,not specified,0,0,16,Climate|Common Name|Color|Indoor/Outdoor|Brand|Plant Form|Season of Interest|Type|Watering|Genus|Number in Pack|Sunlight|Features|Safety|UPC|Country of Origin,1,1,1,0,0,1,Unbranded,0,0,,1,,0,1,1,1,0,68,10,0,0,0,0,0,0,0,0,19.99,0.0,USPS First Class,1,19.99,,3,3,10,0,,,0,0,10,0,0,8,2,,0,,0,"Home & Garden > Yard, Garden & Outdoor Living > Plants, Seeds & Bulbs > Plants & Seedlings","Garden Grove, California, United States",2023-04-02,1281,,0,19.99,0.0,0,0,0,0,0,63,63,1,0,11,0,0,Rhaphidophora Tetrasperma Mini Monstera 2 Cuttings 2 Leaves 2 Nodes.,2026-10-04T06:25:36.974Z
rhaphidophora tetrasperma,control_low,39,0,317201753624,https://www.ebay.com/itm/317201753624,Var_Plant,17,rooted pot,,Real Pict Rhaphidophora Tetrasperma Migma Variegated Rare Plant,63,8,0,1,1,1,0,0,,0,0,0,0,1,1,0,New New More information - About this item condition,1,0,15,Condition|Country of Origin|Form|Occasion|Size|Artificial/Fresh|Common Name|Color|Product|MPN|Material|Brand|Type|Item Height|Theme,1,1,0,0,1,1,House Plant,0,1,Doest no apply,0,,0,4,4,4,0,1220,214,0,0,1,1,1,0,0,1,385.0,65.0,Standard Shipping,0,450.0,,15,23,31,1,30,buyer,0,1,3,0,0,3,,,1,1@385.00; 2@377.30; 3@369.60,0,Home & Garden > Home Décor > Floral Décor,"861 Seville St Pahokee , Florida , 33476, Indonesia",2025-08-22,408,2025-12-22,0,385.0,65.0,0,3,1,0,0,63,63,1,1,,0,0,"Welcome to xpep2155 I will ensure a guarantee for your plants, and please read the shop description. Plant Description 1. Photos are for reference only [I will ",2026-10-04T06:25:57.428Z
sansevieria moonshine,control_mid,27,0,226829088533,https://www.ebay.com/itm/226829088533,Ready Limited,4207,cuttings,,LIVE PLANT Snake Plant Moonshine Sansevieria Rooted Cutting,59,8,0,1,1,0,1,0,,0,1,1,0,0,0,0,not specified,0,0,4,Brand|Type|Country of Origin|UPC,1,0,0,0,0,1,Unbranded,0,0,,1,,0,1,1,1,0,1048,172,0,0,1,0,0,0,0,0,4.99,9.23,USPS Ground Advantage,0,14.22,Save on shipping. This seller offers shipping discounts on combined purchases for eligible items.,10,10,16,0,,,0,1,2,0,6,9,,,1,1@4.99; 2@4.74,0,"Home & Garden > Yard, Garden & Outdoor Living > Plants, Seeds & Bulbs > Plants & Seedlings","Houston, Texas, United States",2025-06-22,469,2026-06-22,0,4.99,8.56,0,9,1,1,0,92,92,1,0,20,0,0,LIVE PLANT Moonshine Snake Plant Sansevieria Rooted Cutting This Snake Plant has been cut and has rooted. It will be shipped in a bag and will need to be transp,2026-10-04T06:26:19.469Z
sansevieria moonshine,control_low,73,0,318778309150,https://www.ebay.com/itm/318778309150,benjbondur_0,286,rooted pot,,"Live Snake Plant, Sansevieria Zeylanica, Indoor House Plant in Pot, Mother in La",80,13,0,0,1,0,1,0,,1,1,0,0,0,0,0,not specified,0,0,5,Type|Brand|MPN|UPC|Country of Origin,1,0,0,0,0,1,Plants for Pets,0,1,Does Not Apply,1,,0,12,12,12,0,1441,211,1,1,1,1,0,0,0,0,28.31,0.0,Expedited Shipping,1,28.31,,1,2,5,0,,,0,0,,0,0,0,,,0,,0,"Home & Garden > Yard, Garden & Outdoor Living > Plants, Seeds & Bulbs > Plants & Seedlings","New York, New York, United States",2026-08-25,40,2026-10-02,0,28.31,0.0,0,0,0,0,0,92,92,1,0,60,0,0,"Sansevieria Zeylanica 'Snake Plant' is a charismatic, hardy succulent that grows tall and upright. The Mother in Law's Tongue houseplant spreads from its rootst",2026-10-04T06:26:38.771Z
satin pothos,control_mid,52,0,407022625803,https://www.ebay.com/itm/407022625803,rachelunsupervised,61,cuttings,,Scindapsus Pictus Argyraeus Rooted Cutting Live Houseplant Satin Silver Vine,76,10,0,0,1,1,0,0,,0,1,1,0,0,0,0,not specified,0,0,20,Climate|Common Name|Indoor/Outdoor|Color|Growth Habit|Brand|Personalize|Season of Interest|Soil pH|Type|Watering|Growth Stage|Genus|Number in Pack|Foliage|Features|Safety|Room|Item Width|Country of Origin,1,1,1,0,0,1,Unbranded,1,0,,0,,0,5,5,5,0,1170,191,0,0,1,0,0,0,0,0,6.99,6.34,USPS Ground Advantage,0,13.33,,3,4,11,0,,,0,1,5,0,0,3,,,0,,0,"Home & Garden > Yard, Garden & Outdoor Living > Plants, Seeds & Bulbs > Plants & Seedlings","Newark, Ohio, United States",2026-06-23,103,,0,6.99,6.34,0,0,1,0,0,116,116,1,0,39,0,0,Scindapsus Argyraeus | Rooted Cutting | Exact or Similar Plant A little silver sparkle for your jungle. This listing is for one rooted Scindapsus Argyraeus cutt,2026-10-04T06:26:59.057Z
satin pothos,control_low,116,0,235621674324,https://www.ebay.com/itm/235621674324,VoelkPlants,186,rooted pot,,"10"" Pot - 2.5 ft tall Giant Hawaiian Pothos plant, Get Similar To the picture",77,15,0,0,0,0,1,0,10,1,0,0,0,0,0,0,not specified,0,0,25,Country of Origin|Climate|Common Name|Indoor/Outdoor|Growth Habit|Item Length|Soil Type|Personalize|Growth Stage|Genus|Number in Pack|Foliage|Features|Safety|Room|Color|Set Includes|Brand|Season of Interest|Soil pH|Plant Form|Type|Watering|Growth Rate|Sunlight,1,1,1,0,0,1,Unbranded,1,0,,0,,0,9,9,9,0,684,122,1,1,0,0,0,0,0,0,290.0,25.0,UPS 2nd Day Air,0,315.0,,4,3,6,0,,,0,0,3,0,2,8,,,0,,0,"Home & Garden > Yard, Garden & Outdoor Living > Plants, Seeds & Bulbs > Plants & Seedlings","National City, California, United States",2024-06-23,833,2025-12-23,0,290.0,25.0,0,8,0,0,0,116,116,1,0,103,0,0,"Enhance your indoor space with this beautiful Hawaiian Pothos plant. This climbing plant has broadleaf foliage that comes in gold and green colors, adding a tou",2026-10-04T06:27:16.763Z
syngonium chiapense,control_mid,36,0,336733459098,https://www.ebay.com/itm/336733459098,sheisells179,97,bundle,,Syngonium Aurea 2 Plants in 4” Pot Beautiful Genes Variegation Live Full Plants,79,13,0,0,1,0,0,0,4,1,1,0,0,0,0,0,not specified,0,0,22,Climate|Indoor/Outdoor|Color|Growth Habit|Item Length|Personalize|Brand|Season of Interest|Plant Form|Soil pH|Growth Stage|Type|Watering|Genus|Number in Pack|Item Height|Growth Rate|Sunlight|Features|Room|Country of Origin|Item Width,1,0,1,0,0,1,houseplants,1,0,,0,,0,3,3,3,0,91,18,0,1,0,0,0,0,0,0,35.0,13.45,UPS Ground,0,48.45,,2,4,12,0,,,0,0,,0,0,3,,,0,,0,"Home & Garden > Yard, Garden & Outdoor Living > Plants, Seeds & Bulbs > Plants & Seedlings","Sarasota, Florida, United States",2026-08-09,56,,0,35.0,13.45,0,0,0,0,0,120,208,1,0,24,0,0,Live Syngonium Aurea in a 4”pot. What you see in the pictures is exactly what you will get.,2026-10-04T06:27:38.946Z
syngonium chiapense,control_low,117,0,800123863109,https://www.ebay.com/itm/800123863109,alv3863,3,rooted pot,,Syngonium 'Gold',16,2,0,0,1,0,0,0,,0,0,0,0,0,0,0,not specified,0,0,21,Climate|Common Name|Color|Indoor/Outdoor|Growth Habit|Set Includes|Soil Type|Personalize|Brand|Season of Interest|Soil pH|Growth Stage|Type|Watering|Genus|Number in Pack|Foliage|Features|Safety|Room|Country of Origin,1,1,1,0,0,1,Unbranded,1,0,,0,,0,5,5,5,0,485,82,0,0,0,0,0,0,0,0,12.5,10.15,USPS Ground Advantage,0,22.65,,2,3,10,0,,,0,1,,0,0,0,,,0,,0,"Home & Garden > Yard, Garden & Outdoor Living > Plants, Seeds & Bulbs > Plants & Seedlings","Hyattsville, Maryland, United States",2026-06-04,122,,0,12.5,10.15,0,0,1,0,0,120,208,1,0,103,0,0,The Syngonium 'Gold' is a tropical houseplant that thrives in both indoor and outdoor environments. This climbing plant features beautiful gold and green foliag,2026-10-04T06:27:59.804Z
syngonium mojito,control_mid,7,0,405194694523,https://www.ebay.com/itm/405194694523,themagicmudshop,221,cuttings,,Syngonium Margarita 3 Fresh Cuttings,36,5,0,0,1,0,0,0,,0,0,0,0,0,0,0,not specified,0,0,4,Brand|Type|Number in Pack|Country of Origin,1,0,0,0,0,1,Unbranded,0,0,,0,,0,2,2,2,0,1116,187,0,1,1,1,1,1,0,1,12.99,7.05,USPS Ground Advantage,0,20.04,,3,5,10,0,,,0,1,3,0,5,6,1,,0,,0,"Home & Garden > Yard, Garden & Outdoor Living > Plants, Seeds & Bulbs > Plants & Seedlings","Yorkville, Illinois, United States",2024-08-27,768,2024-08-27,0,12.99,7.05,0,6,1,0,0,132,21,1,0,4,0,0,You will receive 3 fresh cuttings of gorgeous Syngonium Margarita. My all-time favorite. Such pretty pinks and greens! These root easily in water and you will q,2026-10-04T06:28:20.862Z
syngonium mojito,control_low,17,0,405717083532,https://www.ebay.com/itm/405717083532,akasha_1980,9,rooted pot,,Syngonium Podophyllum Mottled Mojito rooted plant,49,6,0,1,1,1,1,1,,0,0,0,0,0,0,0,not specified,0,0,21,Country of Origin|Climate|Common Name|Color|Indoor/Outdoor|Growth Habit|MPN|Soil Type|Brand|Season of Interest|Plant Form|Growth Stage|Type|Watering|Genus|Number in Pack|Growth Rate|Foliage|Sunlight|Features|Room,1,1,1,0,0,1,Unbranded,1,1,n/a,0,,0,4,4,4,0,60,8,0,0,0,0,0,0,0,0,27.0,5.99,USPS Ground Advantage,0,32.99,,3,3,9,0,,,0,0,,0,0,0,,,0,,0,"Home & Garden > Yard, Garden & Outdoor Living > Plants, Seeds & Bulbs > Plants & Seedlings","Wapato, Washington, United States",2025-04-02,550,2026-01-02,0,27.0,5.99,0,0,0,0,0,132,21,1,0,12,0,0,"Please check out my shoppe on Macari, Akasha06@plantyperfect",2026-10-04T06:28:39.704Z
texas ebony plant,control_low,7,0,158310653546,https://www.ebay.com/itm/158310653546,arizonacacti,0,seeds,,"TEXAS EBONY TREE - 35 SEEDS - EBENOPSIS EBANO DESERT BONSAI, Easy to grow...",76,14,0,1,1,1,1,1,,0,0,0,0,0,0,0,not specified,0,0,10,Brand|Type|Watering|Climate|Common Name|Sunlight|Features|Cultivating Difficulty|Country of Origin|UPC,1,1,0,0,0,1,Unbranded,0,0,,1,,0,6,6,6,0,1777,280,1,0,1,0,0,1,0,0,9.99,7.9,USPS Ground Advantage,0,17.89,,3,3,9,0,,,0,0,11,1,0,1,,,0,,0,"Home & Garden > Yard, Garden & Outdoor Living > Plants, Seeds & Bulbs > Seeds & Bulbs","Mesa, Arizona, United States",2026-09-19,15,2026-09-20,0,9.99,7.9,0,0,0,0,0,122,8,1,0,4,0,1,"The Texas Ebony Tree, also known as Ebenopsis ebano, is a drought-resistant bonsai tree that thrives in full sun. This easy-to-cultivate plant, originating from",2026-10-04T06:28:56.184Z
watermelon peperomia,control_mid,18,0,315350789940,https://www.ebay.com/itm/315350789940,leslykcol,11,rooted pot,,"Peperomia Watermelon, Watermelon Peperomia, Peperomia Argyreia in 4"" pot",72,9,0,1,1,1,1,1,4,1,0,0,0,0,0,0,not specified,0,0,5,Brand|Type|Indoor/Outdoor|Features|Item Length,1,0,0,0,0,1,Unbranded,0,0,,0,,0,3,3,3,0,109,15,0,1,1,0,0,0,0,0,23.99,7.14,USPS Ground Advantage,0,31.13,,3,3,6,0,,,0,1,,0,0,3,,,0,,0,"Home & Garden > Yard, Garden & Outdoor Living > Plants, Seeds & Bulbs > Plants & Seedlings","Chino, California, United States",2024-05-08,879,,0,23.99,7.14,0,0,1,0,0,126,39,1,0,11,0,0,"Peperomia Watermelon, Watermelon Peperomia, Peperomia Argyreia in 4"" pot. Se envió con USPS Ground Advantage.",2026-10-04T06:29:13.482Z
watermelon peperomia,control_low,35,0,296187589076,https://www.ebay.com/itm/296187589076,Harmony Foliage,168,bundle,,"Peperomia Turboensis, 2 inch Set of 3, Metallic Black Rare Pep Purple Watermelon",80,13,0,1,1,0,1,0,2,1,0,0,0,1,0,0,not specified,0,0,3,Brand|Type|UPC,1,0,0,0,0,1,Harmony Foliage,0,0,,1,,0,6,6,6,0,2249,408,1,1,1,1,0,0,1,0,49.99,0.0,Promotional Shipping Service,1,49.99,Free shipping on all eligible items from harmonyfoliage.,1,4,11,1,30,seller,1,1,,0,0,3,,,0,,0,"Home & Garden > Yard, Garden & Outdoor Living > Plants, Seeds & Bulbs > Plants & Seedlings","Sorrento, Florida, United States",2024-01-26,982,2024-10-20,0,49.99,6.95,0,0,1,0,1,126,39,1,0,24,0,0,[GROWN AND PLANTED IN THE USA] Bringing the quality and price of local nurseries to you. [PRODUCT DETAILS] You will receive plant(s) similar to the listing phot,2026-10-04T06:29:32.503Z
,owner_portfolio,,1,168284607627,https://www.ebay.com/itm/168284607627,riversidegreenhouses,4,rooted pot,old,Creamsicle - Live Houseplant - 4-inch Pot,41,7,,,,,,,4,1,1,1,0,0,0,0,not specified,0,0,22,Brand|Type|Color|Features|Indoor/Outdoor|Climate|Number in Pack|Growth Stage|Sunlight|Watering|Foliage|MPN|Country of Origin|Soil Type|Growth Rate|Soil pH|Personalize|Item Height|Room|Item Length|Item Width|Item Weight,1,0,0,0,0,1,Unbranded,1,1,66F3AFF7,0,,0,1,1,1,0,425,60,1,1,1,0,1,0,0,0,19.85,9.99,USPS Priority Mail,0,29.84,,3,3,6,1,30,buyer,0,1,10,0,0,0,,,0,,0,"Home & Garden > Yard, Garden & Outdoor Living > Plants, Seeds & Bulbs > Plants & Seedlings","Riverside, California, United States",2026-04-03,184,,0,,,,,,,,,,,,,0,0,"Creamsicle - 4-inch Pot A compact aloe hybrid with creamy orange–peach tones on the leaves, especially in bright light. Thick, pointed leaves form a tight roset",2026-10-04T05:46:31.046Z
,owner_portfolio,,1,168284607629,https://www.ebay.com/itm/168284607629,riversidegreenhouses,4,rooted pot,old,Crimson Princess - Live Houseplant - 6-inch Pot,47,8,,,,,,,6,1,1,1,0,0,0,0,not specified,0,0,22,Brand|Type|Color|Features|Indoor/Outdoor|Climate|Number in Pack|Growth Stage|Sunlight|Watering|Foliage|MPN|Country of Origin|Soil Type|Growth Rate|Soil pH|Personalize|Item Height|Room|Item Length|Item Width|Item Weight,1,0,0,0,0,1,Unbranded,1,1,C4E6FC3F,0,,0,1,1,1,0,421,63,1,1,1,0,1,0,0,0,27.78,9.99,USPS Priority Mail,0,37.77,,3,3,6,1,30,buyer,0,1,10,0,0,0,,,0,,0,"Home & Garden > Yard, Garden & Outdoor Living > Plants, Seeds & Bulbs > Plants & Seedlings","Riverside, California, United States",2026-04-03,184,,0,,,,,,,,,,,,,0,0,"Crimson Princess - 6-inch Pot A variegated hoya with cream, pink, and green leaves that grow with pink tones when young. Trailing and great for hanging baskets.",2026-10-04T05:46:50.781Z
,owner_portfolio,,1,168284607631,https://www.ebay.com/itm/168284607631,riversidegreenhouses,4,rooted pot,old,Dieffenbachia Amy - Live Houseplant - 6-inch Pot,48,8,,,,,,,6,1,1,1,0,0,0,0,not specified,0,0,22,Brand|Type|Color|Features|Indoor/Outdoor|Climate|Number in Pack|Growth Stage|Sunlight|Watering|Foliage|MPN|Country of Origin|Soil Type|Growth Rate|Soil pH|Personalize|Item Height|Room|Item Length|Item Width|Item Weight,1,0,0,0,0,1,Unbranded,1,1,2EFE800D,0,,0,1,1,1,0,400,59,1,1,1,0,1,0,0,0,25.59,9.99,USPS Priority Mail,0,35.58,,3,3,6,1,30,buyer,0,1,10,0,0,0,,,0,,0,"Home & Garden > Yard, Garden & Outdoor Living > Plants, Seeds & Bulbs > Plants & Seedlings","Riverside, California, United States",2026-04-03,184,,0,,,,,,,,,,,,,0,0,"Dieffenbachia Amy - 6-inch Pot A compact dieffenbachia with light green leaves heavily splashed in cream and soft yellow. Upright, full, and very easy-care. Car",2026-10-04T05:47:08.294Z
,owner_portfolio,,1,168284607635,https://www.ebay.com/itm/168284607635,riversidegreenhouses,4,rooted pot,old,Dracaena Lime Dragon - Live Houseplant - 6-inch Pot,51,9,,,,,,,6,1,1,1,0,0,0,0,not specified,0,0,22,Brand|Type|Color|Features|Indoor/Outdoor|Climate|Number in Pack|Growth Stage|Sunlight|Watering|Foliage|MPN|Country of Origin|Soil Type|Growth Rate|Soil pH|Personalize|Item Height|Room|Item Length|Item Width|Item Weight,1,0,0,0,0,1,Unbranded,1,1,7774FE43,0,,0,1,1,1,0,408,59,1,1,1,0,1,0,0,0,27.89,9.99,USPS Priority Mail,0,37.88,,3,3,6,1,30,buyer,0,1,10,0,0,0,,,0,,0,"Home & Garden > Yard, Garden & Outdoor Living > Plants, Seeds & Bulbs > Plants & Seedlings","Riverside, California, United States",2026-04-03,184,,0,,,,,,,,,,,,,0,0,"Dracaena Lime Dragon - 6-inch Pot A striking dracaena with bright lime-green leaves edged in deeper green. Upright, compact, and very tolerant of indoor conditi",2026-10-04T05:47:25.199Z
,owner_portfolio,,1,168284607636,https://www.ebay.com/itm/168284607636,riversidegreenhouses,4,rooted pot,old,Curly Sue - Live Houseplant - 4-inch Pot,40,8,,,,,,,4,1,1,1,0,0,0,0,not specified,0,0,22,Brand|Type|Color|Features|Indoor/Outdoor|Climate|Number in Pack|Growth Stage|Sunlight|Watering|Foliage|MPN|Country of Origin|Soil Type|Growth Rate|Soil pH|Personalize|Item Height|Room|Item Length|Item Width|Item Weight,1,0,0,0,0,1,Unbranded,1,1,C18F520C,0,,0,1,1,1,0,405,62,1,1,1,0,1,0,0,0,26.74,9.99,USPS Priority Mail,0,36.73,,3,3,6,1,30,buyer,0,1,10,0,0,0,,,0,,0,"Home & Garden > Yard, Garden & Outdoor Living > Plants, Seeds & Bulbs > Plants & Seedlings","Riverside, California, United States",2026-04-03,184,,0,,,,,,,,,,,,,0,0,"Curly Sue - 4-inch Pot A quirky rush plant with tightly curled, spiraling green stems. Adds a fun, sculptural look to arrangements or pots. Care Requirements Li",2026-10-04T05:47:43.463Z
,owner_portfolio,,1,168284607638,https://www.ebay.com/itm/168284607638,riversidegreenhouses,4,rooted pot,old,Dwarf Fiddle Leaf Fig - Live Houseplant - 4-inch Pot,52,10,,,,,,,4,1,1,1,0,0,0,0,not specified,0,0,22,Brand|Type|Color|Features|Indoor/Outdoor|Climate|Number in Pack|Growth Stage|Sunlight|Watering|Foliage|MPN|Country of Origin|Soil Type|Growth Rate|Soil pH|Personalize|Item Height|Room|Item Length|Item Width|Item Weight,1,0,0,0,0,1,Unbranded,1,1,B078D9BD,0,,0,1,1,1,0,395,59,1,1,1,0,1,0,0,0,22.14,9.99,USPS Priority Mail,0,32.13,,3,3,6,1,30,buyer,0,1,10,0,0,0,,,0,,0,"Home & Garden > Yard, Garden & Outdoor Living > Plants, Seeds & Bulbs > Plants & Seedlings","Riverside, California, United States",2026-04-03,184,,0,,,,,,,,,,,,,0,0,"Dwarf Fiddle Leaf Fig - 4-inch Pot A compact, slow-growing fiddle leaf fig with smaller leaves and a bushier shape. Perfect for tabletops and small spaces. Care",2026-10-04T05:48:01.399Z
,owner_portfolio,,1,168284607641,https://www.ebay.com/itm/168284607641,riversidegreenhouses,4,rooted pot,old,Bromeliad - Live Houseplant - 4-inch Pot,40,7,,,,,,,4,1,1,1,0,0,0,0,not specified,0,0,23,Brand|Type|Color|Features|Indoor/Outdoor|Climate|Number in Pack|Growth Stage|Safety|Sunlight|Watering|Foliage|MPN|Country of Origin|Soil Type|Growth Rate|Soil pH|Personalize|Item Height|Room|Item Length|Item Width|Item Weight,1,0,0,0,0,1,Unbranded,1,1,A02NAQTU,0,,0,1,1,1,0,396,59,1,1,1,0,1,0,0,0,22.14,9.99,USPS Priority Mail,0,32.13,,3,3,6,1,30,buyer,0,1,10,0,0,0,,,0,,0,"Home & Garden > Yard, Garden & Outdoor Living > Plants, Seeds & Bulbs > Plants & Seedlings","Riverside, California, United States",2026-04-03,184,,0,,,,,,,,,,,,,0,0,Bromeliad - 4-inch Pot A stunning Bromeliad featuring striking red and white foliage. This plant is perfect for adding a tropical touch to any space. Care Requi,2026-10-04T05:48:22.732Z
,owner_portfolio,,1,168284607642,https://www.ebay.com/itm/168284607642,riversidegreenhouses,4,rooted pot,old,Florida Beauty - Live Houseplant - Standard Pot,47,8,,,,,,,,1,1,1,0,0,0,0,not specified,0,0,19,Brand|Type|Color|Features|Indoor/Outdoor|Climate|Number in Pack|Growth Stage|Sunlight|Watering|Foliage|MPN|Country of Origin|Soil Type|Growth Rate|Soil pH|Personalize|Room|Item Weight,1,0,0,0,0,1,Unbranded,1,1,RCO6QPJU,0,,0,1,1,1,0,367,56,1,0,1,0,1,0,0,0,29.04,9.99,USPS Priority Mail,0,39.03,,3,3,6,1,30,buyer,0,1,10,0,0,0,,,0,,0,"Home & Garden > Yard, Garden & Outdoor Living > Plants, Seeds & Bulbs > Plants & Seedlings","Riverside, California, United States",2026-04-03,184,,0,,,,,,,,,,,,,0,0,"Florida Beauty - Standard Pot A stunning variegated variety of Hoya, known for its beautiful foliage and easy care. Perfect for adding a touch of tropical elega",2026-10-04T05:48:41.088Z
,owner_portfolio,,1,168284607643,https://www.ebay.com/itm/168284607643,riversidegreenhouses,4,rooted pot,old,Flapjack - Live Houseplant - 4-inch Pot,39,7,,,,,,,4,1,1,1,0,0,0,0,not specified,0,0,23,Brand|Type|Color|Features|Indoor/Outdoor|Climate|Number in Pack|Growth Stage|Safety|Sunlight|Watering|Foliage|MPN|Country of Origin|Soil Type|Growth Rate|Soil pH|Personalize|Item Height|Room|Item Length|Item Width|Item Weight,1,0,0,0,0,1,Unbranded,1,1,THA9FTFJ,0,,0,1,1,1,0,434,66,1,1,1,0,1,0,0,0,29.04,9.99,USPS Priority Mail,0,39.03,,3,3,6,1,30,buyer,0,1,10,0,0,0,,,0,,0,"Home & Garden > Yard, Garden & Outdoor Living > Plants, Seeds & Bulbs > Plants & Seedlings","Riverside, California, United States",2026-04-03,184,,0,,,,,,,,,,,,,0,0,"Flapjack - 4-inch Pot Flapjack is a stunning succulent with unique, paddle-shaped leaves that can turn vibrant colors in bright light. It's perfect for adding a",2026-10-04T05:49:01.242Z
,owner_portfolio,,1,168284607650,https://www.ebay.com/itm/168284607650,riversidegreenhouses,4,rooted pot,old,Florida Ghost - Live Houseplant - 6-inch Pot,44,8,,,,,,,6,1,1,1,0,0,0,0,not specified,0,0,22,Brand|Type|Color|Features|Indoor/Outdoor|Climate|Number in Pack|Growth Stage|Sunlight|Watering|Foliage|MPN|Country of Origin|Soil Type|Growth Rate|Soil pH|Personalize|Item Height|Room|Item Length|Item Width|Item Weight,1,0,0,0,0,1,Unbranded,1,1,RCO6QPJU,0,,0,1,1,1,0,363,54,1,1,1,0,1,0,0,0,34.79,9.99,USPS Priority Mail,0,44.78,,3,3,6,1,30,buyer,0,1,10,0,0,0,,,0,,0,"Home & Garden > Yard, Garden & Outdoor Living > Plants, Seeds & Bulbs > Plants & Seedlings","Riverside, California, United States",2026-04-03,184,,0,,,,,,,,,,,,,0,0,"Florida Ghost - 6-inch Pot The Florida Ghost is a unique houseplant known for its striking white variegation and easy care requirements, making it a favorite am",2026-10-04T05:49:20.880Z
,owner_portfolio,,1,168284607651,https://www.ebay.com/itm/168284607651,riversidegreenhouses,4,rooted pot,old,Emerald Star - Live Houseplant - 4-inch Pot,43,8,,,,,,,4,1,1,1,0,0,0,0,not specified,0,0,22,Brand|Type|Color|Features|Indoor/Outdoor|Climate|Number in Pack|Growth Stage|Sunlight|Watering|Foliage|MPN|Country of Origin|Soil Type|Growth Rate|Soil pH|Personalize|Item Height|Room|Item Length|Item Width|Item Weight,1,0,0,0,0,1,Unbranded,1,1,K57DOWBQ,0,,0,1,1,1,0,453,68,1,1,1,0,1,0,0,0,19.26,9.99,USPS Priority Mail,0,29.25,,3,3,6,1,30,buyer,0,1,10,0,0,0,,,0,,0,"Home & Garden > Yard, Garden & Outdoor Living > Plants, Seeds & Bulbs > Plants & Seedlings","Riverside, California, United States",2026-04-03,184,,0,,,,,,,,,,,,,0,0,"Emerald Star - 4-inch Pot Compact Hoya cultivar with glossy, star-shaped leaves prized for its vibrant green color. Ideal for 4-inch pot production and retail d",2026-10-04T05:49:38.190Z
,owner_portfolio,,1,168284607654,https://www.ebay.com/itm/168284607654,riversidegreenhouses,4,rooted pot,old,Freddy - Live Houseplant - 6-inch Pot,37,7,,,,,,,6,1,1,1,0,0,0,0,not specified,0,0,22,Brand|Type|Color|Features|Indoor/Outdoor|Climate|Number in Pack|Growth Stage|Sunlight|Watering|Foliage|MPN|Country of Origin|Soil Type|Growth Rate|Soil pH|Personalize|Item Height|Room|Item Length|Item Width|Item Weight,1,0,0,0,0,1,Unbranded,1,1,RCO6QPJU,0,,0,1,1,1,0,359,56,1,1,1,0,1,0,0,0,29.04,9.99,USPS Priority Mail,0,39.03,,3,3,6,1,30,buyer,0,1,10,0,0,0,,,0,,0,"Home & Garden > Yard, Garden & Outdoor Living > Plants, Seeds & Bulbs > Plants & Seedlings","Riverside, California, United States",2026-04-03,184,,0,,,,,,,,,,,,,0,0,"Freddy - 6-inch Pot Freddy is a stunning Hoya variety known for its waxy leaves and aromatic flowers. Perfect for indoor settings where it thrives in bright, in",2026-10-04T05:49:57.973Z
,owner_portfolio,,1,168284607657,https://www.ebay.com/itm/168284607657,riversidegreenhouses,4,rooted pot,old,Grey Star - Live Houseplant - 4-inch Pot,40,8,,,,,,,4,1,1,1,0,0,0,0,not specified,0,0,22,Brand|Type|Color|Features|Indoor/Outdoor|Climate|Number in Pack|Growth Stage|Sunlight|Watering|Foliage|MPN|Country of Origin|Soil Type|Growth Rate|Soil pH|Personalize|Item Height|Room|Item Length|Item Width|Item Weight,1,0,0,0,0,1,Unbranded,1,1,RCO6QPJU,0,,0,1,1,1,0,394,60,1,1,1,0,1,0,0,0,17.54,9.99,USPS Priority Mail,0,27.53,,3,3,6,1,30,buyer,0,1,10,0,0,0,,,0,,0,"Home & Garden > Yard, Garden & Outdoor Living > Plants, Seeds & Bulbs > Plants & Seedlings","Riverside, California, United States",2026-04-03,184,,0,,,,,,,,,,,,,0,0,Grey Star - 4-inch Pot Grey Star is an eye-catching Hoya known for its striking foliage and unique star-shaped leaves. It thrives indoors and is perfect for beg,2026-10-04T05:14:30.065Z
,owner_portfolio,,1,168284607659,https://www.ebay.com/itm/168284607659,riversidegreenhouses,4,rooted pot,old,Epiperemnum Marble - Live Houseplant - 4-inch Pot,49,8,,,,,,,4,1,1,1,0,0,0,0,not specified,0,0,22,Brand|Type|Color|Features|Indoor/Outdoor|Climate|Number in Pack|Growth Stage|Sunlight|Watering|Foliage|MPN|Country of Origin|Soil Type|Growth Rate|Soil pH|Personalize|Item Height|Room|Item Length|Item Width|Item Weight,1,0,0,0,0,1,Unbranded,1,1,9NKSC7MD,0,,0,1,1,1,0,608,87,1,1,1,0,1,0,0,0,14.1,9.99,USPS Priority Mail,0,24.09,,3,3,6,1,30,buyer,0,1,10,0,0,0,,,0,,0,"Home & Garden > Yard, Garden & Outdoor Living > Plants, Seeds & Bulbs > Plants & Seedlings","Riverside, California, United States",2026-04-03,184,,0,,,,,,,,,,,,,0,0,Epiperemnum Marble - 4-inch Pot Variegated Epipremnum cultivar with cascading growth and marble-patterned leaves. Sold as a 4-inch wholesale pot ideal for hangi,2026-10-04T05:50:17.228Z
,owner_portfolio,,1,168284607664,https://www.ebay.com/itm/168284607664,riversidegreenhouses,4,rooted pot,old,Haworthia Zebra - Live Houseplant - 2-inch Pot,46,8,,,,,,,2,1,1,1,0,0,0,0,not specified,0,0,23,Brand|Type|Color|Features|Indoor/Outdoor|Climate|Number in Pack|Growth Stage|Safety|Sunlight|Watering|Foliage|MPN|Country of Origin|Soil Type|Growth Rate|Soil pH|Personalize|Item Height|Room|Item Length|Item Width|Item Weight,1,0,0,0,0,1,Unbranded,1,1,THA9FTFJ,0,,0,1,1,1,0,499,74,1,1,1,0,1,0,0,0,15.24,9.99,USPS Priority Mail,0,25.23,,3,3,6,1,30,buyer,0,1,10,0,0,0,,,0,,0,"Home & Garden > Yard, Garden & Outdoor Living > Plants, Seeds & Bulbs > Plants & Seedlings","Riverside, California, United States",2026-04-03,184,,0,,,,,,,,,,,,,0,0,Haworthia Zebra - 2-inch Pot Haworthia Zebra is a charming succulent known for its striking striped leaves that make it a popular choice for indoor gardens and ,2026-10-04T05:50:32.955Z
,owner_portfolio,,1,168284607668,https://www.ebay.com/itm/168284607668,riversidegreenhouses,4,rooted pot,old,Hoya Rotundiflora - Live Houseplant - 4-inch Pot,48,8,,,,,,,4,1,1,1,0,0,0,0,not specified,0,0,22,Brand|Type|Color|Features|Indoor/Outdoor|Climate|Number in Pack|Growth Stage|Sunlight|Watering|Foliage|MPN|Country of Origin|Soil Type|Growth Rate|Soil pH|Personalize|Item Height|Room|Item Length|Item Width|Item Weight,1,0,0,0,0,1,Unbranded,1,1,RCO6QPJU,0,,0,1,1,1,0,440,67,1,1,1,0,1,0,0,0,63.55,9.99,USPS Priority Mail,0,73.54,,3,3,6,1,30,buyer,0,1,10,0,0,1,,,0,,0,"Home & Garden > Yard, Garden & Outdoor Living > Plants, Seeds & Bulbs > Plants & Seedlings","Riverside, California, United States",2026-04-03,184,,0,,,,,,,,,,,,,0,0,Hoya Rotundiflora - 4-inch Pot Hoya Rotundiflora is a stunning vining plant known for its round leaves and fragrant flowers. It's an excellent choice for hangin,2026-10-04T05:50:52.956Z
,owner_portfolio,,1,168284607670,https://www.ebay.com/itm/168284607670,riversidegreenhouses,4,rooted pot,old,Hoya Crimson Princess - Live Houseplant - 6-inch Pot,52,9,,,,,,,6,1,1,1,0,0,0,0,not specified,0,0,22,Brand|Type|Color|Features|Indoor/Outdoor|Climate|Number in Pack|Growth Stage|Sunlight|Watering|Foliage|MPN|Country of Origin|Soil Type|Growth Rate|Soil pH|Personalize|Item Height|Room|Item Length|Item Width|Item Weight,1,0,0,0,0,1,Unbranded,1,1,DSGK0FTP,0,,0,1,1,1,0,463,70,1,1,1,0,1,0,0,0,27.78,9.99,USPS Priority Mail,0,37.77,,3,3,6,1,30,buyer,0,1,10,0,0,0,,,0,,0,"Home & Garden > Yard, Garden & Outdoor Living > Plants, Seeds & Bulbs > Plants & Seedlings","Riverside, California, United States",2026-04-03,184,,0,,,,,,,,,,,,,0,0,"Hoya Crimson Princess - 6-inch Pot The Hoya Crimson Princess is a striking vining plant known for its attractive, variegated leaves with deep green and cream co",2026-10-04T05:51:13.971Z
,owner_portfolio,,1,168284607678,https://www.ebay.com/itm/168284607678,riversidegreenhouses,4,rooted pot,old,Hoya Carnosa - Live Houseplant - 4-inch Pot,43,8,,,,,,,4,1,1,1,0,0,0,0,not specified,0,0,22,Brand|Type|Color|Features|Indoor/Outdoor|Climate|Number in Pack|Growth Stage|Sunlight|Watering|Foliage|MPN|Country of Origin|Soil Type|Growth Rate|Soil pH|Personalize|Item Height|Room|Item Length|Item Width|Item Weight,1,0,0,0,0,1,Unbranded,1,1,THA9FTFJ,0,,0,1,1,1,0,492,72,1,1,1,0,1,0,0,0,19.84,9.99,USPS Priority Mail,0,29.83,,3,3,6,1,30,buyer,0,1,10,0,0,0,,,0,,0,"Home & Garden > Yard, Garden & Outdoor Living > Plants, Seeds & Bulbs > Plants & Seedlings","Riverside, California, United States",2026-04-03,184,,0,,,,,,,,,,,,,0,0,"Hoya Carnosa - 4-inch Pot Hoya Carnosa, commonly known as the wax plant, is a hardy, easy-to-grow vine that produces stunning clusters of fragrant flowers. Idea",2026-10-04T05:51:33.147Z
,owner_portfolio,,1,168284607679,https://www.ebay.com/itm/168284607679,riversidegreenhouses,4,rooted pot,old,Hoya Sunrise - Live Houseplant - Standard Pot,45,8,,,,,,,,1,1,1,0,0,0,0,not specified,0,0,19,Brand|Type|Color|Features|Indoor/Outdoor|Climate|Number in Pack|Growth Stage|Sunlight|Watering|Foliage|MPN|Country of Origin|Soil Type|Growth Rate|Soil pH|Personalize|Room|Item Weight,1,0,0,0,0,1,Unbranded,1,1,DSGK0FTP,0,,0,1,1,1,0,458,66,1,0,1,0,1,0,0,0,26.74,9.99,USPS Priority Mail,0,36.73,,3,3,6,1,30,buyer,0,1,10,0,0,0,,,0,,0,"Home & Garden > Yard, Garden & Outdoor Living > Plants, Seeds & Bulbs > Plants & Seedlings","Riverside, California, United States",2026-04-03,184,,0,,,,,,,,,,,,,0,0,"Hoya Sunrise - Standard Pot Hoya Sunrise features beautiful variegated leaves that change color with light exposure, making it a striking addition to any collec",2026-10-04T05:51:49.169Z
,owner_portfolio,,1,168284607683,https://www.ebay.com/itm/168284607683,riversidegreenhouses,4,rooted pot,old,Lime Dragon - Live Houseplant - 4-inch Pot,42,8,,,,,,,4,1,1,1,0,0,0,0,not specified,0,0,22,Brand|Type|Color|Features|Indoor/Outdoor|Climate|Number in Pack|Growth Stage|Sunlight|Watering|Foliage|MPN|Country of Origin|Soil Type|Growth Rate|Soil pH|Personalize|Item Height|Room|Item Length|Item Width|Item Weight,1,0,0,0,0,1,Unbranded,1,1,DSGK0FTP,0,,0,1,1,1,0,459,70,1,1,1,0,1,0,1,0,20.99,9.99,USPS Priority Mail,0,30.98,,3,3,6,1,30,buyer,0,1,10,0,0,0,,,0,,0,"Home & Garden > Yard, Garden & Outdoor Living > Plants, Seeds & Bulbs > Plants & Seedlings","Riverside, California, United States",2026-04-03,184,,0,,,,,,,,,,,,,0,0,"Lime Dragon - 4-inch Pot The Lime Dragon is a unique and attractive member of the Hoya family, characterized by its striking green leaves and easy-care nature, ",2026-10-04T05:52:09.440Z
,owner_portfolio,,1,168284607688,https://www.ebay.com/itm/168284607688,riversidegreenhouses,4,rooted pot,old,Lemon Lime Philodendron - Live Houseplant - 2-inch Pot,54,9,,,,,,,2,1,1,1,0,0,0,0,not specified,0,0,22,Brand|Type|Color|Features|Indoor/Outdoor|Climate|Number in Pack|Growth Stage|Sunlight|Watering|Foliage|MPN|Country of Origin|Soil Type|Growth Rate|Soil pH|Personalize|Item Height|Room|Item Length|Item Width|Item Weight,1,0,0,0,0,1,Unbranded,1,1,DSGK0FTP,0,,0,1,1,1,0,533,80,1,1,1,0,1,0,0,0,15.28,9.99,USPS Priority Mail,0,25.27,,3,3,6,1,30,buyer,0,1,10,0,0,0,,,0,,0,"Home & Garden > Yard, Garden & Outdoor Living > Plants, Seeds & Bulbs > Plants & Seedlings","Riverside, California, United States",2026-04-03,184,,0,,,,,,,,,,,,,0,0,"Lemon Lime Philodendron - 2-inch Pot The Lemon Lime Philodendron is a vibrant and easy-to-care-for plant, known for its striking variegated leaves that add a sp",2026-10-04T05:52:27.218Z
,owner_portfolio,,1,168284607690,https://www.ebay.com/itm/168284607690,riversidegreenhouses,4,rooted pot,old,Hoya - Live Houseplant - 4-inch Pot,35,7,,,,,,,4,1,1,1,0,0,0,0,not specified,0,0,22,Brand|Type|Color|Features|Indoor/Outdoor|Climate|Number in Pack|Growth Stage|Sunlight|Watering|Foliage|MPN|Country of Origin|Soil Type|Growth Rate|Soil pH|Personalize|Item Height|Room|Item Length|Item Width|Item Weight,1,0,0,0,0,1,Unbranded,1,1,DSGK0FTP,0,,0,1,1,1,0,467,71,1,1,1,0,1,0,0,0,34.8,9.99,USPS Priority Mail,0,44.79,,3,3,6,1,30,buyer,0,1,10,0,0,0,,,0,,0,"Home & Garden > Yard, Garden & Outdoor Living > Plants, Seeds & Bulbs > Plants & Seedlings","Riverside, California, United States",2026-04-03,184,,0,,,,,,,,,,,,,0,0,Hoya - 4-inch Pot Hoya Sigillatis is a unique vining plant known for its beautiful waxy leaves and charming flowers. This hardy plant thrives in various conditi,2026-10-04T05:52:46.575Z
,owner_portfolio,,1,168284607692,https://www.ebay.com/itm/168284607692,riversidegreenhouses,4,rooted pot,old,Marble Queen - Live Houseplant - Standard Pot,45,8,,,,,,,,1,1,1,0,0,0,0,not specified,0,0,19,Brand|Type|Color|Features|Indoor/Outdoor|Climate|Number in Pack|Growth Stage|Sunlight|Watering|Foliage|MPN|Country of Origin|Soil Type|Growth Rate|Soil pH|Personalize|Room|Item Weight,1,0,0,0,0,1,Unbranded,1,1,DSGK0FTP,0,,0,1,1,1,0,524,79,1,0,1,0,1,0,0,0,20.99,9.99,USPS Priority Mail,0,30.98,,3,3,6,1,30,buyer,0,1,10,0,0,0,,,0,,0,"Home & Garden > Yard, Garden & Outdoor Living > Plants, Seeds & Bulbs > Plants & Seedlings","Riverside, California, United States",2026-04-03,184,,0,,,,,,,,,,,,,0,0,Marble Queen - Standard Pot The Marble Queen is a stunning variety of pothos known for its attractive variegated foliage. This hardy plant is perfect for bright,2026-10-04T05:53:05.258Z
,owner_portfolio,,1,168284607698,https://www.ebay.com/itm/168284607698,riversidegreenhouses,4,rooted pot,old,Moonshine - Live Houseplant - Standard Pot,42,7,,,,,,,,1,1,1,0,0,0,0,not specified,0,0,19,Brand|Type|Color|Features|Indoor/Outdoor|Climate|Number in Pack|Growth Stage|Sunlight|Watering|Foliage|MPN|Country of Origin|Soil Type|Growth Rate|Soil pH|Personalize|Room|Item Weight,1,0,0,0,0,1,Unbranded,1,1,THA9FTFJ,0,,0,1,1,1,0,454,67,1,0,1,0,1,0,0,0,21.0,9.99,USPS Priority Mail,0,30.99,,3,3,6,1,30,buyer,0,1,10,0,0,0,,,0,,0,"Home & Garden > Yard, Garden & Outdoor Living > Plants, Seeds & Bulbs > Plants & Seedlings","Riverside, California, United States",2026-04-03,184,,0,,,,,,,,,,,,,0,0,"Moonshine - Standard Pot The Moonshine Hoya is a beautiful trailing plant with striking silver foliage, perfect for indoor gardens. This low-maintenance plant t",2026-10-04T05:39:21.106Z
,owner_portfolio,,1,168284607699,https://www.ebay.com/itm/168284607699,riversidegreenhouses,4,rooted pot,old,Neon Cordatum - Live Houseplant - 4-inch Pot,44,8,,,,,,,4,1,1,1,0,0,0,0,not specified,0,0,22,Brand|Type|Color|Features|Indoor/Outdoor|Climate|Number in Pack|Growth Stage|Sunlight|Watering|Foliage|MPN|Country of Origin|Soil Type|Growth Rate|Soil pH|Personalize|Item Height|Room|Item Length|Item Width|Item Weight,1,0,0,0,0,1,Unbranded,1,1,THA9FTFJ,0,,0,1,1,1,0,474,71,1,1,1,0,1,0,0,0,19.84,9.99,USPS Priority Mail,0,29.83,,3,3,6,1,30,buyer,0,1,10,0,0,0,,,0,,0,"Home & Garden > Yard, Garden & Outdoor Living > Plants, Seeds & Bulbs > Plants & Seedlings","Riverside, California, United States",2026-04-03,184,,0,,,,,,,,,,,,,0,0,"Neon Cordatum - 4-inch Pot Neon Cordatum is an attractive trailing plant known for its vibrant, heart-shaped leaves that showcase a stunning neon color. This lo",2026-10-04T05:53:25.475Z
,owner_portfolio,,1,168284607700,https://www.ebay.com/itm/168284607700,riversidegreenhouses,4,rooted pot,old,Peace Lily - Live Houseplant - 6-inch Pot,41,8,,,,,,,6,1,1,1,0,0,0,0,not specified,0,0,22,Brand|Type|Color|Features|Indoor/Outdoor|Climate|Number in Pack|Growth Stage|Sunlight|Watering|Foliage|MPN|Country of Origin|Soil Type|Growth Rate|Soil pH|Personalize|Item Height|Room|Item Length|Item Width|Item Weight,1,0,0,0,0,1,Unbranded,1,1,THA9FTFJ,0,,0,1,1,1,0,455,70,1,1,1,0,1,0,0,0,23.3,9.99,USPS Priority Mail,0,33.29,,3,3,6,1,30,buyer,0,1,10,0,0,0,,,0,,0,"Home & Garden > Yard, Garden & Outdoor Living > Plants, Seeds & Bulbs > Plants & Seedlings","Riverside, California, United States",2026-04-03,184,,0,,,,,,,,,,,,,0,0,"Peace Lily - 6-inch Pot The Peace Lily is a beautiful, low-maintenance houseplant known for its elegant white flowers and lush green foliage. It thrives in low ",2026-10-04T05:53:44.445Z
,owner_portfolio,,1,168284607704,https://www.ebay.com/itm/168284607704,riversidegreenhouses,4,rooted pot,old,Monstera Constellation - Live Houseplant - 4-inch Pot,53,8,,,,,,,4,1,1,1,0,0,0,0,not specified,0,0,22,Brand|Type|Color|Features|Indoor/Outdoor|Climate|Number in Pack|Growth Stage|Sunlight|Watering|Foliage|MPN|Country of Origin|Soil Type|Growth Rate|Soil pH|Personalize|Item Height|Room|Item Length|Item Width|Item Weight,1,0,0,0,0,1,Unbranded,1,1,8B7E989B,0,,0,1,1,1,0,459,64,1,1,1,0,1,0,0,0,126.8,9.99,USPS Priority Mail,0,136.79,,3,3,6,1,30,buyer,0,1,10,0,0,1,,,0,,0,"Home & Garden > Yard, Garden & Outdoor Living > Plants, Seeds & Bulbs > Plants & Seedlings","Riverside, California, United States",2026-04-03,184,,0,,,,,,,,,,,,,0,0,"Monstera Constellation - 4-inch Pot A rare variegated monstera with creamy splashes and speckles resembling a starry sky. Thick, fenestrated leaves and strong g",2026-10-04T05:54:04.498Z
,owner_portfolio,,1,168284607705,https://www.ebay.com/itm/168284607705,riversidegreenhouses,4,rooted pot,old,Manjula Pothos - Live Houseplant - 4-inch Pot,45,8,,,,,,,4,1,1,1,0,0,0,0,not specified,0,0,22,Brand|Type|Color|Features|Indoor/Outdoor|Climate|Number in Pack|Growth Stage|Sunlight|Watering|Foliage|MPN|Country of Origin|Soil Type|Growth Rate|Soil pH|Personalize|Item Height|Room|Item Length|Item Width|Item Weight,1,0,0,0,0,1,Unbranded,1,1,THA9FTFJ,0,,0,1,1,1,0,427,65,1,1,1,0,1,0,0,0,40.55,9.99,USPS Priority Mail,0,50.54,,3,3,6,1,30,buyer,0,1,10,0,0,0,,,0,,0,"Home & Garden > Yard, Garden & Outdoor Living > Plants, Seeds & Bulbs > Plants & Seedlings","Riverside, California, United States",2026-04-03,184,,0,,,,,,,,,,,,,0,0,"Manjula Pothos - 4-inch Pot The Manjula Pothos is a stunning trailing vine known for its attractive, variegated leaves. This easy-to-care-for plant is perfect f",2026-10-04T05:54:21.998Z
,owner_portfolio,,1,168284607709,https://www.ebay.com/itm/168284607709,riversidegreenhouses,4,rooted pot,old,Philodendron bipennifolium - Live Houseplant - 4-inch Pot,57,8,,,,,,,4,1,1,1,0,0,0,0,not specified,0,0,22,Brand|Type|Color|Features|Indoor/Outdoor|Climate|Number in Pack|Growth Stage|Sunlight|Watering|Foliage|MPN|Country of Origin|Soil Type|Growth Rate|Soil pH|Personalize|Item Height|Room|Item Length|Item Width|Item Weight,1,0,0,0,0,1,Unbranded,1,1,475E0F7D,0,,0,1,1,1,0,333,48,1,1,1,0,1,0,0,0,53.19,9.99,USPS Priority Mail,0,63.18,,3,3,6,1,30,buyer,0,1,10,0,0,0,,,0,,0,"Home & Garden > Yard, Garden & Outdoor Living > Plants, Seeds & Bulbs > Plants & Seedlings","Riverside, California, United States",2026-04-03,184,,0,,,,,,,,,,,,,0,0,Philodendron bipennifolium - 4-inch Pot Distinctive “horsehead” or lobed leaves; fast-growing and vining. Care Requirements Light: Medium to bright indirect lig,2026-10-04T05:54:41.668Z
,owner_portfolio,,1,168284607717,https://www.ebay.com/itm/168284607717,riversidegreenhouses,4,rooted pot,old,Pink Polka - Live Houseplant - 2-inch Pot,41,8,,,,,,,2,1,1,1,0,0,0,0,not specified,0,0,22,Brand|Type|Color|Features|Indoor/Outdoor|Climate|Number in Pack|Growth Stage|Sunlight|Watering|Foliage|MPN|Country of Origin|Soil Type|Growth Rate|Soil pH|Personalize|Item Height|Room|Item Length|Item Width|Item Weight,1,0,0,0,0,1,Unbranded,1,1,THA9FTFJ,0,,0,1,1,1,0,382,61,1,1,1,0,1,0,0,0,15.24,9.99,USPS Priority Mail,0,25.23,,3,3,6,1,30,buyer,0,1,10,0,0,0,,,0,,0,"Home & Garden > Yard, Garden & Outdoor Living > Plants, Seeds & Bulbs > Plants & Seedlings","Riverside, California, United States",2026-04-03,184,,0,,,,,,,,,,,,,0,0,Pink Polka - 2-inch Pot A stunning vining plant with unique pink and green variegated leaves. Perfect for adding a pop of color to any indoor space. Care Requir,2026-10-04T05:55:01.385Z
,owner_portfolio,,1,168284607719,https://www.ebay.com/itm/168284607719,riversidegreenhouses,4,rooted pot,old,Prince Of Orange - Live Houseplant - 6-inch Pot,47,9,,,,,,,6,1,1,1,0,0,0,0,not specified,0,0,22,Brand|Type|Color|Features|Indoor/Outdoor|Climate|Number in Pack|Growth Stage|Sunlight|Watering|Foliage|MPN|Country of Origin|Soil Type|Growth Rate|Soil pH|Personalize|Item Height|Room|Item Length|Item Width|Item Weight,1,0,0,0,0,1,Unbranded,1,1,A02NAQTU,0,,0,1,1,1,0,475,75,1,1,1,0,1,0,0,0,31.34,9.99,USPS Priority Mail,0,41.33,,3,3,6,1,30,buyer,0,1,10,0,0,0,,,0,,0,"Home & Garden > Yard, Garden & Outdoor Living > Plants, Seeds & Bulbs > Plants & Seedlings","Riverside, California, United States",2026-04-03,184,,0,,,,,,,,,,,,,0,0,Prince Of Orange - 6-inch Pot Philodendron 'Prince Of Orange' is a stunning tropical houseplant known for its vibrant orange leaves that mature to a rich green.,2026-10-04T05:55:22.253Z
,owner_portfolio,,1,168284607722,https://www.ebay.com/itm/168284607722,riversidegreenhouses,4,rooted pot,old,Pink Wandering Jew - Live Houseplant - 6-inch Pot,49,9,,,,,,,6,1,1,1,0,0,0,0,not specified,0,0,23,Brand|Type|Color|Features|Indoor/Outdoor|Climate|Number in Pack|Growth Stage|Safety|Sunlight|Watering|Foliage|MPN|Country of Origin|Soil Type|Growth Rate|Soil pH|Personalize|Item Height|Room|Item Length|Item Width|Item Weight,1,0,0,0,0,1,Unbranded,1,1,THA9FTFJ,0,,0,1,1,1,0,472,73,1,1,1,0,1,0,0,0,16.39,9.99,USPS Priority Mail,0,26.38,,3,3,6,1,30,buyer,0,1,10,0,0,0,,,0,,0,"Home & Garden > Yard, Garden & Outdoor Living > Plants, Seeds & Bulbs > Plants & Seedlings","Riverside, California, United States",2026-04-03,184,,0,,,,,,,,,,,,,0,0,"Pink Wandering Jew - 6-inch Pot Known for its beautiful pink and green leaves, the Pink Wandering Jew thrives indoors as a stunning ornamental plant. It's easy ",2026-10-04T05:55:42.846Z
,owner_portfolio,,1,168284607723,https://www.ebay.com/itm/168284607723,riversidegreenhouses,4,rooted pot,old,Philodendron Bip Aurea - Live Houseplant - 4-inch Pot,53,9,,,,,,,4,1,1,1,0,0,0,0,not specified,0,0,22,Brand|Type|Color|Features|Indoor/Outdoor|Climate|Number in Pack|Growth Stage|Sunlight|Watering|Foliage|MPN|Country of Origin|Soil Type|Growth Rate|Soil pH|Personalize|Item Height|Room|Item Length|Item Width|Item Weight,1,0,0,0,0,1,Unbranded,1,1,THA9FTFJ,0,,0,1,1,1,0,468,69,1,1,1,0,1,0,0,0,25.59,9.99,USPS Priority Mail,0,35.58,,3,3,6,1,30,buyer,0,1,10,0,0,0,,,0,,0,"Home & Garden > Yard, Garden & Outdoor Living > Plants, Seeds & Bulbs > Plants & Seedlings","Riverside, California, United States",2026-04-03,184,,0,,,,,,,,,,,,,0,0,Philodendron Bip Aurea - 4-inch Pot Philodendron Bip Aurea is a stunning tropical plant known for its attractive foliage and vibrant colors. It's an excellent c,2026-10-04T05:56:02.609Z
,owner_portfolio,,1,168284607725,https://www.ebay.com/itm/168284607725,riversidegreenhouses,4,rooted pot,old,Purple Star - Live Houseplant - 6-inch Pot,42,8,,,,,,,6,1,1,1,0,0,0,0,not specified,0,0,22,Brand|Type|Color|Features|Indoor/Outdoor|Climate|Number in Pack|Growth Stage|Sunlight|Watering|Foliage|MPN|Country of Origin|Soil Type|Growth Rate|Soil pH|Personalize|Item Height|Room|Item Length|Item Width|Item Weight,1,0,0,0,0,1,Unbranded,1,1,A02NAQTU,0,,0,1,1,1,0,460,72,1,1,1,0,1,0,0,0,19.85,9.99,USPS Priority Mail,0,29.84,,3,3,6,1,30,buyer,0,1,10,0,0,0,,,0,,0,"Home & Garden > Yard, Garden & Outdoor Living > Plants, Seeds & Bulbs > Plants & Seedlings","Riverside, California, United States",2026-04-03,184,,0,,,,,,,,,,,,,0,0,"Purple Star - 6-inch Pot The Purple Star is a stunning vining plant known for its unique star-shaped flowers and vibrant purple hues. It thrives in bright, indi",2026-10-04T05:56:21.178Z
,owner_portfolio,,1,168284607727,https://www.ebay.com/itm/168284607727,riversidegreenhouses,4,rooted pot,old,Pink Fittonia - Live Houseplant - 4-inch Pot,44,8,,,,,,,4,1,1,1,0,0,0,0,not specified,0,0,23,Brand|Type|Color|Features|Indoor/Outdoor|Climate|Number in Pack|Growth Stage|Safety|Sunlight|Watering|Foliage|MPN|Country of Origin|Soil Type|Growth Rate|Soil pH|Personalize|Item Height|Room|Item Length|Item Width|Item Weight,1,0,0,0,0,1,Unbranded,1,1,DSGK0FTP,0,,0,1,1,1,0,480,70,1,1,1,0,1,0,0,0,20.25,9.99,USPS Priority Mail,0,30.24,,3,3,6,1,30,buyer,0,1,10,0,0,0,,,0,,0,"Home & Garden > Yard, Garden & Outdoor Living > Plants, Seeds & Bulbs > Plants & Seedlings","Riverside, California, United States",2026-04-03,184,,0,,,,,,,,,,,,,0,0,"Pink Fittonia - 4-inch Pot Fittonia, also known as Nerve Plant, showcases vibrant pink veins that stand out against its deep green foliage. This adaptable house",2026-10-04T05:56:41.556Z
,owner_portfolio,,1,168284607729,https://www.ebay.com/itm/168284607729,riversidegreenhouses,4,rooted pot,old,Rabbit's Foot Fern - Live Houseplant - Standard Pot,51,9,,,,,,,,1,1,1,0,0,0,0,not specified,0,0,20,Brand|Type|Color|Features|Indoor/Outdoor|Climate|Number in Pack|Growth Stage|Safety|Sunlight|Watering|Foliage|MPN|Country of Origin|Soil Type|Growth Rate|Soil pH|Personalize|Room|Item Weight,1,0,0,0,0,1,Unbranded,1,1,A02NAQTU,0,,0,1,1,1,0,528,82,1,0,1,0,1,0,0,0,19.84,9.99,USPS Priority Mail,0,29.83,,3,3,6,1,30,buyer,0,1,10,0,0,0,,,0,,0,"Home & Garden > Yard, Garden & Outdoor Living > Plants, Seeds & Bulbs > Plants & Seedlings","Riverside, California, United States",2026-04-03,184,,0,,,,,,,,,,,,,0,0,"Rabbit's Foot Fern - Standard Pot The Rabbit's Foot Fern features unique, furry rhizomes that add an interesting texture to any collection. It thrives in low to",2026-10-04T05:57:03.501Z
,owner_portfolio,,1,168284607730,https://www.ebay.com/itm/168284607730,riversidegreenhouses,4,rooted pot,old,Rainbow Anthurium - Live Houseplant - Standard Pot,50,8,,,,,,,,1,1,1,0,0,0,0,not specified,0,0,19,Brand|Type|Color|Features|Indoor/Outdoor|Climate|Number in Pack|Growth Stage|Sunlight|Watering|Foliage|MPN|Country of Origin|Soil Type|Growth Rate|Soil pH|Personalize|Room|Item Weight,1,0,0,0,0,1,Unbranded,1,1,YJ2N2HGZ,0,,0,1,1,1,0,440,63,1,0,1,0,1,0,0,0,23.29,9.99,USPS Priority Mail,0,33.28,,3,3,6,1,30,buyer,0,1,10,0,0,0,,,0,,0,"Home & Garden > Yard, Garden & Outdoor Living > Plants, Seeds & Bulbs > Plants & Seedlings","Riverside, California, United States",2026-04-03,184,,0,,,,,,,,,,,,,0,0,"Rainbow Anthurium - Standard Pot The Rainbow Anthurium produces vibrant, glossy leaves and stunning heart-shaped flowers that bloom in an array of colors, makin",2026-10-04T05:57:20.281Z
,owner_portfolio,,1,168284607734,https://www.ebay.com/itm/168284607734,riversidegreenhouses,4,rooted pot,old,Red Fittonia - Live Houseplant - 4-inch Pot,43,8,,,,,,,4,1,1,1,0,0,0,0,not specified,0,0,23,Brand|Type|Color|Features|Indoor/Outdoor|Climate|Number in Pack|Growth Stage|Safety|Sunlight|Watering|Foliage|MPN|Country of Origin|Soil Type|Growth Rate|Soil pH|Personalize|Item Height|Room|Item Length|Item Width|Item Weight,1,0,0,0,0,1,Unbranded,1,1,A02NAQTU,0,,0,1,1,1,0,576,90,1,1,1,0,1,0,0,0,20.99,9.99,USPS Priority Mail,0,30.98,,3,3,6,1,30,buyer,0,1,10,0,0,0,,,0,,0,"Home & Garden > Yard, Garden & Outdoor Living > Plants, Seeds & Bulbs > Plants & Seedlings","Riverside, California, United States",2026-04-03,184,,0,,,,,,,,,,,,,0,0,Red Fittonia - 4-inch Pot The Red Fittonia is a vibrant houseplant known for its striking red veins and lush green foliage. It thrives in humid environments and,2026-10-04T05:57:41.376Z
,owner_portfolio,,1,168284607737,https://www.ebay.com/itm/168284607737,riversidegreenhouses,4,rooted pot,old,Shooting Star - Live Houseplant - 4-inch Pot,44,8,,,,,,,4,1,1,1,0,0,0,0,not specified,0,0,22,Brand|Type|Color|Features|Indoor/Outdoor|Climate|Number in Pack|Growth Stage|Sunlight|Watering|Foliage|MPN|Country of Origin|Soil Type|Growth Rate|Soil pH|Personalize|Item Height|Room|Item Length|Item Width|Item Weight,1,0,0,0,0,1,Unbranded,1,1,YJ2N2HGZ,0,,0,1,1,1,0,470,71,1,1,1,0,1,0,0,0,30.19,9.99,USPS Priority Mail,0,40.18,,3,3,6,1,30,buyer,0,1,10,0,0,0,,,0,,0,"Home & Garden > Yard, Garden & Outdoor Living > Plants, Seeds & Bulbs > Plants & Seedlings","Riverside, California, United States",2026-04-03,184,,0,,,,,,,,,,,,,0,0,Shooting Star - 4-inch Pot The Shooting Star is a beautiful perennial flower that features unique drooping blossoms resembling stars in the sky. It thrives in w,2026-10-04T05:58:02.626Z
,owner_portfolio,,1,168284607739,https://www.ebay.com/itm/168284607739,riversidegreenhouses,4,rooted pot,old,Plumosa Fern - Live Houseplant - 3-inch Pot,43,8,,,,,,,3,1,1,1,0,0,0,0,not specified,0,0,23,Brand|Type|Color|Features|Indoor/Outdoor|Climate|Number in Pack|Growth Stage|Safety|Sunlight|Watering|Foliage|MPN|Country of Origin|Soil Type|Growth Rate|Soil pH|Personalize|Item Height|Room|Item Length|Item Width|Item Weight,1,0,0,0,0,1,Unbranded,1,1,A02NAQTU,0,,0,1,1,1,0,420,66,1,1,1,0,1,0,0,0,15.24,9.99,USPS Priority Mail,0,25.23,,3,3,6,1,30,buyer,0,1,10,0,0,0,,,0,,0,"Home & Garden > Yard, Garden & Outdoor Living > Plants, Seeds & Bulbs > Plants & Seedlings","Riverside, California, United States",2026-04-03,184,,0,,,,,,,,,,,,,0,0,"Plumosa Fern - 3-inch Pot The Plumosa Fern is an elegant, feathery fern known for its lush, soft foliage. It thrives in indirect light and adds a touch of green",2026-10-04T05:58:19.582Z
,owner_portfolio,,1,168284607740,https://www.ebay.com/itm/168284607740,riversidegreenhouses,4,rooted pot,old,Sansevieria - Live Houseplant - 6-inch Pot,42,7,,,,,,,6,1,1,1,0,0,0,0,not specified,0,0,22,Brand|Type|Color|Features|Indoor/Outdoor|Climate|Number in Pack|Growth Stage|Sunlight|Watering|Foliage|MPN|Country of Origin|Soil Type|Growth Rate|Soil pH|Personalize|Item Height|Room|Item Length|Item Width|Item Weight,1,0,0,0,0,1,Unbranded,1,1,A02NAQTU,0,,0,1,1,1,0,414,56,1,1,1,0,1,0,0,0,26.74,9.99,USPS Priority Mail,0,36.73,,3,3,6,1,30,buyer,0,1,10,0,0,0,,,0,,0,"Home & Garden > Yard, Garden & Outdoor Living > Plants, Seeds & Bulbs > Plants & Seedlings","Riverside, California, United States",2026-04-03,184,,0,,,,,,,,,,,,,0,0,"Sansevieria - 6-inch Pot Sansevieria is a low-care, air-purifying plant known for its striking upright leaves. Perfect for indoor spaces and requires minimal ma",2026-10-04T05:58:39.368Z
,owner_portfolio,,1,168284607744,https://www.ebay.com/itm/168284607744,riversidegreenhouses,4,rooted pot,old,Schefflera - Live Houseplant - 4-inch Pot,41,7,,,,,,,4,1,1,1,0,0,0,0,not specified,0,0,23,Brand|Type|Color|Features|Indoor/Outdoor|Climate|Number in Pack|Growth Stage|Safety|Sunlight|Watering|Foliage|MPN|Country of Origin|Soil Type|Growth Rate|Soil pH|Personalize|Item Height|Room|Item Length|Item Width|Item Weight,1,0,0,0,0,1,Unbranded,1,1,A02NAQTU,0,,0,1,1,1,0,425,63,1,1,1,0,1,0,0,0,20.99,9.99,USPS Priority Mail,0,30.98,,3,3,6,1,30,buyer,0,1,10,0,0,1,,,0,,0,"Home & Garden > Yard, Garden & Outdoor Living > Plants, Seeds & Bulbs > Plants & Seedlings","Riverside, California, United States",2026-04-03,184,,0,,,,,,,,,,,,,0,0,"Schefflera - 4-inch Pot Schefflera is a popular indoor plant known for its lush, glossy foliage and easy care. Ideal for beginners, it thrives in various light ",2026-10-04T05:58:55.796Z
,owner_portfolio,,1,168284607749,https://www.ebay.com/itm/168284607749,riversidegreenhouses,4,rooted pot,old,Silver Dollar Vine - Live Houseplant - 4-inch Pot,49,9,,,,,,,4,1,1,1,0,0,0,0,not specified,0,0,22,Brand|Type|Color|Features|Indoor/Outdoor|Climate|Number in Pack|Growth Stage|Sunlight|Watering|Foliage|MPN|Country of Origin|Soil Type|Growth Rate|Soil pH|Personalize|Item Height|Room|Item Length|Item Width|Item Weight,1,0,0,0,0,1,Unbranded,1,1,HIEJN8L4,0,,0,1,1,1,0,467,72,1,1,1,0,1,0,0,0,29.04,9.99,USPS Priority Mail,0,39.03,,3,3,6,1,30,buyer,0,1,10,0,0,1,1,,0,,0,"Home & Garden > Yard, Garden & Outdoor Living > Plants, Seeds & Bulbs > Plants & Seedlings","Riverside, California, United States",2026-04-03,184,,0,,,,,,,,,,,,,0,0,"Silver Dollar Vine - 4-inch Pot Silver Dollar Vine is a versatile succulent known for its beautiful, round leaves that can cascade gracefully. It thrives in bri",2026-10-04T05:59:17.774Z
,owner_portfolio,,1,168284607750,https://www.ebay.com/itm/168284607750,riversidegreenhouses,4,rooted pot,old,Shooting Star - Live Houseplant - 6-inch Pot,44,8,,,,,,,6,1,1,1,0,0,0,0,not specified,0,0,22,Brand|Type|Color|Features|Indoor/Outdoor|Climate|Number in Pack|Growth Stage|Sunlight|Watering|Foliage|MPN|Country of Origin|Soil Type|Growth Rate|Soil pH|Personalize|Item Height|Room|Item Length|Item Width|Item Weight,1,0,0,0,0,1,Unbranded,1,1,HIEJN8L4,0,,0,1,1,1,0,477,70,1,1,1,0,1,0,0,0,45.14,9.99,USPS Priority Mail,0,55.13,,3,3,6,1,30,buyer,0,1,10,0,0,0,,,0,,0,"Home & Garden > Yard, Garden & Outdoor Living > Plants, Seeds & Bulbs > Plants & Seedlings","Riverside, California, United States",2026-04-03,184,,0,,,,,,,,,,,,,0,0,"Shooting Star - 6-inch Pot The Shooting Star is a captivating perennial that adds a unique touch to gardens with its nodding, star-shaped blossoms. Known for it",2026-10-04T05:59:37.623Z
,owner_portfolio,,1,168284607751,https://www.ebay.com/itm/168284607751,riversidegreenhouses,4,rooted pot,old,Silver Moon - Live Houseplant - 4-inch Pot,42,8,,,,,,,4,1,1,1,0,0,0,0,not specified,0,0,22,Brand|Type|Color|Features|Indoor/Outdoor|Climate|Number in Pack|Growth Stage|Sunlight|Watering|Foliage|MPN|Country of Origin|Soil Type|Growth Rate|Soil pH|Personalize|Item Height|Room|Item Length|Item Width|Item Weight,1,0,0,0,0,1,Unbranded,1,1,HIEJN8L4,0,,0,1,1,1,0,510,79,1,1,1,0,1,0,0,0,20.99,9.99,USPS Priority Mail,0,30.98,,3,3,6,1,30,buyer,0,1,10,0,0,0,,,0,,0,"Home & Garden > Yard, Garden & Outdoor Living > Plants, Seeds & Bulbs > Plants & Seedlings","Riverside, California, United States",2026-04-03,184,,0,,,,,,,,,,,,,0,0,"Silver Moon - 4-inch Pot Silver Moon is a popular Hoya variety featuring stunning, variegated leaves that add a unique touch to any collection. It's known for b",2026-10-04T05:59:58.849Z
,owner_portfolio,,1,168284607753,https://www.ebay.com/itm/168284607753,riversidegreenhouses,4,rooted pot,old,Spring Cactus - Live Houseplant - 4-inch Pot,44,8,,,,,,,4,1,1,1,0,0,0,0,not specified,0,0,23,Brand|Type|Color|Features|Indoor/Outdoor|Climate|Number in Pack|Growth Stage|Safety|Sunlight|Watering|Foliage|MPN|Country of Origin|Soil Type|Growth Rate|Soil pH|Personalize|Item Height|Room|Item Length|Item Width|Item Weight,1,0,0,0,0,1,Unbranded,1,1,YJ2N2HGZ,0,,0,1,1,1,0,411,62,1,1,1,0,1,0,0,0,22.14,9.99,USPS Priority Mail,0,32.13,,3,3,6,1,30,buyer,0,1,10,0,0,0,,,0,,0,"Home & Garden > Yard, Garden & Outdoor Living > Plants, Seeds & Bulbs > Plants & Seedlings","Riverside, California, United States",2026-04-03,184,,0,,,,,,,,,,,,,0,0,Spring Cactus - 4-inch Pot The Spring Cactus produces beautiful blooms in the spring and thrives in bright indirect light. It's an excellent choice for adding a,2026-10-04T06:00:19.374Z
,owner_portfolio,,1,168284607754,https://www.ebay.com/itm/168284607754,riversidegreenhouses,4,rooted pot,old,Syngonium Batik - Live Houseplant - 4-inch Pot,46,8,,,,,,,4,1,1,1,0,0,0,0,not specified,0,0,22,Brand|Type|Color|Features|Indoor/Outdoor|Climate|Number in Pack|Growth Stage|Sunlight|Watering|Foliage|MPN|Country of Origin|Soil Type|Growth Rate|Soil pH|Personalize|Item Height|Room|Item Length|Item Width|Item Weight,1,0,0,0,0,1,Unbranded,1,1,YJ2N2HGZ,0,,0,1,1,1,0,464,68,1,1,1,0,1,0,0,0,29.62,9.99,USPS Priority Mail,0,39.61,,3,3,6,1,30,buyer,0,1,10,0,0,0,,,0,,0,"Home & Garden > Yard, Garden & Outdoor Living > Plants, Seeds & Bulbs > Plants & Seedlings","Riverside, California, United States",2026-04-03,184,,0,,,,,,,,,,,,,0,0,Syngonium Batik - 4-inch Pot The Syngonium Batik is a beautiful tropical plant known for its striking variegated leaves that feature unique cream and green patt,2026-10-04T06:00:36.929Z
,owner_portfolio,,1,168284607757,https://www.ebay.com/itm/168284607757,riversidegreenhouses,4,rooted pot,old,Syngonium Pink Splash - Live Houseplant - 4-inch Pot,52,9,,,,,,,4,1,1,1,0,0,0,0,not specified,0,0,22,Brand|Type|Color|Features|Indoor/Outdoor|Climate|Number in Pack|Growth Stage|Sunlight|Watering|Foliage|MPN|Country of Origin|Soil Type|Growth Rate|Soil pH|Personalize|Item Height|Room|Item Length|Item Width|Item Weight,1,0,0,0,0,1,Unbranded,1,1,HIEJN8L4,0,,0,1,1,1,0,435,65,1,1,1,0,1,0,0,0,29.04,9.99,USPS Priority Mail,0,39.03,,3,3,6,1,30,buyer,0,1,10,0,0,0,,,0,,0,"Home & Garden > Yard, Garden & Outdoor Living > Plants, Seeds & Bulbs > Plants & Seedlings","Riverside, California, United States",2026-04-03,184,,0,,,,,,,,,,,,,0,0,Syngonium Pink Splash - 4-inch Pot The Syngonium Pink Splash is an eye-catching houseplant known for its vibrant pink and green variegated leaves. Easy to care ,2026-10-04T06:00:57.959Z
,owner_portfolio,,1,168284607767,https://www.ebay.com/itm/168284607767,riversidegreenhouses,4,rooted pot,old,Wandering Jew - Live Houseplant - 6-inch Pot,44,8,,,,,,,6,1,1,1,0,0,0,0,not specified,0,0,23,Brand|Type|Color|Features|Indoor/Outdoor|Climate|Number in Pack|Growth Stage|Safety|Sunlight|Watering|Foliage|MPN|Country of Origin|Soil Type|Growth Rate|Soil pH|Personalize|Item Height|Room|Item Length|Item Width|Item Weight,1,0,0,0,0,1,Unbranded,1,1,A02NAQTU,0,,0,1,1,1,0,421,60,1,1,1,0,1,0,0,0,19.84,9.99,USPS Priority Mail,0,29.83,,3,3,6,1,30,buyer,0,1,10,0,0,0,,,0,,0,"Home & Garden > Yard, Garden & Outdoor Living > Plants, Seeds & Bulbs > Plants & Seedlings","Riverside, California, United States",2026-04-03,184,,0,,,,,,,,,,,,,0,0,"Wandering Jew - 6-inch Pot A popular and versatile houseplant known for its vibrant, variegated foliage and trailing growth habit. Ideal for hanging baskets or ",2026-10-04T06:01:15.947Z
,owner_portfolio,,1,168284607769,https://www.ebay.com/itm/168284607769,riversidegreenhouses,4,rooted pot,old,White Polka - Live Houseplant - 2-inch Pot,42,8,,,,,,,2,1,1,1,0,0,0,0,not specified,0,0,22,Brand|Type|Color|Features|Indoor/Outdoor|Climate|Number in Pack|Growth Stage|Sunlight|Watering|Foliage|MPN|Country of Origin|Soil Type|Growth Rate|Soil pH|Personalize|Item Height|Room|Item Length|Item Width|Item Weight,1,0,0,0,0,1,Unbranded,1,1,HIEJN8L4,0,,0,1,1,1,0,429,67,1,1,1,0,1,0,0,0,15.24,9.99,USPS Priority Mail,0,25.23,,3,3,6,1,30,buyer,0,1,10,0,0,0,,,0,,0,"Home & Garden > Yard, Garden & Outdoor Living > Plants, Seeds & Bulbs > Plants & Seedlings","Riverside, California, United States",2026-04-03,184,,0,,,,,,,,,,,,,0,0,"White Polka - 2-inch Pot A striking indoor plant known for its stunning white polka-dotted leaves, making it a stylish choice for home decor. This easy-care pla",2026-10-04T06:01:32.650Z
,owner_portfolio,,1,168284607771,https://www.ebay.com/itm/168284607771,riversidegreenhouses,4,rooted pot,old,Tropical Snow - Live Houseplant - 4-inch Pot,44,8,,,,,,,4,1,1,1,0,0,0,0,not specified,0,0,22,Brand|Type|Color|Features|Indoor/Outdoor|Climate|Number in Pack|Growth Stage|Sunlight|Watering|Foliage|MPN|Country of Origin|Soil Type|Growth Rate|Soil pH|Personalize|Item Height|Room|Item Length|Item Width|Item Weight,1,0,0,0,0,1,Unbranded,1,1,HIEJN8L4,0,,0,1,1,1,0,404,59,1,1,1,0,1,0,0,0,20.99,9.99,USPS Priority Mail,0,30.98,,3,3,6,1,30,buyer,0,1,10,0,0,1,,,0,,0,"Home & Garden > Yard, Garden & Outdoor Living > Plants, Seeds & Bulbs > Plants & Seedlings","Riverside, California, United States",2026-04-03,184,,0,,,,,,,,,,,,,0,0,"Tropical Snow - 4-inch Pot A stunning houseplant known for its striking variegated leaves featuring dark green and creamy white patterns, ideal for enhancing in",2026-10-04T06:01:49.874Z
,owner_portfolio,,1,168284607773,https://www.ebay.com/itm/168284607773,riversidegreenhouses,4,rooted pot,old,Variegated Hoya Wayetii - Live Houseplant - 4-inch Pot,54,9,,,,,,,4,1,1,1,0,0,1,0,not specified,0,0,22,Brand|Type|Color|Features|Indoor/Outdoor|Climate|Number in Pack|Growth Stage|Sunlight|Watering|Foliage|MPN|Country of Origin|Soil Type|Growth Rate|Soil pH|Personalize|Item Height|Room|Item Length|Item Width|Item Weight,1,0,0,0,0,1,Unbranded,1,1,A02NAQTU,0,,0,1,1,1,0,477,73,1,1,1,0,1,0,0,0,29.04,9.99,USPS Priority Mail,0,39.03,,3,3,6,1,30,buyer,0,1,10,0,0,0,,,0,,0,"Home & Garden > Yard, Garden & Outdoor Living > Plants, Seeds & Bulbs > Plants & Seedlings","Riverside, California, United States",2026-04-03,184,,0,,,,,,,,,,,,,0,0,"Variegated Hoya Wayetii - 4-inch Pot The Variegated Hoya Wayetii is a beautiful and unique trailing plant, known for its stunning leaves that feature cream and ",2026-10-04T06:02:07.973Z
,owner_portfolio,,1,168284607775,https://www.ebay.com/itm/168284607775,riversidegreenhouses,4,rooted pot,old,Variegated Ficus - Live Houseplant - 6-inch Pot,47,8,,,,,,,6,1,1,1,0,0,1,0,not specified,0,0,22,Brand|Type|Color|Features|Indoor/Outdoor|Climate|Number in Pack|Growth Stage|Sunlight|Watering|Foliage|MPN|Country of Origin|Soil Type|Growth Rate|Soil pH|Personalize|Item Height|Room|Item Length|Item Width|Item Weight,1,0,0,0,0,1,Unbranded,1,1,YJ2N2HGZ,0,,0,1,1,1,0,478,71,1,1,1,0,1,0,0,0,30.19,9.99,USPS Priority Mail,0,40.18,,3,3,6,1,30,buyer,0,1,10,0,0,2,,,1,1@30.19; 2@27.17; 3@25.66; 4+@24.15,0,"Home & Garden > Yard, Garden & Outdoor Living > Plants, Seeds & Bulbs > Plants & Seedlings","Riverside, California, United States",2026-04-03,184,,0,,,,,,,,,,,,,0,0,Variegated Ficus - 6-inch Pot The Variegated Ficus is a stunning evergreen with glossy leaves featuring attractive variegation. It's a popular choice for both i,2026-10-04T06:02:27.466Z
,owner_portfolio,,1,168284607777,https://www.ebay.com/itm/168284607777,riversidegreenhouses,4,rooted pot,old,Variegated Ming Aralia - Live Houseplant - 4-inch Pot,53,9,,,,,,,4,1,1,1,0,0,1,0,not specified,0,0,23,Brand|Type|Color|Features|Indoor/Outdoor|Climate|Number in Pack|Growth Stage|Safety|Sunlight|Watering|Foliage|MPN|Country of Origin|Soil Type|Growth Rate|Soil pH|Personalize|Item Height|Room|Item Length|Item Width|Item Weight,1,0,0,0,0,1,Unbranded,1,1,YJ2N2HGZ,0,,0,1,1,1,0,539,81,1,1,1,0,1,0,0,0,22.14,9.99,USPS Priority Mail,0,32.13,,3,3,6,1,30,buyer,0,1,10,0,0,6,,,0,,0,"Home & Garden > Yard, Garden & Outdoor Living > Plants, Seeds & Bulbs > Plants & Seedlings","Riverside, California, United States",2026-04-03,184,,0,,,,,,,,,,,,,0,0,"Variegated Ming Aralia - 4-inch Pot The Variegated Ming Aralia is a striking houseplant known for its beautiful, glossy leaves marked with creamy white edges. T",2026-10-04T06:02:48.461Z
,owner_portfolio,,1,168578976209,https://www.ebay.com/itm/168578976209,riversidegreenhouses,4,rooted pot,new,Neon Pothos 4 in Live Houseplant | Epipremnum Aureum Neon,57,10,,,,,,,4,1,1,1,0,0,0,0,not specified,0,0,14,Brand|Type|Genus|Common Name|Features|Climate|Indoor/Outdoor|Number in Pack|Growth Stage|Watering|Safety|Sunlight|Foliage|Growth Habit,1,1,1,0,0,1,Unbranded,1,0,,0,,0,2,2,2,0,694,118,0,1,0,0,0,1,0,0,16.49,6.99,USPS Ground Advantage,0,23.48,,2,4,12,1,30,buyer,0,0,9,0,0,0,,,0,,0,"Home & Garden > Yard, Garden & Outdoor Living > Plants, Seeds & Bulbs > Plants & Seedlings","Jurupa Valley, CA, United States",2026-08-01,64,,0,,,,,,,,,,,,,0,0,Meet the Neon Pothos — a bright and electric vining beauty that lights up any room it is in. With its strikingly vivid chartreuse and neon yellow-green heart-sh,2026-10-04T06:03:04.869Z
,owner_portfolio,,1,168578976214,https://www.ebay.com/itm/168578976214,riversidegreenhouses,4,rooted pot,new,Green Queen Pothos 6 in Live Houseplant | Epipremnum Aureum,59,10,,,,,,,6,1,1,1,0,0,0,0,not specified,0,0,15,Brand|Type|Genus|Common Name|Color|Features|Climate|Indoor/Outdoor|Number in Pack|Growth Stage|Watering|Safety|Sunlight|Foliage|Growth Habit,1,1,1,0,0,1,Unbranded,1,0,,0,,0,2,2,2,0,716,123,0,1,0,0,0,1,0,0,23.99,6.99,USPS Ground Advantage,0,30.98,,2,4,12,1,30,buyer,0,0,11,1,0,0,,,0,,0,"Home & Garden > Yard, Garden & Outdoor Living > Plants, Seeds & Bulbs > Plants & Seedlings","Jurupa Valley, CA, United States",2026-08-01,64,,0,,,,,,,,,,,,,0,0,Meet the Green Queen Pothos — a lush and full tropical vining beauty that makes a bold statement in any space. With its large and vibrant deep green heart-shape,2026-10-04T06:03:25.514Z
,owner_portfolio,,1,168578976219,https://www.ebay.com/itm/168578976219,riversidegreenhouses,4,rooted pot,new,Syngonium Pink Splash 4 in Live Houseplant | Arrowhead Plant,60,10,,,,,,,4,1,1,1,0,0,0,0,not specified,0,0,15,Brand|Type|Genus|Common Name|Color|Features|Climate|Indoor/Outdoor|Number in Pack|Growth Stage|Watering|Safety|Sunlight|Foliage|Growth Habit,1,1,1,0,0,1,Unbranded,1,0,,0,,0,2,2,2,0,677,117,0,1,0,0,0,1,0,0,24.99,6.99,USPS Ground Advantage,0,31.98,,2,4,12,1,30,buyer,0,0,11,1,0,0,,,0,,0,"Home & Garden > Yard, Garden & Outdoor Living > Plants, Seeds & Bulbs > Plants & Seedlings","Jurupa Valley, CA, United States",2026-08-01,64,,0,,,,,,,,,,,,,0,0,Meet the Syngonium Pink Splash — a playful and eye-catching tropical beauty that brings a fun pop of color to any space. With its arrowhead shaped leaves random,2026-10-04T06:03:44.392Z
,owner_portfolio,,1,168578976220,https://www.ebay.com/itm/168578976220,riversidegreenhouses,4,rooted pot,new,Syngonium Aurea 4 in Live Houseplant | Rare Variegated Arrowhead Plant,70,11,,,,,,,4,1,1,1,0,1,1,0,not specified,0,0,14,Brand|Type|Genus|Common Name|Features|Climate|Indoor/Outdoor|Number in Pack|Growth Stage|Watering|Safety|Sunlight|Foliage|Growth Habit,1,1,1,0,0,1,Unbranded,1,0,,0,,0,2,2,2,0,674,112,0,1,0,0,0,1,0,0,34.99,6.99,USPS Ground Advantage,0,41.98,,2,4,12,1,30,buyer,0,0,5,0,0,1,,,0,,0,"Home & Garden > Yard, Garden & Outdoor Living > Plants, Seeds & Bulbs > Plants & Seedlings","Jurupa Valley, CA, United States",2026-08-01,64,,0,,,,,,,,,,,,,0,0,Meet the Syngonium Aurea — a rare and stunning variegated beauty that is one of the most sought-after syngoniums in the plant world. With its arrowhead shaped l,2026-10-04T06:04:05.317Z
,owner_portfolio,,1,168578976221,https://www.ebay.com/itm/168578976221,riversidegreenhouses,4,rooted pot,new,Pothos Devils Ivy Queen 4 in Live Houseplant | Epipremnum Aureum,64,11,,,,,,,4,1,1,1,0,0,0,0,not specified,0,0,14,Brand|Type|Genus|Common Name|Features|Climate|Indoor/Outdoor|Number in Pack|Growth Stage|Watering|Safety|Sunlight|Foliage|Growth Habit,1,1,1,0,0,1,Unbranded,1,0,,0,,0,2,2,2,0,690,121,0,1,0,0,0,1,0,0,15.99,6.99,USPS Ground Advantage,0,22.98,,2,4,12,1,30,buyer,0,0,11,1,0,0,,,0,,0,"Home & Garden > Yard, Garden & Outdoor Living > Plants, Seeds & Bulbs > Plants & Seedlings","Jurupa Valley, CA, United States",2026-08-01,64,,0,,,,,,,,,,,,,0,0,"Meet the Pothos Devils Ivy Queen — the ultimate beginner plant that is nearly impossible to kill. With its lush heart-shaped leaves in a rich deep green, this c",2026-10-04T06:04:23.110Z
,owner_portfolio,,1,168578976225,https://www.ebay.com/itm/168578976225,riversidegreenhouses,4,rooted pot,new,Yellow Bromeliad 4 in Live Houseplant | Tropical Flowering Plant,64,10,,,,,,,4,1,1,1,0,0,0,0,not specified,0,0,14,Brand|Type|Common Name|Color|Features|Climate|Indoor/Outdoor|Number in Pack|Growth Stage|Watering|Safety|Sunlight|Foliage|Growth Habit,1,1,0,0,0,1,Unbranded,1,0,,0,,0,2,2,2,0,664,114,0,1,0,0,0,1,0,0,18.99,6.99,USPS Ground Advantage,0,25.98,,2,4,12,1,30,buyer,0,0,11,1,0,0,,,0,,0,"Home & Garden > Yard, Garden & Outdoor Living > Plants, Seeds & Bulbs > Plants & Seedlings","Jurupa Valley, CA, United States",2026-08-01,64,,0,,,,,,,,,,,,,0,0,Meet the Yellow Bromeliad — a bold and vibrant tropical beauty that brings a burst of sunshine to any space. With its striking yellow bloom rising from a rosett,2026-10-04T06:04:43.791Z
,owner_portfolio,,1,168578976226,https://www.ebay.com/itm/168578976226,riversidegreenhouses,4,rooted pot,new,Hoya Sunrise 4 in Live Houseplant | Rare Hoya | Easy Care Indoor Vining Plant,77,15,,,,,,,4,1,1,1,0,1,0,0,not specified,0,0,14,Brand|Type|Genus|Common Name|Features|Climate|Indoor/Outdoor|Number in Pack|Growth Stage|Watering|Safety|Sunlight|Foliage|Growth Habit,1,1,1,0,0,1,Unbranded,1,0,,0,,0,3,3,3,0,557,98,0,1,0,0,0,1,0,0,18.99,6.99,USPS Ground Advantage,0,25.98,,2,4,12,1,30,buyer,0,0,11,1,0,0,,,0,,0,"Home & Garden > Yard, Garden & Outdoor Living > Plants, Seeds & Bulbs > Plants & Seedlings","Jurupa Valley, CA, United States",2026-08-01,64,,0,,,,,,,,,,,,,0,0,Meet the Hoya Sunrise — a stunning and sought-after variety that puts on a show with its deep green leaves that blush red and orange in bright light. The more s,2026-10-04T06:04:59.404Z
,owner_portfolio,,1,168578976227,https://www.ebay.com/itm/168578976227,riversidegreenhouses,4,rooted pot,new,Sansevieria Zeylanica 6 in Live Houseplant | Bowstring Hemp Snake Plant,71,11,,,,,,,6,1,1,1,0,0,0,0,not specified,0,0,14,Brand|Type|Genus|Common Name|Features|Climate|Indoor/Outdoor|Number in Pack|Growth Stage|Watering|Safety|Sunlight|Foliage|Growth Habit,1,1,1,0,0,1,Unbranded,1,0,,0,,0,2,2,2,0,723,116,0,1,0,0,0,1,0,0,23.99,6.99,USPS Ground Advantage,0,30.98,,2,4,12,1,30,buyer,0,0,11,1,0,0,,,0,,0,"Home & Garden > Yard, Garden & Outdoor Living > Plants, Seeds & Bulbs > Plants & Seedlings","Jurupa Valley, CA, United States",2026-08-01,64,,0,,,,,,,,,,,,,0,0,Meet the Sansevieria Zeylanica — a bold and striking snake plant that brings a dramatic architectural presence to any room. With its tall upright dark green lea,2026-10-04T06:05:19.677Z
,owner_portfolio,,1,168578976228,https://www.ebay.com/itm/168578976228,riversidegreenhouses,4,rooted pot,new,Dieffenbachia Compacta 4 in Live Houseplant | Dumb Cane,55,9,,,,,,,4,1,1,1,0,0,0,0,not specified,0,0,14,Brand|Type|Genus|Common Name|Features|Climate|Indoor/Outdoor|Number in Pack|Growth Stage|Watering|Safety|Sunlight|Foliage|Growth Habit,1,1,1,0,0,1,Unbranded,1,0,,0,,0,2,2,2,0,571,95,0,1,0,0,0,1,0,0,18.99,6.99,USPS Ground Advantage,0,25.98,,2,4,12,1,30,buyer,0,0,11,1,0,3,,,0,,0,"Home & Garden > Yard, Garden & Outdoor Living > Plants, Seeds & Bulbs > Plants & Seedlings","Jurupa Valley, CA, United States",2026-08-01,64,,0,,,,,,,,,,,,,0,0,Meet the Dieffenbachia Compacta — a bold and beautiful tropical houseplant that makes a statement without taking up too much space. With its large lush leaves s,2026-10-04T06:05:36.201Z
,owner_portfolio,,1,168578976230,https://www.ebay.com/itm/168578976230,riversidegreenhouses,4,rooted pot,new,Birkin Philodendron Variegated 4 in Live Houseplant Rare Variegated Philodendron,80,10,,,,,,,4,1,1,1,0,1,1,0,not specified,0,0,14,Brand|Type|Genus|Common Name|Features|Climate|Indoor/Outdoor|Number in Pack|Growth Stage|Watering|Safety|Sunlight|Foliage|Growth Habit,1,1,1,0,0,1,Unbranded,1,0,,0,,0,2,2,2,0,684,111,0,1,0,0,0,1,0,0,16.99,6.99,USPS Ground Advantage,0,23.98,,2,4,12,1,30,buyer,0,0,11,1,0,0,,,0,,0,"Home & Garden > Yard, Garden & Outdoor Living > Plants, Seeds & Bulbs > Plants & Seedlings","Jurupa Valley, CA, United States",2026-08-01,64,,0,,,,,,,,,,,,,0,0,Meet the Birkin Philodendron Variegated — one of the most elegant and sought-after philodendrons in the plant world. With its deep green leaves dramatically pin,2026-10-04T06:05:55.248Z
,owner_portfolio,,1,168578976232,https://www.ebay.com/itm/168578976232,riversidegreenhouses,4,rooted pot,new,Red Anthurium Plant 4 in Live Houseplant | Flamingo Flower,58,10,,,,,,,4,1,1,1,0,0,0,0,not specified,0,0,15,Brand|Type|Genus|Common Name|Color|Features|Climate|Indoor/Outdoor|Number in Pack|Growth Stage|Watering|Safety|Sunlight|Foliage|Growth Habit,1,1,1,0,0,1,Unbranded,1,0,,0,,0,4,4,4,0,559,96,0,1,0,0,0,1,0,0,18.99,6.99,USPS Ground Advantage,0,25.98,,2,4,12,1,30,buyer,0,0,11,1,0,2,,,0,,0,"Home & Garden > Yard, Garden & Outdoor Living > Plants, Seeds & Bulbs > Plants & Seedlings","Jurupa Valley, CA, United States",2026-08-01,64,,0,,,,,,,,,,,,,0,0,Meet the Anthurium — one of the most bold and beautiful tropical plants you can own. With its glossy heart-shaped blooms in a striking deep red and a long-lasti,2026-10-04T06:06:13.227Z
,owner_portfolio,,1,168578976233,https://www.ebay.com/itm/168578976233,riversidegreenhouses,4,rooted pot,new,Purple Bromeliad 4 in Live Houseplant | Tropical Flowering Plant,64,10,,,,,,,4,1,1,1,0,0,0,0,not specified,0,0,14,Brand|Type|Common Name|Color|Features|Climate|Indoor/Outdoor|Number in Pack|Growth Stage|Watering|Safety|Sunlight|Foliage|Growth Habit,1,1,0,0,0,1,Unbranded,1,0,,0,,0,2,2,2,0,686,117,0,1,0,0,0,1,0,0,18.0,6.99,USPS Ground Advantage,0,24.99,,2,4,12,1,30,buyer,0,0,5,0,0,0,,,0,,0,"Home & Garden > Yard, Garden & Outdoor Living > Plants, Seeds & Bulbs > Plants & Seedlings","Jurupa Valley, CA, United States",2026-08-01,64,,0,,,,,,,,,,,,,0,0,Meet the Purple Bromeliad — a bold and regal tropical beauty that brings a dramatic pop of color to any space. With its striking deep purple bloom rising from a,2026-10-04T06:06:33.679Z
,owner_portfolio,,1,168578976234,https://www.ebay.com/itm/168578976234,riversidegreenhouses,4,rooted pot,new,Philodendron Red Back 4 in Live Houseplant | Rare Philodendron,62,10,,,,,,,4,1,1,1,0,1,0,0,not specified,0,0,15,Brand|Type|Genus|Common Name|Color|Features|Climate|Indoor/Outdoor|Number in Pack|Growth Stage|Watering|Safety|Sunlight|Foliage|Growth Habit,1,1,1,0,0,1,Unbranded,1,0,,0,,0,2,2,2,0,665,115,0,1,0,0,0,1,0,0,17.99,6.99,USPS Ground Advantage,0,24.98,,2,4,12,1,30,buyer,0,0,11,1,0,0,,,0,,0,"Home & Garden > Yard, Garden & Outdoor Living > Plants, Seeds & Bulbs > Plants & Seedlings","Jurupa Valley, CA, United States",2026-08-01,64,,0,,,,,,,,,,,,,0,0,Meet the Philodendron Red Back — a bold and dramatic tropical beauty that turns heads from every angle. With its deep glossy green leaves on top and a striking ,2026-10-04T06:06:50.826Z
,owner_portfolio,,1,168578976236,https://www.ebay.com/itm/168578976236,riversidegreenhouses,4,rooted pot,new,Calathea Peacock Makoyana 4 in Live Houseplant | Cathedral Windows Plant,72,11,,,,,,,4,1,1,1,0,0,0,0,not specified,0,0,14,Brand|Type|Genus|Common Name|Features|Climate|Indoor/Outdoor|Number in Pack|Growth Stage|Watering|Safety|Sunlight|Foliage|Growth Habit,1,1,1,0,0,1,Unbranded,1,0,,0,,0,2,2,2,0,670,110,0,1,0,0,0,1,1,0,16.99,6.99,USPS Ground Advantage,0,23.98,,2,4,12,1,30,buyer,0,0,11,1,0,0,,,0,,0,"Home & Garden > Yard, Garden & Outdoor Living > Plants, Seeds & Bulbs > Plants & Seedlings","Jurupa Valley, CA, United States",2026-08-01,64,,0,,,,,,,,,,,,,0,0,Meet the Calathea Peacock Makoyana — one of the most breathtaking and artistic plants in the entire calathea family. With its delicate oval leaves painted in li,2026-10-04T06:07:07.194Z
,owner_portfolio,,1,168578976238,https://www.ebay.com/itm/168578976238,riversidegreenhouses,4,rooted pot,new,Rainbow Anthurium 4 in Live Houseplant | Flamingo Flower,56,9,,,,,,,4,1,1,1,0,0,0,0,not specified,0,0,14,Brand|Type|Genus|Common Name|Features|Climate|Indoor/Outdoor|Number in Pack|Growth Stage|Watering|Safety|Sunlight|Foliage|Growth Habit,1,1,1,0,0,1,Unbranded,1,0,,0,,0,2,2,2,0,560,96,0,1,0,0,0,1,0,0,18.99,6.99,USPS Ground Advantage,0,25.98,,2,4,12,1,30,buyer,0,0,11,1,0,0,,,0,,0,"Home & Garden > Yard, Garden & Outdoor Living > Plants, Seeds & Bulbs > Plants & Seedlings","Jurupa Valley, CA, United States",2026-08-01,64,,0,,,,,,,,,,,,,0,0,Meet the Rainbow Anthurium — one of the most bold and beautiful tropical plants you can own. With its glossy heart-shaped blooms in a striking deep red and a lo,2026-10-04T06:07:25.395Z
,owner_portfolio,,1,168578976240,https://www.ebay.com/itm/168578976240,riversidegreenhouses,4,rooted pot,new,Strawberry Syngonium 3 in Live Houseplant | Arrowhead Plant,59,9,,,,,,,3,1,1,1,0,0,0,0,not specified,0,0,14,Brand|Type|Genus|Common Name|Features|Climate|Indoor/Outdoor|Number in Pack|Growth Stage|Watering|Safety|Sunlight|Foliage|Growth Habit,1,1,1,0,0,1,Unbranded,1,0,,0,,0,2,2,2,0,589,100,0,1,0,0,0,1,0,0,12.99,6.99,USPS Ground Advantage,0,19.98,,2,4,12,1,30,buyer,0,0,11,1,0,1,,,0,,0,"Home & Garden > Yard, Garden & Outdoor Living > Plants, Seeds & Bulbs > Plants & Seedlings","Jurupa Valley, CA, United States",2026-08-01,64,,0,,,,,,,,,,,,,0,0,Meet the Strawberry Syngonium — a sweet and stunning tropical beauty that brings a soft blush of color to any space. With its delicate arrowhead-shaped leaves i,2026-10-04T06:07:42.674Z
,owner_portfolio,,1,168578976241,https://www.ebay.com/itm/168578976241,riversidegreenhouses,4,rooted pot,new,Hoya Carnosa (Jade Wax) 4 in Live Houseplant | Wax Plant,56,11,,,,,,,4,1,1,1,0,0,0,0,not specified,0,0,14,Brand|Type|Genus|Common Name|Features|Climate|Indoor/Outdoor|Number in Pack|Growth Stage|Watering|Safety|Sunlight|Foliage|Growth Habit,1,1,1,0,0,1,Unbranded,1,0,,0,,0,3,3,3,0,529,87,0,1,0,0,0,1,0,0,17.99,6.99,USPS Ground Advantage,0,24.98,,2,4,12,1,30,buyer,0,0,11,1,0,0,,,0,,0,"Home & Garden > Yard, Garden & Outdoor Living > Plants, Seeds & Bulbs > Plants & Seedlings","Jurupa Valley, CA, United States",2026-08-01,64,,0,,,,,,,,,,,,,0,0,Meet the Hoya Carnosa — a classic and beloved houseplant that has been winning hearts for generations. With its thick waxy leaves and stunning clusters of star-,2026-10-04T06:08:03.717Z
,owner_portfolio,,1,168578976242,https://www.ebay.com/itm/168578976242,riversidegreenhouses,4,rooted pot,new,Purple Anthurium 4 in Live Houseplant | Flamingo Flower,55,9,,,,,,,4,1,1,1,0,0,0,0,not specified,0,0,15,Brand|Type|Genus|Common Name|Color|Features|Climate|Indoor/Outdoor|Number in Pack|Growth Stage|Watering|Safety|Sunlight|Foliage|Growth Habit,1,1,1,0,0,1,Unbranded,1,0,,0,,0,2,2,2,0,558,96,0,1,0,0,0,1,0,0,18.99,6.99,USPS Ground Advantage,0,25.98,,2,4,12,1,30,buyer,0,0,11,1,0,0,,,0,,0,"Home & Garden > Yard, Garden & Outdoor Living > Plants, Seeds & Bulbs > Plants & Seedlings","Jurupa Valley, CA, United States",2026-08-01,64,,0,,,,,,,,,,,,,0,0,Meet the Purple Anthurium — one of the most bold and beautiful tropical plants you can own. With its glossy heart-shaped blooms in a striking deep red and a lon,2026-10-04T06:08:20.479Z
,owner_portfolio,,1,168578976243,https://www.ebay.com/itm/168578976243,riversidegreenhouses,4,rooted pot,new,Sansevieria Sol Radiante 4 in Live Houseplant | Rare Snake Plant,64,11,,,,,,,4,1,1,1,0,1,0,0,not specified,0,0,14,Brand|Type|Genus|Common Name|Features|Climate|Indoor/Outdoor|Number in Pack|Growth Stage|Watering|Safety|Sunlight|Foliage|Growth Habit,1,1,1,0,0,1,Unbranded,1,0,,0,,0,2,2,2,0,731,123,0,1,0,0,0,1,0,0,16.99,6.99,USPS Ground Advantage,0,23.98,,2,4,12,1,30,buyer,0,0,11,1,0,0,,,0,,0,"Home & Garden > Yard, Garden & Outdoor Living > Plants, Seeds & Bulbs > Plants & Seedlings","Jurupa Valley, CA, United States",2026-08-01,64,,0,,,,,,,,,,,,,0,0,Meet the Sansevieria Sol Radiante — a rare and radiant snake plant variety that brings a warm and luminous glow to any space. With its striking upright leaves b,2026-10-04T06:08:40.762Z
,owner_portfolio,,1,168578976244,https://www.ebay.com/itm/168578976244,riversidegreenhouses,4,rooted pot,new,Red Bromeliad 4 in Live Houseplant | Tropical Flowering Plant,61,10,,,,,,,4,1,1,1,0,0,0,0,not specified,0,0,14,Brand|Type|Common Name|Color|Features|Climate|Indoor/Outdoor|Number in Pack|Growth Stage|Watering|Safety|Sunlight|Foliage|Growth Habit,1,1,0,0,0,1,Unbranded,1,0,,0,,0,2,2,2,0,663,113,0,1,0,0,0,1,0,0,17.5,6.99,USPS Ground Advantage,0,24.49,,2,4,12,1,30,buyer,0,0,11,1,0,0,,,0,,0,"Home & Garden > Yard, Garden & Outdoor Living > Plants, Seeds & Bulbs > Plants & Seedlings","Jurupa Valley, CA, United States",2026-08-01,64,,0,,,,,,,,,,,,,0,0,Meet the Red Bromeliad — a bold and fiery tropical beauty that commands attention in any room. With its striking deep red bloom rising dramatically from a roset,2026-10-04T06:09:00.203Z
,owner_portfolio,,1,168578976245,https://www.ebay.com/itm/168578976245,riversidegreenhouses,4,rooted pot,new,Golden Pothos 4 in Live Houseplant | Epipremnum Aureum,54,9,,,,,,,4,1,1,1,0,0,0,0,not specified,0,0,14,Brand|Type|Genus|Common Name|Features|Climate|Indoor/Outdoor|Number in Pack|Growth Stage|Watering|Safety|Sunlight|Foliage|Growth Habit,1,1,1,0,0,1,Unbranded,1,0,,0,,0,2,2,2,0,745,123,0,1,0,0,0,1,0,0,16.99,6.99,USPS Ground Advantage,0,23.98,,2,4,12,1,30,buyer,0,0,11,1,0,0,,,0,,0,"Home & Garden > Yard, Garden & Outdoor Living > Plants, Seeds & Bulbs > Plants & Seedlings","Jurupa Valley, CA, United States",2026-08-01,64,,0,,,,,,,,,,,,,0,0,Meet the Golden Pothos — the ultimate beginner plant that has earned its place as one of the most beloved houseplants in the world. With its bright and cheerful,2026-10-04T06:09:18.073Z
,owner_portfolio,,1,168578976246,https://www.ebay.com/itm/168578976246,riversidegreenhouses,4,rooted pot,new,Monstera Split Leaf 6 in Live Houseplant | Monstera Deliciosa,61,10,,,,,,,6,1,1,1,0,0,0,0,not specified,0,0,14,Brand|Type|Genus|Common Name|Features|Climate|Indoor/Outdoor|Number in Pack|Growth Stage|Watering|Safety|Sunlight|Foliage|Growth Habit,1,1,1,0,0,1,Unbranded,1,0,,0,,0,2,2,2,0,665,114,0,1,0,0,0,1,0,0,17.99,6.99,USPS Ground Advantage,0,24.98,,2,4,12,1,30,buyer,0,0,11,1,0,0,,,0,,0,"Home & Garden > Yard, Garden & Outdoor Living > Plants, Seeds & Bulbs > Plants & Seedlings","Jurupa Valley, CA, United States",2026-08-01,64,,0,,,,,,,,,,,,,0,0,Meet the Monstera Split Leaf — the ultimate statement plant that has taken the design world by storm. With its large dramatic leaves naturally split and fenestr,2026-10-04T06:09:38.436Z
,owner_portfolio,,1,168578976249,https://www.ebay.com/itm/168578976249,riversidegreenhouses,4,rooted pot,new,Lemon Lime Maranta Prayer Plant 3 in Live Houseplant | Maranta Leuconeura,73,12,,,,,,,3,1,1,1,0,0,0,0,not specified,0,0,14,Brand|Type|Genus|Common Name|Features|Climate|Indoor/Outdoor|Number in Pack|Growth Stage|Watering|Safety|Sunlight|Foliage|Growth Habit,1,1,1,0,0,1,Unbranded,1,0,,0,,0,2,2,2,0,626,109,0,1,0,0,0,1,0,0,10.99,6.99,USPS Ground Advantage,0,17.98,,2,4,12,1,30,buyer,0,0,11,1,1,2,,,0,,0,"Home & Garden > Yard, Garden & Outdoor Living > Plants, Seeds & Bulbs > Plants & Seedlings","Jurupa Valley, CA, United States",2026-08-01,64,,0,,,,,,,,,,,,,0,0,Meet the Lemon Lime Maranta Prayer Plant — a bright and cheerful twist on the classic prayer plant. With its vibrant yellow-green and lime striped leaves accent,2026-10-04T06:09:57.566Z
,owner_portfolio,,1,168578976250,https://www.ebay.com/itm/168578976250,riversidegreenhouses,4,rooted pot,new,Syngonium Batik 4 in Live Houseplant | Rare Arrowhead Plant,59,10,,,,,,,4,1,1,1,0,1,0,0,not specified,0,0,14,Brand|Type|Genus|Common Name|Features|Climate|Indoor/Outdoor|Number in Pack|Growth Stage|Watering|Safety|Sunlight|Foliage|Growth Habit,1,1,1,0,0,1,Unbranded,1,0,,0,,0,2,2,2,0,679,113,0,1,0,0,0,1,0,0,25.99,6.99,USPS Ground Advantage,0,32.98,,2,4,12,1,30,buyer,0,0,10,0,0,0,,,0,,0,"Home & Garden > Yard, Garden & Outdoor Living > Plants, Seeds & Bulbs > Plants & Seedlings","Jurupa Valley, CA, United States",2026-08-01,64,,0,,,,,,,,,,,,,0,0,Meet the Syngonium Batik — a rare and exotic tropical beauty that stands out from the crowd. With its stunning arrowhead shaped leaves intricately patterned in ,2026-10-04T06:10:16.263Z
,owner_portfolio,,1,168578976254,https://www.ebay.com/itm/168578976254,riversidegreenhouses,4,rooted pot,new,Philodendron Emerald Red 6 in Live Houseplant | Rare Philodendron,65,10,,,,,,,6,1,1,1,0,1,0,0,not specified,0,0,15,Brand|Type|Genus|Common Name|Color|Features|Climate|Indoor/Outdoor|Number in Pack|Growth Stage|Watering|Safety|Sunlight|Foliage|Growth Habit,1,1,1,0,0,1,Unbranded,1,0,,0,,0,2,2,2,0,617,104,0,1,0,0,0,1,0,0,25.99,6.99,USPS Ground Advantage,0,32.98,,2,4,12,1,30,buyer,0,0,11,1,0,0,,,0,,0,"Home & Garden > Yard, Garden & Outdoor Living > Plants, Seeds & Bulbs > Plants & Seedlings","Jurupa Valley, CA, United States",2026-08-01,64,,0,,,,,,,,,,,,,0,0,Meet the Philodendron Emerald Red — a stunning and rare tropical beauty that commands attention in any room. With its large glossy leaves that emerge in a deep ,2026-10-04T06:10:36.437Z
,owner_portfolio,,1,168578976255,https://www.ebay.com/itm/168578976255,riversidegreenhouses,4,rooted pot,new,Red Maranta Prayer Plant 4 in Live Houseplant | Maranta Leuconeura,66,11,,,,,,,4,1,1,1,0,0,0,0,not specified,0,0,15,Brand|Type|Genus|Common Name|Color|Features|Climate|Indoor/Outdoor|Number in Pack|Growth Stage|Watering|Safety|Sunlight|Foliage|Growth Habit,1,1,1,0,0,1,Unbranded,1,0,,0,,0,2,2,2,0,604,105,0,1,0,0,0,1,0,0,12.99,6.99,USPS Ground Advantage,0,19.98,,2,4,12,1,30,buyer,0,0,11,1,0,0,,,0,,0,"Home & Garden > Yard, Garden & Outdoor Living > Plants, Seeds & Bulbs > Plants & Seedlings","Jurupa Valley, CA, United States",2026-08-01,64,,0,,,,,,,,,,,,,0,0,Meet the Red Maranta Prayer Plant — one of the most fascinating and beautiful houseplants you can own. With its striking deep green leaves painted with bold red,2026-10-04T06:10:54.041Z
watermelon peperomia,owner_portfolio,120,1,168578976256,https://www.ebay.com/itm/168578976256,riversidegreenhouses,4,rooted pot,new,Peperomia Rosso 4 in Live Houseplant | Emerald Ripple Peperomia,63,10,,,,,,,4,1,1,1,0,0,0,0,not specified,0,0,14,Brand|Type|Genus|Common Name|Features|Climate|Indoor/Outdoor|Number in Pack|Growth Stage|Watering|Safety|Sunlight|Foliage|Growth Habit,1,1,1,0,0,1,Unbranded,1,0,,0,,0,2,2,2,0,613,106,0,1,0,0,0,1,0,0,16.99,6.99,USPS Ground Advantage,0,23.98,,2,4,12,1,30,buyer,0,0,11,1,0,0,,,0,,0,"Home & Garden > Yard, Garden & Outdoor Living > Plants, Seeds & Bulbs > Plants & Seedlings","Jurupa Valley, CA, United States",2026-08-01,64,,0,16.99,6.99,0,0,0,0,0,,,,0,103,0,0,Meet the Peperomia Rosso — a compact and striking beauty that packs a serious punch. With its deeply textured dark green leaves on top and a bold deep red under,2026-10-04T06:11:13.454Z
,owner_portfolio,,1,168578976258,https://www.ebay.com/itm/168578976258,riversidegreenhouses,4,rooted pot,new,Creamsicle Plant 4 in Live Houseplant | Rare Tropical Indoor Plant,66,11,,,,,,,4,1,1,1,0,1,0,0,not specified,0,0,8,Brand|Type|Features|Climate|Indoor/Outdoor|Number in Pack|Growth Stage|Safety,1,0,0,0,0,1,Unbranded,1,0,,0,,0,2,2,2,0,595,101,0,1,0,0,0,1,0,0,16.99,6.99,USPS Ground Advantage,0,23.98,,2,4,12,1,30,buyer,0,0,10,0,0,0,,,0,,0,"Home & Garden > Yard, Garden & Outdoor Living > Plants, Seeds & Bulbs > Plants & Seedlings","Jurupa Valley, CA, United States",2026-08-01,64,,0,,,,,,,,,,,,,0,0,"Meet the Creamsicle — a sweet and stunning tropical beauty that lives up to its delicious name. With its gorgeous leaves washed in warm shades of orange, cream,",2026-10-04T06:11:33.971Z
,owner_portfolio,,1,168578976259,https://www.ebay.com/itm/168578976259,riversidegreenhouses,4,rooted pot,new,Rat Tail Succulent 3 in Live Houseplant | Aporocactus Flagelliformis,68,10,,,,,,,3,1,1,1,0,0,0,0,not specified,0,0,14,Brand|Type|Genus|Common Name|Features|Climate|Indoor/Outdoor|Number in Pack|Growth Stage|Watering|Safety|Sunlight|Foliage|Growth Habit,1,1,1,0,0,1,Unbranded,1,0,,0,,0,2,2,2,0,651,112,0,1,0,0,0,1,0,0,12.99,6.99,USPS Ground Advantage,0,19.98,,2,4,12,1,30,buyer,0,0,11,1,0,0,,,0,,0,"Home & Garden > Yard, Garden & Outdoor Living > Plants, Seeds & Bulbs > Plants & Seedlings","Jurupa Valley, CA, United States",2026-08-01,64,,0,,,,,,,,,,,,,0,0,Meet the Rat Tail Succulent — a fun and quirky trailing cactus that is unlike anything else in your collection. With its long slender cascading stems covered in,2026-10-04T06:11:51.694Z
,owner_portfolio,,1,168578976260,https://www.ebay.com/itm/168578976260,riversidegreenhouses,4,rooted pot,new,Monstera Laniata 3 in Live Houseplant | Rare Monstera,53,9,,,,,,,3,1,1,1,0,1,0,0,not specified,0,0,14,Brand|Type|Genus|Common Name|Features|Climate|Indoor/Outdoor|Number in Pack|Growth Stage|Watering|Safety|Sunlight|Foliage|Growth Habit,1,1,1,0,0,1,Unbranded,1,0,,0,,0,2,2,2,0,646,107,0,1,0,0,0,1,0,0,13.99,6.99,USPS Ground Advantage,0,20.98,,2,4,12,1,30,buyer,0,0,11,1,0,0,,,0,,0,"Home & Garden > Yard, Garden & Outdoor Living > Plants, Seeds & Bulbs > Plants & Seedlings","Jurupa Valley, CA, United States",2026-08-01,64,,0,,,,,,,,,,,,,0,0,Meet the Monstera Laniata — a rare and stunning tropical beauty that is sure to turn heads in any plant collection. With its deep glossy green leaves that devel,2026-10-04T06:12:12.204Z
,owner_portfolio,,1,168578976261,https://www.ebay.com/itm/168578976261,riversidegreenhouses,4,rooted pot,new,Haworthia Zebra 4 in Live Houseplant | Zebra Cactus,51,9,,,,,,,4,1,1,1,0,0,0,0,not specified,0,0,14,Brand|Type|Genus|Common Name|Features|Climate|Indoor/Outdoor|Number in Pack|Growth Stage|Watering|Safety|Sunlight|Foliage|Growth Habit,1,1,1,0,0,1,Unbranded,1,0,,0,,0,2,2,2,0,687,114,0,1,0,0,0,1,0,0,15.99,6.99,USPS Ground Advantage,0,22.98,,2,4,12,1,30,buyer,0,0,11,1,0,0,,,0,,0,"Home & Garden > Yard, Garden & Outdoor Living > Plants, Seeds & Bulbs > Plants & Seedlings","Jurupa Valley, CA, United States",2026-08-01,64,,0,,,,,,,,,,,,,0,0,Meet the Haworthia Zebra — a compact and architectural succulent that is as tough as it is beautiful. With its thick dark green leaves boldly striped in bright ,2026-10-04T06:12:33.580Z
,owner_portfolio,,1,168578976262,https://www.ebay.com/itm/168578976262,riversidegreenhouses,4,rooted pot,new,Pink Fittonia 3 in Live Houseplant | Nerve Plant,48,9,,,,,,,3,1,1,1,0,0,0,0,not specified,0,0,15,Brand|Type|Genus|Common Name|Color|Features|Climate|Indoor/Outdoor|Number in Pack|Growth Stage|Watering|Safety|Sunlight|Foliage|Growth Habit,1,1,1,0,0,1,Unbranded,1,0,,0,,0,2,2,2,0,615,102,0,1,1,1,0,1,0,0,12.99,6.99,USPS Ground Advantage,0,19.98,,2,4,12,1,30,buyer,0,0,11,1,0,0,,,0,,0,"Home & Garden > Yard, Garden & Outdoor Living > Plants, Seeds & Bulbs > Plants & Seedlings","Jurupa Valley, CA, United States",2026-08-01,64,,0,,,,,,,,,,,,,0,0,Meet the Pink Fittonia — a tiny but mighty tropical beauty that packs an incredible amount of color into a small package. With its deep green leaves intricately,2026-10-04T06:12:54.117Z
,owner_portfolio,,1,168578976265,https://www.ebay.com/itm/168578976265,riversidegreenhouses,4,rooted pot,new,Sansevieria Superba 4 in Live Houseplant | Snake Plant,54,9,,,,,,,4,1,1,1,0,0,0,0,not specified,0,0,14,Brand|Type|Genus|Common Name|Features|Climate|Indoor/Outdoor|Number in Pack|Growth Stage|Watering|Safety|Sunlight|Foliage|Growth Habit,1,1,1,0,0,1,Unbranded,1,0,,0,,0,2,2,2,0,635,108,0,1,0,0,0,1,0,0,16.99,6.99,USPS Ground Advantage,0,23.98,,2,4,12,1,30,buyer,0,0,11,1,0,0,,,0,,0,"Home & Garden > Yard, Garden & Outdoor Living > Plants, Seeds & Bulbs > Plants & Seedlings","Jurupa Valley, CA, United States",2026-08-01,64,,0,,,,,,,,,,,,,0,0,Meet the Sansevieria Superba — a bold and architectural beauty that thrives on neglect. With its thick upright leaves banded in deep green and silver with a bol,2026-10-04T06:13:14.200Z
,owner_portfolio,,1,168578976266,https://www.ebay.com/itm/168578976266,riversidegreenhouses,4,rooted pot,new,Marble Queen Pothos 4 in Live Houseplant | Epipremnum Aureum,60,10,,,,,,,4,1,1,1,0,0,0,0,not specified,0,0,14,Brand|Type|Genus|Common Name|Features|Climate|Indoor/Outdoor|Number in Pack|Growth Stage|Watering|Safety|Sunlight|Foliage|Growth Habit,1,1,1,0,0,1,Unbranded,1,0,,0,,0,2,2,2,0,663,111,0,1,0,0,0,1,0,0,15.99,6.99,USPS Ground Advantage,0,22.98,,2,4,12,1,30,buyer,0,0,11,1,0,0,,,0,,0,"Home & Garden > Yard, Garden & Outdoor Living > Plants, Seeds & Bulbs > Plants & Seedlings","Jurupa Valley, CA, United States",2026-08-01,64,,0,,,,,,,,,,,,,0,0,Meet the Marble Queen Pothos — a classic and timeless beauty that never goes out of style. With its stunning heart-shaped leaves heavily marbled in creamy white,2026-10-04T06:13:34.115Z
,owner_portfolio,,1,168578976269,https://www.ebay.com/itm/168578976269,riversidegreenhouses,4,rooted pot,new,Everblooming Gardenia 4 in Live Houseplant | Gardenia Jasminoides,65,9,,,,,,,4,1,1,1,0,0,0,0,not specified,0,0,14,Brand|Type|Genus|Common Name|Features|Climate|Indoor/Outdoor|Number in Pack|Growth Stage|Watering|Safety|Sunlight|Foliage|Growth Habit,1,1,1,0,0,1,Unbranded,1,0,,0,,0,2,2,2,0,631,100,0,1,0,0,0,1,0,0,12.99,6.99,USPS Ground Advantage,0,19.98,,2,4,12,1,30,buyer,0,0,11,1,0,1,,,0,,0,"Home & Garden > Yard, Garden & Outdoor Living > Plants, Seeds & Bulbs > Plants & Seedlings","Jurupa Valley, CA, United States",2026-08-01,64,,0,,,,,,,,,,,,,0,0,Meet the Everblooming Gardenia — a timeless and luxurious flowering plant that fills any room with an intoxicating sweet fragrance. With its pristine white bloo,2026-10-04T06:13:51.656Z
,owner_portfolio,,1,168578976272,https://www.ebay.com/itm/168578976272,riversidegreenhouses,4,rooted pot,new,Chinese Evergreen Lady Valentine 4 in Live Houseplant | Aglaonema,65,10,,,,,,,4,1,1,1,0,0,0,0,not specified,0,0,15,Brand|Type|Genus|Common Name|Color|Features|Climate|Indoor/Outdoor|Number in Pack|Growth Stage|Watering|Safety|Sunlight|Foliage|Growth Habit,1,1,1,0,0,1,Unbranded,1,0,,0,,0,2,2,2,0,645,108,0,1,0,0,0,1,0,0,20.99,6.99,USPS Ground Advantage,0,27.98,,2,4,12,1,30,buyer,0,0,11,1,0,0,,,0,,0,"Home & Garden > Yard, Garden & Outdoor Living > Plants, Seeds & Bulbs > Plants & Seedlings","Jurupa Valley, CA, United States",2026-08-01,64,,0,,,,,,,,,,,,,0,0,Meet the Chinese Evergreen Lady Valentine — a bold and breathtaking tropical beauty that stops you in your tracks. With its stunning deep pink and green variega,2026-10-04T06:14:07.800Z
,owner_portfolio,,1,168578976273,https://www.ebay.com/itm/168578976273,riversidegreenhouses,4,rooted pot,new,Curly Sue 4 in Live Houseplant | Unique Curly Leaf Plant,56,11,,,,,,,4,1,1,1,0,0,0,0,not specified,0,0,7,Brand|Type|Features|Indoor/Outdoor|Number in Pack|Growth Stage|Safety,1,0,0,0,0,1,Unbranded,1,0,,0,,0,3,3,3,0,478,83,0,1,0,0,0,1,0,0,22.99,6.99,USPS Ground Advantage,0,29.98,,2,4,12,1,30,buyer,0,0,11,1,0,0,,,0,,0,"Home & Garden > Yard, Garden & Outdoor Living > Plants, Seeds & Bulbs > Plants & Seedlings","Jurupa Valley, CA, United States",2026-08-01,64,,0,,,,,,,,,,,,,0,0,"Meet Curly Sue — the plant with personality! With its uniquely twisted and curled leaves, this one-of-a-kind beauty adds a fun and playful touch to any space. E",2026-10-04T06:14:26.882Z
,owner_portfolio,,1,168578976276,https://www.ebay.com/itm/168578976276,riversidegreenhouses,4,rooted pot,new,Ming Aralia Variegated 4 in Live Houseplant | Polyscias Fruticosa,65,10,,,,,,,4,1,1,1,0,0,1,0,not specified,0,0,14,Brand|Type|Genus|Common Name|Features|Climate|Indoor/Outdoor|Number in Pack|Growth Stage|Watering|Safety|Sunlight|Foliage|Growth Habit,1,1,1,0,0,1,Unbranded,1,0,,0,,0,3,3,3,0,575,95,0,1,0,0,0,1,0,0,26.99,6.99,USPS Ground Advantage,0,33.98,,2,4,12,1,30,buyer,0,0,11,1,0,3,,,0,,0,"Home & Garden > Yard, Garden & Outdoor Living > Plants, Seeds & Bulbs > Plants & Seedlings","Jurupa Valley, CA, United States",2026-08-01,64,,0,,,,,,,,,,,,,0,0,Meet the Ming Aralia Variegated — an elegant and exotic beauty that brings a touch of the tropics to any space. With its delicate feathery variegated foliage an,2026-10-04T06:14:48.184Z
calathea rattlesnake,competitor_organic_top3,5,0,287356233791,https://www.ebay.com/itm/287356233791,myplantsllc,139,rooted pot,,"Calathea Rattlesnake - 4"" from MyPlants",39,6,1,1,1,0,1,0,4,1,0,0,0,0,0,0,not specified,0,0,7,Country of Origin|Brand|Type|Indoor/Outdoor|Number in Pack|Item Length|Room,1,0,0,0,0,1,MyPlants,0,0,,0,,0,4,4,4,0,690,115,0,0,1,0,1,0,1,1,12.99,3.99,USPS Ground Advantage,0,16.98,,3,4,12,0,,,0,1,11,1,0,2,,,1,1@12.99; 2@12.34; 3@11.69; 4+@11.04,0,"Home & Garden > Yard, Garden & Outdoor Living > Plants, Seeds & Bulbs > Plants & Seedlings","Moreno Valley, California, United States",2026-05-27,130,2026-05-27,0,12.99,3.99,0,0,1,1,0,53,53,1,0,2,0,1,"Plant Care Feel free to message us with any questions, we're always glad to help! Shipping Processing your order will currently take about 1-3 business days. Sh",2026-10-04T06:37:03.916Z
calathea rattlesnake,competitor_organic_top3,6,0,306918807206,https://www.ebay.com/itm/306918807206,mor-329450,183,bundle,,Calathea Lancifolia Rattlesnake Plant Live Indoor Tropical Houseplant (3 Pack),78,10,0,1,1,1,1,1,,0,1,0,0,0,0,0,not specified,0,0,23,Climate|Common Name|Indoor/Outdoor|Color|Growth Habit|Soil Type|Personalize|Brand|Season of Interest|Soil pH|Plant Form|Type|Growth Stage|Watering|Genus|Number in Pack|Growth Rate|Foliage|Sunlight|Features|Safety|Room|Country of Origin,1,1,1,0,0,1,Unbranded,1,0,,0,,0,3,3,3,0,2388,366,1,1,1,0,0,1,0,0,32.0,0.0,USPS Ground Advantage,1,32.0,,7,12,16,1,30,buyer,0,1,1,0,1,0,,,0,,0,"Home & Garden > Yard, Garden & Outdoor Living > Plants, Seeds & Bulbs > Plants & Seedlings","Hastings, Minnesota, United States",2026-05-05,152,2026-07-01,0,32.0,0.0,0,0,1,0,0,53,53,1,0,3,0,1,WELCOME TO OUR STORE ⭐️ PRODUCT IS MANUFACTURED AND SHIPPED FROM THE USA ⭐️ 🚚 FAST & RELIABLE SHIPPING WITHIN THE UNITED STATES 🚚 🌿 Calathea Lancifolia ‘Rattles,2026-10-04T06:37:23.797Z
calathea setosa,competitor_organic_top3,5,0,398444920471,https://www.ebay.com/itm/398444920471,amanda2.0,2,rooted pot,,Calathea Pinstripe Potted Indoor Houseplant Variegated Green/Purple 3.5 In Pot,78,10,0,0,1,0,0,0,3.5,1,0,0,0,0,1,0,not specified,0,0,26,Climate|Common Name|Indoor/Outdoor|Growth Habit|MPN|Item Length|Soil Type|Growth Stage|Genus|Number in Pack|Item Height|Foliage|Features|Safety|Room|Item Width|Color|Set Includes|Brand|Season of Interest|Plant Form|Soil pH|Type|Watering|Growth Rate|Sunlight,1,1,1,0,0,1,Unbranded,1,1,Does Not Apply,0,,0,4,4,4,0,78,10,0,1,0,0,0,0,0,0,16.49,11.3,USPS Ground Advantage,0,27.79,,3,3,10,0,,,0,0,,0,0,0,,,0,,0,"Home & Garden > Yard, Garden & Outdoor Living > Plants, Seeds & Bulbs > Plants & Seedlings","Westland, Michigan, United States",2026-09-29,5,2026-10-01,0,16.49,11.3,0,0,0,0,0,119,119,1,0,2,0,1,Calathea Pinstripe Potted Indoor Houseplant Variegated Green/Purple 3.5 In Pot,2026-10-04T06:37:41.361Z
calathea setosa,competitor_organic_top3,6,0,336767136897,https://www.ebay.com/itm/336767136897,plants-zen,24,rooted pot,,"Calathea Ornata Plant Live - Size: 4""",37,7,0,0,1,0,0,0,4,1,1,0,0,0,0,0,not specified,0,0,4,Type|Brand|Number in Pack|Indoor/Outdoor,1,0,0,0,0,1,PlantsZen,0,0,,0,,0,1,1,1,0,190,28,0,1,1,1,0,0,0,0,21.99,0.0,Standard Shipping,1,21.99,,1,2,5,0,,,0,0,11,1,0,2,,,0,,0,"Home & Garden > Yard, Garden & Outdoor Living > Plants, Seeds & Bulbs > Plants & Seedlings","San Marcos, California, United States",2026-08-29,36,,0,21.99,0.0,0,0,0,0,0,119,119,1,0,3,0,1,"Calathea Ornata Plant Live — Size: 4"" Live indoor plant from PlantsZen. Ships carefully packed. Open promptly upon arrival and water as needed. SKU: CALATHEA_OR",2026-10-04T06:38:02.899Z
calathea setosa,competitor_organic_top3,7,0,314667161553,https://www.ebay.com/itm/314667161553,BubbleBlooms,2564,rooted pot,,"Calathea Musaica, 4 inch Calathea Network Prayer Plant, Very Rare",65,10,0,0,1,0,1,0,4,1,0,0,0,1,0,0,not specified,0,0,5,Type|Brand|Soil Type|Indoor or Outdoor|UPC,1,0,0,0,0,1,Florida House Plants,0,0,,1,,0,8,8,8,0,2318,419,1,1,1,1,0,0,1,0,24.99,0.0,Promotional Shipping Service,1,24.99,Free shipping on all eligible items from bubbleblooms.shop.,1,4,11,1,30,buyer,0,0,11,1,11,16,1,,1,1@24.99; 2@22.49; 3@21.24; 4+@19.99,0,"Home & Garden > Yard, Garden & Outdoor Living > Plants, Seeds & Bulbs > Plants & Seedlings","Apopka, Florida, United States",2023-06-24,1198,2026-10-03,0,24.99,5.95,0,0,0,1,0,119,119,1,0,4,0,1,[GROWN AND PLANTED IN THE USA] Bringing the quality and price of local nurseries to you. [PRODUCT DETAILS] You will receive plant(s) similar to the listing phot,2026-10-04T06:38:21.439Z
cebu blue pothos,competitor_organic_top3,5,0,257703917139,https://www.ebay.com/itm/257703917139,abdullahalazam,410,bundle,,"10 Plant Cuttings Bundle, Pothos Monstera Variety, Cebu Baltic Blue, Neon, Mican",80,12,0,1,0,0,1,0,,0,0,0,0,0,0,0,not specified,0,1,21,Seller Notes|Climate|Common Name|Indoor/Outdoor|Color|Growth Habit|Personalize|Brand|Season of Interest|Plant Form|Watering|Growth Stage|Type|Genus|Number in Pack|Growth Rate|Foliage|Sunlight|Features|Room|Country of Origin,1,1,1,0,0,1,Unbranded,1,0,,0,,0,11,11,11,0,1633,260,1,1,1,0,0,1,0,0,25.99,0.0,USPS Ground Advantage,1,25.99,,3,4,11,1,14,buyer,0,0,8,0,21,42,11,43,1,1@25.99; 2@23.39; 2+@23.39,0,"Home & Garden > Yard, Garden & Outdoor Living > Plants, Seeds & Bulbs > Plants & Seedlings","Webster, Texas, United States",2026-08-26,39,2026-09-17,0,25.99,0.0,0,42,0,1,0,85,85,1,0,1,0,1,"10 Plant Cuttings Bundle featuring Pothos & Monstera varieties like Cebu Blue, Baltic Blue,Neon, Marble Queen, Golden Pothos, Monstera Adansonii, Monstera Silte",2026-10-04T06:38:42.877Z
cebu blue pothos,competitor_organic_top3,6,0,257757509874,https://www.ebay.com/itm/257757509874,abdullahalazam,410,bundle,,"8 Plant Cuttings Bundle, Pothos Monstera Variety: Marble Satin Neon Global Cebu",79,12,0,0,0,0,1,0,,0,0,0,0,0,0,0,not specified,0,1,17,Seller Notes|Climate|Common Name|Color|Indoor/Outdoor|Brand|Personalize|Season of Interest|Plant Form|Type|Watering|Genus|Number in Pack|Sunlight|Features|Room|Country of Origin,1,1,1,0,0,1,Unbranded,0,0,,0,,0,9,9,,0,969,147,1,1,0,0,0,0,0,0,24.99,0.0,USPS Ground Advantage,1,24.99,,3,4,11,1,14,buyer,0,1,10,0,0,7,,8,0,,0,"Home & Garden > Yard, Garden & Outdoor Living > Plants, Seeds & Bulbs > Plants & Seedlings","Webster, Texas, United States",2026-09-22,12,,0,24.99,0.0,0,0,1,0,0,85,85,1,0,2,0,1,"Rare live plant cutting collection featuring Monstera Adansonii, Silver Satin, Cebu Blue, Marble Queen, Global Green, Neon, Golden Pothos & Monstera Siltepecana",2026-10-04T05:39:40.654Z
cebu blue pothos,competitor_organic_top3,7,0,287617302083,https://www.ebay.com/itm/287617302083,plants_42,147,rooted pot,,6 Cebu Blue Pothos (Epipremnum pinnatum 'Cebu Blue' Plus Extra Species,70,11,0,1,1,1,1,1,,0,0,0,0,0,0,0,not specified,0,0,22,Climate|Color|Indoor/Outdoor|Growth Habit|MPN|Set Includes|Soil Type|Brand|Season of Interest|Plant Form|Soil pH|Type|Growth Stage|Watering|Number in Pack|Growth Rate|Foliage|Sunlight|Features|Safety|Room|Country of Origin,1,0,0,0,0,1,Unbranded,1,1,Does not apply,0,,0,1,1,1,0,117,18,0,0,0,0,0,0,0,0,13.04,0.0,USPS Ground Advantage,1,13.04,,3,4,12,1,30,buyer,0,0,3,0,0,0,,,0,,0,"Home & Garden > Yard, Garden & Outdoor Living > Plants, Seeds & Bulbs > Plants & Seedlings","Seffner, Florida, United States",2026-09-30,4,,0,13.04,0.0,0,0,0,0,0,85,85,1,0,3,0,1,6 Cebu Blue Pothos (Epipremnum pinnatum 'Cebu Blue' plus extra cuttings from a different species with every purchase.,2026-10-04T07:00:04.150Z
christmas cactus,competitor_organic_top3,5,0,257448600683,https://www.ebay.com/itm/257448600683,rwwsr,3628,bundle,,Thanksgiving/Christmas cactus cuttings assortment 12 different unique varieties,79,8,0,1,0,0,1,0,,0,0,0,0,0,0,0,not specified,0,1,21,Seller Notes|Climate|Common Name|Indoor/Outdoor|Growth Habit|Soil Type|Brand|Season of Interest|Plant Form|Soil pH|Growth Stage|Watering|Type|Genus|Number in Pack|Growth Rate|Sunlight|Foliage|Features|Safety|Country of Origin,1,1,1,0,0,1,Whitton,1,0,,0,,0,13,14,13,1,2416,395,1,1,1,0,0,1,1,0,19.99,0.0,USPS First Class,1,19.99,,1,3,9,1,30,buyer,0,0,5,0,44,48,13,20,0,,0,"Home & Garden > Yard, Garden & Outdoor Living > Plants, Seeds & Bulbs > Plants & Seedlings","Camden-Wyoming, Delaware, United States",2026-04-08,179,2026-08-21,0,19.99,0.0,44,0,0,0,0,120,1000,1,0,2,0,1,"Thanksgiving/Christmas cactus cuttings assortment - 12 different unique varieties Please be mindful of the temperatures in your area, nights 30 or warmer and da",2026-10-04T06:39:04.094Z
christmas cactus,competitor_organic_top3,6,0,257549939889,https://www.ebay.com/itm/257549939889,rwwsr,3628,bundle,,Christmas/Thanksgiving Cactus Assortment - 5 Starter Size Plants - All Different,80,11,0,1,0,0,1,0,,0,0,0,0,0,0,0,not specified,0,1,25,Seller Notes|Plant Type|Climate|Common Name|Color|Indoor/Outdoor|Growth Habit|Plant Characteristic|Soil Type|Brand|Personalize|Plant Form|Soil pH|Season of Interest|Watering|Type|Growth Stage|Genus|Number in Pack|Growth Rate|Sunlight|Foliage|Features|Safety|Country of Origin,1,1,1,0,0,1,Whitton,1,0,,0,,0,11,11,11,0,2369,389,1,1,1,0,0,1,1,0,19.99,0.0,USPS First Class,1,19.99,,1,3,9,1,30,buyer,0,0,6,0,33,19,5,,0,,0,"Home & Garden > Yard, Garden & Outdoor Living > Plants, Seeds & Bulbs > Plants & Seedlings","Camden-Wyoming, Delaware, United States",2026-06-06,120,2026-08-21,0,19.99,0.0,33,0,0,0,0,120,1000,1,0,3,0,1,"Please be mindful of the temperatures in your area, nights 28 or warmer and days 35 or warmer are best for safe arrival. These are unnamed/unlabeled plants, 5 d",2026-10-04T06:39:20.889Z
hoya australis lisa,competitor_organic_top3,5,0,188809280746,https://www.ebay.com/itm/188809280746,CTS Air Plants,25681,rooted pot,,"Hoya Australis Lisa, 4"" Pot",27,5,1,1,1,1,1,1,4,1,0,0,0,0,0,0,not specified,0,1,17,Seller Notes|Country of Origin|Plant Type|Common Name|Indoor/Outdoor|Color|USDA Hardiness Zone (°F)|Plant Characteristic|Item Length|Brand|Season of Interest|Type|Watering|Genus|Sunlight|Features|Room,1,1,1,0,0,1,CTS Air Plants,0,0,,0,,0,4,4,4,0,456,77,0,1,1,0,0,0,0,0,14.95,6.95,USPS First Class,0,21.9,Free shipping on each additional eligible item you buy from coastaltill1.,2,3,10,1,30,buyer,0,0,6,0,1,6,4,7,0,,1,"Home & Garden > Yard, Garden & Outdoor Living > Plants, Seeds & Bulbs > Plants & Seedlings","Castaic, California, United States",2026-08-18,47,2026-10-03,0,14.95,6.95,0,6,0,0,0,120,150,1,0,2,0,1,Hoya australis Lisa. An ideal house plant with green heart shaped leaves. Thrive in bright light and indoor temps 65-80F. In low light they can lose variegation,2026-10-04T06:39:39.278Z
hoya australis lisa,competitor_organic_top3,6,0,158236859830,https://www.ebay.com/itm/158236859830,irvin-sophi,1816,rooted pot,,hoya australis lisa,19,3,1,1,1,1,1,1,,0,0,0,0,0,0,0,not specified,0,0,14,Climate|Common Name|Color|Indoor/Outdoor|Brand|Season of Interest|Type|Watering|Growth Stage|Genus|Number in Pack|Sunlight|Features|Country of Origin,1,1,1,0,0,1,Unbranded,1,0,,0,,0,6,6,6,0,31,6,0,1,0,0,0,0,0,0,16.0,9.0,USPS Ground Advantage,0,25.0,,2,4,11,0,,,0,1,6,0,1,3,,5,0,,0,"Home & Garden > Yard, Garden & Outdoor Living > Plants, Seeds & Bulbs > Plants & Seedlings","Saint Albans, New York, United States",2026-08-29,36,2026-10-03,0,16.0,9.0,0,0,1,0,0,120,150,1,0,3,0,1,You will receive one plant only,2026-10-04T06:39:59.796Z
hoya carnosa compacta,competitor_organic_top3,6,0,405328224010,https://www.ebay.com/itm/405328224010,air_flora,85,rooted pot,,8” Hoya Rope - Hoya Compacta - Hindu Rope - Hoya Carnosa,56,12,0,1,1,1,1,1,8,1,0,0,0,0,0,0,not specified,0,0,5,Brand|Type|Features|Item Length|Country of Origin,1,0,0,0,0,1,Unbranded,0,0,,0,,0,7,7,7,0,1313,227,1,1,0,0,0,0,0,0,40.99,26.86,USPS Priority Mail,0,67.85,,3,4,11,0,,,0,0,11,1,21,81,10,6,0,,0,"Home & Garden > Yard, Garden & Outdoor Living > Plants, Seeds & Bulbs > Plants & Seedlings","Apopka, Florida, United States",2024-11-05,698,2025-01-12,0,40.99,26.86,0,81,0,0,0,69,69,1,0,2,0,1,"🌿✨ 8” Hoya Rope Plant - Exotic & Easy to Care For! 🌱🌿 Looking to add a unique, lush touch to your plant collection? This 8-inch Hoya Rope plant is a rare beauty",2026-10-04T06:40:20.534Z
hoya carnosa compacta,competitor_organic_top3,7,0,257706851712,https://www.ebay.com/itm/257706851712,abdullahalazam,410,rooted pot,,"Hoya Hindu Rope 2"" Pot, Hoya Carnosa Compacta Wax Plant,Curly Rare Houseplant",77,12,0,1,1,1,1,1,2,1,0,0,0,1,0,0,not specified,0,0,15,Climate|Common Name|Color|Indoor/Outdoor|Brand|Season of Interest|Plant Form|Type|Growth Stage|Watering|Number in Pack|Sunlight|Features|Room|Country of Origin,1,1,0,0,0,1,Unbranded,1,0,,0,,0,5,6,5,1,1184,181,1,1,1,1,0,0,0,0,19.99,0.0,USPS Ground Advantage,1,19.99,,3,4,11,1,14,buyer,0,0,2,0,1,9,,12,0,,0,"Home & Garden > Yard, Garden & Outdoor Living > Plants, Seeds & Bulbs > Plants & Seedlings","Webster, Texas, United States",2026-08-27,38,,0,19.99,0.0,0,9,0,0,0,69,69,1,0,3,0,1,"A rare and beautiful Hoya Rope Plant in 2Inch Pot Starter (Hoya carnosa compacta / Hindu Rope) with unique curled, cascading vines that add natural elegance to ",2026-10-04T06:40:36.871Z
hoya carnosa compacta,competitor_organic_top3,8,0,336792340997,https://www.ebay.com/itm/336792340997,Vicky's Unique Boutique,5918,bare root,,#7869 HOYA CARNOSA COMPACTA KRINKLE KURL HINDU ROPE BARE ROOT PLANT FIVE+ INCHES,80,13,0,1,1,1,1,1,,0,0,0,0,0,0,0,not specified,0,1,17,Seller Notes|Climate|Common Name|Color|Indoor/Outdoor|Brand|Plant Form|Type|Growth Stage|Watering|Genus|Number in Pack|Sunlight|Foliage|Features|Country of Origin|Plant/Pot Size,1,1,1,0,0,1,Unbranded,1,0,,0,,0,8,8,8,0,688,113,1,0,1,0,0,0,1,0,20.0,0.0,USPS Ground Advantage,1,20.0,,1,4,9,1,30,buyer,0,0,4,0,1,1,,,0,,0,"Home & Garden > Yard, Garden & Outdoor Living > Plants, Seeds & Bulbs > Plants & Seedlings","San Mateo, Florida, United States",2026-09-13,21,,0,20.0,0.0,0,0,0,0,0,69,69,1,0,4,0,1,"HOYA CARNOSA COMPACTA, KRINKLE KURL, HINDU ROPE BARE ROOT PLANT FIVE+ INCHES BEAUTIFUL PINK WAXY FLOWERS SEVERAL PHOTOS PROVIDED TO GIVE YOU AN EXAMPLE OF WHAT ",2026-10-04T07:00:23.722Z
hoya cummingiana,competitor_organic_top3,6,0,287531352171,https://www.ebay.com/itm/287531352171,Happily Planted Nursery,230,rooted pot,,"Hoya Cummingiana - 4"" Pot Live Plant - Free Shipping",52,10,1,1,1,1,0,0,4,1,1,1,1,0,0,0,not specified,0,1,9,Seller Notes|Brand|Type|Climate|Common Name|Genus|Indoor/Outdoor|Features|Country of Origin,1,1,1,0,0,1,Unbranded,0,0,,0,,0,9,9,9,0,2807,444,1,1,1,1,1,1,0,1,36.99,0.0,USPS Ground Advantage,1,36.99,,1,2,5,0,,,0,0,2,0,0,0,,,0,,0,"Home & Garden > Yard, Garden & Outdoor Living > Plants, Seeds & Bulbs > Plants & Seedlings","Debary, Florida, United States",2026-08-17,48,2026-08-25,0,36.99,0.0,0,0,0,0,0,120,1200,1,0,3,0,1,"PLEASE READ FULL DESCRIPTION BEFORE PURCHASING You will receive a healthy hoya plant currently growing in a 4"" nursery pot. Each plant is well-rooted and carefu",2026-10-04T06:40:56.895Z
hoya cummingiana,competitor_organic_top3,7,0,287372912796,https://www.ebay.com/itm/287372912796,Happily Planted Nursery,230,rooted pot,,"Hoya Cummingiana Albo - Exact Plant - 4"" Pot Live Plant - Free Shipping",71,14,1,1,1,1,0,0,4,1,1,1,1,0,0,1,not specified,0,1,9,Seller Notes|Brand|Type|Climate|Common Name|Genus|Indoor/Outdoor|Features|Country of Origin,1,1,1,0,0,1,Hoya,0,0,,0,,0,8,9,8,1,2792,438,1,1,1,1,1,1,0,1,69.99,0.0,USPS Ground Advantage,1,69.99,,1,3,9,0,,,0,0,,0,0,3,,,0,,0,"Home & Garden > Yard, Garden & Outdoor Living > Plants, Seeds & Bulbs > Plants & Seedlings","Debary, Florida, United States",2026-06-04,122,2026-08-25,0,69.99,0.0,0,0,0,0,0,120,1200,1,0,4,0,1,"PLEASE READ FULL DESCRIPTION BEFORE PURCHASING You will receive a healthy hoya plant currently growing in a 4"" nursery pot. Each plant is well-rooted and carefu",2026-10-04T06:41:15.045Z
hoya kerrii,competitor_organic_top3,5,0,314755343481,https://www.ebay.com/itm/314755343481,Malibu Tropical,772,rooted pot,,"Hoya Hindu Rope live plant 4"" pot - 1 stem 6"" to 8"" long",56,14,0,0,1,0,0,0,4,1,1,1,0,0,0,0,not specified,0,1,26,Seller Notes|Climate|Common Name|Indoor/Outdoor|Growth Habit|Item Length|Soil Type|Growth Stage|Genus|Number in Pack|Foliage|Features|Safety|Room|Item Width|Color|Set Includes|Brand|Season of Interest|Plant Form|Soil pH|Type|Watering|Growth Rate|Sunlight|Country of Origin,1,1,1,0,0,1,Malibu Tropical,1,0,,0,,0,2,2,2,0,600,101,0,0,0,0,0,0,0,0,24.99,6.0,"delivery in 2–4 days Get it between Tue, Oct 6 and Thu, Oct 8 to 94104",0,30.99,,1,,,1,14,buyer,0,0,60,0,84,134,11,6,0,,0,"Home & Garden > Yard, Garden & Outdoor Living > Plants, Seeds & Bulbs > Plants & Seedlings","Winnetka, California, United States",2023-08-06,1155,2026-06-11,0,24.99,6.0,84,0,0,0,0,120,643,1,0,2,0,1,"Bring the beauty of the outdoors inside with this stunning Hoya Carnosa Compacta houseplant. Known for its curly leaves and lovely green color, this climbing pl",2026-10-04T06:41:33.809Z
hoya kerrii,competitor_organic_top3,6,0,314829681403,https://www.ebay.com/itm/314829681403,Malibu Tropical,772,bare root,,Hoya Kerrii Reverse Variegated bare roots - Heart shape leaves - CA Seller,74,13,1,1,1,1,1,1,,0,0,0,0,0,1,0,not specified,0,1,26,Seller Notes|Climate|Common Name|Indoor/Outdoor|Growth Habit|Item Length|Soil Type|Growth Stage|Genus|Indoor or Outdoor|Number in Pack|Foliage|Features|Safety|Room|Color|Set Includes|Brand|Season of Interest|Plant Form|Soil pH|Type|Watering|Growth Rate|Sunlight|Country/Region of Manufacture,1,1,1,0,0,1,Roots,1,0,,0,,0,8,8,0,0,1585,236,0,0,0,0,0,0,0,0,35.0,6.0,"delivery in 2–4 days Get it between Tue, Oct 6 and Thu, Oct 8 to 94104",0,41.0,,1,,,1,14,buyer,0,0,13,0,53,90,13,,0,,0,"Home & Garden > Yard, Garden & Outdoor Living > Plants, Seeds & Bulbs > Plants & Seedlings","Winnetka, California, United States",2023-09-14,1116,2026-03-24,0,35.0,6.0,0,25,0,0,0,120,643,1,0,3,0,1,"Hoya kerrii inner variegated, also known as Variegated Sweetheart Plant or Variegated Valentine Plant, is a cultivar of Hoya kerrii with leaves that have varieg",2026-10-04T06:41:54.300Z
monstera peru,competitor_organic_top3,5,0,318935621465,https://www.ebay.com/itm/318935621465,Wild Eartha,4412,rooted pot,,#88 Variegated Monstera Karstenianum Peru Plant Aroid 4” Pot Philodendron,73,10,0,1,1,1,1,1,4,1,0,0,0,0,1,0,not specified,0,0,7,Brand|Plant Form|Type|Genus|Features|Item Length|Country of Origin,1,0,1,0,0,1,Unbranded,0,0,,0,,0,4,4,4,0,582,100,0,1,1,0,0,1,0,0,10.0,15.0,UPS Ground,0,25.0,,10,10,16,0,,,0,0,,0,0,14,,16,0,,0,"Home & Garden > Yard, Garden & Outdoor Living > Plants, Seeds & Bulbs > Plants & Seedlings","Homestead, Florida, United States",2026-09-30,4,,0,10.0,15.0,0,0,0,0,0,56,56,1,0,2,0,1," Fabulous Variegated Monstera Karstenianum Peru Plant Aroid 4” Pot Auction is for plant shown in pictures Nice and full, a real beauty Plenty of new growth Will",2026-10-04T06:42:13.685Z
monstera peru,competitor_organic_top3,6,0,206082611309,https://www.ebay.com/itm/206082611309,TheDealsAreRightHere,388,cuttings,,Monstera Obliqua Peru And Or Combo Esqueleto Nodes *Unrooted* Node Cuttings (3),79,12,0,1,1,1,1,1,,0,0,0,0,0,0,0,not specified,0,0,14,Climate|Color|Indoor/Outdoor|Growth Habit|MPN|Personalize|Brand|Season of Interest|Type|Genus|Number in Pack|Features|Room|Country of Origin,1,0,1,0,0,1,Unbranded,0,1,1,0,,0,6,6,6,0,547,94,0,0,0,0,0,0,0,0,15.99,7.87,USPS Ground Advantage,0,23.86,,3,4,12,1,30,buyer,0,1,1,0,4,8,1,,0,,0,"Home & Garden > Yard, Garden & Outdoor Living > Plants, Seeds & Bulbs > Plants & Seedlings","Bloomfield, New Jersey, United States",2026-02-20,226,2026-08-31,0,15.99,7.87,0,8,1,1,0,56,56,1,0,3,0,1,This product is a set of three unrooted Monstera Obliqua Peru node cuttings and or Esqueleto nodes. These houseplants are perfect for tropical climates and can ,2026-10-04T06:42:32.897Z
monstera siltepecana,competitor_organic_top3,5,0,257567497189,https://www.ebay.com/itm/257567497189,abdullahalazam,410,rooted pot,,Monstera Siltepecana El Salvador Silver Leaf Climbing Plant Exotic Indoor Vine,78,11,1,1,1,1,1,1,,0,0,0,0,0,0,0,not specified,0,0,18,Climate|Common Name|Color|Indoor/Outdoor|Soil Type|Brand|Personalize|Season of Interest|Plant Form|Type|Growth Stage|Watering|Number in Pack|Sunlight|Foliage|Features|Room|Country of Origin,1,1,0,0,0,1,Unbranded,1,0,,0,,0,5,6,5,1,1803,293,1,1,1,1,0,1,0,0,29.99,0.0,USPS Ground Advantage,1,29.99,,3,4,11,1,14,buyer,0,1,4,0,1,2,,,0,,0,"Home & Garden > Yard, Garden & Outdoor Living > Plants, Seeds & Bulbs > Plants & Seedlings","Webster, Texas, United States",2026-06-15,111,,0,29.99,0.0,0,0,1,0,0,63,63,1,0,2,0,1,Add a touch of rare beauty to your home with this gorgeous Monstera Siltepecana (popularly known as Monstera El Salvador). This fully rooted monstera arrives as,2026-10-04T06:42:54.050Z
monstera siltepecana,competitor_organic_top3,6,0,257776760256,https://www.ebay.com/itm/257776760256,posdoctor,2519,rooted pot,,Aroid tropical houseplant Monstera Siltepecana,46,5,0,1,1,1,0,0,,0,0,0,0,0,0,0,not specified,0,0,6,Brand|Type|Climate|Genus|Indoor/Outdoor|Country of Origin,1,0,1,0,0,1,Unbranded,0,0,,0,,0,2,2,2,0,1419,244,1,0,0,0,0,1,0,0,4.0,10.88,UPS Ground,0,14.88,,,10,16,0,,,0,0,,0,0,3,,8,0,,0,"Home & Garden > Yard, Garden & Outdoor Living > Plants, Seeds & Bulbs > Plants & Seedlings","Atlanta, Georgia, United States",2026-10-02,2,,0,4.0,10.88,0,0,0,0,0,63,63,1,0,3,0,1,"This Monstera is a smaller Monstera climber. The 1st picture is the plant in auction. The last picture is a more mature plant. Temperature: ideally, should be 7",2026-10-04T06:43:15.243Z
peperomia hope,competitor_organic_top3,5,0,395446273871,https://www.ebay.com/itm/395446273871,NNPLANT,4979,cuttings,,15 Cuttings Peperomia Hope Succlent Hanging Foliage 6inches Long Live Plant,75,11,0,1,1,0,1,0,6,1,1,1,0,0,0,0,not specified,0,1,5,Seller Notes|Brand|Type|Common Name|Country of Origin,1,1,0,0,0,1,Unbranded,0,0,,0,,0,1,1,1,0,1398,235,0,1,1,1,1,1,0,1,4.99,6.99,USPS Priority Mail,0,11.98,,10,12,19,1,14,buyer,0,0,11,1,15,50,7,,1,1@4.99; 2@4.74; 3@4.69; 4+@4.64,0,"Home & Garden > Yard, Garden & Outdoor Living > Plants, Seeds & Bulbs > Plants & Seedlings","Modesto, California, United States",2024-06-03,853,2026-06-29,0,4.99,6.99,0,0,0,1,0,57,57,1,0,2,0,1,? IMPORTANT NOTICE ? ?? Consumption Warning: Do not consume this plant or any part of it unless it is clearly labeled as a vegetable or edible fruit tree in our,2026-10-04T06:43:34.661Z
peperomia hope,competitor_organic_top3,6,0,137687408036,https://www.ebay.com/itm/137687408036,krifian_0,3,cuttings,,Peperomia Hope Collector Plant – Rooted Cutting – Rare Trailing Peperomia,73,11,1,1,1,0,1,0,,0,0,0,0,1,0,0,not specified,0,0,15,Climate|Common Name|Indoor/Outdoor|Color|Growth Habit|MPN|Set Includes|Brand|Plant Form|Growth Stage|Type|Genus|Number in Pack|Foliage|Features,1,1,1,0,0,1,Unbranded,1,1,Does not apply,0,,0,4,4,4,0,1123,178,0,1,1,0,0,0,0,0,18.0,5.68,"delivery in 2–4 days Get it between Tue, Oct 6 and Thu, Oct 8 to 94104",0,23.68,,2,,,0,,,0,1,,0,0,1,,,0,,0,"Home & Garden > Yard, Garden & Outdoor Living > Plants, Seeds & Bulbs > Plants & Seedlings","Martinez, California, United States",2026-09-01,33,,0,18.0,5.68,0,0,1,0,0,57,57,1,0,3,0,1,"Beautiful Peperomia Hope rooted cutting propagated from my mature mother plant. This charming collector Peperomia is loved for its thick, rounded leaves and bea",2026-10-04T06:43:52.440Z
philodendron brasil,competitor_organic_top3,5,0,198644566387,https://www.ebay.com/itm/198644566387,Vintage Life 365,429,cuttings,,Philodendron Brasil Fresh 3 Unrooted Cuttings Live House Plant! 2 Nodes Per Cut,79,13,1,1,1,0,1,0,,0,1,0,0,0,0,0,not specified,0,0,14,Common Name|Indoor/Outdoor|Color|Growth Habit|Brand|Plant Form|Type|Growth Stage|Genus|Number in Pack|Growth Rate|Sunlight|Features|Country of Origin,1,1,1,0,0,1,Philodendron Brazil,1,0,,0,,0,3,3,3,0,278,50,0,0,0,0,0,0,0,0,7.65,6.07,USPS Ground Advantage,0,13.72,,3,5,10,0,,,0,0,10,0,0,2,,,1,1@7.65; 2@6.89; 3@6.50; 4+@6.12,1,"Home & Garden > Yard, Garden & Outdoor Living > Plants, Seeds & Bulbs > Plants & Seedlings","Texico, Illinois, United States",2026-09-16,18,,0,7.65,6.07,0,0,0,1,0,120,169,1,0,2,0,1,3 fresh cuttings of a philodendron Brazil. Each cutting will have atleast 2 nodes. Coming from a very healthy plant. Fast growing and the more light it gets the,2026-10-04T06:44:12.437Z
philodendron brasil,competitor_organic_top3,6,0,185632525804,https://www.ebay.com/itm/185632525804,succulentsandcactus,2418,cuttings,,"3 Cuttings Philodendron ‘Brasil’ Brazil Pothos, Sweetheart 3-5 Nodes Unrooted",77,10,0,1,1,0,1,0,,0,0,0,0,0,0,0,not specified,0,0,23,Country of Origin|Climate|Common Name|Color|Indoor/Outdoor|Growth Habit|Set Includes|Item Length|Soil Type|Brand|Plant Form|Season of Interest|Type|Growth Stage|Watering|Genus|Number in Pack|Growth Rate|Sunlight|Foliage|Features|Safety|Room,1,1,1,0,0,1,Unbranded,1,0,,0,,0,3,3,3,0,599,97,0,0,0,0,0,0,0,0,14.99,0.0,USPS First Class,1,14.99,,3,3,10,0,,,0,0,11,1,19,12,1,,0,,0,"Home & Garden > Yard, Garden & Outdoor Living > Plants, Seeds & Bulbs > Plants & Seedlings","Garden Grove, California, United States",2022-10-26,1439,2026-09-04,0,14.99,0.0,0,0,0,0,0,120,169,1,0,3,0,1,"The product is a set of 3 unrooted Philodendron 'Brasil' cuttings with 3-5 nodes each, suitable for indoor growth in a tropical climate. These variegated cuttin",2026-10-04T06:44:33.240Z
philodendron micans,competitor_organic_top3,5,0,326747809068,https://www.ebay.com/itm/326747809068,czgrainllc,31406,rooted pot,,Philodendron Micans Live Plant in 2 Inch Pot,44,8,1,1,1,1,1,1,2,1,1,1,0,0,0,0,not specified,0,0,9,Brand|Season of Interest|Type|Genus|Color|Indoor/Outdoor|Features|Room|Country of Origin,1,0,1,0,0,1,CZ Grain,0,0,,0,,0,5,5,5,0,403,74,0,1,0,0,0,0,0,0,14.9,0.0,Standard Shipping,1,14.9,,1,3,6,0,,,0,0,332,0,1,26,1,,0,,0,"Home & Garden > Yard, Garden & Outdoor Living > Plants, Seeds & Bulbs > Plants & Seedlings","Russell, Iowa, United States",2025-08-27,403,2026-09-30,0,14.9,0.0,0,0,0,0,0,111,111,1,0,2,0,1,The Philodendron Micans Live Plant in a 2 Inch Pot by CZ Grain is a green houseplant perfect for both indoor and outdoor environments. With its summer and sprin,2026-10-04T06:44:53.357Z
philodendron micans,competitor_organic_top3,6,0,860002732750,https://www.ebay.com/itm/860002732750,Tiny Turtles Tropicals,8,rooted pot,,Philodendron Micans Variegated: mother plant entire pot 2 years established,75,10,1,1,1,1,1,1,,1,0,0,0,0,1,0,not specified,0,1,12,Seller Notes|Brand|Type|Climate|Watering|Common Name|Genus|Color|Growth Habit|MPN|Soil Type|Country of Origin,1,1,1,0,0,1,Unbranded,0,1,Philodendron Micans,0,,0,1,1,1,0,661,115,1,1,1,1,0,0,0,0,116.35,0.0,FedEx 2Day,1,116.35,,4,5,6,0,,,0,0,,0,0,1,,,0,,1,"Home & Garden > Yard, Garden & Outdoor Living > Plants, Seeds & Bulbs > Plants & Seedlings","Dupont, Washington, United States",2026-10-03,1,2026-10-04,0,116.35,0.0,0,0,0,0,0,111,111,1,0,3,0,1,"Philodendron Variegated Micans mother plant. Entire 6"" pot. Huge leaves, bright orange that harden to pink. Extra high variegated. 2 years old and very precious",2026-10-04T06:45:14.165Z
philodendron pink princess,competitor_organic_top3,5,0,307212262520,https://www.ebay.com/itm/307212262520,hanwin-2412,60,bare root,,Pink Princess Philodendron- EXACT PLANT!,40,5,0,1,1,0,1,0,,0,0,0,0,0,0,1,not specified,0,0,6,Brand|Type|Genus|Color|Features|Country of Origin,1,0,1,0,0,1,Unbranded,0,0,,0,,0,5,5,5,0,199,34,0,1,1,1,0,0,0,0,22.0,10.11,USPS Ground Advantage,0,32.11,,2,3,10,0,,,0,0,,0,0,1,,5,0,,0,"Home & Garden > Yard, Garden & Outdoor Living > Plants, Seeds & Bulbs > Plants & Seedlings","Suncook, New Hampshire, United States",2026-10-03,1,2026-10-03,0,22.0,10.11,0,0,0,0,0,120,164,1,0,2,0,1,Beautiful pink princess philodendron with a new ruby pink leaf!! Plant will be shipped bare root in damp sphagnum moss. NO POT INCLUDED via shipping. You will r,2026-10-04T06:45:33.463Z
philodendron pink princess,competitor_organic_top3,6,0,307212272357,https://www.ebay.com/itm/307212272357,hanwin-2412,60,bare root,,Pink Princess Philodendron- EXACT PLANT!,40,5,0,1,1,0,1,0,,0,0,0,0,0,0,1,not specified,0,0,5,Genus|Color|Brand|Type|Country of Origin,1,0,1,0,0,1,Unbranded,0,0,,0,,0,5,5,5,0,181,29,0,1,1,1,0,0,0,0,20.0,10.11,USPS Ground Advantage,0,30.11,,2,3,10,0,,,0,0,,0,0,0,,,0,,0,"Home & Garden > Yard, Garden & Outdoor Living > Plants, Seeds & Bulbs > Plants & Seedlings","Suncook, New Hampshire, United States",2026-10-03,1,,0,20.0,10.11,0,0,0,0,0,120,164,1,0,3,0,1,"Beautiful, healthy pink princess philodendron! Plant will be shipped bare root in damp sphagnum moss. NO POT INCLUDED via shipping. You will receive the exact p",2026-10-04T06:45:55.901Z
pilea peperomioides,competitor_organic_top3,5,0,314779024469,https://www.ebay.com/itm/314779024469,joyfulblooms,586,rooted pot,,Pilea Peperomioides Chinese Money Plant Live Evergreen Perennial Houseplant,75,9,1,1,1,1,1,1,,0,1,0,0,0,0,0,not specified,0,0,22,Country of Origin|Climate|Common Name|Indoor/Outdoor|Color|Soil Type|Personalize|Brand|Season of Interest|Plant Form|Soil pH|Growth Stage|Type|Watering|Genus|Number in Pack|Growth Rate|Foliage|Sunlight|Features|Safety|Room,1,1,1,0,0,1,Unbranded,1,0,,0,,0,7,7,7,0,1308,217,1,1,1,1,0,0,0,0,23.99,5.99,USPS Ground Advantage,0,29.98,,3,2,5,0,,,0,0,4,0,26,75,7,,0,,0,"Home & Garden > Yard, Garden & Outdoor Living > Plants, Seeds & Bulbs > Plants & Seedlings","Hercules, California, United States",2023-08-18,1143,2026-06-04,0,23.99,5.99,26,0,0,0,0,120,164,1,0,2,0,1,"Each order will consist of one (1) Pilea Peperomioides from the mother plant shown in picture. This plant is also commonly known as Chinese money plant, coin pl",2026-10-04T06:46:16.863Z
pilea peperomioides,competitor_organic_top3,6,0,307047954551,https://www.ebay.com/itm/307047954551,primo_deals,1262,rooted pot,,Rooted Starter Rare Plant Variegated Pilea Peperomioides White Splash Houseplant,80,10,0,1,1,1,0,0,,0,0,0,0,1,1,0,not specified,0,0,6,Brand|Type|Genus|Color|Features|Country of Origin,1,0,1,0,0,1,Unbranded,0,0,,0,,0,4,4,4,0,317,51,0,0,0,0,0,0,0,0,35.0,6.47,USPS Ground Advantage,0,41.47,,4,3,10,0,,,0,1,2,0,0,4,,,0,,0,"Home & Garden > Yard, Garden & Outdoor Living > Plants, Seeds & Bulbs > Plants & Seedlings","Aurora, Colorado, United States",2026-07-07,89,2026-07-23,0,35.0,6.47,0,4,1,0,0,120,164,1,0,3,0,1,"Rare, hard to find, live plant. Variegated Pilea Peperomioides “White Splash.” Rooted starter pilea plant baby. This listing is for 1 plant. The pups are about ",2026-10-04T06:46:34.067Z
raven zz plant,competitor_organic_top3,5,0,178548468275,https://www.ebay.com/itm/178548468275,rider13pr,1738,rooted pot,,Variegated Zamioculcas Zamifolia ZZ Plant not Raven Monstera Philodendron #4,76,10,0,1,1,1,1,1,,0,0,0,0,0,1,0,not specified,0,0,11,Brand|Type|Climate|Watering|Genus|Common Name|Indoor/Outdoor|Sunlight|Growth Habit|Features|Country of Origin,1,1,1,0,0,1,Unbranded,0,0,,0,,0,8,8,8,0,3485,575,0,1,1,1,1,1,1,0,38.5,15.95,USPS Priority Mail,0,54.45,,3,5,6,0,,,0,0,,0,0,2,,13,0,,0,"Home & Garden > Yard, Garden & Outdoor Living > Plants, Seeds & Bulbs > Plants & Seedlings","Bayamon, Puerto Rico, United States",2026-10-02,2,,0,38.5,15.95,0,0,0,0,0,129,46,1,0,2,0,1,"Add a truly eye-catching gem to your plant collection with this beautiful Variegated Zamioculcas Zamifolia, also known as ZZ or Eternity plant. This is a rooted",2026-10-04T06:46:53.220Z
raven zz plant,competitor_organic_top3,6,0,178549218395,https://www.ebay.com/itm/178549218395,rider13pr,1738,rooted pot,,Variegated Zamioculcas Zamifolia ZZ Plant not Raven Monstera Philodendron #1,76,10,0,1,1,1,1,1,,0,0,0,0,0,1,0,not specified,0,0,11,Brand|Type|Climate|Watering|Genus|Common Name|Indoor/Outdoor|Sunlight|Growth Habit|Features|Country of Origin,1,1,1,0,0,1,Unbranded,0,0,,0,,0,8,8,8,0,3359,556,0,1,1,1,1,1,1,0,22.5,9.95,USPS Priority Mail,0,32.45,,3,5,6,0,,,0,0,,0,0,0,,,0,,0,"Home & Garden > Yard, Garden & Outdoor Living > Plants, Seeds & Bulbs > Plants & Seedlings","Bayamon, Puerto Rico, United States",2026-10-02,2,2026-10-02,0,22.5,9.95,0,0,0,0,0,129,46,1,0,3,0,1,"Add a truly eye-catching gem to your plant collection with this beautiful Variegated Zamioculcas Zamifolia, also known as ZZ or Eternity plant. This is a rooted",2026-10-04T06:47:11.891Z
rhaphidophora tetrasperma,competitor_organic_top3,5,0,257778955411,https://www.ebay.com/itm/257778955411,th_ploy23,331,bare root,,Mini Monstera (Rhaphidophora tetrasperma) Live Indoor bare root shipping,72,9,0,1,1,1,1,1,,0,1,0,0,0,0,0,not specified,0,0,25,Climate|Common Name|Indoor/Outdoor|Growth Habit|MPN|Item Length|Soil Type|Growth Stage|Genus|Number in Pack|Item Height|Foliage|Features|Safety|Room|Color|Set Includes|Brand|Plant Form|Soil pH|Season of Interest|Watering|Type|Growth Rate|Sunlight,1,1,1,0,0,1,Unbranded,1,1,Does Not Apply,0,,0,5,5,5,0,29,5,0,1,1,0,0,0,0,0,39.99,0.0,Standard Tracked Shipping,1,39.99,,2,4,11,0,,,0,1,,0,0,1,,9,0,,0,"Home & Garden > Yard, Garden & Outdoor Living > Plants, Seeds & Bulbs > Plants & Seedlings","Atlantic City, NJ, United States",2026-10-03,1,,0,39.99,0.0,0,0,1,0,0,63,63,1,0,2,0,1,24” height bare root shipping,2026-10-04T06:47:29.567Z
rhaphidophora tetrasperma,competitor_organic_top3,6,0,407263240740,https://www.ebay.com/itm/407263240740,thehippieplantshop,104,rooted pot,,Variegated Rhaphidophora Tetrasperma. Exact Plant shown in picture,66,8,0,1,1,1,0,0,,0,0,0,0,0,1,1,not specified,0,0,4,Brand|Type|Features|Country of Origin,1,0,0,0,0,1,houseplants,0,0,,0,,0,5,5,5,0,302,53,0,1,0,0,0,0,0,0,50.0,12.0,USPS Ground Advantage,0,62.0,,5,9,12,0,,,0,0,,0,0,0,,,0,,0,"Home & Garden > Yard, Garden & Outdoor Living > Plants, Seeds & Bulbs > Plants & Seedlings","Wetumpka, Alabama, United States",2026-10-03,1,,0,50.0,12.0,0,0,0,0,0,63,63,1,0,3,0,1,"Rooted and growing, appears to have another growth point forming at the base of the dirt 😍 comes in a cup with the cotton rope underneath it for bottom watering",2026-10-04T06:47:49.193Z
sansevieria moonshine,competitor_organic_top3,5,0,407260461610,https://www.ebay.com/itm/407260461610,judjik0,19,rooted pot,,Sansevieria Moonshine Splash Rare Uniqe Snake Plant,51,7,1,1,1,0,1,0,,0,0,0,0,1,0,0,New New More information - About this item condition,1,0,9,Condition|Brand|Pattern|Type|Size|Color|Material|Subject|Country of Origin,1,0,0,0,1,1,Unbranded,0,0,,0,,0,4,4,4,0,3335,548,0,0,1,1,1,1,0,1,75.0,35.0,Standard Shipping from outside US,0,110.0,,20,36,47,0,,,0,0,5,0,0,0,,,0,,0,Collectibles & Art > Collectibles > Decorative Collectibles > Planters,"LAMPUNG SELATAN, SUMATRA, Indonesia",2026-10-02,2,,0,75.0,35.0,0,0,0,0,0,92,92,1,0,2,0,1,🌿 Welcome to My Shop 🌿 Thank you for choosing Make My Plants! We’re excited to help you grow your plant collection. Please take a moment to review the following,2026-10-04T06:48:07.801Z
sansevieria moonshine,competitor_organic_top3,6,0,117433547833,https://www.ebay.com/itm/117433547833,giorgios1972,9721,rooted pot,,Sansevieria trifasciata 'Moonshine' Rare succulent 4''pot,57,6,0,1,1,1,1,1,,1,0,0,0,1,0,0,not specified,0,0,7,Brand|Non-Domestic Product|Plant Type|Type|Custom Bundle|Modified Item|Country of Origin,1,0,0,0,0,1,Unbranded,0,0,,0,,0,4,4,4,0,2544,459,0,0,1,0,1,1,0,1,13.99,6.8,USPS First Class,0,20.79,,3,3,9,0,,,0,0,,0,0,0,2,,0,,0,"Home & Garden > Yard, Garden & Outdoor Living > Plants, Seeds & Bulbs > Plants & Seedlings","Homestead, Florida, United States",2026-09-27,7,,0,13.99,6.8,0,0,0,0,0,92,92,1,0,3,0,1, -Plant in perfect condition; shown in a 4' pot so you compare it to the size of the plant. You buy the plant you see. Plants will be shipped usually bare root ,2026-10-04T06:48:25.161Z
satin pothos,competitor_organic_top3,5,0,285198559813,https://www.ebay.com/itm/285198559813,maiksylvia,8982,cuttings,,Silver Satin Pothos 3 node fresh CUTTING - Scindapsus Pictus Plant Houseplant,77,12,0,1,1,1,1,1,,0,0,0,0,0,0,0,not specified,0,0,10,Brand|Plant Form|Type|Genus|Common Name|Number in Pack|Color|Indoor/Outdoor|Country of Origin|UPC,1,1,1,0,0,1,Unbranded,0,0,,1,,0,2,2,2,0,604,106,0,1,1,0,0,1,0,0,12.99,0.0,USPS Ground Advantage,1,12.99,,1,3,6,0,,,0,0,10,0,164,268,26,7,1,1@12.99; 2@11.04; 3@10.65; 4+@10.39,0,"Home & Garden > Yard, Garden & Outdoor Living > Plants, Seeds & Bulbs > Plants & Seedlings","Englewood, Florida, United States",2023-03-22,1292,2026-06-27,0,12.99,0.0,164,0,0,1,0,116,116,1,0,2,0,1,"Silver Satin Pothos 2 node fresh CUTTING - Scindapsus Pictus Plant Houseplant. Picture show the motherplant, you will receive ONE Cutting with 3 nodes Shipping ",2026-10-04T06:48:42.943Z
satin pothos,competitor_organic_top3,6,0,147585154107,https://www.ebay.com/itm/147585154107,littlegg,4,cuttings,,"Two (2) Satin Pothos, Silver Philodendron Rooted Cuttings",57,8,0,1,0,0,1,0,,0,0,0,0,0,0,0,not specified,0,0,18,Common Name|Color|Indoor/Outdoor|Growth Habit|Soil Type|Brand|Plant Form|Type|Watering|Growth Stage|Genus|Indoor or Outdoor|Number in Pack|Growth Rate|Sunlight|Foliage|Features|UPC,1,1,1,0,0,1,Florida House Plants,1,0,,1,,0,4,4,4,0,336,58,0,0,0,0,0,0,1,0,2.0,5.5,"delivery in 2–4 days Get it between Tue, Oct 6 and Thu, Oct 8 to 94104",0,7.5,,2,,,0,,,0,0,4,0,0,2,1,6,0,,0,"Home & Garden > Yard, Garden & Outdoor Living > Plants, Seeds & Bulbs > Plants & Seedlings","Portland, Oregon, United States",2026-09-19,15,2026-09-19,0,2.0,5.5,0,0,0,0,0,116,116,1,0,3,0,1,"Two (2) single node, rooted cuttings. Propagated in water and ready for soil. Photos are examples of available cuttings. Last photo is of the mother plant. We a",2026-10-04T06:49:04.088Z
syngonium chiapense,competitor_organic_top3,5,0,860004752191,https://www.ebay.com/itm/860004752191,the_sentient_garden,165,rooted pot,,"Syngonium Chiapense Albo Variegated Plant In 3.5"" Pot.",54,8,1,1,1,1,0,0,3.5,1,0,0,0,0,1,0,not specified,0,0,23,Climate|Indoor/Outdoor|Color|Growth Habit|Item Length|Soil Type|Brand|Personalize|Season of Interest|Soil pH|Plant Form|Watering|Growth Stage|Type|Genus|Number in Pack|Growth Rate|Foliage|Sunlight|Features|Safety|Room|Country of Origin,1,0,1,0,0,1,Unbranded,1,0,,0,,0,8,8,8,0,1263,232,0,1,1,1,0,1,0,0,40.0,0.0,USPS Priority Mail,1,40.0,,3,3,9,0,,,0,0,,0,0,0,,,0,,0,"Home & Garden > Yard, Garden & Outdoor Living > Plants, Seeds & Bulbs > Plants & Seedlings","Chowchilla, California, United States",2026-10-03,1,,0,40.0,0.0,0,0,0,0,0,120,208,1,0,1,0,1,"Syngonium chiapense albo variegated is a beautiful and easy to grow plant with soft velvety leaves. These plants are beautiful, each leaf with it's own beautifu",2026-10-04T06:49:23.875Z
syngonium chiapense,competitor_organic_top3,6,0,307138306955,https://www.ebay.com/itm/307138306955,buyplants2013,1233,rooted pot,,syngonium chiapense fully rooted potted plants huge plants,58,8,1,1,1,1,0,0,,1,0,0,0,0,0,0,not specified,0,0,14,Climate|Indoor/Outdoor|Growth Habit|Brand|Season of Interest|Type|Watering|Number in Pack|Growth Rate|Foliage|Sunlight|Features|Room|Country of Origin,1,0,0,0,0,1,Unbranded,0,0,,0,,0,5,5,5,0,568,94,0,0,0,0,0,0,0,0,29.99,15.8,USPS Ground Advantage,0,45.79,,3,5,10,0,,,0,0,1,0,2,2,,,0,,0,"Home & Garden > Yard, Garden & Outdoor Living > Plants, Seeds & Bulbs > Plants & Seedlings","Fairfield, Alabama, United States",2026-08-21,44,,0,29.99,15.8,0,2,0,0,0,120,208,1,0,2,0,1,"The Syngonium chiapense fully rooted potted plant is a tropical houseplant that thrives in low sunlight and full shade, making it perfect for indoor environment",2026-10-04T06:49:42.315Z
syngonium chiapense,competitor_organic_top3,7,0,318792385728,https://www.ebay.com/itm/318792385728,the_sentient_garden,165,rooted pot,,"Syngonium Chiapense Albo Variegated Plant In 3.5"" Pot.",54,8,1,1,1,1,0,0,3.5,1,0,0,0,0,1,0,not specified,0,0,23,Climate|Indoor/Outdoor|Color|Growth Habit|Item Length|Soil Type|Brand|Personalize|Season of Interest|Soil pH|Plant Form|Watering|Growth Stage|Type|Genus|Number in Pack|Growth Rate|Foliage|Sunlight|Features|Safety|Room|Country of Origin,1,0,1,0,0,1,Unbranded,1,0,,0,,0,5,5,5,0,1263,232,0,1,1,1,0,1,0,0,47.0,0.0,USPS Priority Mail,1,47.0,,3,3,9,0,,,0,0,,0,0,2,,,0,,0,"Home & Garden > Yard, Garden & Outdoor Living > Plants, Seeds & Bulbs > Plants & Seedlings","Chowchilla, California, United States",2026-08-28,37,2026-10-03,0,47.0,0.0,0,0,0,0,0,120,208,1,0,3,0,1,"Syngonium chiapense albo variegated is a beautiful and easy to grow plant with soft velvety leaves. These plants are beautiful, each leaf with it's own beautifu",2026-10-04T06:50:00.847Z
syngonium mojito,competitor_organic_top3,5,0,158155390107,https://www.ebay.com/itm/158155390107,Canopy Gems,2142,rooted pot,,"Syngonium Mojito Variegated 2.5"" pot, Fedex 2day*",49,7,1,1,1,0,1,0,2.5,1,0,0,0,0,1,0,not specified,0,1,4,Seller Notes|Brand|Type|Country of Origin,1,0,0,0,0,1,houseplants,0,0,,0,,0,6,6,6,0,1422,231,0,1,1,1,1,1,0,1,21.0,17.0,USPS Priority Mail,0,38.0,$4.00 shipping for each additional eligible item you buy from canopygems.,4,4,12,0,,,0,0,4,0,0,1,,,0,,0,"Home & Garden > Yard, Garden & Outdoor Living > Plants, Seeds & Bulbs > Plants & Seedlings","Keaau, HI, United States",2026-08-05,60,2026-10-03,0,21.0,17.0,0,0,0,0,0,132,21,1,0,2,0,1,"AUTOMATIC FEDEX 2 DAY AIR UPGRADE when you purchase any 3 plants. PLEASE READ BEFORE PURCHASING Purchase & Shipping Terms By completing your purchase, you agree",2026-10-04T06:50:20.756Z
syngonium mojito,competitor_organic_top3,6,0,117290531675,https://www.ebay.com/itm/117290531675,Your Plant Haven,1376,rooted pot,,Syngonium Mojito,16,2,1,1,1,0,1,0,,0,0,0,0,0,0,0,not specified,0,0,5,Brand|Country of Origin|Indoor/Outdoor|Number in Pack|Type,1,0,0,0,0,1,Unbranded,0,0,,0,,0,4,4,0,0,804,130,0,0,1,0,1,0,0,1,20.0,12.0,Standard Shipping,0,32.0,,3,3,10,1,30,buyer,0,0,2,0,0,2,,,0,,0,"Home & Garden > Yard, Garden & Outdoor Living > Plants, Seeds & Bulbs > Plants & Seedlings","Des Moines, Iowa, United States",2026-07-08,88,2026-09-26,0,20.0,12.0,0,2,0,0,0,132,21,1,0,3,0,1,"Bundled Houseplant Shipping: $12 for the first plant and just $5 for each additional plant. If eBay charges full shipping on additional plants, I?ll refund the ",2026-10-04T06:50:39.212Z
texas ebony plant,competitor_organic_top3,5,0,960005529982,https://www.ebay.com/itm/960005529982,strawberrymilkat3am,1897,rooted pot,,Rare Texas Ebony Bonsai Dynamic Foliage Fragrant Fruiting Cold Hardy Edible,75,11,0,1,0,0,1,0,,0,0,0,0,1,0,0,not specified,0,0,8,Brand|Plant Form|Growth Stage|Climate|Type|Color|Features|Country of Origin,1,0,0,0,0,1,Tree,1,0,,0,,0,7,7,7,0,1141,178,0,1,1,0,0,1,0,0,299.99,24.33,UPS Ground,0,324.32,,,11,17,0,,,0,1,,0,0,3,,13,0,,0,"Home & Garden > Yard, Garden & Outdoor Living > Plants, Seeds & Bulbs > Plants & Seedlings","Miami, Florida, United States",2026-10-03,1,,0,299.99,24.33,0,0,1,0,0,122,8,1,0,2,0,1,Please view my other items for additional Bonsai and Penjing items/custom creations. All measurements are approximated. I try to make them as accurate as possib,2026-10-04T06:50:59.814Z
watermelon peperomia,competitor_organic_top3,5,0,406891647649,https://www.ebay.com/itm/406891647649,galactic.g_35,185,rooted pot,,"Peperomia Watermelon Plant in 4"" Pot - Peperomia Argyreia - Striped Peperomia",77,12,0,1,1,1,1,1,4,1,0,0,0,0,0,0,not specified,0,0,4,Brand|Type|Indoor/Outdoor|Country of Origin,1,0,0,0,0,1,Unbranded,0,0,,0,,0,5,5,5,0,104,16,0,1,0,0,0,0,0,0,20.99,5.99,USPS Ground Advantage,0,26.98,,5,4,12,1,14,buyer,0,0,3,0,2,8,1,,0,,0,"Home & Garden > Yard, Garden & Outdoor Living > Plants, Seeds & Bulbs > Plants & Seedlings","Vista, CA, United States",2026-04-29,158,2026-09-16,0,20.99,5.99,0,8,0,0,0,126,39,1,0,2,0,1,"Peperomia Watermelon Live Plant in 4"" Pot - Peperomia Argyreia - Striped Peperomia - Tropical Houseplant",2026-10-04T06:51:16.497Z
watermelon peperomia,competitor_organic_top3,6,0,277475896829,https://www.ebay.com/itm/277475896829,daniemorloc8,511,bare root,,"Watermelon COSTA RICA Peperomia Live Starter Plant for Planting 4-6""Tall, No Pot",80,12,0,1,1,0,1,0,,1,1,0,0,0,0,0,not specified,0,1,11,Seller Notes|Personalize|Brand|Type|Genus|Common Name|Color|Indoor/Outdoor|Number in Pack|Features|Country of Origin,1,1,1,0,0,1,Unbranded,0,0,,0,,0,7,7,7,0,1495,247,1,1,1,0,0,1,0,0,15.99,13.48,USPS Priority Mail,0,29.47,,5,6,13,0,,,0,0,3,0,1,6,1,,1,1@15.99; 2@14.39; 3@14.07,0,"Home & Garden > Yard, Garden & Outdoor Living > Plants, Seeds & Bulbs > Plants & Seedlings","Hudson, Florida, United States",2025-10-31,338,2026-05-02,0,15.99,13.48,0,6,0,1,0,126,39,1,0,3,0,1,"""You will receive one healthy Watermelon COSTA RICA Peperomia plant. The plant is well-rooted in soil and grown in a nursery pot but ships without the pot to re",2026-10-04T06:51:38.015Z
