plant,query,fetched_utc,pos,source,shop_in_source,title,price,old_price,delivery,rating,reviews,tag,extensions,multiple_sources,product_id
calathea rattlesnake,calathea rattlesnake etsy,2026-10-04T05:20:10Z,1,Etsy - NYCitySucculents,NYCitySucculents,Calathea Lancifolia Rattlesnake Plant,16.07,,,4.8,1100,,,True,17275555407371217278
calathea rattlesnake,calathea rattlesnake etsy,2026-10-04T05:20:10Z,2,Etsy - Seller,Seller,Perfect Plants Calathea Rattlesnake Plant 6 Inch Pot,20,,,4.9,303,,,True,4024199654897787190
calathea rattlesnake,calathea rattlesnake etsy,2026-10-04T05:20:10Z,3,Etsy - Seller,Seller,Succulents Box Rattlesnake Plant for Sale Calathea Lancifolia Feng Shui Indoor Plant,15.99,,,4.9,710,,,True,14253806308825403986
calathea rattlesnake,calathea rattlesnake etsy,2026-10-04T05:20:10Z,4,Etsy - Seller,Seller,Rattlesnake Calathea Lancifolia potted plant,8.5,,,2,1,,,,13616237929504313055
calathea rattlesnake,calathea rattlesnake etsy,2026-10-04T05:20:10Z,5,Etsy - Seller,Seller,Wekiva Foliage Rattlesnake Calathea Live Plant in Pot,14.45,17,,4.8,60,15% OFF,15% OFF,True,7097221942343490897
calathea rattlesnake,calathea rattlesnake etsy,2026-10-04T05:20:10Z,6,Etsy - FreshFromGreenhouse,FreshFromGreenhouse,Rattlesnake Calathea Plant Rare Tropical Calathea Lancifolia Pot,19.2,24,Free delivery,4.9,16,20% OFF,20% OFF,,10713081012432456487
calathea rattlesnake,calathea rattlesnake etsy,2026-10-04T05:20:10Z,7,Etsy - Seller,Seller,Calathea Lancifolia Rattlesnake Pot,21,35,,4.9,66,40% OFF,40% OFF,True,1977645974613195843
calathea rattlesnake,calathea rattlesnake etsy,2026-10-04T05:20:10Z,8,Etsy - Seller,Seller,Calathea Rattlesnake spotted starter plant *(ALL plants require you to purchase any 2 plants)*,13.53,23,Free delivery,4.5,4,40% OFF,40% OFF,,17196740768888344474
calathea rattlesnake,calathea rattlesnake etsy,2026-10-04T05:20:10Z,9,Etsy - Seller,Seller,Rattlesnake Houseplant - Calathea lancifolia Insignis - Live 'STARTER' Plant,21.99,,Free delivery,5,1,,,,12993097910121061225
calathea rattlesnake,calathea rattlesnake etsy,2026-10-04T05:20:10Z,10,Etsy - Seller,Seller,Calathea Insignis Rattlesnake Calathea,16.09,23,,4.9,34,30% OFF,30% OFF,True,8105945832188223935
calathea rattlesnake,calathea rattlesnake etsy,2026-10-04T05:20:10Z,11,Etsy - Seller,Seller,"Calathea Rattlesnake | Lancifolia Prayer Plant | Live Tropical Houseplant | Indoor Home & Office Decor Easy Care Rooted in 4"" or 6"" inch Pot",19.94,28,Free delivery,5,20,30% OFF,30% OFF,,66003531638519554
calathea rattlesnake,calathea rattlesnake etsy,2026-10-04T05:20:10Z,12,Etsy,,Calathea Rattlesnake Lancifolia - 4'' de California Tropicals,17.99,,Free delivery,4.9,144,,,,3160451197882509817
calathea rattlesnake,calathea rattlesnake etsy,2026-10-04T05:20:10Z,13,Etsy,,"Rattlesnake Calathea Live Plant, Prayer Plant – Pet Friendly, 4 Inch Pot Houseplant",24,,,,,,,,10595014834487492819
calathea rattlesnake,calathea rattlesnake etsy,2026-10-04T05:20:10Z,14,Etsy - ThorsensGreenhouse,ThorsensGreenhouse,"Calathea Rattlesnake | Pet Safe | 4"" Diameter Plant | Live Houseplant | Multiple Options",27.99,,Free delivery,4.9,16,,,,15312097762289868258
calathea rattlesnake,calathea rattlesnake etsy,2026-10-04T05:20:10Z,15,Etsy - Seller,Seller,Rattlesnake Calathea Lancifolia Plant | Striking Tropical Foliage | 6 Inch Pot | Low Light Indoor Decor,27.95,,,,,,,,11486334162890783536
calathea rattlesnake,calathea rattlesnake etsy,2026-10-04T05:20:10Z,16,Etsy - KodamaForest,KodamaForest,"Calathea Rattlesnake, Kokedama - Bonsai Moss ball -",40,,,4.8,23,,,,9228239573167197978
calathea rattlesnake,calathea rattlesnake etsy,2026-10-04T05:20:10Z,17,Etsy - Auragiftshop,Auragiftshop,"Calathea Rattlesnake Plant 6in Pot - Live Prayer Plant, Tropical Houseplant, Indoor Air-Purifying Plant, Decorative Foliage",21,28,,5,5,25% OFF,25% OFF,,10254564795155275402
calathea rattlesnake,calathea rattlesnake etsy,2026-10-04T05:20:10Z,18,Etsy - Seller,Seller,Calathea Lancifolia Rattlesnake Lush Starter Plant Rooted Calathea Plant Pet Safe Plants Houseplant Wedding Gift Housewarming Gift,20,,,,,,,,7901204056795627779
calathea rattlesnake,calathea rattlesnake etsy,2026-10-04T05:20:10Z,19,Etsy - Seller,Seller,"Calathea Insignis 'Rattlesnake' | Exotic Spotted Foliage | 4"" Rooted Live Houseplant",29.99,,Free delivery,,,,,,1946735194243013873
calathea rattlesnake,calathea rattlesnake etsy,2026-10-04T05:20:10Z,20,Etsy - Seller,Seller,"Rattlesnake Calathea Seeds - Exotic Patterned Foliage, Tropical Houseplant",8.37,13,,,,33% OFF,33% OFF,,8798631050387592464
calathea rattlesnake,calathea rattlesnake etsy,2026-10-04T05:20:10Z,21,Etsy - TinTinTinFlowers,TinTinTinFlowers,Rattlesnake Plant Seeds - Calathea Lancifolia - Tropical Houseplant - Wavy Spotted Leaves - Indoor Foliage - Rare Exotic Plant,3.79,7.58,Free delivery,2.7,7,50% OFF,50% OFF,,11949814239123830249
calathea rattlesnake,calathea rattlesnake etsy,2026-10-04T05:20:10Z,22,Etsy - TinTinTinFlowers,TinTinTinFlowers,Calathea Lancifolia Seeds - Rattlesnake Plant - Prayer Plant - Tropical Indoor Foliage Houseplant,3.79,7.58,Free delivery,,,50% OFF,50% OFF,,10550487848318957288
calathea rattlesnake,calathea rattlesnake etsy,2026-10-04T05:20:10Z,23,Etsy - KodamaForest,KodamaForest,"Calathea Rattlesnake with fern, Kokedama - Bonsai Moss ball -",48,,,5,1,,,,10764191283151928285
calathea rattlesnake,calathea rattlesnake etsy,2026-10-04T05:20:10Z,24,Etsy - Seller,Seller,"25 Rattlesnake Calathea Seeds, Rare Tropical Houseplant with Striking Spotted Foliage",15.99,,,,,,,,12877857186198261273
calathea rattlesnake,calathea rattlesnake etsy,2026-10-04T05:20:10Z,25,Etsy - PlantVers,PlantVers,Calathea 'Rattlesnake' en maceta de 10 cm - Planta de Calathea Lancifolia viva - Planta de calathea de interior - Planta de regalo para cumpleaños y g,14.83,33,,4.8,1100,55% OFF,55% OFF,,12112587231389588098
calathea rattlesnake,calathea rattlesnake etsy,2026-10-04T05:20:10Z,26,Etsy - Seller,Seller,25 Rattlesnake Calathea Seeds | Rare Tropical Houseplant Seeds | Ornamental Foliage Plant for Indoor Pots,9.93,,,,,,,,15865701022274369260
calathea rattlesnake,calathea rattlesnake etsy,2026-10-04T05:20:10Z,27,Etsy - PlantVers,PlantVers,Rare Calathea Lancifolia Pot Air Purifier Plant,12.6,28,,5,25,55% OFF,55% OFF,,8850165598163566503
calathea rattlesnake,calathea rattlesnake etsy,2026-10-04T05:20:10Z,28,Etsy,,"Calathea (Rattlesnake) Kokedama + Saucer, Plant, Gifts For Her, Houseplant, Moss Ball, Gift for Him, Plant Mom, Unique, Centerpiece, Decor",62,,,,,,,,10762522670397722776
calathea rattlesnake,calathea rattlesnake etsy,2026-10-04T05:20:10Z,29,Etsy - Seller,Seller,"Calathea Rattlesnake, lancifolia, rooted Houseplant",15.01,,,1,1,,,,7206390634293214085
calathea rattlesnake,calathea rattlesnake etsy,2026-10-04T05:20:10Z,30,Etsy - Arosezen,Arosezen,Calathea rattlesnake plant | House plants | a exotic plants,27.2,34,,,,20% OFF,20% OFF,,7072559976522307609
calathea rattlesnake,calathea rattlesnake etsy,2026-10-04T05:20:10Z,31,Etsy - FreshFromGreenhouse,FreshFromGreenhouse,"Rattlesnake Calathea Plant: Goeppertia Insignis in 4"" Pot | 2-Plant Minimum |",24,,Free delivery,5,26,,,,16857686026776964363
calathea rattlesnake,calathea rattlesnake etsy,2026-10-04T05:20:10Z,32,Etsy - Seller,Seller,Live Rattlesnake Plantain Orchid: Appalachian Native Terrarium Plant,8.99,,,,,,,,18011272808778930734
calathea rattlesnake,calathea rattlesnake etsy,2026-10-04T05:20:10Z,33,Etsy - Seller,Seller,"in 6 inch pot, live well-rooted rare Rattlesnake Calathea, Rattlesnake plant, prayer plant",14.99,,,,,,,,7549977121802734196
calathea rattlesnake,calathea rattlesnake etsy,2026-10-04T05:20:10Z,34,Etsy,,Calathea 'Rattlesnake': Planta viva con manchas negras (maceta de 10 cm) / Mínimo 2 plantas /,19.2,24,Free delivery,4.7,15,20% OFF,20% OFF,,12875078171272844618
calathea rattlesnake,calathea rattlesnake etsy,2026-10-04T05:20:10Z,35,Etsy,,Calathea Lancifolia - Rattlesnake Calathea - Starter Plant - Live Houseplant in 3” Pot,11.25,25,,,,55% OFF,55% OFF,,7717770473051260195
calathea rattlesnake,calathea rattlesnake etsy,2026-10-04T05:20:10Z,36,Etsy,,Calathea Rattlesnake (planta viva) / Rara planta de interior Lancifolia Prayer (planta de inicio) / Para todas las plantas es necesario comprar 2 plan,12.99,22,Free delivery,,,40% OFF,40% OFF,,11968964722356689162
calathea rattlesnake,calathea rattlesnake etsy,2026-10-04T05:20:10Z,37,Etsy - TheGreenEscape,TheGreenEscape,"Calathea pilosa 2"" pot (ALL PLANTS require you to purchase 2 plants!)",12.8,16,Free delivery,5,4,20% OFF,20% OFF,,15739542242330234129
calathea rattlesnake,calathea rattlesnake etsy,2026-10-04T05:20:10Z,38,Etsy - Seller,Seller,Calathea Musaica Live Plant - 4 inch | Pot - optional decorative Pot,15.99,,,,,,,,5404510433424489874
calathea rattlesnake,calathea rattlesnake etsy,2026-10-04T05:20:10Z,39,Etsy - TheGreenEscape,TheGreenEscape,Calathea roseopicta Starter Plant (ALL Starter PLANTS require you to purchase 2 plants!). DD6,16,,Free delivery,,,,,,15084885135859391891
calathea rattlesnake,calathea rattlesnake etsy,2026-10-04T05:20:10Z,40,Etsy - Seller,Seller,Rattlesnake Calathea 1 Live Tropical Plant - Lancifolia Prayer Plant in 4 Inch Pot,63,,,,,,,,642827477219844098
calathea setosa,calathea setosa etsy,2026-10-04T05:20:10Z,1,Etsy - TheGreenEscape,TheGreenEscape,"Calathea pilosa 2"" pot (ALL PLANTS require you to purchase 2 plants!)",12.8,16,Free delivery,5,4,20% OFF,20% OFF,,15739542242330234129
calathea setosa,calathea setosa etsy,2026-10-04T05:20:10Z,2,Etsy - Seller,Seller,"Handmade Paper Plant - Calathea White Star, rare houseplant, Housewarming gift, pet friendly",39.95,,Free delivery,,,,,,2256056329838969709
calathea setosa,calathea setosa etsy,2026-10-04T05:20:10Z,3,Etsy - KodamaForest,KodamaForest,Calathea and Austral Gem Fern Combo Kokedama - Bonsai Moss ball - Japanese house plant decoration,42,,,5,2,,,,18076195498238162650
calathea setosa,calathea setosa etsy,2026-10-04T05:20:10Z,4,Etsy - Seller,Seller,"Crimson Burst Calathea 25 Seeds, Rare Tropical Foliage Plant, Indoor Houseplant, Exotic Patterned Leaves",11.29,17,,,,33% OFF,33% OFF,,3295625971075359110
calathea setosa,calathea setosa etsy,2026-10-04T05:20:10Z,5,Etsy - Seller,Seller,Calathea pink jessy rare aroid plant - variegated plant - indoor & outdoor plant aroid tropical house plant New plant,40,,,,,,,,12800831277915329034
calathea setosa,calathea setosa etsy,2026-10-04T05:20:10Z,6,Etsy - LilyParadiseFlowers,LilyParadiseFlowers,"6"" Calathea Makoyana Peacock | Geoppertia Makoyana | Rare Live Plant",24,,,5,1,,,,12435292525034563862
calathea setosa,calathea setosa etsy,2026-10-04T05:20:10Z,7,Etsy,,"Calathea (Rattlesnake) Kokedama + Saucer, Plant, Gifts For Her, Houseplant, Moss Ball, Gift for Him, Plant Mom, Unique, Centerpiece, Decor",62,,,,,,,,10762522670397722776
calathea setosa,calathea setosa etsy,2026-10-04T05:20:10Z,8,Etsy - Seller,Seller,Calathea pink jesi - rare tropical plant variegated,40,,,4.4,195,,,,18251953055509150285
calathea setosa,calathea setosa etsy,2026-10-04T05:20:10Z,9,Etsy - PlantVers,PlantVers,Calathea 'Rattlesnake' en maceta de 10 cm - Planta de Calathea Lancifolia viva - Planta de calathea de interior - Planta de regalo para cumpleaños y g,14.83,33,,4.8,1100,55% OFF,55% OFF,,12112587231389588098
calathea setosa,calathea setosa etsy,2026-10-04T05:20:10Z,10,Etsy - Seller,Seller,"4"" Dottie Calathea plant pot - chic and colorful hot pink purple leaf foliage - Prayer houseplant- beautiful patterns - home decor",22.95,,,,,,,,15211227082683400429
calathea setosa,calathea setosa etsy,2026-10-04T05:20:10Z,11,Etsy - Seller,Seller,Calathea stromanthe horticolor - rare tropical plant variegated,40,,,,,,,,17273826724995636245
calathea setosa,calathea setosa etsy,2026-10-04T05:20:10Z,12,Etsy - KodamaForest,KodamaForest,Calathea 'Vittata' Kokedama - Bonsai Moss ball - Japanese house plant decoration,38,,,5,6,,,,11393735141946332236
calathea setosa,calathea setosa etsy,2026-10-04T05:20:10Z,13,Etsy - Seller,Seller,"Calathea Dottie Plant - 4"" | 6"" Pot - Live Plant - optional decorative Pot",15.99,,,,,,,,1185963150265985633
calathea setosa,calathea setosa etsy,2026-10-04T05:20:10Z,14,Etsy - Seller,Seller,Calathea Musaica Live Plant - 4 inch | Pot - optional decorative Pot,15.99,,,,,,,,5404510433424489874
calathea setosa,calathea setosa etsy,2026-10-04T05:20:10Z,15,Etsy - Seller,Seller,Calathea makoyana ( the peacock plant) Real Picture,29.2,,,,,,,,12034524941787461893
calathea setosa,calathea setosa etsy,2026-10-04T05:20:10Z,16,Etsy - Seller,Seller,"New Calathea Green Goddess, Calathea Roseopicta, Decorative Green Striped Leaves, Prayer Plant, Easy Indoor Houseplant",27.41,32,,,,15% OFF,15% OFF,,9504506364899935145
calathea setosa,calathea setosa etsy,2026-10-04T05:20:10Z,17,Etsy,,"Calathea Assortment Set, 2 inch pots, 5 Different Prayer Plants, Variety Gift, pet Friendly Indoor Low Light",49.99,,,,,,,,10452365792417500197
cebu blue pothos,cebu blue pothos etsy,2026-10-04T05:20:16Z,1,eBay,,Epipremnum Cebu Blue Variegated Rare Plant Indoor Climbing Houseplant,130.43,,,5,1,,,,2718857640909600002
cebu blue pothos,cebu blue pothos etsy,2026-10-04T05:20:16Z,2,Etsy,,"Cebu Blue Pothos, Epipremnum Pinnatum Cuttings for Propagation, Rooted Houseplants, Live Indoor Plants Gifts, Growing Propagating Planter",4.64,,,,,,,,1318268909144795829
cebu blue pothos,cebu blue pothos etsy,2026-10-04T05:20:16Z,3,Wekiva Foliage,,Wekiva Foliage Cebu Blue Pothos Live Plant in Pot,30.98,,Free delivery by Fri,4.3,184,,,True,10693293941964113287
cebu blue pothos,cebu blue pothos etsy,2026-10-04T05:20:16Z,4,Etsy,,"Pothos azul de Cebú / Epipremnum pinnatum / RARO / Planta de interior VIVA / ¡Nudos, esquejes sin raíces y enraizados para propagación!",4,,,5,76,,,,8122598061330702711
cebu blue pothos,cebu blue pothos etsy,2026-10-04T05:20:16Z,5,Etsy,,esquejes de Pothos azul de Cebú,3,,,5,3,,,,18235178893503053738
cebu blue pothos,cebu blue pothos etsy,2026-10-04T05:20:16Z,6,Etsy,,Epipremnum Global Green,30,,,,,,,,1616945206326303907
cebu blue pothos,cebu blue pothos etsy,2026-10-04T05:20:16Z,7,Etsy - Seller,Seller,Epipremnum Global Green,25,,Free delivery,,,,,,5980348283810136476
cebu blue pothos,cebu blue pothos etsy,2026-10-04T05:20:16Z,8,Etsy - Seller,Seller,"5"" Cebu Blue Pothos Hanging Basket",24.99,,,,,,,,8521513757793012009
cebu blue pothos,cebu blue pothos etsy,2026-10-04T05:20:16Z,9,Etsy - PlantVers,PlantVers,"Cebu Blue Pothos in a 3"" Nursery Pot | Epipremnum Pinnatum Vining Plant | Air Purifying Indoor Houseplant | Low Light Best Office Plant",26.98,,,4.3,11,,,,332552615377858212
cebu blue pothos,cebu blue pothos etsy,2026-10-04T05:20:16Z,10,Garden Seed,,Epipremnum Cebu Blue Rare House Plant,15,,,4,13,,,True,1327329635853085717
cebu blue pothos,cebu blue pothos etsy,2026-10-04T05:20:16Z,11,Browns Point Plants,,"Pothos 'Cebu Blue' - 3"" Pot",19.99,,,5,2,,,,11493660614617412058
cebu blue pothos,cebu blue pothos etsy,2026-10-04T05:20:16Z,12,Etsy,,Corte de pothos azul de Cebú enraizado (Epipremnum pinnatum),5,,,,,,,,16810425033018319625
cebu blue pothos,cebu blue pothos etsy,2026-10-04T05:20:16Z,13,botanicaz.com,,Epipremnum pinnatum ‘Cebu Blue’,5,,,2.3,56,,,,2242438021372332967
cebu blue pothos,cebu blue pothos etsy,2026-10-04T05:20:16Z,14,Etsy - Seller,Seller,"Mystery House Plant Node Cutting Box, Mystery Cuttings, Mystery Plants, Node Cuttings, Bulk Plant Cuttings, Plant Gift Box, Bundle cuttings",3.99,,,4.9,84,,,,3808322634043283025
cebu blue pothos,cebu blue pothos etsy,2026-10-04T05:20:16Z,15,Etsy - PlantVers,PlantVers,"Cebu Blue Pothos in a 3"" Nursery Pot | Epipremnum Pinnatum Vining Plant | Air Purifying Indoor Houseplant | Low Light Best Office Plant",12.14,27,,3,1,55% OFF,55% OFF,,7862306745700574061
cebu blue pothos,cebu blue pothos etsy,2026-10-04T05:20:16Z,16,Rooted Plant Co.,,"Epipremnum Pinnatum ‘Cebu Blue’ - Pothos (6"" Hanging Basket)",42,,,,,,,,18328089740075141151
cebu blue pothos,cebu blue pothos etsy,2026-10-04T05:20:16Z,17,Etsy - Seller,Seller,"Pothos Cuttings Bundle Box | 5 Varieties, 8 Cuttings Total | Beginner Propagation",28,3.5,Free delivery,3.1,1,,,,15140372737850944077
cebu blue pothos,cebu blue pothos etsy,2026-10-04T05:20:16Z,18,Etsy,,"Paquete de 4 esquejes: Variedad rara de Pothos, Marble Queen Cebu Blue Neon Shanri La, planta de interior para propagación, regalo para amantes de las",24.99,,Free delivery,,,,,,12462344703475906051
cebu blue pothos,cebu blue pothos etsy,2026-10-04T05:20:16Z,19,Etsy - Seller,Seller,Cebu Blue Pothos - Epipremnum Pinnatum - Easy Care Climbing Philodendron,5,,,5,1,,,,6141203479753293281
cebu blue pothos,cebu blue pothos etsy,2026-10-04T05:20:16Z,20,Etsy,,N'joy pothos Starter Plant (ALL STARTER PLANTS require you to purchase 2 plants!),13.6,17,,,,20% OFF,20% OFF,,13419397683727418121
cebu blue pothos,cebu blue pothos etsy,2026-10-04T05:20:16Z,21,Etsy - SpiritGlassMillies,SpiritGlassMillies,Hanging glass plant globe. Includes 3 plant cuttings ivy,35,,Free delivery,3.7,41,,,,14278521809477258543
cebu blue pothos,cebu blue pothos etsy,2026-10-04T05:20:16Z,22,Medic Gekks,,"5"" Cebu Blue Pothos Hanging Basket",24.99,,,,,,,,11797130976832727998
cebu blue pothos,cebu blue pothos etsy,2026-10-04T05:20:16Z,23,Orchid Stuff Plus,,Pothos Cebu Blue,31.01,,,3.8,113,,,,15681793429917829533
cebu blue pothos,cebu blue pothos etsy,2026-10-04T05:20:16Z,24,Etsy,,"Esquejes de Pothos Azul de Cebú para Propagación, Plantas Vivas",2.79,3.49,,,,20% OFF,20% OFF,,4830888089785883088
cebu blue pothos,cebu blue pothos etsy,2026-10-04T05:20:16Z,25,Plantlanta Plant Shop,,"Pothos Cebu Blue - 3"" Pot",9.45,,,,,,,,6111850788458383006
cebu blue pothos,cebu blue pothos etsy,2026-10-04T05:20:16Z,26,Etsy - Seller,Seller,Cebu Blue Pothos,38.95,78,Free delivery,4.5,37,50% OFF,50% OFF,True,18278966666197366235
cebu blue pothos,cebu blue pothos etsy,2026-10-04T05:20:16Z,27,Etsy,,"Esqueje de Pothos Azul Cebú, Epipremnum Pinnatum, Variedad de Pothos Azul Plateado, Planta de Interior para Propagación, Regalo para Amantes de las Pl",5.99,,Free delivery,,,,,,8120188766139615631
cebu blue pothos,cebu blue pothos etsy,2026-10-04T05:20:16Z,28,Etsy - Seller,Seller,"Cebu Blue Pothos | Live Devils Ivy Vine | Home and Office decor | Indoor and Outdoor House Plant | Easy Care in 4"", 6"" and 8"" Hanging Basket",19.94,28,Free delivery,,,30% OFF,30% OFF,,3694209704453946849
cebu blue pothos,cebu blue pothos etsy,2026-10-04T05:20:16Z,29,Sejahtera Seeds and Bulbs,,"Cebu Blue Pothos Plant in 6"" Nursery Pot | Epipremnum Pinnatum | Air Purifying Indoor Houseplant | Low Light Office Plant",112.45,169,Free delivery,5,35,33% OFF,33% OFF,,17700331744574878551
cebu blue pothos,cebu blue pothos etsy,2026-10-04T05:20:16Z,30,Etsy,,Pothos satinado de 4 pulgadas de California Tropicals,18.99,,Free delivery,5,115,,,,15467093219524010736
cebu blue pothos,cebu blue pothos etsy,2026-10-04T05:20:16Z,31,Sejahtera Seeds and Bulbs,,"Cebu Blue Pothos Plant in 8"" Hanging Basket | Epipremnum Pinnatum 'Cebu Blue' | Rare Houseplant Gift | Easy Indoor Care",34.43,52,Free delivery,,,33% OFF,33% OFF,,5777861367913127185
cebu blue pothos,cebu blue pothos etsy,2026-10-04T05:20:16Z,32,Etsy - Seller,Seller,"LIVE 8"" Hanging basket Neon Pothos, Epipremnum Aurem Neon, Hanging plant, Birthday gift, Housewarming gift, Couples gift for the first home",48.95,98,Free delivery,5,14,50% OFF,50% OFF,,4273378898165396682
cebu blue pothos,cebu blue pothos etsy,2026-10-04T05:20:16Z,33,Rooted Plant Co.,,"Epipremnum Pinnatum ‘Cebu Blue’ - Pothos (8"" Hanging Basket)",67,,,,,,,,7221222640980995433
cebu blue pothos,cebu blue pothos etsy,2026-10-04T05:20:16Z,34,Etsy - Seller,Seller,Epipremnum Cebu Blue Live Plant (Real Photo) Easy Care Houseplant,44.13,,,,,,,,16744345404043762922
cebu blue pothos,cebu blue pothos etsy,2026-10-04T05:20:16Z,35,Pothos,,"Pothos 'Cebu Blue' 6"" Pot / Eco Pot White",45.99,,,4.4,88,,,,17119539108405919145
cebu blue pothos,cebu blue pothos etsy,2026-10-04T05:20:16Z,36,American Gringo,,"Pothos 'Cebu Blue' 6"" Pot / Eco Pot White",45.99,,,4.6,53,,,,2204049104745120197
cebu blue pothos,cebu blue pothos etsy,2026-10-04T05:20:16Z,37,Etsy - CaliforniaTropicals,CaliforniaTropicals,"Cebu Blue Pothos - 2.5"" from California Tropicals",16.99,,Free delivery,3.3,1,,,,11588916277313910289
cebu blue pothos,cebu blue pothos etsy,2026-10-04T05:20:16Z,38,Bumble Plants,,"Epipremnum Pinnatum ‘Cebu Blue’ Pothos 3"" Pot",24.95,36,Free delivery by Fri,,,30% OFF,30% OFF,,3964119313530991381
cebu blue pothos,cebu blue pothos etsy,2026-10-04T05:20:16Z,39,Mercari,,Cebu Blue Pothos 2 Leaf 2 Nodes UNROOTED CUTTING Live Plant Vining Blue-Green - New Garden & Outdoor,5,8.98,,,,44% OFF,44% OFF,,15486714407684928564
cebu blue pothos,cebu blue pothos etsy,2026-10-04T05:20:16Z,40,Etsy,,Cebu Blue Pothos - Epipremnum Pinnatum - Fácil cuidado Filodendro trepador,5,,,5,47,,,,18236060069308329652
christmas cactus,christmas cactus etsy,2026-10-04T05:20:15Z,1,Apple Home,,Succulents Box Random Color Christmas Cactus Thanksgiving Cactus,15.25,,,4.5,341,,,,16461810940494651225
christmas cactus,christmas cactus etsy,2026-10-04T05:20:15Z,2,Succulents Box,,Succulents Box Blooming Christmas Cactus for Sale Online Holiday Gift Decor Ideas,18.68,21,,4.5,1,10% OFF,10% OFF,True,12550954374418330744
christmas cactus,christmas cactus etsy,2026-10-04T05:20:15Z,3,Succulents Box,,Succulents Box Blooming Christmas Cactus for Sale Online Holiday Gift Decor Ideas,33.3,37,,4.5,1,10% OFF,10% OFF,True,12550954374418330744
christmas cactus,christmas cactus etsy,2026-10-04T05:20:15Z,4,Etsy - HeyJBDesign,HeyJBDesign,"Mini Christmas Cactus Template | Rolled Paper House Plant, Holiday Miniatures, Printable Christmas Decor",2.99,3.74,Free delivery,5,6,20% OFF,20% OFF,,2582816808632106247
christmas cactus,christmas cactus etsy,2026-10-04T05:20:15Z,5,Succulents Box,,Succulents Box Blooming Christmas Cactus for Sale Online Holiday Gift Decor Ideas,20.75,,,4.5,1,,,True,12550954374418330744
christmas cactus,christmas cactus etsy,2026-10-04T05:20:15Z,6,Etsy - Seller,Seller,Crochet Christmas Cactus Pattern: DIY Holiday Decor (PDF Pattern),9.75,,Free delivery,2.9,24,,,,8787282830515509327
christmas cactus,christmas cactus etsy,2026-10-04T05:20:15Z,7,Etsy - Jungletropicalexotic,Jungletropicalexotic,Holiday Cactus – Schlumbergera,14.99,,,2.3,52,,,True,15576683940955839053
christmas cactus,christmas cactus etsy,2026-10-04T05:20:15Z,8,rewilddc.com,,"Christmas Cactus 2.5""",16,,,,,,,True,2635778959819104742
christmas cactus,christmas cactus etsy,2026-10-04T05:20:15Z,9,Etsy - SucculentFrenzy,SucculentFrenzy,Schlumbergera Truncata - Holiday Cactus Mixed color Red Yellow Pink Purple White Bestseller,7,,,5,30,,,,5888066063288731237
christmas cactus,christmas cactus etsy,2026-10-04T05:20:15Z,10,Garden Plant For Sale,,Set of 2 White Christmas Cactus Live Plants 4-8 Inch Tall - Schlumbergera,26.99,,,3.7,280,,,,4025653168454659744
christmas cactus,christmas cactus etsy,2026-10-04T05:20:15Z,11,Etsy,,"Cactus navideño rosa, planta viva de 10-20 cm - Cactus de Acción de Gracias, cactus navideño de floración invernal",18.84,29,,,,35% OFF,35% OFF,,2662970220262509561
christmas cactus,christmas cactus etsy,2026-10-04T05:20:15Z,12,Etsy,,Planta joven de cactus de Navidad Modesto blanco / Schlumbergera Truncata (planta de interior),47.79,81,Free delivery,3.8,54,41% OFF,41% OFF,,2698977343075506318
christmas cactus,christmas cactus etsy,2026-10-04T05:20:15Z,13,Etsy - Seller,Seller,"Boho Desert Cactus Christmas SVG, Neon Holiday Design (Digital Download)",2.45,4.9,Free delivery,,,50% OFF,50% OFF,,1249218866729569436
christmas cactus,christmas cactus etsy,2026-10-04T05:20:15Z,14,Etsy,,Planta joven de cactus de Navidad Electra / Cactus navideño Schlumbergera Truncata / Planta de interior exótica con flores,47.79,81,Free delivery,,,41% OFF,41% OFF,,2173877323689710050
christmas cactus,christmas cactus etsy,2026-10-04T05:20:15Z,15,Etsy - Seller,Seller,Magic Fantasy Christmas Cactus Starter Plant | Schlumbergera Truncata Holiday Cactus | Exotic Blooming Houseplant,47.79,81,Free delivery,,,41% OFF,41% OFF,,14870542246910558705
christmas cactus,christmas cactus etsy,2026-10-04T05:20:15Z,16,Etsy,,Planta joven de cactus navideño Bristol Joy / Cactus navideño Schlumbergera Truncata / Planta de interior exótica con flores,81,,Free delivery,,,,,,5599922467327771903
christmas cactus,christmas cactus etsy,2026-10-04T05:20:15Z,17,Etsy,,Planta joven de cactus de Navidad estrella éprica Schlumbergera Truncata,46.61,53,,,,12% OFF,12% OFF,,13297026251612935706
christmas cactus,christmas cactus etsy,2026-10-04T05:20:15Z,18,Etsy,,Planta joven de cactus navideño Big Fire / Cactus navideño Schlumbergera Truncata / Planta de interior exótica con flores,81,,Free delivery,,,,,,7406275853918954552
christmas cactus,christmas cactus etsy,2026-10-04T05:20:15Z,19,Etsy,,"Cactus navideño naranja, planta viva en maceta de 7,6 cm, cactus navideño, planta suculenta de interior con flores, 2PPP",27.43,34,,,,20% OFF,20% OFF,,8548187993426646484
christmas cactus,christmas cactus etsy,2026-10-04T05:20:15Z,20,Etsy - Seller,Seller,Le'ahi Volcano Christmas Cactus Starter Plant | Schlumbergera Truncata Holiday Cactus | Tropical Blooming Houseplant,46.98,81,Free delivery,,,42% OFF,42% OFF,,4748691530609838542
christmas cactus,christmas cactus etsy,2026-10-04T05:20:15Z,21,Etsy - Seller,Seller,"Orange Christmas Cactus, Live Blooming Plant (2 Plants Per 3"" Pot), Easy-Care Indoor Succulent with Festive Flowers",18.99,9.5,,4,9,,,,8181378169386866749
christmas cactus,christmas cactus etsy,2026-10-04T05:20:15Z,22,Etsy,,Planta joven de cactus navideño Dutch Sun / Schlumbergera Truncata / Cactus navideño / Planta de interior exótica con flores,47.79,81,Free delivery,,,41% OFF,41% OFF,,4839835145701327281
christmas cactus,christmas cactus etsy,2026-10-04T05:20:15Z,23,Etsy - SemestaGarden,SemestaGarden,"Bundle of 3 Holiday Cactus - Christmas, Easter & Thanksgiving Cactus - Live Rooted Cuttings - Random Bloom Colors",41.49,83,Free delivery,,,50% OFF,50% OFF,,13108660965797477016
christmas cactus,christmas cactus etsy,2026-10-04T05:20:15Z,24,Etsy - Seller,Seller,Blushing Belle Christmas Cactus Starter Plant | Schlumbergera Truncata Holiday Cactus | Pink Bloom Houseplant,47.79,81,Free delivery,,,41% OFF,41% OFF,,4438196364877325516
christmas cactus,christmas cactus etsy,2026-10-04T05:20:15Z,25,Etsy,,Planta joven de cactus navideño Aurea / Cactus navideño Schlumbergera Truncata / Planta de interior exótica con flores,47.79,81,Free delivery,,,41% OFF,41% OFF,,4734923967202890938
christmas cactus,christmas cactus etsy,2026-10-04T05:20:15Z,26,Etsy - Seller,Seller,"Salmon Thanksgiving Cactus Live Plant, 5-9 Inches Tall, No Pot, Winter-Blooming Christmas Cactus, Holiday Indoor Plant",25.87,34,,,,24% OFF,24% OFF,,3874558306576031660
christmas cactus,christmas cactus etsy,2026-10-04T05:20:15Z,27,Etsy - Seller,Seller,"Christmas Cactus Live Plant, Holiday Cactus Houseplant, 4-6 Inches Tall, Indoor Flowering Plant for Home Decor and Office Spaces",39.99,,,,,,,,11359973782565689160
christmas cactus,christmas cactus etsy,2026-10-04T05:20:15Z,28,Etsy - Seller,Seller,Cactus Christmas Ornament PNG Bundle: 3D Succulent Designs (Digital Download),3,4,Free delivery,5,1,25% OFF,25% OFF,,11487261362761418197
christmas cactus,christmas cactus etsy,2026-10-04T05:20:15Z,29,Etsy - Seller,Seller,Set 1 Yellow and 1 Orange Christmas Cactus Plants Live - 5-6in Tall - Schlumbergera Flowering Cactus Live Houseplant for Home Decor and Gift,27.29,39,,,,30% OFF,30% OFF,,8440540014114747235
christmas cactus,christmas cactus etsy,2026-10-04T05:20:15Z,30,Etsy,,Planta joven de cactus navideño Rossmore Harry / Cactus navideño Schlumbergera Truncata / Planta de interior exótica con flores,47.79,81,Free delivery,,,41% OFF,41% OFF,,89405601443517762
christmas cactus,christmas cactus etsy,2026-10-04T05:20:15Z,31,Etsy - Seller,Seller,"Purple Christmas Cactus, Live Blooming Plant (2 Plants Per 3"" Pot), Easy-Care Indoor Succulent with Festive Flowers",18.99,,,,,,,,15895964430455758878
christmas cactus,christmas cactus etsy,2026-10-04T05:20:15Z,32,Etsy,,Planta joven de cactus navideño Vilha Velha de Brasil / Schlumbergera Truncata (cactus navideño) / Planta de interior tropical con flores,81,,Free delivery,,,,,,1532075776164857636
christmas cactus,christmas cactus etsy,2026-10-04T05:20:15Z,33,Etsy,,Planta joven de cactus navideño Bristol Beauty / Cactus navideño Schlumbergera Truncata / Planta de interior exótica con flores,47.79,81,Free delivery,,,41% OFF,41% OFF,,11213111544573160268
christmas cactus,christmas cactus etsy,2026-10-04T05:20:15Z,34,Etsy,,Planta joven de cactus navideño LaKoda Fire / Cactus navideño Schlumbergera Truncata / Planta de interior exótica con flores,47.79,81,Free delivery,,,41% OFF,41% OFF,,11329227170224860802
christmas cactus,christmas cactus etsy,2026-10-04T05:20:15Z,35,Etsy,,"Juego de 2 plantas de cactus navideños amarillos - 12-15 cm de altura - 2 plantas en maceta de 7,5 cm - Schlumbergera truncata - Cactus navideño con f",26.24,35,,,,25% OFF,25% OFF,,1577448898756487347
christmas cactus,christmas cactus etsy,2026-10-04T05:20:15Z,36,Etsy - FreshFromGreenhouse,FreshFromGreenhouse,"Thanksgiving Cactus live plant plug | Holiday Christmas Cactus 1"" starter | Schlumbergera houseplant | 2-Plant Minimum",24,,Free delivery,3.5,1,,,,1510521834453114949
christmas cactus,christmas cactus etsy,2026-10-04T05:20:15Z,37,Etsy - Seller,Seller,Christmas Cactus PNG Western Holiday Sublimation Digital File,1.46,1.95,Free delivery,,,25% OFF,25% OFF,,10750974768909955369
christmas cactus,christmas cactus etsy,2026-10-04T05:20:15Z,38,Etsy - Seller,Seller,"Peach Party Christmas Cactus Starter Plant, Schlumbergera Truncata, Peach Coral Blooms",42.74,45,Free delivery,,,5% OFF,5% OFF,,12894577365822065880
christmas cactus,christmas cactus etsy,2026-10-04T05:20:15Z,39,Etsy - Seller,Seller,Dutch Sun Christmas Cactus Starter Plant - Golden Yellow Blooms,42.74,45,Free delivery,,,5% OFF,5% OFF,,15339755355254127536
christmas cactus,christmas cactus etsy,2026-10-04T05:20:15Z,40,Etsy,,"Cactus de Navidad Salmón, Planta Viva de 10-20 cm - Cactus de Acción de Gracias, Cactus de Floración Invernal para las Fiestas",18.84,29,,,,35% OFF,35% OFF,,18003967757355454431
hoya australis lisa,hoya australis lisa etsy,2026-10-04T05:18:14Z,1,Etsy - CTSairplants,CTSairplants,Hoya Australis Lisa Plant Succulents Box,14.95,19,,4.7,111,LOW PRICE,LOW PRICE,True,11777658882675946160
hoya australis lisa,hoya australis lisa etsy,2026-10-04T05:18:14Z,2,Etsy - AmericanCenturyShop,AmericanCenturyShop,Hoya australis Lisa - 6cm,18,,,4.9,17,,,True,9283807467360981091
hoya australis lisa,hoya australis lisa etsy,2026-10-04T05:18:14Z,3,Etsy - Seller,Seller,Hoya australis Lisa,38,,Free delivery,,,,,,11611893881729075436
hoya australis lisa,hoya australis lisa etsy,2026-10-04T05:18:14Z,4,Etsy - Seller,Seller,Hoya Lisa Australis **1 node CUTTING,6.79,7.99,,5,3,15% OFF,15% OFF,,10003892903069817764
hoya australis lisa,hoya australis lisa etsy,2026-10-04T05:18:14Z,5,Etsy,,"Hoya Australis 'Lisa' - 3 rooted plants - 4"" pot",20,,,,,,,,5928436723022472750
hoya australis lisa,hoya australis lisa etsy,2026-10-04T05:18:14Z,6,Etsy - Seller,Seller,Hoya australis 'Lisa' 12cm,70.14,,,4.6,27,,,True,8624547357416086376
hoya australis lisa,hoya australis lisa etsy,2026-10-04T05:18:14Z,7,Etsy,,"Rara Hoya Australis Lisa - 4"" de California Tropicals",18.99,,Free delivery,4.7,74,,,,13599316096004968973
hoya australis lisa,hoya australis lisa etsy,2026-10-04T05:18:14Z,8,Etsy - Seller,Seller,Mounted Hoya Australis Lisa,45,,,,,,,,3384239619800629512
hoya australis lisa,hoya australis lisa etsy,2026-10-04T05:18:14Z,9,Etsy - AmericanCenturyShop,AmericanCenturyShop,Hoya Australis 'Lisa' - Variedad interior - Planta exacta,18,,,4.6,259,,,,1443891738677524749
hoya australis lisa,hoya australis lisa etsy,2026-10-04T05:18:14Z,10,Etsy - Seller,Seller,Hoya Australis Lisa Rare Tropical Houseplant | Rooted Wax Vine Collector Plant,74.99,,,,,,,,11797644392564871802
hoya australis lisa,hoya australis lisa etsy,2026-10-04T05:18:14Z,11,Etsy - Seller,Seller,Variegated Hoya Australis Lisa | Live Indoor Wax Plant Houseplant in 3 Inch Terrazzo Planter with Drainage,24,,Free delivery,,,,,,14690128169241145368
hoya australis lisa,hoya australis lisa etsy,2026-10-04T05:18:14Z,12,Etsy - Seller,Seller,"Hoya Australis Lisa Plant, Healthy Lush Specimen Real Picture Splash",99.19,,,,,,,,14411219018135219982
hoya australis lisa,hoya australis lisa etsy,2026-10-04T05:18:14Z,13,Etsy,,"Hoya Australis LISA 4"" pot size, Newly rooted with small roots -",28,,,,,,,,13772547930459673539
hoya australis lisa,hoya australis lisa etsy,2026-10-04T05:18:14Z,14,Etsy - NYCitySucculents,NYCitySucculents,Hoya Australis Lisa Live Plant | Hoyas Variegated Starter Plants | House Plants for Beginner | Hoya Cuttings Rare Plant Gift | Houseplants,57.12,,,,,,,,12842183568528066042
hoya australis lisa,hoya australis lisa etsy,2026-10-04T05:18:14Z,15,Etsy - Seller,Seller,Real Picture Hoya Australis Lisa Inner Variegated Tricolor Bautiful Plamt,70.13,,,,,,,,67051328179546592
hoya australis lisa,hoya australis lisa etsy,2026-10-04T05:18:14Z,16,Etsy - Seller,Seller,Real Picture Hoya Australis Lisa Inner Variegated Lush Leaves,78.9,,,,,,,,14022157022405840841
hoya australis lisa,hoya australis lisa etsy,2026-10-04T05:18:14Z,17,Etsy - Seller,Seller,Buy Hoya Australis Plant,19.94,28,Free delivery,5,12,30% OFF,30% OFF,True,12844256379737711107
hoya australis lisa,hoya australis lisa etsy,2026-10-04T05:18:14Z,18,Etsy - Seller,Seller,Hoya Australis Variegated Lisa || Handmade Leaf Earrings || Plant Earrings || Sterling Silver Earrings,30,,,,,,,,16453145221971183276
hoya australis lisa,hoya australis lisa etsy,2026-10-04T05:18:14Z,19,Etsy,,Hoya Australis Green 3 unrooted cuttings,28.99,,,,,,,,4410292120933253413
hoya australis lisa,hoya australis lisa etsy,2026-10-04T05:18:14Z,20,Etsy,,Hoya Australis. Fresh cutting only. 3 nodes. Grower's choice,13,,,,,,,,9502273450457284835
hoya australis lisa,hoya australis lisa etsy,2026-10-04T05:18:14Z,21,Etsy - Seller,Seller,"Hoya Australis Live Plant | 4"" or 6"" Trailing Hoya in Hanging Pot | Easy Care Wax Plant | Houseplant Gift",12.99,,,4,1,,,,16761958016539842208
hoya australis lisa,hoya australis lisa etsy,2026-10-04T05:18:14Z,22,Etsy - Seller,Seller,Live Hoya Australis Starter Plant * Pick Your Exact Plant Rooted Vining Wax Plant * Cute Clear Pot Rare Houseplants Trendy Boho Room Decor,6.4,8,,,,20% OFF,20% OFF,,6315355363302231335
hoya australis lisa,hoya australis lisa etsy,2026-10-04T05:18:14Z,23,Etsy - PlantVers,PlantVers,"Hoya Australis in 2"" Nursery Pot - Wax Plant Indoor Vine - Easy Care Hoya Houseplant - Live Tropical Plant - Plant Lover Gift",14,28,,,,50% OFF,50% OFF,,16171652190048698020
hoya australis lisa,hoya australis lisa etsy,2026-10-04T05:18:14Z,24,Etsy - ThaiLuckyShop,ThaiLuckyShop,Hoya Australis variegated ((Hoya fuzzy leaves )) Free phyto,45,,,,,,,,4838274121684034546
hoya australis lisa,hoya australis lisa etsy,2026-10-04T05:18:14Z,25,Etsy - PlantVers,PlantVers,"Hoya Australis Variegated in 2"" starter Plant - Pink and Mint Rare Hoya Live Plant - Beginner Plant",19.49,39,Free delivery,,,50% OFF,50% OFF,,11109902836526974539
hoya australis lisa,hoya australis lisa etsy,2026-10-04T05:18:14Z,26,Etsy - Seller,Seller,Hoya Australis Green | Rooted Hoya | Exact Plant | Wax Plant | Live Houseplant,19.54,23,,,,15% OFF,15% OFF,,4651054469026775793
hoya australis lisa,hoya australis lisa etsy,2026-10-04T05:18:14Z,27,Etsy - PlantVers,PlantVers,"Hoya Australis Variegated in 2"" Nursery Pot - Easy Care Hoya Wax Indoor Vine Houseplant - Live Tropical Plant Gift",13.49,30,,,,55% OFF,55% OFF,,14426127681229725401
hoya australis lisa,hoya australis lisa etsy,2026-10-04T05:18:14Z,28,Etsy - Seller,Seller,Hoya Australis 'Rupicola' | Starter Plant | Houseplants | Indoor Tropical Living Plants | Gift,20,,,,,,,,802800400794331996
hoya australis lisa,hoya australis lisa etsy,2026-10-04T05:18:14Z,29,Etsy - Seller,Seller,"Hoya Carnosa Pink Plant, Healthy Lush Specimen",52.66,,,,,,,,9107474422205390472
hoya australis lisa,hoya australis lisa etsy,2026-10-04T05:18:14Z,30,Etsy - Seller,Seller,Hoya Little Tail Hybrid Real Picture,239.54,,,,,,,,8913417696174776587
hoya australis lisa,hoya australis lisa etsy,2026-10-04T05:18:14Z,31,Etsy,,Hoya brassii,55,,,,,,,,15697153765314733356
hoya australis lisa,hoya australis lisa etsy,2026-10-04T05:18:14Z,32,Etsy - Seller,Seller,Hoya Lacunosa Leopard Skin *FRESH CUTTING* | Live Houseplant | Easy Trailing Wax Plant | Collector's Plant | Plant Gift | Grower's Choice,4.8,6,,,,20% OFF,20% OFF,,1311953322863113032
hoya australis lisa,hoya australis lisa etsy,2026-10-04T05:18:14Z,33,Etsy - Seller,Seller,Hoya Globulosa Long Leaf Live Plant | Rare Indoor Hoya with Elongated Foliage | Rooted Collector Wax Plant | California Grown,36.72,54,,,,32% OFF,32% OFF,,8221352803121843262
hoya australis lisa,hoya australis lisa etsy,2026-10-04T05:18:14Z,34,Etsy - Seller,Seller,Hoya Latifolia Silver Rooted Cutting | Rare Large Broad Leaf Wax Plant | Silver Splash Hoya | Collector Starter Plant,98,,Free delivery,,,,,,4381163756705883099
hoya australis lisa,hoya australis lisa etsy,2026-10-04T05:18:14Z,35,Etsy - Seller,Seller,Hoya Lacunosa Moonshine *FRESH CUTTING* | Live Houseplant | Easy Trailing Wax Plant | Collector's Plant | Plant Gift | Grower's Choice,4.8,6,,,,20% OFF,20% OFF,,9034434256849689042
hoya australis lisa,hoya australis lisa etsy,2026-10-04T05:18:14Z,36,Etsy - Seller,Seller,Hoya hypolasia Many Leaves.,87.67,,,,,,,,16575372514589295429
hoya australis lisa,hoya australis lisa etsy,2026-10-04T05:18:14Z,37,Etsy - MyGardenofEdith,MyGardenofEdith,"Two Hoya Pubicalyx Plant Cuttings: Rare Wax Plant, Unrooted",9.95,,,,,,,,5883584980982057156
hoya australis lisa,hoya australis lisa etsy,2026-10-04T05:18:14Z,38,Etsy - SucculentFrenzy,SucculentFrenzy,Exact H11 (23 Inches Long) Hoya Linearis Rooted / Cutting Starter Plant - Live Trailing Hoya - Rare Wax Plant - Long Leaf Indoor Houseplant,33,,,,,,,,7838344605511447649
hoya australis lisa,hoya australis lisa etsy,2026-10-04T05:18:14Z,39,Etsy - Seller,Seller,Hoya Krohniana Eskimo *FRESH CUTTING* | Live Houseplant | Easy Care Trailing Wax Plant | Collector's Plant | Plant Gift | Grower's Choice,6.4,8,,,,20% OFF,20% OFF,,15572678027505406941
hoya australis lisa,hoya australis lisa etsy,2026-10-04T05:18:14Z,40,Etsy - Seller,Seller,Hoya Globulosa Long Leaf Live Plant | Rare Trailing Hoya with Elongated Leaves | Rooted Collector Wax Plant | California Grown,36.72,54,,,,32% OFF,32% OFF,,4522560632660261522
hoya carnosa compacta,hoya carnosa compacta etsy,2026-10-04T05:18:19Z,1,The Minocqua Marketplace,,"Hoya Rope Plant 6"" Pot / Cow Pot",72.99,,,,,,,,11142334303689011408
hoya carnosa compacta,hoya carnosa compacta etsy,2026-10-04T05:18:19Z,2,American Gringo,,"Hoya Rope Plant 6"" Pot / Cow Pot",72.99,,,5,120,,,,2254031893097636657
hoya carnosa compacta,hoya carnosa compacta etsy,2026-10-04T05:18:19Z,3,The Leafy Branch,,"Hoya Rope Plant 6"" Pot / Cow Pot",72.99,,,5,120,,,,4144309998177566206
hoya carnosa compacta,hoya carnosa compacta etsy,2026-10-04T05:18:19Z,4,Wilbur & Me Boutique,,"Hoya Rope Plant 6"" Pot / Cow Pot",72.99,,,5,120,,,,691010433971991973
hoya carnosa compacta,hoya carnosa compacta etsy,2026-10-04T05:18:19Z,5,Wilbur & Me Boutique,,"Hoya Rope Plant 6"" Pot / Eco Pot Black",72.99,,,5,128,,,,10395804919888490728
hoya carnosa compacta,hoya carnosa compacta etsy,2026-10-04T05:18:19Z,6,Etsy - Seller,Seller,Hoya Lacunosa Live Plant | Rare Silver Leaf Hoya with Fragrant Blooms | Rooted Collector Houseplant | California Grown,39.98,59,,,,32% OFF,32% OFF,,2025150533775078498
hoya carnosa compacta,hoya carnosa compacta etsy,2026-10-04T05:18:19Z,7,Wayfair,,Hoya Hindu Rope Carnosa Compacta 6 inch Live Plant with Pot & Soil,43.79,,Free delivery,5,710,,,,6279557205799748352
hoya carnosa compacta,hoya carnosa compacta etsy,2026-10-04T05:18:19Z,8,Etsy,,Esqueje de Hoya Carnosa Nova con raíz fantasma: planta de cera ideal para principiantes,29,,Free delivery,,,,,,16890654252747785234
hoya carnosa compacta,hoya carnosa compacta etsy,2026-10-04T05:18:19Z,9,Etsy,,"Hoya Compacta variegada, planta de cuerda hindú, Hoya colgante rara, planta de interior viva, planta de cera rizada, regalo de planta de interior",39.95,,,4.7,633,,,,7068845782011276795
hoya carnosa compacta,hoya carnosa compacta etsy,2026-10-04T05:18:19Z,10,Etsy - Seller,Seller,"Full Hoya Linearis Full Trailing Hanging Basket 5"" pot - Rare Houseplant Pet Friendly",26.95,,Free delivery,2.8,71,,,,5929792448449440539
hoya carnosa compacta,hoya carnosa compacta etsy,2026-10-04T05:18:19Z,11,Etsy,,"4"" Hoya Crassipetiolata Splash",27,,,5,155,,,,13959652053184818142
hoya carnosa compacta,hoya carnosa compacta etsy,2026-10-04T05:18:19Z,12,Etsy - Seller,Seller,Hoya linearis,35,,,,,,,,9196039232844001745
hoya carnosa compacta,hoya carnosa compacta etsy,2026-10-04T05:18:19Z,13,Etsy,,"Hoya Compacta, planta de cera rara de cuerda hindú, planta de interior enraizada, planta de interior exótica.",65,,,,,,,,16559739605089110398
hoya carnosa compacta,hoya carnosa compacta etsy,2026-10-04T05:18:19Z,14,Etsy - Seller,Seller,Hoya Microphylla,168,,,,,,,,17358075769582234823
hoya carnosa compacta,hoya carnosa compacta etsy,2026-10-04T05:18:19Z,15,Etsy - Seller,Seller,Hoya Campanulata cutting,35,,Free delivery,5,74,,,,761999253919200991
hoya carnosa compacta,hoya carnosa compacta etsy,2026-10-04T05:18:19Z,16,Etsy - Seller,Seller,"Hoya Carnosa -- 4"" Starter Plant | Rare Hoya |",40,,,,,,,,16277429807424572853
hoya carnosa compacta,hoya carnosa compacta etsy,2026-10-04T05:18:19Z,17,Etsy - Seller,Seller,"Hoya Carnosa Rooted Wax Red Flowering Plant, Trailing Green Leaves, Shade Tolerant",24.89,,,3.5,22,,,,12740027934078407370
hoya carnosa compacta,hoya carnosa compacta etsy,2026-10-04T05:18:19Z,18,Etsy - AmericanCenturyShop,AmericanCenturyShop,Hoya Australis 'Lisa' - Variedad interior - Planta exacta,22,,,,,,,,3092028524123532965
hoya carnosa compacta,hoya carnosa compacta etsy,2026-10-04T05:18:19Z,19,Etsy - Seller,Seller,Hoya Crassipetiolata Live Plant | Rare Splash Leaf Hoya | Rooted Collector Houseplant | California Grown,36.72,54,,,,32% OFF,32% OFF,,1125520539272479485
hoya carnosa compacta,hoya carnosa compacta etsy,2026-10-04T05:18:19Z,20,Etsy,,Hoya Kerrii Abigarrado 'Lucky-Heart' Rara suculenta para el regalo de vacaciones del Día de San Valentín - Enviado en la olla,16.14,19,,5,55,15% OFF,15% OFF,,8034807261677440750
hoya carnosa compacta,hoya carnosa compacta etsy,2026-10-04T05:18:19Z,21,Etsy - Seller,Seller,Hoya Macrophylla Red Real Picture,52.62,,,,,,,,6365351421735650776
hoya carnosa compacta,hoya carnosa compacta etsy,2026-10-04T05:18:19Z,22,Etsy - Seller,Seller,Hoya Chlorantha | Starter Plant | Houseplants | Indoor Tropical Living Plants | Gift,15,,,,,,,,16348573160946669168
hoya carnosa compacta,hoya carnosa compacta etsy,2026-10-04T05:18:19Z,23,Etsy,,Hoya Carnosa 'Marianna',68,,,,,,,,10847857049815517401
hoya carnosa compacta,hoya carnosa compacta etsy,2026-10-04T05:18:19Z,24,Etsy - Seller,Seller,Hoya Carnosa 'Chelsea,44.99,,,5,104,,,True,7345791786461172729
hoya carnosa compacta,hoya carnosa compacta etsy,2026-10-04T05:18:19Z,25,Etsy - Seller,Seller,"Hoya Neocaledonica in 6"" Hanging Pot / yellow flower",87,,Free delivery,,,,,,263336619851963340
hoya carnosa compacta,hoya carnosa compacta etsy,2026-10-04T05:18:19Z,26,Etsy - Seller,Seller,"Hoya Neocaledonica in 6"" Hanging Pot / yellow flower",87,,Free delivery,,,,,,18043453543093103502
hoya carnosa compacta,hoya carnosa compacta etsy,2026-10-04T05:18:19Z,27,Etsy - Seller,Seller,Hoya Bella Live Plant | Easy Care Trailing Hoya | Indoor Houseplant | Hanging Plant | Rare Hoya Bella,69.95,,,5,1,,,,14328469251375108179
hoya carnosa compacta,hoya carnosa compacta etsy,2026-10-04T05:18:19Z,28,Etsy,,"Planta Hoya Carnosa en maceta de 6"", planta de cera de jade / Mínimo de 2 plantas /",24,30,Free delivery,3.8,1,20% OFF,20% OFF,,11979289134033490066
hoya carnosa compacta,hoya carnosa compacta etsy,2026-10-04T05:18:19Z,29,Etsy - Seller,Seller,Hoya campanulata Lush Plants Real Picture,55.47,,,,,,,,16774020788288059231
hoya carnosa compacta,hoya carnosa compacta etsy,2026-10-04T05:18:19Z,30,Etsy - Seller,Seller,"Assorted Hoya Bundle / Pack of 6 in 2"" & 4"" Pot / Starter Pack / Free Priority Shipping / Ships from California",51.76,74,Free delivery,5,50,30% OFF,30% OFF,,6170073459985638162
hoya carnosa compacta,hoya carnosa compacta etsy,2026-10-04T05:18:19Z,31,Etsy - Seller,Seller,"Hoya Hindu Rope - Hoya Carnosa Compacta - Krinkle Kurl - 2"" Pot , 4"" Pot or 6"" Hanging Pot - California Seller",24.99,,Free delivery,5,51,,,,9159967203958701921
hoya carnosa compacta,hoya carnosa compacta etsy,2026-10-04T05:18:19Z,32,Etsy - Seller,Seller,Hoya Cutis-Porcelana | Starter Plant | Houseplants | Indoor Tropical Living Plants | Gift,25,,,5,81,,,,10168445036181681712
hoya carnosa compacta,hoya carnosa compacta etsy,2026-10-04T05:18:19Z,33,Etsy - Seller,Seller,"4"" Pot of Hoya Compacta Rope Hindu Rope Indian Rope Hoya Carnosa Compacta Wax Houseplant",20.49,,,,,,,,15445566432946225848
hoya carnosa compacta,hoya carnosa compacta etsy,2026-10-04T05:18:19Z,34,Etsy - ArtandtheGarden,ArtandtheGarden,Hoya carnosa ‘Compacta’,25,,,3.7,90,,,True,12115385541756964025
hoya carnosa compacta,hoya carnosa compacta etsy,2026-10-04T05:18:19Z,35,Etsy - Seller,Seller,"Hoya Carnosa Krinkle 8 / / 2"" Pot, 4"" Pot & 6"" Hanging Pot / California Seller / Air Purifying / Mind Relaxing",17.46,25,Free delivery,3.7,297,30% OFF,30% OFF,,10659499806547487426
hoya carnosa compacta,hoya carnosa compacta etsy,2026-10-04T05:18:19Z,36,Etsy,,"Hoya Carnosa 2"" Pot: Wax Plant Starter – Mini Indoor Trailing Plant – GenZ Baby Plant",15,,,,,,,,4782531345773734032
hoya carnosa compacta,hoya carnosa compacta etsy,2026-10-04T05:18:19Z,37,Etsy - Seller,Seller,Hoya Nova Ghost Live Plant | Rare Silvery Variegated Hoya | Rooted Collector Houseplant | California Grown,44.06,65,,,,32% OFF,32% OFF,,15912094039749101970
hoya carnosa compacta,hoya carnosa compacta etsy,2026-10-04T05:18:19Z,38,Etsy - Seller,Seller,"Hoya Hindu Rope Carnosa Compacta | Wax Vine Plant | Live Indoor & Outdoor Houseplant | Home and Office Decor | Easy Care in 4"" and 6"" Pot",21.94,31,Free delivery,,,29% OFF,29% OFF,,5523425182446991839
hoya carnosa compacta,hoya carnosa compacta etsy,2026-10-04T05:18:19Z,39,Etsy - Seller,Seller,Mounted Hoya Australis Lisa,45,,,,,,,,3384239619800629512
hoya carnosa compacta,hoya carnosa compacta etsy,2026-10-04T05:18:19Z,40,Etsy - Seller,Seller,"Hoya Rope Plant Live Plant, 4, 6 or 8 Inch Pot, Pet Friendly Easy Care Indoor Houseplant",31.8,,Free delivery,,,,,,7100690286183357393
hoya cummingiana,hoya cummingiana etsy,2026-10-04T05:20:19Z,1,Etsy,,Hoya Cumingiana Outer variegated,14.95,,,,,,,,752165790795034053
hoya cummingiana,hoya cummingiana etsy,2026-10-04T05:20:19Z,2,Etsy,,Hoya Cumingiana Outer Variegated Rooted Specimen | Exact Selection Cream Border Stratum,25,,,,,,,,12898098262127631601
hoya cummingiana,hoya cummingiana etsy,2026-10-04T05:20:19Z,3,Etsy,,"Hoya Cummingiana mix pot, green and albo marginata",25,,,,,,,,9500366403139339045
hoya cummingiana,hoya cummingiana etsy,2026-10-04T05:20:19Z,4,Etsy,,"Planta joven de Hoya Cumingiana, Hoya de hojas pequeñas, Planta Hoya rara, Planta de interior purificadora de aire, Regalo para coleccionistas de Hoya",19.99,,Free delivery,,,,,,11515389093607668390
hoya cummingiana,hoya cummingiana etsy,2026-10-04T05:20:19Z,5,Etsy - Seller,Seller,Hoya Cumingiana Albo | Rare White-Edged Hoya | Rooted Live Plant | Collector Houseplant | California Grown,27.2,40,,,,32% OFF,32% OFF,,14811630336078341183
hoya cummingiana,hoya cummingiana etsy,2026-10-04T05:20:19Z,6,Etsy,,Hoya Cumingiana Variegated 4” - Growets Choice,50,,,,,,,,636058669630744858
hoya cummingiana,hoya cummingiana etsy,2026-10-04T05:20:19Z,7,Etsy,,Hoya Cummingiana - 4'' de los tropicales de California,17.99,,Free delivery,5,5,,,,1062874463213279700
hoya cummingiana,hoya cummingiana etsy,2026-10-04T05:20:19Z,8,Etsy - FreshFromGreenhouse,FreshFromGreenhouse,"Hoya plant David Cummingii, wax vine plant , great gift for tropical houseplant lovers | 2 plants required per order |",28,,Free delivery,4.7,3,,,,10496178739672505948
hoya cummingiana,hoya cummingiana etsy,2026-10-04T05:20:19Z,9,Etsy - PlantingWithWine,PlantingWithWine,Hoya Cummingiana variegated - NOT rooted cutting,5,,,4.8,27,,,,13123823144746255502
hoya cummingiana,hoya cummingiana etsy,2026-10-04T05:20:19Z,10,Etsy - Seller,Seller,Hoya cumingiana Rare Hoya Wax Plant,20,,,4.9,57,,,,5018516983255426324
hoya cummingiana,hoya cummingiana etsy,2026-10-04T05:20:19Z,11,Etsy - Seller,Seller,Hoya cummingiana albo,20,,,5,17,,,,15553919468827242774
hoya cummingiana,hoya cummingiana etsy,2026-10-04T05:20:19Z,12,Etsy - Seller,Seller,Hoya Cummingiana Albomarginata UNROOTED Cutting Rare Hoya,9,,,5,1,,,,15170462689938181706
hoya cummingiana,hoya cummingiana etsy,2026-10-04T05:20:19Z,13,Etsy,,Hoya Waymaniae Cloudy Sky / fitosanitaria gratuita,50,,,,,,,,4588878456795830687
hoya cummingiana,hoya cummingiana etsy,2026-10-04T05:20:19Z,14,Etsy - Seller,Seller,2 Hoya cummingiana outer variegated. Cute and fast growing excellent specimen highly variegated,22.49,25,,,,10% OFF,10% OFF,,17844693932018181565
hoya cummingiana,hoya cummingiana etsy,2026-10-04T05:20:19Z,15,Etsy,,Hoya Quinquenervia rooted starter or cuttings,4.25,,,,,,,,7766518972185993955
hoya cummingiana,hoya cummingiana etsy,2026-10-04T05:20:19Z,16,Etsy - Seller,Seller,Hoya Cummingiana Variegated UNROOTED Cutting Rare Hoya,14,,,,,,,,13270077367808401955
hoya cummingiana,hoya cummingiana etsy,2026-10-04T05:20:19Z,17,Etsy - Haileyshoya,Haileyshoya,"Hoya Davidcummingii Pink in a 4.5""pot / Scented Flowers Houseplant",49,,Free delivery,5,2,,,,2704156322807999780
hoya cummingiana,hoya cummingiana etsy,2026-10-04T05:20:19Z,18,Etsy - PlantingWithWine,PlantingWithWine,Hoya Cummingiana inner variegated - NOT rooted cutting,10.99,,,5,6,,,,11898359810847188121
hoya cummingiana,hoya cummingiana etsy,2026-10-04T05:20:19Z,19,Etsy - Seller,Seller,Rooted Hoya Cummingiana | Rare Fragrant Blooming Hoya | Established Plant | Exact Plant Pictured | ThePlantNanny,27.2,32,,,,15% OFF,15% OFF,,9357461927826937562
hoya cummingiana,hoya cummingiana etsy,2026-10-04T05:20:19Z,20,Etsy - Seller,Seller,Hoya collina (IR-26) | Exact Plant Shown | Rooted in 2-Inch Pot,22,,,4.7,11,,,,17132038306965404500
hoya cummingiana,hoya cummingiana etsy,2026-10-04T05:20:19Z,21,Etsy - Seller,Seller,Hoya cumingiana albomarginata,38,,Free delivery,,,,,,9242397767772461024
hoya cummingiana,hoya cummingiana etsy,2026-10-04T05:20:19Z,22,Etsy,,"Hoya Compacta Hindu Rope Live Plant in 4"" Pot, Rooted Hoya Carnosa Compacta, Rare Indoor Plant Gift",29.98,,,,,,,,12814654069510691060
hoya cummingiana,hoya cummingiana etsy,2026-10-04T05:20:19Z,23,Etsy,,"Hoya BURMA -Starter plant shown in 4"" pot size",12.99,,,,,,,,4991097723064327637
hoya cummingiana,hoya cummingiana etsy,2026-10-04T05:20:19Z,24,Etsy,,Hoya Cinnamomifolia de hojas variegadas internas - Esquejes sin raíces - Selección del cultivador - Planta de colección,150,,Free delivery,,,,,,12846377349183540329
hoya cummingiana,hoya cummingiana etsy,2026-10-04T05:20:19Z,25,Etsy - Seller,Seller,RARE Hoya Caudata Sumatra | Rooted Plant | Silver Splash | Fuzzy Leaf Hoya | Exact Plant | Collector Houseplant,36.51,43,,4.9,9,14% OFF,14% OFF,,15613786953814498226
hoya cummingiana,hoya cummingiana etsy,2026-10-04T05:20:19Z,26,Etsy - Seller,Seller,"Hoya Hindu Rope / / Hoya Carnosa Compacta / 2"" Pot, 4"" Pot & 6"" Hanging Pot / CA Seller / Air Purifying / Mind Relaxing",17.46,25,Free delivery,4.9,1100,30% OFF,30% OFF,,5699958373116466869
hoya cummingiana,hoya cummingiana etsy,2026-10-04T05:20:19Z,27,Etsy - Seller,Seller,"Hoya cummingiana outer variegated or albomarginata cutting unrooted, rare uncommon Hoya plant",29,,,,,,,,17841967400453372349
hoya cummingiana,hoya cummingiana etsy,2026-10-04T05:20:19Z,28,Etsy - Seller,Seller,Hoya Davidcummingii Rare Wax Plant,58.45,,,5,2,,,,16358512239494416121
hoya cummingiana,hoya cummingiana etsy,2026-10-04T05:20:19Z,29,Etsy,,Hoya Sulawesiana,28,,,4.6,187,,,,2493346385758275806
hoya cummingiana,hoya cummingiana etsy,2026-10-04T05:20:19Z,30,Etsy,,Hoya Chinghungensis variegated,75,,,,,,,,14030777807519670553
hoya cummingiana,hoya cummingiana etsy,2026-10-04T05:20:19Z,31,Etsy - Seller,Seller,Hoya Lacunosa Moonshine *FRESH CUTTING* | Live Houseplant | Easy Trailing Wax Plant | Collector's Plant | Plant Gift | Grower's Choice,4.8,6,,,,20% OFF,20% OFF,,9034434256849689042
hoya cummingiana,hoya cummingiana etsy,2026-10-04T05:20:19Z,32,Etsy,,Hoya Tanggamus Live Plant - REAL PIGTURE - Exotic Climbing Wax Plant | Silver Splash Hoya | Tropical Indoor Houseplant | Collector's Hoya,45.36,52,,,,12% OFF,12% OFF,,8521325961162933883
hoya cummingiana,hoya cummingiana etsy,2026-10-04T05:20:19Z,33,Etsy - Seller,Seller,Hoya Cumingiana Inner Variegated Rare Uniqe Jungle Plant,125,,,,,,,,5496013977908400643
hoya cummingiana,hoya cummingiana etsy,2026-10-04T05:20:19Z,34,Etsy - Seller,Seller,Hoya Lacunosa Asami Clone 2 *FRESH CUTTING* | Live Houseplant | Easy Trailing Wax Plant | Collector's Plant | Plant Gift | Grower's Choice,5.6,7,,,,20% OFF,20% OFF,,9846674598544001437
hoya cummingiana,hoya cummingiana etsy,2026-10-04T05:20:19Z,35,Etsy,,Hoya Clemensiorum Splash Live Plant Rare Splash Wax Plant Exotic Silver Splash Hoya Rooted Indoor Houseplant Collector's Tropical Vine,54.8,,,,,,,,4398685551037742897
hoya cummingiana,hoya cummingiana etsy,2026-10-04T05:20:19Z,36,Etsy - Seller,Seller,Hoya Krohniana Eskimo *FRESH CUTTING* | Live Houseplant | Easy Care Trailing Wax Plant | Collector's Plant | Plant Gift | Grower's Choice,6.4,8,,,,20% OFF,20% OFF,,15572678027505406941
hoya cummingiana,hoya cummingiana etsy,2026-10-04T05:20:19Z,37,Etsy - Seller,Seller,E2567 Hoya soligamiana Cutting Rooted,24.95,,,,,,,,2311332891882565600
hoya cummingiana,hoya cummingiana etsy,2026-10-04T05:20:19Z,38,Etsy - Seller,Seller,2 Hoya Krimson Queen Variegated Rooted Starter Plants - RARE Albo Variety Hoya Carnosa,16.5,8.25,,3.8,5,,,,9433233137181885840
hoya cummingiana,hoya cummingiana etsy,2026-10-04T05:20:19Z,39,Etsy - Seller,Seller,Hoya clemensiorum 'crocodile' - US SELLER - Exact Plant 0666,60,,,5,3,,,,17643104744796701840
hoya cummingiana,hoya cummingiana etsy,2026-10-04T05:20:19Z,40,Etsy - Seller,Seller,Hoya Campanulata cutting,35,,Free delivery,4.9,10,,,,761999253919200991
hoya kerrii,hoya kerrii etsy,2026-10-04T05:18:15Z,1,Greenspaces.id,,"Succulents Box Variegated Trailing Hoya Kerrii Heart 4"" Pot",25,,,,,,,True,15500573530949097468
hoya kerrii,hoya kerrii etsy,2026-10-04T05:18:15Z,2,Etsy - Seller,Seller,Hoya Kerri Inner Variegated,30,,,,,,,,9057011321806198445
hoya kerrii,hoya kerrii etsy,2026-10-04T05:18:15Z,3,Etsy - Seller,Seller,RARE Trailing Hoya Kerrii Heart Large Size – Pet Friendly Easy Care,62,,Free delivery,,,,,True,15561700529827491565
hoya kerrii,hoya kerrii etsy,2026-10-04T05:18:15Z,4,Etsy,,Hoya Kerrii Heartplant ↑ 10 cm,5.93,,,,,,,,4470796506314080687
hoya kerrii,hoya kerrii etsy,2026-10-04T05:18:15Z,5,Etsy - CaliforniaTropicals,CaliforniaTropicals,Hoya Kerrii Variegated 3+Leaves,32.99,,Free delivery,5,301,,,True,7474162439067814026
hoya kerrii,hoya kerrii etsy,2026-10-04T05:18:15Z,6,Etsy - Seller,Seller,Hoya kerrii spooky starter pot (ALL PLANTS require you to purchase 2 plants!),22,,Free delivery,,,,,,7941720356266618639
hoya kerrii,hoya kerrii etsy,2026-10-04T05:18:15Z,7,Etsy - JUSTpaintingArts,JUSTpaintingArts,Sweet heart Hoya kerrii variegated and Bee,25,,,,,,,,5229702367512041402
hoya kerrii,hoya kerrii etsy,2026-10-04T05:18:15Z,8,Etsy - Seller,Seller,3X Hoya Kerii Varigated Plant Rare House,95,,,,,,,,3121082204959937626
hoya kerrii,hoya kerrii etsy,2026-10-04T05:18:15Z,9,Etsy - Seller,Seller,Hoya Kerrii Albomarginata Live Plant | Exact Rooted 5 Inch Pot | Outer Variegated Sweetheart Hoya,29.74,35,,,,15% OFF,15% OFF,,11600614596481696476
hoya kerrii,hoya kerrii etsy,2026-10-04T05:18:15Z,10,Etsy,,"Hoya Kerrii variegada, variedad rara. Corazón de la suerte. Un regalo estupendo. Envío rápido.",10.75,43,,,,74% OFF,74% OFF,,12074087400231404615
hoya kerrii,hoya kerrii etsy,2026-10-04T05:18:15Z,11,Etsy - Seller,Seller,"Hoya kerrii inner Variegated established plant, Variegated Hoya kerrii rare sweetheart plant,Lucky Heart rare Valentine's Hoya plant",42,,,,,,,,9423036976597083250
hoya kerrii,hoya kerrii etsy,2026-10-04T05:18:15Z,12,Etsy - Seller,Seller,Hoya SS 07-21 (kerrii X erythrina),48,,,,,,,,9905934572596982220
hoya kerrii,hoya kerrii etsy,2026-10-04T05:18:15Z,13,Etsy,,Hoya Kerrii / Regalo de San Valentín para ella / Planta Hoya Corazón / Plantas Hoya Corazón / Esquejes de Hoya / Planta de esqueje de Hoya / Plantas H,17.49,25,,4.2,1,30% OFF,30% OFF,,5835977204429776140
hoya kerrii,hoya kerrii etsy,2026-10-04T05:18:15Z,14,Walmart - California Tropicals,,Hoya Kerrii 4'' from California Tropicals,16,,Free delivery,5,1,,,True,9762644699137711442
hoya kerrii,hoya kerrii etsy,2026-10-04T05:18:15Z,15,Etsy - Seller,Seller,"Hoya Kerrii Heart, Cutting x1",9.99,,,3,1,,,,12553493839095747864
hoya kerrii,hoya kerrii etsy,2026-10-04T05:18:15Z,16,Etsy - ElementalBonsaiGardn,ElementalBonsaiGardn,"Hoya Kerrii Heart Succulent B-Grade Set of Five, Live Plant, Indoor or Outdoor plant",30,40,Free delivery,3,1,25% OFF,25% OFF,,1049281193910287134
hoya kerrii,hoya kerrii etsy,2026-10-04T05:18:15Z,17,Etsy,,2 ejemplares raros de Hoya Kerrii. Corazón de la suerte. Un regalo ideal para San Valentín. Envío rápido.,17.5,70,,,,74% OFF,74% OFF,,7835765977439424199
hoya kerrii,hoya kerrii etsy,2026-10-04T05:18:15Z,18,Etsy - Seller,Seller,Hoya Kerrii | Sweetheart Plant,16,,,5,1,,,,4493833697031974003
hoya kerrii,hoya kerrii etsy,2026-10-04T05:18:15Z,19,Wild Lark,,Plantlovers Plants Hoya Kerrii,10.99,,,5,87,,,True,12603434663766416882
hoya kerrii,hoya kerrii etsy,2026-10-04T05:18:15Z,20,Etsy - Seller,Seller,Hoya Kerrii Plant: Drought Tolerant Indoor/Outdoor Blooms,16,,,2.2,1,,,,10563737047216192926
hoya kerrii,hoya kerrii etsy,2026-10-04T05:18:15Z,21,Etsy,,Hoya Kerrii/Cariño/Hoya de San Valentín,30,,,5,15,,,,17215157271198328425
hoya kerrii,hoya kerrii etsy,2026-10-04T05:18:15Z,22,Etsy - Seller,Seller,"Hoya Kerrii 'Picta Spot' Inner Variegated 4"" - US SELLER",39.99,50,,,,20% OFF,20% OFF,,11385148383810443209
hoya kerrii,hoya kerrii etsy,2026-10-04T05:18:15Z,23,Etsy - Seller,Seller,"1 Live Plant in 3"" Pot | 16""+ Trailing Vines Hoya Carnosa Krinkle 8 Chelsea | Rare Wax Plant | Indoor Hanging Houseplant | Tropical Decor",60.46,84,Free delivery,,,27% OFF,27% OFF,,3961761603441234466
hoya kerrii,hoya kerrii etsy,2026-10-04T05:18:15Z,24,Etsy,,Hoya Kerrii Live Plant Sweetheart Hoya Wax Plant Heart Leaf Indoor Plant Tropical Houseplant Collector Gift,50,,,,,,,,12873247335077287118
hoya kerrii,hoya kerrii etsy,2026-10-04T05:18:15Z,25,Etsy - Seller,Seller,"Hoya Kerri Outer Variegated 4"" with Trellis - US SELLER",27.99,35,,,,20% OFF,20% OFF,,8217362084548778146
hoya kerrii,hoya kerrii etsy,2026-10-04T05:18:15Z,26,Etsy,,Hoya Kerrii rara. Corazón de la suerte. Gran regalo. Envío rápido.,10,40,,4.5,20,74% OFF,74% OFF,,5015092246922394305
hoya kerrii,hoya kerrii etsy,2026-10-04T05:18:15Z,27,Etsy - Seller,Seller,"100 Sweetheart Hoya Kerrii Seeds, Rare Bonsai Family Specimen, Tropical Vining Succulent",11.55,,,,,,,,8079474016362937937
hoya kerrii,hoya kerrii etsy,2026-10-04T05:18:15Z,28,Etsy - Seller,Seller,"Hoya Kerri Outer Variegated 3"" - US SELLER",19.99,25,,,,20% OFF,20% OFF,,8279999845293977469
hoya kerrii,hoya kerrii etsy,2026-10-04T05:18:15Z,29,Etsy - Seller,Seller,"100 Hoya Kerrii Seeds, Heart Leaf Sweetheart Succulent, Rare Houseplant Supply",10.55,,,,,,,,5556941460477180546
hoya kerrii,hoya kerrii etsy,2026-10-04T05:18:15Z,30,Etsy - ElementalBonsaiGardn,ElementalBonsaiGardn,Hoya Kerrii Heart Shaped Succulent Plant 6cm Pot – Easy Care Plant,6,8,,5,1,25% OFF,25% OFF,True,7499867854003372656
hoya kerrii,hoya kerrii etsy,2026-10-04T05:18:15Z,31,Etsy - ElementalBonsaiGardn,ElementalBonsaiGardn,Hoya Hearts ‘Variegated Hoya kerrii’ Valentines Gift for Plant Lovers – Single & Double Variegated Hearts,15.94,21,Free delivery,3.8,1,24% OFF,24% OFF,True,12734062224135342497
hoya kerrii,hoya kerrii etsy,2026-10-04T05:18:15Z,32,Etsy - Seller,Seller,"100 Sweetheart Hoya Kerrii Seeds, Lucky Heart Specimen, Vining Succulent Family Garden",11.55,,,,,,,,17597378977346746732
hoya kerrii,hoya kerrii etsy,2026-10-04T05:18:15Z,33,Etsy - LivingPlantDesigns,LivingPlantDesigns,"SALE 2 for 10! Heart Plant or Sweetheart Hoya Kerii in 2"" pot | Easy Care Shade tolerant Pet Safe",10,,,,,,,,16073892748035545425
hoya kerrii,hoya kerrii etsy,2026-10-04T05:18:15Z,34,Etsy,,Hoya Kerrii Spot Reverse Variegated Pot 4”. Heart-shaped leaves with spot variegation - Indoor plant - Houseplant - Tropical Foliage,45,,,,,,,,6466687855188567988
hoya kerrii,hoya kerrii etsy,2026-10-04T05:18:15Z,35,Etsy - Seller,Seller,"Varagated Kerri heart sticker, plant sticker, plant mom, hoya sticker, house plant, heart sticker, rare house plant, Varagated hoya, sticker",4,,Free delivery,,,,,,6959480422362048635
hoya kerrii,hoya kerrii etsy,2026-10-04T05:18:15Z,36,Etsy - Seller,Seller,Hoya kerrii variegated starter pot (ALL PLANTS require you to purchase 2 plants!),22,,Free delivery,4.6,192,,,,6673100588666047541
hoya kerrii,hoya kerrii etsy,2026-10-04T05:18:15Z,37,Etsy - Seller,Seller,"100 Sweetheart Hoya Kerrii Seeds, Exotic Lucky Heart Vine, Easy-Grow December Orchid",11.55,,,,,,,,17526737349524498402
hoya kerrii,hoya kerrii etsy,2026-10-04T05:18:15Z,38,Etsy - Seller,Seller,Hoya Merriillii Long Leaf Rooted Cutting - Semi Hydro (Pon) - Exact Plant,23,,,,,,,,17841407137159074105
hoya kerrii,hoya kerrii etsy,2026-10-04T05:18:15Z,39,Etsy - Seller,Seller,Hoya Kerrii Green Lush Leaves,73.06,,,,,,,,16735963676293630267
hoya kerrii,hoya kerrii etsy,2026-10-04T05:18:15Z,40,Etsy - Seller,Seller,Hoya kerrii Sweetheart Plant,29.5,,Free delivery,5,284,,,True,3489505601355635951
hoya sunrise,hoya sunrise etsy,2026-10-04T05:18:14Z,1,Etsy - Seller,Seller,Hoya Sunrise | Rare Hoya Plant,18,,,4.6,62,,,,8195839652551333132
hoya sunrise,hoya sunrise etsy,2026-10-04T05:18:14Z,2,Etsy - Seller,Seller,Hoya Sunrise,30,,,4.6,81,,,True,8568146271429687995
hoya sunrise,hoya sunrise etsy,2026-10-04T05:18:14Z,3,Etsy - Seller,Seller,Hoya 'Sunrise' 6,16,20,,,,LOW PRICE,LOW PRICE,True,6808291223511261756
hoya sunrise,hoya sunrise etsy,2026-10-04T05:18:14Z,4,Etsy - Seller,Seller,"Hoya Sunrise Cutting: Rare Vining Wax Plant, Unrooted cutting 2-Leaf/2-Node",7.24,,,5,29,,,,4983382200097109835
hoya sunrise,hoya sunrise etsy,2026-10-04T05:18:14Z,5,Etsy - Seller,Seller,"2"" Rare Hoya Sunrise (Lacunosa/Obscura) Plant",8,,,,,,,,8856333977351288799
hoya sunrise,hoya sunrise etsy,2026-10-04T05:18:14Z,6,Etsy - Seller,Seller,Hoya sunrise,25,,Free delivery,,,,,,9947202716500862541
hoya sunrise,hoya sunrise etsy,2026-10-04T05:18:14Z,7,Etsy - Seller,Seller,"Hoya sunrise - 6""",60,,Free delivery,4.9,52,,,True,4330066136053467655
hoya sunrise,hoya sunrise etsy,2026-10-04T05:18:14Z,8,Etsy - Seller,Seller,"Hoya Sunrise 4"" Live Houseplant | Rare Hoya | Easy Care Indoor Vining Plant from Riverside Greenhouses",18.99,,Free delivery,5,2,,,,12070984275587508873
hoya sunrise,hoya sunrise etsy,2026-10-04T05:18:14Z,9,Etsy - Seller,Seller,Hoya Sunrise cutting UNROOTED,8,,,5,2,,,,9095698449224367407
hoya sunrise,hoya sunrise etsy,2026-10-04T05:18:14Z,10,Etsy - Seller,Seller,"HOYA SUNRISE - 4""",21.01,,,4.9,71,,,True,41166645583577585
hoya sunrise,hoya sunrise etsy,2026-10-04T05:18:14Z,11,Etsy - AnniesGardenGems,AnniesGardenGems,Hoya Sunrise in a 3 inch pot / Beautiful Scented Flowers / Well Established / Exact Plant,25,,,,,,,,12443031278051757350
hoya sunrise,hoya sunrise etsy,2026-10-04T05:18:14Z,12,Etsy - Seller,Seller,Hoya Sunrise UNROOTED Cutting- ONE node cutting Grower's Choice,9.74,15,,4.7,3,35% OFF,35% OFF,,932841245333309356
hoya sunrise,hoya sunrise etsy,2026-10-04T05:18:14Z,13,Etsy - StemEm,StemEm,"Hoya sunrise 2"" potted plant, Uncommon Hoya",10.5,,,,,,,,15027383551544478467
hoya sunrise,hoya sunrise etsy,2026-10-04T05:18:14Z,14,Etsy - ThaiLuckyShop,ThaiLuckyShop,Hoya Sunrise Hoya phyto-Cer,40,,,4.6,81,,,,11624496590962075450
hoya sunrise,hoya sunrise etsy,2026-10-04T05:18:14Z,15,Etsy - Seller,Seller,Hoya Sunrise Rooted Cutting | Vibrant Sunstressed Red Hoya | Rare Live Wax Plant | Teardrop Leaf Collector Hoya | Beginner Friendly Starter,23,,Free delivery,4.9,10,,,,1613073332805636470
hoya sunrise,hoya sunrise etsy,2026-10-04T05:18:14Z,16,Etsy - Seller,Seller,"2"" Hoya Sunrise (1) 9/2025 Grower's Choice",10,,,,,,,,9601868188663581591
hoya sunrise,hoya sunrise etsy,2026-10-04T05:18:14Z,17,Etsy - Seller,Seller,Fully rooted Hoya Sunrise starter plant,14.99,,,,,,,,18364115004221747938
hoya sunrise,hoya sunrise etsy,2026-10-04T05:18:14Z,18,Etsy,,Planta rara original Hoya Sunrise,43.83,,,4.8,89,,,,11919939457946748638
hoya sunrise,hoya sunrise etsy,2026-10-04T05:18:14Z,19,Etsy - Seller,Seller,"Hoya Sunrise 4"" Live Plant | Rare Pet Safe Hoya | Tropical Trailing Houseplant",28,,Free delivery,,,,,,17385908746170826888
hoya sunrise,hoya sunrise etsy,2026-10-04T05:18:14Z,20,Etsy - FreshFromGreenhouse,FreshFromGreenhouse,"Hoya Sunrise Live Plant in 2"" Pot | Sun Stress Hoya Wax Plant | Rare Trailing Tropical Houseplant | 2 Plant Minimum",22.99,,Free delivery,,,,,,8622604748198222923
hoya sunrise,hoya sunrise etsy,2026-10-04T05:18:14Z,21,Etsy - Haileyshoya,Haileyshoya,Hoya Sunrise in a 4.5 inch pot,34,,,,,,,,1513921920439411768
hoya sunrise,hoya sunrise etsy,2026-10-04T05:18:14Z,22,Etsy - Seller,Seller,Hoya Sunrise- rooted & accumulated- exact plant,20,,,,,,,,14160029142032729502
hoya sunrise,hoya sunrise etsy,2026-10-04T05:18:14Z,23,Etsy - Haileyshoya,Haileyshoya,"Hoya Sunrise in a 6"" inch pot / Longest Strand 28""",139,,Free delivery,,,,,,713072992191911574
hoya sunrise,hoya sunrise etsy,2026-10-04T05:18:14Z,24,Etsy - Seller,Seller,Hoya cv. 'Sunrise' | Sunstressed | Choose Your Exact Plant | SH-010 & SH-011,22,,,,,,,,5735720397293063512
hoya sunrise,hoya sunrise etsy,2026-10-04T05:18:14Z,25,Etsy,,"Hoya Sunrise (Thailand form) in a 2.5” pot rooted plant, rare!",19.54,,,,,,,,7442385299443990923
hoya sunrise,hoya sunrise etsy,2026-10-04T05:18:14Z,26,Etsy - Seller,Seller,Hoya sunrise- Mother Plant / Lush Plant Rare,225.6,,,4.6,62,,,,18363324577827609271
hoya sunrise,hoya sunrise etsy,2026-10-04T05:18:14Z,27,Etsy - Seller,Seller,"Hoya sunrise nice full plant, from a old plant. Lime + purple Sunstressed",29.69,33,,,,10% OFF,10% OFF,,4929932550391404333
hoya sunrise,hoya sunrise etsy,2026-10-04T05:18:14Z,28,Etsy - Seller,Seller,Hoya buotii 'sunriser small rooted starter plant,20,,,,,,,,14424888418115113599
hoya sunrise,hoya sunrise etsy,2026-10-04T05:18:14Z,29,Etsy - ThaiLuckyShop,ThaiLuckyShop,Hoya Tequila sunrise free- phyto -cer,60,,,,,,,,15322980461781331900
hoya sunrise,hoya sunrise etsy,2026-10-04T05:18:14Z,30,Etsy - Seller,Seller,Hoya Sunrise Rare Uniqe Jungle Plant#,40,,,4.6,62,,,,4408252611169155492
hoya sunrise,hoya sunrise etsy,2026-10-04T05:18:14Z,31,Etsy - Seller,Seller,Tequila Sunrise Hoya | LIVE Houseplant | Unrooted and Rooted Cuttings for Propagation!,5,,,4,3,,,,15464285157730723845
hoya sunrise,hoya sunrise etsy,2026-10-04T05:18:14Z,32,Etsy,,Hoya Tequila Sunrise,40,,,,,,,,18417887885515583556
hoya sunrise,hoya sunrise etsy,2026-10-04T05:18:14Z,33,Etsy - Seller,Seller,Hoya Tequila Sunrise/ Lightly Rooted,41.4,46,,5,4,10% OFF,10% OFF,,11582478214198754465
hoya sunrise,hoya sunrise etsy,2026-10-04T05:18:14Z,34,Etsy - AmericanCenturyShop,AmericanCenturyShop,Hoya Tequila Sunrise - Exact Rooted Plant - Sunstresses Red/Purple - New Growth,28,,,,,,,,9722036826880786580
hoya sunrise,hoya sunrise etsy,2026-10-04T05:18:14Z,35,Etsy - Seller,Seller,Self-Watering Pot and Hoya Sunrise Rooted Cutting - Semi Hydro (Pon) - Exact Plant,35,,,,,,,,10598873314622851230
hoya sunrise,hoya sunrise etsy,2026-10-04T05:18:14Z,36,Etsy - Seller,Seller,"Hoya Sunrise: Houseplant, Beginner Friendly, Wax Plant, Vine",12,,,,,,,,5552129916137084006
hoya sunrise,hoya sunrise etsy,2026-10-04T05:18:14Z,37,Etsy - Seller,Seller,"Hoya Sunrise 4"" Hanging Basket (Red Leaves) - US SELLER",43.99,,,,,,,,981968840730079700
hoya sunrise,hoya sunrise etsy,2026-10-04T05:18:14Z,38,Etsy - Seller,Seller,Hoya Taquila Sunrise,54,,Free delivery,,,,,,3209742163352894782
hoya sunrise,hoya sunrise etsy,2026-10-04T05:18:14Z,39,Etsy - Seller,Seller,Hoya Tequila Sunrise | Fully Rooted Cutting in Fluval | One Leaf Plant,26,,,,,,,,10421444641092937862
hoya sunrise,hoya sunrise etsy,2026-10-04T05:18:14Z,40,Etsy - Seller,Seller,Real Pict Hoya Sunrise Super Red Lush Plant,49.47,,,,,,,,14199469660605610303
monstera peru,monstera peru etsy,2026-10-04T05:18:22Z,1,ShopTansy,,Succulents Box Monstera 'Peru' Live Plant Rare Textured Karstenianum Aroid Houseplant,49.99,,,,,,,True,17024639550290069798
monstera peru,monstera peru etsy,2026-10-04T05:18:22Z,2,Hope It Grows,,"Monstera 'Peru' - 2"" Pot",38,,,4.5,78,,,,16626578209674652550
monstera peru,monstera peru etsy,2026-10-04T05:18:22Z,3,Mercari,,Jungle Monstera Peru Rooted - Garden & Outdoor | Color: Green,22,,,3.3,74,8% OFF,8% OFF,,9519999490813387108
monstera peru,monstera peru etsy,2026-10-04T05:18:22Z,4,Fernclay,,"Monstera 'Peru' — Puckered Glossy Leaves | FernClay 6"" Pot",108,,Free delivery,,,,,,4069171288368861074
monstera peru,monstera peru etsy,2026-10-04T05:18:22Z,5,Etsy - Seller,Seller,"Monstera Peru 5,5 inch full pot",25,,,,,,,,13909818620955568539
monstera peru,monstera peru etsy,2026-10-04T05:18:22Z,6,Etsy - Seller,Seller,Monstera Obliqua Rare Uniqe Plant,31.5,35,,3.6,51,10% OFF,10% OFF,,3059160279664140472
monstera peru,monstera peru etsy,2026-10-04T05:18:22Z,7,PamMechell Plant Oasis,,Monstera Peru cutting,10,,,3.4,86,,,,463779742131052392
monstera peru,monstera peru etsy,2026-10-04T05:18:22Z,8,Etsy - Seller,Seller,"Monstera Houseplant | Easy Care, Air Purifying, Indoor Plants, Plant Lover, Monstera Plant Gift",27.2,32,Free delivery,,,15% OFF,15% OFF,,12935367386393085763
monstera peru,monstera peru etsy,2026-10-04T05:18:22Z,9,Etsy - PlantificationCanada,PlantificationCanada,Monstera Varieties - Plant Identification Chart Digital Download,5.79,,Free delivery,5,12,,,,13895019664305921272
monstera peru,monstera peru etsy,2026-10-04T05:18:22Z,10,Etsy - PlantificationCanada,PlantificationCanada,Monstera Varieties - Plant Identification Chart - Digital Download,4.25,,Free delivery,2.4,42,,,,6896620506645718931
monstera peru,monstera peru etsy,2026-10-04T05:18:22Z,11,Etsy - Seller,Seller,4 SIZES-Monstera Variety Identification Print-Deliciosa Albo Variegated-Houseplants Chart-Swiss Cheese Plant Names-Types of Monstera-Poster,6.04,,Free delivery,,,,,,7957687080504505488
monstera peru,monstera peru etsy,2026-10-04T05:18:22Z,12,Etsy - CanopyGems,CanopyGems,Monstera Obliqua Peru pot,46,,,3,1,,,,17957680291924706256
monstera peru,monstera peru etsy,2026-10-04T05:18:22Z,13,Etsy - Seller,Seller,"Crochet Monstera Hanging Plant Pattern, Beginner PDF Tutorial (Car Mirror Decor)",2.18,3.12,Free delivery,3.7,1,30% OFF,30% OFF,,9780471436774317631
monstera peru,monstera peru etsy,2026-10-04T05:18:22Z,14,Etsy - Seller,Seller,"Mystery Plant Cutting Box, Mystery Cuttings, Mystery House Plants, Plant Lover gifts, Bulk Plant Cuttings, Plant Gift Box, Bundle cuttings",3.99,,,4.6,119,,,,11452291615550599743
monstera peru,monstera peru etsy,2026-10-04T05:18:22Z,15,Etsy - Seller,Seller,"10 Mystery Houseplant Cuttings | Plants, Garden, Pothos, Philodendron, Propagation for Beginners, Mother's Day Gift for Plant Lovers",36,3.6,Free delivery,4.6,67,,,,14227882249197667896
monstera peru,monstera peru etsy,2026-10-04T05:18:22Z,16,Etsy - Seller,Seller,Monstera Peru Starter Plant | Textured Climbing Houseplant (Bare Root),22,,,,,,,,9433903904173762997
monstera peru,monstera peru etsy,2026-10-04T05:18:22Z,17,Etsy - Seller,Seller,Monstera Peru 4,35,,Free delivery,5,1,,,True,5593104617491268779
monstera peru,monstera peru etsy,2026-10-04T05:18:22Z,18,Etsy - Seller,Seller,Mini Monstera Hanging Plant,25,,,,,,,,7357393506193662223
monstera peru,monstera peru etsy,2026-10-04T05:18:22Z,19,Etsy - Seller,Seller,Succulents Box Monstera 'Peru' Live Plant Rare Textured Karstenianum Aroid Houseplant,89.99,,Free delivery,,,,,True,17024639550290069798
monstera peru,monstera peru etsy,2026-10-04T05:18:22Z,20,Etsy,,Monstera variegada de Perú / Monstera Karstenianum Variegata / Planta arácea rara,50.4,56,,,,10% OFF,10% OFF,,16222939728368563754
monstera peru,monstera peru etsy,2026-10-04T05:18:22Z,21,Etsy,,Monstera obliqua peru,44,,,5,48,,,,6905654783342840470
monstera peru,monstera peru etsy,2026-10-04T05:18:22Z,22,Etsy - Seller,Seller,"Variegated Monstera deliciosa Print by Tobancay - Digital Download | Botanical art, interior design, plant wall art",8.65,2.16,Free delivery,5,1,,,,2306357152838819382
monstera peru,monstera peru etsy,2026-10-04T05:18:22Z,23,Etsy - Seller,Seller,Monstera Peru Variegated,75,,,,,,,,18050038170395178074
monstera peru,monstera peru etsy,2026-10-04T05:18:22Z,24,Etsy - Auragiftshop,Auragiftshop,"Monstera Peru, Philodendron Peru Galaxy, exotic houseplant collection 4in pot",19.51,26,,3.1,103,24% OFF,24% OFF,,5585852126788306891
monstera peru,monstera peru etsy,2026-10-04T05:18:22Z,25,Etsy - Seller,Seller,"Monstera Karstenianum Peru 4"" Pot",31.99,36,,4.7,1,10% OFF,10% OFF,True,337861173883501634
monstera peru,monstera peru etsy,2026-10-04T05:18:22Z,26,Etsy - Seller,Seller,"Monstera Obliqua Peru, rare Monstera",11.99,,,5,1,,,,11420737739572063254
monstera peru,monstera peru etsy,2026-10-04T05:18:22Z,27,Etsy - Seller,Seller,Monstera Peru Karstenianum,39.95,,Free delivery,,,,,,282570154531990394
monstera peru,monstera peru etsy,2026-10-04T05:18:22Z,28,Etsy - Seller,Seller,Monstera Puru ~ Growers Choice Live Rare Plant,19.99,,,,,,,,12621771301774913987
monstera peru,monstera peru etsy,2026-10-04T05:18:22Z,29,Seven Thymes,,Monstera 'Peru',30,,,,,,,,291795266529039122
monstera peru,monstera peru etsy,2026-10-04T05:18:22Z,30,Etsy - Seller,Seller,Monstera Peru Cutting,9,,,,,,,,11048065728674302578
monstera peru,monstera peru etsy,2026-10-04T05:18:22Z,31,Etsy - Seller,Seller,Free 1 Plant Aglaonema Mahadewi White and Monstera Obliqua Peru Real Picture,350.67,,,,,,,,6691937257679065235
monstera peru,monstera peru etsy,2026-10-04T05:18:22Z,32,Etsy - Seller,Seller,Monstera Peru CUTTING Unrooted Monstera karstenianum,7.49,9.99,,5,98,25% OFF,25% OFF,,14212477211855022844
monstera peru,monstera peru etsy,2026-10-04T05:18:22Z,33,Etsy - Seller,Seller,Free 1 Plant Aglaonema Pride of Sumatra and Monstera Obliqua Peru Real Picture,75.98,,,,,,,,8071916486574791720
monstera peru,monstera peru etsy,2026-10-04T05:18:22Z,34,Etsy - Seller,Seller,Plant Monstera Karstenianum Peru Variegated Real Picture Lush Leaf,49.88,,,,,,,,14290741651977623318
monstera peru,monstera peru etsy,2026-10-04T05:18:22Z,35,Etsy - OrchidBoxInc,OrchidBoxInc,Monstera obliqua 'Peru' -- Green TC *Preorder*,49.93,,,,,,,,18120607095458496398
monstera peru,monstera peru etsy,2026-10-04T05:18:22Z,36,Etsy - Seller,Seller,Monstera Karstenianum Peru Variegated Halfmoon - Live Ornamental Plants,49.66,,,,,,,,5729397253302620127
monstera peru,monstera peru etsy,2026-10-04T05:18:22Z,37,Etsy - Seller,Seller,Monstera Peru,72,,Free delivery,3.2,52,,,True,3810709219491513370
monstera peru,monstera peru etsy,2026-10-04T05:18:22Z,38,Etsy - Seller,Seller,Monstera Obliqua 'Peru' *Grower's Choice*,54,,,,,,,,12684304230710000612
monstera peru,monstera peru etsy,2026-10-04T05:18:22Z,39,Etsy - CaliforniaTropicals,CaliforniaTropicals,Monstera Peru California Tropicals,16.99,,Free delivery,3.7,1,,,,12709934948570235904
monstera peru,monstera peru etsy,2026-10-04T05:18:22Z,40,Etsy - Seller,Seller,Monstera Obliqua Peru | Rare Tropical Aroid Collector Plant,68,,,,,,,,17123874958299646922
monstera siltepecana,monstera siltepecana etsy,2026-10-04T05:20:07Z,1,Etsy - Seller,Seller,"4.5"" SILTEPECENA hanging basket; MONSTERA house plant - attractive trailing with new growth - home decor - lovely foliage",27.95,,,3.5,67,,,,9518810623161249598
monstera siltepecana,monstera siltepecana etsy,2026-10-04T05:20:07Z,2,Etsy - Seller,Seller,XL Rooted Cutting of Monstera Dwyeri LARGE LEAF,120,,,,,,,,9382053080998461583
monstera siltepecana,monstera siltepecana etsy,2026-10-04T05:20:07Z,3,Etsy,,Monstera Electro Light Live Plant Tissue Culture / Monsteras Electrolyte Deliciosa / Indoor House Plants Gifts / Houseplants Plantlet,29.99,43,,4.3,9,29% OFF,29% OFF,,13022923602769451646
monstera siltepecana,monstera siltepecana etsy,2026-10-04T05:20:07Z,4,Etsy - Seller,Seller,Monstera sierrana Starter Plant (ALL STARTER PLANTS require you to purchase 2 plants!),26.69,,Free delivery,3.2,47,,,,2650353202684882400
monstera siltepecana,monstera siltepecana etsy,2026-10-04T05:20:07Z,5,Etsy,,Monstera Deliciosa - Swiss Cheese House Plant - optional ceramic planter,22.06,28,,,,19% OFF,19% OFF,,3884837672593452473
monstera siltepecana,monstera siltepecana etsy,2026-10-04T05:20:07Z,6,Etsy - Seller,Seller,"Monstera Houseplant | Easy Care, Air Purifying, Indoor Plants, Plant Lover, Monstera Plant Gift",27.2,32,Free delivery,,,15% OFF,15% OFF,,12935367386393085763
monstera siltepecana,monstera siltepecana etsy,2026-10-04T05:20:07Z,7,Etsy,,Esqueje de Monstera Siltepecana,4.49,5.99,,3.5,1,25% OFF,25% OFF,,15848575635799355448
monstera siltepecana,monstera siltepecana etsy,2026-10-04T05:20:07Z,8,Etsy - Seller,Seller,Real pict monstera marmourata variegated 1 leavee Free pithosanitary,27.76,,,,,,,,8713703896220654337
monstera siltepecana,monstera siltepecana etsy,2026-10-04T05:20:07Z,9,Mercari,,Handmade Monstera Siltepecana Cuttings X(5) - Garden & Outdoor,10,,,,,,,,5689585935965494817
monstera siltepecana,monstera siltepecana etsy,2026-10-04T05:20:07Z,10,Etsy - Seller,Seller,Real pict monstera marmourata variegated 3 leavee Free pithosanitary,41.64,,,,,,,,17303924308757445278
monstera siltepecana,monstera siltepecana etsy,2026-10-04T05:20:07Z,11,Etsy - Seller,Seller,"Monstera Deliciosa Leaf Clipart, Swiss Cheese Plant Silhouette Graphics, Exotic Tropical Houseplant, Sublimation Cut Files, Download SVG PNG",1.24,,Free delivery,,,,,,10415715535784137076
monstera siltepecana,monstera siltepecana etsy,2026-10-04T05:20:07Z,12,Etsy - Seller,Seller,"10 House Plant Cuttings Bundle, Rare Plant Cutting Bundle, Pothos Monstera Philodendron Cuttings variety, Plant Cuttings Water Propagation",27.99,2.8,Free delivery,,,,,,14591346415585003198
monstera siltepecana,monstera siltepecana etsy,2026-10-04T05:20:07Z,13,Etsy - Seller,Seller,"Monstera Vietciosa Botanical Print, Photography & Illustration, Neutral Home Decor (Digital Download)",4,,Free delivery,,,,,,8972431361964140538
monstera siltepecana,monstera siltepecana etsy,2026-10-04T05:20:07Z,14,Etsy - Seller,Seller,Monstera Deliciosa Kokedama - Handmade Swiss Cheese Plant,135,,,3.1,1,,,,13871026433605834679
monstera siltepecana,monstera siltepecana etsy,2026-10-04T05:20:07Z,15,Etsy - NYCitySucculents,NYCitySucculents,Monstera Lemon Lime Live Plant Tissue Culture | Monsteras Light Lime Deliciosa | Indoor House Plants Gifts | Houseplants Plantlet,57.12,,,2.7,79,,,,6416387397402762073
monstera siltepecana,monstera siltepecana etsy,2026-10-04T05:20:07Z,16,Etsy - Seller,Seller,"8 House Plant Cuttings Bundle, Rare Plant Cutting Bundle, Pothos Monstera Cuttings variety, Plant Cuttings Water Propagation",23.99,3,Free delivery,,,,,,8182225079207496725
monstera siltepecana,monstera siltepecana etsy,2026-10-04T05:20:07Z,17,Etsy - Seller,Seller,Monstera Lechleriana Variegated - Real Picture Plant,40.91,,,,,,,,1574176030364374813
monstera siltepecana,monstera siltepecana etsy,2026-10-04T05:20:07Z,18,Etsy - Seller,Seller,Monstera Deliciosa Live Plant Rare Monsteras Houseplants ALL Plants Require You to Purchase Any 2 Plants,19.99,33,Free delivery,,,39% OFF,39% OFF,,12746280815243891956
monstera siltepecana,monstera siltepecana etsy,2026-10-04T05:20:07Z,19,Etsy - NYCitySucculents,NYCitySucculents,Monstera Lemon Lime Live Plant | Monsteras Deliciosa Neon Split Leaf | Indoor House Plants Gifts | Rare Houseplants Garden Gifts,34.99,50,,,,29% OFF,29% OFF,,16267099128498312892
monstera siltepecana,monstera siltepecana etsy,2026-10-04T05:20:07Z,20,eBay,,Monstera Siltepecana Variegated Real Picture Phitosanytari,94,,,,,,,,15613749221452846085
monstera siltepecana,monstera siltepecana etsy,2026-10-04T05:20:07Z,21,Etsy,,Monstera deliciosa multi stem (seed grown) starter plant *(ALL starter plants require you to purchase any 2 plants)*,12.25,25,Free delivery,,,50% OFF,50% OFF,,8607711951772924613
monstera siltepecana,monstera siltepecana etsy,2026-10-04T05:20:07Z,22,Mercari,,Handmade Monstera Siltepecana Rooted Cuttings - New Garden & Outdoor | Color: Green,15.3,18,,,,15% OFF,15% OFF,,557301142439585644
monstera siltepecana,monstera siltepecana etsy,2026-10-04T05:20:07Z,23,Etsy - Seller,Seller,Monstera Deliciosa Oceana Contoll variegated real picture large,292.23,,,,,,,,4726514362089923964
monstera siltepecana,monstera siltepecana etsy,2026-10-04T05:20:07Z,24,Mercari,,Handmade Monstera Siltepecana - New Garden & Outdoor,25.65,30,,,,14% OFF,14% OFF,,14972546363875914668
monstera siltepecana,monstera siltepecana etsy,2026-10-04T05:20:07Z,25,Mercari,,Handmade Monstera Siltepecana - Garden & Outdoor | Color: Green,12,,,,,,,,2786068447606366848
monstera siltepecana,monstera siltepecana etsy,2026-10-04T05:20:07Z,26,Etsy - Seller,Seller,Real pict monstera marmourata variegated 2 leave Free pithosanitary,41.64,,,,,,,,13694612206853563623
monstera siltepecana,monstera siltepecana etsy,2026-10-04T05:20:07Z,27,Etsy - Seller,Seller,Real pict monstera variegated Mint Free pithosanitary,249.38,,,,,,,,582559958929813261
monstera siltepecana,monstera siltepecana etsy,2026-10-04T05:20:07Z,28,Mercari,,Handmade Monstera Siltepecana - New Garden & Outdoor,14,,,,,,,,3569040951625616864
monstera siltepecana,monstera siltepecana etsy,2026-10-04T05:20:07Z,29,Mercari,,Handmade Monstera Siltepecana - New Garden & Outdoor,42,,,,,,,,17835264045552566187
monstera siltepecana,monstera siltepecana etsy,2026-10-04T05:20:07Z,30,Mercari,,Handmade Monstera Siltepecana Rooted Cuttings - New Garden & Outdoor | Color: Green,12.6,15,,,,16% OFF,16% OFF,,8379040291808395098
monstera siltepecana,monstera siltepecana etsy,2026-10-04T05:20:07Z,31,Etsy - Seller,Seller,Real pict monstera jungle mint varigated Free pithosanitary,138.62,,,,,,,,12313285480750063251
monstera siltepecana,monstera siltepecana etsy,2026-10-04T05:20:07Z,32,Mercari,,Handmade Monstera Siltepecana Rooted Cuttings - New Garden & Outdoor | Color: Green,17.1,20,,,,14% OFF,14% OFF,,3347473803526809958
monstera siltepecana,monstera siltepecana etsy,2026-10-04T05:20:07Z,33,Etsy - Seller,Seller,Monstera Deliciosa Fruit from Hawaii. Ready for order!! Organic!,69.99,,,3,1,,,,2443835457221033002
monstera siltepecana,monstera siltepecana etsy,2026-10-04T05:20:07Z,34,Mercari,,"Handmade Monstera Siltepecana, 3-4"" Planter, #1 - New Garden & Outdoor | Size: s",15,,,,,,,,15237206957808788355
monstera siltepecana,monstera siltepecana etsy,2026-10-04T05:20:07Z,35,Mercari,,Handmade Monstera Siltepecana Cuttings Unrooted - Garden & Outdoor | Color: Green,14,,,,,6% OFF,6% OFF,,17113953678782179446
monstera siltepecana,monstera siltepecana etsy,2026-10-04T05:20:07Z,36,Etsy - WellThatsBizarre,WellThatsBizarre,Monstera Siltepecana Sticker | Plant Decal | Botanical Sticker | Vinyl,3.75,,,,,,,,12147927320631062789
monstera siltepecana,monstera siltepecana etsy,2026-10-04T05:20:07Z,37,eBay - nawwafplant21,,Monstera Siltepecana Variegated Mature Real Picture,160,,,,,,,,4202246369597018276
monstera siltepecana,monstera siltepecana etsy,2026-10-04T05:20:07Z,38,Mercari,,Handmade Monstera Siltepecana - New Garden & Outdoor | Color: Green,19,20,,,,5% OFF,5% OFF,,11235962474700055991
monstera siltepecana,monstera siltepecana etsy,2026-10-04T05:20:07Z,39,Mercari,,"Handmade Monstera Siltepecana, 3-4"" Planter, #2 - New Garden & Outdoor | Size: s",15,,,,,,,,13200430262636666711
monstera siltepecana,monstera siltepecana etsy,2026-10-04T05:20:07Z,40,Etsy - Seller,Seller,Seed Grown Monstera Deliciousa,25,,Free delivery,,,,,,6909258092606450252
peperomia hope,peperomia hope etsy,2026-10-04T05:20:07Z,1,Hope It Grows,,"Peperomia 'Hope' - 6"" Pot",68,,,2.8,1,,,,9188292034810314496
peperomia hope,peperomia hope etsy,2026-10-04T05:20:07Z,2,The Fernseed,,Peperomia Hope - 2-inch,9.99,,,,,,,,17557684891190537329
peperomia hope,peperomia hope etsy,2026-10-04T05:20:07Z,3,Etsy - AmandaMeszarosArt,AmandaMeszarosArt,"Peperomia Hope Succulent Watercolor Vinyl Sticker 3""",5,,Free delivery,5,1,,,,14136204327756874057
peperomia hope,peperomia hope etsy,2026-10-04T05:20:07Z,4,Etsy,,Peperomia 'Hope Pot,30.1,40,Free delivery,3.2,1,24% OFF,24% OFF,True,10995716723153268117
peperomia hope,peperomia hope etsy,2026-10-04T05:20:07Z,5,Hope It Grows,,"Peperomia 'Hope' - 3"" Pot",16,,,5,106,,,,1667673127065366240
peperomia hope,peperomia hope etsy,2026-10-04T05:20:07Z,6,Etsy,,"Planta de peperomia Hope en maceta de 7,5 cm, planta de peperomia colgante viva, planta de peperomia redonda, planta de peperomia rotundifolia",19.2,24,,,,20% OFF,20% OFF,,6019794368003397315
peperomia hope,peperomia hope etsy,2026-10-04T05:20:07Z,7,Etsy - Seller,Seller,Peperomia 'hope' Houseplant,19.49,39,,3.4,1,50% OFF,50% OFF,,6659833787899478513
peperomia hope,peperomia hope etsy,2026-10-04T05:20:07Z,8,,,"Hope Peperomia -4"" Pot",6,,,4.8,241,,,True,4379250669773397432
peperomia hope,peperomia hope etsy,2026-10-04T05:20:07Z,9,Etsy - Seller,Seller,Peperomia Tetraphylla Hope 20 cm Easy-care & low-maintenance indoor plant,26.39,31,,,,15% OFF,15% OFF,,14420864307727764186
peperomia hope,peperomia hope etsy,2026-10-04T05:20:07Z,10,Etsy - NYCitySucculents,NYCitySucculents,Peperomia hope,28.55,,,4.8,25,,,True,15614252958870340590
peperomia hope,peperomia hope etsy,2026-10-04T05:20:07Z,11,Etsy - Seller,Seller,"Peperomia - Hope 2""",28,,,5,1,,,True,3443274858785769298
peperomia hope,peperomia hope etsy,2026-10-04T05:20:07Z,12,Etsy - JacquelineHomeGarden,JacquelineHomeGarden,Peperomia Hope 6,25.99,,,,,,,True,9527906930996639745
peperomia hope,peperomia hope etsy,2026-10-04T05:20:07Z,13,Etsy - Plantsocity,Plantsocity,Peperomia Hope 4-inch,10,,,,,,,True,6006034857051463118
peperomia hope,peperomia hope etsy,2026-10-04T05:20:07Z,14,Etsy - CaliforniaTropicals,CaliforniaTropicals,Peperomia 'Hope Pot,28.99,,,3.2,1,,,True,10995716723153268117
peperomia hope,peperomia hope etsy,2026-10-04T05:20:07Z,15,Etsy,,Peperomia 'Hope Pot,23.95,,Free delivery,3.2,1,,,True,10995716723153268117
peperomia hope,peperomia hope etsy,2026-10-04T05:20:07Z,16,Planet Desert,,"Peperomia Hope 'Peperomia tetraphylla' 4"" Pot / White Pot",23.69,,Free delivery,3.3,1,,,,8066623323980678852
peperomia hope,peperomia hope etsy,2026-10-04T05:20:07Z,17,Planet Desert,,"Peperomia Hope 'Peperomia tetraphylla' 4"" Pot / Black Pot",23.69,,Free delivery,4.4,1,,,,8716280943607010599
peperomia hope,peperomia hope etsy,2026-10-04T05:20:07Z,18,Etsy - PlantVers,PlantVers,"Assorted 3 Peperomia Plants in 4"" Pots - Easy Care Indoor Houseplants - Low Maintenance Plant Set - Gift for Plant Lovers",24,48,Free delivery,4.9,67,50% OFF,50% OFF,,10854097817677387943
peperomia hope,peperomia hope etsy,2026-10-04T05:20:07Z,19,Etsy - CaliforniaTropicals,CaliforniaTropicals,"Peperomia hope 4"" HB",17.99,,Free delivery,5,341,,,True,3082542431487781196
peperomia hope,peperomia hope etsy,2026-10-04T05:20:07Z,20,Etsy - Seller,Seller,"Peperomia Hope 4"" Live Plant / Peperomia Tetraphylla / Trailing indoor Houseplant / Easy Care Round Leaf Plant / Live Succulent",9.9,17,,,,40% OFF,40% OFF,,17085866653125478379
peperomia hope,peperomia hope etsy,2026-10-04T05:20:07Z,21,Etsy - Seller,Seller,"Pepperonia hope 6"" / Live Plant Ready to Ship",40,,,,,,,,12419150695848998351
peperomia hope,peperomia hope etsy,2026-10-04T05:20:07Z,22,Planet Desert,,Peperomia Hope 'Peperomia tetraphylla,52.03,,Free delivery,5,1,,,,11331658175789364754
peperomia hope,peperomia hope etsy,2026-10-04T05:20:07Z,23,Etsy - Seller,Seller,Peperomia Hope Trailing Plant,48,,Free delivery,,,,,,4095406177863126819
peperomia hope,peperomia hope etsy,2026-10-04T05:20:07Z,24,Etsy - Seller,Seller,"Peperomia Hope Live Plant - Lush Trailing Succulent for Home & Office, Easy Care Indoor Houseplant",6,,,,,,,,4380149979985220169
peperomia hope,peperomia hope etsy,2026-10-04T05:20:07Z,25,Etsy - HirtsGardens,HirtsGardens,Hirt's Gardens String of Hearts Peperomia prostrata 810061365785,11.99,15,,2.4,42,20% OFF,20% OFF,True,6250684772390498290
peperomia hope,peperomia hope etsy,2026-10-04T05:20:07Z,26,Etsy - Seller,Seller,"peperomia hope 6"" pot",59,,Free delivery,,,,,,9324274751557379065
peperomia hope,peperomia hope etsy,2026-10-04T05:20:07Z,27,Etsy - Seller,Seller,Succulents Box Peperomia Hope Trailing air-purifying houseplant,20,,,4.7,335,,,True,8739884878876955997
peperomia hope,peperomia hope etsy,2026-10-04T05:20:07Z,28,T&T Plants and Things,,Wekiva Foliage Peperomia Hope Live Plants in 4 Inch Growers Pots,22,,,3.2,1,,,True,11897696313382025220
peperomia hope,peperomia hope etsy,2026-10-04T05:20:07Z,29,Etsy - Seller,Seller,Peperomia ‘Hope’ grow urban. Edinburgh,25,,Free delivery,3,1,,,True,10404862178432545587
peperomia hope,peperomia hope etsy,2026-10-04T05:20:07Z,30,Etsy - JacquelineHomeGarden,JacquelineHomeGarden,Peperomia Hope 4,17.99,,,5,267,,,True,16849566113671711252
peperomia hope,peperomia hope etsy,2026-10-04T05:20:07Z,31,Etsy - Seller,Seller,Succulents Box Peperomia Hope Trailing air-purifying houseplant,12,16,,4.7,335,25% OFF,25% OFF,True,8739884878876955997
peperomia hope,peperomia hope etsy,2026-10-04T05:20:07Z,32,,,"Hope Peperomia - 6"" Pot - Easy to Grow Houseplant",6,,,3.1,210,,,True,15674822646689513104
peperomia hope,peperomia hope etsy,2026-10-04T05:20:07Z,33,Etsy,,"Planta de peperomia Hope, planta de peperomia rastrera viva, planta redonda, planta rotundifolia / Mínimo 2 plantas /",17.6,22,Free delivery,5,1,20% OFF,20% OFF,,15509781018807333131
peperomia hope,peperomia hope etsy,2026-10-04T05:20:07Z,34,Etsy - Seller,Seller,Pepperomia Tetraphylla Hope | Round Green Trailing Leaves | Live Succulent-Like Plant,7.99,,,,,,,,5486234980463504913
peperomia hope,peperomia hope etsy,2026-10-04T05:20:07Z,35,Etsy - NYCitySucculents,NYCitySucculents,Peperomia Hope Live Plant | Rare Peperomias Large Hanging Starter House Plants | Rare Houseplant | Indoor Outdoor Houseplants | Garden Gift,29.99,43,,,,29% OFF,29% OFF,,12623991715965275106
peperomia hope,peperomia hope etsy,2026-10-04T05:20:07Z,36,Pothos,,Peperomia 'Hope Pot,69.99,,,3.2,1,,,True,10995716723153268117
peperomia hope,peperomia hope etsy,2026-10-04T05:20:07Z,37,Ethereal Company,,"Peperomia 'Hope' - Ethereal Company 8"" Pot",158,,Free delivery,3.1,98,,,,15824104659821452317
peperomia hope,peperomia hope etsy,2026-10-04T05:20:07Z,38,Etsy - WonderlandHG,WonderlandHG,"4"" Peperomia Green Variegated, Peperomia obtusifolia, Valentine's Day Gift, Mother's Day Gift, Outer White Ceramic Pot, Free Heatpad",25.99,,,,,,,,2643548696852161381
peperomia hope,peperomia hope etsy,2026-10-04T05:20:07Z,39,Pothos,,"Peperomia 'Hope' 4"" Pot / Cow Pot",18.99,,,5,33,,,,5410311363873603059
peperomia hope,peperomia hope etsy,2026-10-04T05:20:07Z,40,,,"Hope Peperomia 4"" Mini Hanging Basket/Saucer",6,,,3.8,143,,,True,4138956624754657377
philodendron brasil,philodendron brasil etsy,2026-10-04T05:18:30Z,1,Etsy - Seller,Seller,Philodendron White Princess Tricolor Variegated - Rare Unique Plant,108.06,,,4.8,3300,,,,17566976147564025690
philodendron brasil,philodendron brasil etsy,2026-10-04T05:18:30Z,2,Etsy - Seller,Seller,Philodendron brandiatum (4 different size rooted plants)/cuttings bare rooted,6.99,,,2.3,1,,,,12390026498935665995
philodendron brasil,philodendron brasil etsy,2026-10-04T05:18:30Z,3,Etsy - Seller,Seller,Philodendron Spiritus Sancti - Ultra-Rare Collector's Aroid,325,,,,,,,,8757951551371972047
philodendron brasil,philodendron brasil etsy,2026-10-04T05:18:30Z,4,Etsy - EmeraldGardensGH,EmeraldGardensGH,Philodendron Brasil Plant in 6 in. Grower Pot,19.99,,,3.3,231,,,True,7951974505528533864
philodendron brasil,philodendron brasil etsy,2026-10-04T05:18:30Z,5,Etsy - Seller,Seller,"Mystery/Pet Safe House Plant in 4"" Pot",13.5,15,,4.7,106,10% OFF,10% OFF,,98335595077541648
philodendron brasil,philodendron brasil etsy,2026-10-04T05:18:30Z,6,Etsy - Seller,Seller,"Philodendron Brazil Cutting. Sweetheart, Scandens, unrooted Pothos , Philodendron house plant",7,,,4,1,,,,6085236484384449039
philodendron brasil,philodendron brasil etsy,2026-10-04T05:18:30Z,7,Etsy,,Philodendron Florida beauty x mayoi 5” / Live Plant Ready to Ship,115,,,,,,,,6780173422168837247
philodendron brasil,philodendron brasil etsy,2026-10-04T05:18:30Z,8,Etsy - Seller,Seller,Miniature Philodendron Brazil in Terracotta Pot,18,,,,,,,,4012040288540261043
philodendron brasil,philodendron brasil etsy,2026-10-04T05:18:30Z,9,Etsy - Seller,Seller,"Philodendron Spiritus Sancti 2"" Pot",25,55,,5,5,54% OFF,54% OFF,,5690584335987951235
philodendron brasil,philodendron brasil etsy,2026-10-04T05:18:30Z,10,Etsy - Seller,Seller,Plant Node Cuttings for Propogation | Variety of Mystery Plant Cuttings | Unrooted Cuttings | Plant Mystery Box Pothos Hoya Monstera Plants,10.5,14,,5,36,25% OFF,25% OFF,,8767326417762610331
philodendron brasil,philodendron brasil etsy,2026-10-04T05:18:30Z,11,Etsy - Seller,Seller,Philodendron Spiritus Sancti 2 Inch Pot [Non Exact],19.99,,,,,,,,2502578252313738376
philodendron brasil,philodendron brasil etsy,2026-10-04T05:18:30Z,12,Etsy - Seller,Seller,"Mystery Houseplant Cuttings | Rare, Uncommon & Common Plants | Rooted or Unrooted | 5 or 10 Cuttings",17.99,,,5,181,,,,17246188589924065099
philodendron brasil,philodendron brasil etsy,2026-10-04T05:18:30Z,13,Etsy - Seller,Seller,Philodendron Florida Beauty Tricolor Variegated Medium Size Real Picture,49.68,,,,,,,,4466406398110541606
philodendron brasil,philodendron brasil etsy,2026-10-04T05:18:30Z,14,Etsy,,Philodendron Brasil: Planta colgante variegada - Maceta de 10 cm,15,,,,,,,,10522905239105142970
philodendron brasil,philodendron brasil etsy,2026-10-04T05:18:30Z,15,Etsy - Seller,Seller,"Philodendron Brasil Live Plant * High Variegation, Trailing Houseplant (Terrarium Ready)",8,,,,,,,,9691403868914030639
philodendron brasil,philodendron brasil etsy,2026-10-04T05:18:30Z,16,Etsy - Seller,Seller,Philodendron ‘Brasil’ on moss pole,14.99,,,5,73,,,,13848343651842633680
philodendron brasil,philodendron brasil etsy,2026-10-04T05:18:30Z,17,Etsy - Seller,Seller,"Brasil Philodendren hederaceum | LIVE House Plant | Nodes, Unrooted & Rooted Cuttings for Propagation!",4,,,5,31,,,,866073574328679387
philodendron brasil,philodendron brasil etsy,2026-10-04T05:18:30Z,18,Etsy - Seller,Seller,Mystery Cuttings Bundle | House Plant Cuttings | Propagation Clippings | Beginner | Grow Yourself,16,3.2,,,,,,,6214103001662452328
philodendron brasil,philodendron brasil etsy,2026-10-04T05:18:30Z,19,Etsy,,Philodendron Brazil: Variegated Indoor Plant,8,,,,,,,,8696918567668502502
philodendron brasil,philodendron brasil etsy,2026-10-04T05:18:30Z,20,Etsy - Seller,Seller,Philodendron Brasil Houseplant 12cm Pot Easy-Care Trailing Indoor Plant,8.64,17,,,,50% OFF,50% OFF,,5047824571381338692
philodendron brasil,philodendron brasil etsy,2026-10-04T05:18:30Z,21,Etsy - Seller,Seller,"JOSE BUONO Philodendriun - Huge leaves, Variegated CUTTING",35,,,5,300,,,,14741413241358309303
philodendron brasil,philodendron brasil etsy,2026-10-04T05:18:30Z,22,Etsy - FloridaPlantsGardens,FloridaPlantsGardens,Philodendron Scandens Brasil,14.92,20,,4.5,176,25% OFF,25% OFF,,9327432811677156031
philodendron brasil,philodendron brasil etsy,2026-10-04T05:18:30Z,23,Etsy - PlantVers,PlantVers,"Rare Brazilian Philodendron Starter Plant in a 1.5"" Nursery Pot - Easy Care Houseplant - Extremely Rare Philodendron Brazil Plant for Gift",16.2,36,,4.5,110,55% OFF,55% OFF,,15926020075828481592
philodendron brasil,philodendron brasil etsy,2026-10-04T05:18:30Z,24,Etsy - Seller,Seller,Real Picture Philodendron Florida Beauty Large Variegated Plant,46.77,,,,,,,,11331845194393596555
philodendron brasil,philodendron brasil etsy,2026-10-04T05:18:30Z,25,Etsy - Seller,Seller,"Philodendron Brazil cuttings, plants",2.49,,,4.3,1,,,,12103759468921395570
philodendron brasil,philodendron brasil etsy,2026-10-04T05:18:30Z,26,Etsy - Seller,Seller,"Variegated Brasil Philodendron Cutting, Live Plant",1.99,,,3,240,,,,14916573566874595655
philodendron brasil,philodendron brasil etsy,2026-10-04T05:18:30Z,27,Etsy,,Philodendron Brasil Hanging Basket | 4 Inch Variegated Heartleaf Philodendron | Exact Plant Listed | Easy Care Trailing Houseplant,15,20,,,,25% OFF,25% OFF,,2395908813905482534
philodendron brasil,philodendron brasil etsy,2026-10-04T05:18:30Z,28,Etsy - Seller,Seller,"Carnival Philodendron hederaceum | Nodes, Unrooted, & Rooted Cuttings for propagation! | RARE | One of a Kinds",5,,,4.8,87,,,,7216780096130742607
philodendron brasil,philodendron brasil etsy,2026-10-04T05:18:30Z,29,Etsy - Seller,Seller,Philodendron brasil cutting,7,,Free delivery,3.7,28,,,,5367404916996814047
philodendron brasil,philodendron brasil etsy,2026-10-04T05:18:30Z,30,Etsy - Seller,Seller,Available Spring '23 - Rooted Philodendron Brasil Cuttings,5000,,,4.5,1,,,,11917344445594451709
philodendron brasil,philodendron brasil etsy,2026-10-04T05:18:30Z,31,Etsy - Seller,Seller,Philodendron Domesticum Variegated Rare Unique Plant,22,,,,,,,,9663476395741997686
philodendron brasil,philodendron brasil etsy,2026-10-04T05:18:30Z,32,Etsy - Seller,Seller,Philodendron Brazil cuttings,10,,,,,,,,3778018297152723789
philodendron brasil,philodendron brasil etsy,2026-10-04T05:18:30Z,33,Etsy - Seller,Seller,"Philodendron recurvifolium, Brazilian aroid; live rooted plant",40,,,,,,,,4624566695415028705
philodendron brasil,philodendron brasil etsy,2026-10-04T05:18:30Z,34,Etsy - Seller,Seller,1 Philodendron Brasil Live Plant (Philodendron hederaceum 'Brasil') Bare Root Vine,16.19,18,,,,10% OFF,10% OFF,,16927627969363949886
philodendron brasil,philodendron brasil etsy,2026-10-04T05:18:30Z,35,Etsy,,"Philodendron Brasil Houseplant, Philodendron hederaceum LIVE planta de 4 pulgadas",15,,,3.1,163,,,,10577714835096035724
philodendron brasil,philodendron brasil etsy,2026-10-04T05:18:30Z,36,Etsy,,Philodendron Brasil Cuttings | 1–6 Leaf Node Cuttings | Easy Care Trailing Houseplant | Variegated Heartleaf Philodendron,2.5,,,,,,,,3927857668913927728
philodendron brasil,philodendron brasil etsy,2026-10-04T05:18:30Z,37,Etsy - Seller,Seller,Philodendron Brasil Cutting - Rooted or Unrooted Variegated Starter Plant,5.99,,,,,,,,12706816601417806913
philodendron brasil,philodendron brasil etsy,2026-10-04T05:18:30Z,38,Etsy - Seller,Seller,Philodendron domesticum Variegated Rare Tropical Plant - Live Foliage Home Decor,30,,,,,,,,16024826760946246590
philodendron brasil,philodendron brasil etsy,2026-10-04T05:18:30Z,39,Etsy - Seller,Seller,"Philodendron Brasil. Beautiful Brazil in a 4"" pot!",9.95,,,,,,,,1877175856401959873
philodendron brasil,philodendron brasil etsy,2026-10-04T05:18:30Z,40,Etsy,,Philodendron Brasil Live Plant: Rooted Trailing Indoor Houseplant in 3-Inch Pot,9.99,,,,,,,,6541052485704908025
philodendron micans,philodendron micans etsy,2026-10-04T05:18:25Z,1,Etsy - Seller,Seller,Philodendron Micans Velvet Leaf Philodendron,42.99,,,5,162,,,True,14691493479547891060
philodendron micans,philodendron micans etsy,2026-10-04T05:18:25Z,2,Etsy - Seller,Seller,Philodendron Micans vining starter plant ALL plants require you to purchase ANY 2 plants,22,,Free delivery,3.2,105,,,,15935292137462517762
philodendron micans,philodendron micans etsy,2026-10-04T05:18:25Z,3,Fernclay,,"Philodendron 'Velvet' — Bronze Micans Leaves | FernClay 8"" Pot / Nursery Pot",130.8,,Free delivery,,,,,,3011508831946018373
philodendron micans,philodendron micans etsy,2026-10-04T05:18:25Z,4,Fernclay,,"Philodendron 'Velvet' — Bronze Micans Leaves | FernClay 4"" Pot / Nursery Pot",32,,Free delivery,,,,,,4626383279674089812
philodendron micans,philodendron micans etsy,2026-10-04T05:18:25Z,5,Fernclay,,"Philodendron 'Velvet' — Bronze Micans Leaves | FernClay 6"" Pot / Nursery Pot",68,,Free delivery,,,,,,18051524639152755568
philodendron micans,philodendron micans etsy,2026-10-04T05:18:25Z,6,Etsy - Seller,Seller,Philodendron Caramel tiger marble variegated real picture,204.56,,,5,1,,,,5756072247674125234
philodendron micans,philodendron micans etsy,2026-10-04T05:18:25Z,7,Etsy - Seller,Seller,Philodendron Caramel Marble Variegated - Real Picture - Aroid Plant - Plant Gift,115.89,,,3,37,,,,15770035490744784876
philodendron micans,philodendron micans etsy,2026-10-04T05:18:25Z,8,Etsy - PlantVers,PlantVers,Super Rare Variegated Philodendron Caramel Marble EXACT Plant - Stunning Collector's Aroid - Gift Plant - US Seller,247.5,550,,5,1,55% OFF,55% OFF,,11291309640494534880
philodendron micans,philodendron micans etsy,2026-10-04T05:18:25Z,9,Etsy - Seller,Seller,Philodendron Micans rooted Cutting,6.99,,,5,72,,,,13378977088177956698
philodendron micans,philodendron micans etsy,2026-10-04T05:18:25Z,10,Etsy,,Philodendron Mican Mint variegado/ Planta viva enraizada/ Planta de interior de colección/ Cultivada en California,69.36,102,,,,32% OFF,32% OFF,,1213913362013630493
philodendron micans,philodendron micans etsy,2026-10-04T05:18:25Z,11,Etsy - Seller,Seller,"Brasil Philodendron Philodendron Hederaceum Propagations- Node, Cutting, Full Plant",5,,,3.5,84,,,,8910228669084335250
philodendron micans,philodendron micans etsy,2026-10-04T05:18:25Z,12,Etsy - Seller,Seller,Philodenron Micans Variegated snake plant,36.43,,,4.9,78,,,,8476320196162720007
philodendron micans,philodendron micans etsy,2026-10-04T05:18:25Z,13,Triad Plant Company,,8” Philodendron Micans HB,11.2,,,,,,,,7734961284502138350
philodendron micans,philodendron micans etsy,2026-10-04T05:18:25Z,14,Saratoga Style,,Philodendron Micans variegated extremely rare indoor plant high variegation with Free Shipping,60,,Free delivery,,,,,,12360547162813908219
philodendron micans,philodendron micans etsy,2026-10-04T05:18:25Z,15,Etsy,,Philodendron Micans Aurea Variegado / Plántula de cultivo de tejido vivo / Planta de inicio de cultivo de tejido variegada rara / Arácea de colección,49.99,,,,,,,,14436918203070815877
philodendron micans,philodendron micans etsy,2026-10-04T05:18:25Z,16,Etsy,,"Birkin Philodendron 'White Measure - Does not ship to CA, Hawaii, Alaska, or US Territories",19,,,3.9,91,,,,13350477076801015195
philodendron micans,philodendron micans etsy,2026-10-04T05:18:25Z,17,Etsy - Seller,Seller,Variegated Philodendron Micans: Velvet Leaf Plant,85,,Free delivery,,,,,,14597283903117791992
philodendron micans,philodendron micans etsy,2026-10-04T05:18:25Z,18,Etsy - Seller,Seller,Philodendron Mican Starts,6,,,,,,,,13506816020280608394
philodendron micans,philodendron micans etsy,2026-10-04T05:18:25Z,19,Etsy,,Filodendro micans. - olla de 4 pulgadas,14.95,,,,,,,,4699802956626000895
philodendron micans,philodendron micans etsy,2026-10-04T05:18:25Z,20,Etsy - Seller,Seller,Philodendron Mican Mint Variegated| Rooted Live Plant | Collector Houseplant | California Grown,64.46,95,,,,32% OFF,32% OFF,,8293055720868078718
philodendron micans,philodendron micans etsy,2026-10-04T05:18:25Z,21,Triad Plant Company,,14” Philodendron Micans Totem,346,,Free delivery,,,,,,2556002317541567946
philodendron micans,philodendron micans etsy,2026-10-04T05:18:25Z,22,Etsy - Seller,Seller,Philodendron Mican Mint Variegated| Rooted Live Plant | Collector Houseplant | California Grown,61.2,90,,,,32% OFF,32% OFF,,1121436658495949292
philodendron micans,philodendron micans etsy,2026-10-04T05:18:25Z,23,Etsy - Seller,Seller,Variegated Philodendron Micans Live Plant | Pink Mint Velvet Leaf Philodendron | Rooted Houseplant,64.6,95,,,,32% OFF,32% OFF,,1703459783017255785
philodendron micans,philodendron micans etsy,2026-10-04T05:18:25Z,24,Etsy - Seller,Seller,"LIVE 8"" Hanging basket Heartleaf Philodendron plant, Hederaceum plant, Hanging evergreen plant, Grandparent gift, Boyfriend birthday gift",48.95,98,Free delivery,3.3,21,50% OFF,50% OFF,,10039911486216269128
philodendron micans,philodendron micans etsy,2026-10-04T05:18:25Z,25,Etsy - TheGreenEscape,TheGreenEscape,Exact Plant Philodendron Micans Specific Pot,40,,Free delivery,,,,,,13512650562827140794
philodendron micans,philodendron micans etsy,2026-10-04T05:18:25Z,26,Etsy - Seller,Seller,Philodendron Mican Variegated,55,,,,,,,,11575824947336522789
philodendron micans,philodendron micans etsy,2026-10-04T05:18:25Z,27,Etsy - phelsuma,phelsuma,"Philodendron Micans Live House Plant 3.5"" Hanging Basket",15.99,,,,,,,,12812949527246160825
philodendron micans,philodendron micans etsy,2026-10-04T05:18:25Z,28,Etsy - Seller,Seller,Philodendron Mican Mint Variegated| Rooted Live Plant | Collector Houseplant | California Grown,69.36,102,,,,32% OFF,32% OFF,,14746773180660260055
philodendron micans,philodendron micans etsy,2026-10-04T05:18:25Z,29,Literary Roots,,Philodendron Mican Red Ferrari,40,,,,,,,,661901991502274489
philodendron micans,philodendron micans etsy,2026-10-04T05:18:25Z,30,Plantstay,,"Philodendron Micans 4""",14.99,,Free delivery,,,,,,14304260245665141971
philodendron micans,philodendron micans etsy,2026-10-04T05:18:25Z,31,DingPlants,,Philodendron Micans Pink Variegated Plant B,575,,,,,,,,6471855399931216112
philodendron micans,philodendron micans etsy,2026-10-04T05:18:25Z,32,Etsy - Seller,Seller,Philodendron Micans Variegated | Rare Velvet Leaf Aroid Collector Plant,75,,,,,,,,1511970134470995629
philodendron micans,philodendron micans etsy,2026-10-04T05:18:25Z,33,Etsy,,"Philodendron Aurea Micans, planta exacta, arácea tropical rara, planta de interior fácil de mantener, regalo para amantes de las plantas, vendedor de",79.2,90,,,,,,,7202099517868270221
philodendron micans,philodendron micans etsy,2026-10-04T05:18:25Z,34,Etsy,,Philodendron Micans Variegated Pink Mint,55,,,,,,,,10906661628884291423
philodendron micans,philodendron micans etsy,2026-10-04T05:18:25Z,35,Garden Plant Nursery,,Variegated Philodendron Mican Aurea Live Plant - Rare Collector Houseplant in Nursery Pot,196,392,,,,50% OFF,50% OFF,,2903475197124866579
philodendron micans,philodendron micans etsy,2026-10-04T05:18:25Z,36,Garden Plant Nursery,,Variegated Philodendron Mican Aurea Live Plant - Rare Collector Houseplant in Nursery Pot,110,220,,,,50% OFF,50% OFF,,5744079346294224185
philodendron micans,philodendron micans etsy,2026-10-04T05:18:25Z,37,Etsy - Seller,Seller,Philodendron Hederaceum Micans (4in) - Indoor / Outdoor Houseplant,18,,,,,,,,14123184981750872128
philodendron micans,philodendron micans etsy,2026-10-04T05:18:25Z,38,Etsy - FiddleandVine,FiddleandVine,Philodendron mexicanum exact plant,39.94,47,Free delivery,,,15% OFF,15% OFF,,15693830170494162638
philodendron micans,philodendron micans etsy,2026-10-04T05:18:25Z,39,Garden Tree Nursery,,Philodendron Micans Live Plant – 6 inch Potted Houseplant – Indoor Vining Plant,50,100,,,,50% OFF,50% OFF,,4201824106573769102
philodendron micans,philodendron micans etsy,2026-10-04T05:18:25Z,40,Etsy,,Esqueje de Philodendron Micans / Planta de interior colgante de hojas aterciopeladas / Arácea rara / Sin raíces o con raíces / Favorita de los colecci,4.87,6.5,,,,25% OFF,25% OFF,,9790886332451699267
philodendron pink princess,philodendron pink princess etsy,2026-10-04T05:18:24Z,1,heirloomseedsdirect.com,,"Pink Princess Marble Philodendron–Rare Variegated Leaves 6"" Pot - Heirloomseedsdirect",29.88,,,4,530,,,,17768757748589770164
philodendron pink princess,philodendron pink princess etsy,2026-10-04T05:18:24Z,2,Whatnot,,Philodendron Pink Princess Starter Plant - 2.5” Grow Pot,55,,,,,,,,2332818081804391406
philodendron pink princess,philodendron pink princess etsy,2026-10-04T05:18:24Z,3,Etsy - Seller,Seller,"Philodendron Black Cherry Variegated Plant, Healthy Lush Foliage, Live Plant",38.87,,,3.3,1500,,,,10141612679100886662
philodendron pink princess,philodendron pink princess etsy,2026-10-04T05:18:24Z,4,Etsy - Seller,Seller,Philodendron Black Cherry Variegated Beauty Home Decoration Aroid Plant,43.83,,,5,1400,,,,1505595416690965797
philodendron pink princess,philodendron pink princess etsy,2026-10-04T05:18:24Z,5,Etsy - Seller,Seller,Philodendron Pink Congo Beauty Plant Indoor,31,,,,,,,,2853891300164635801
philodendron pink princess,philodendron pink princess etsy,2026-10-04T05:18:24Z,6,Etsy,,Philodendron tricolor princess starter plant *(ALL plants require you to purchase any 2 plants)*,12.25,,,,,,,,12148390706617764882
philodendron pink princess,philodendron pink princess etsy,2026-10-04T05:18:24Z,7,Etsy - Seller,Seller,Perfect Plants Pink Princess Philodendron in 6in. Grower's Pot,87.3,,Free delivery,2.2,75,,,True,11751949432820440831
philodendron pink princess,philodendron pink princess etsy,2026-10-04T05:18:24Z,8,Etsy - SkyGardenByPhoenix,SkyGardenByPhoenix,Wekiva Foliage Pink Princess Philodendron Live Plant in Pot,11.89,,,2.8,537,,,True,18159428099837099246
philodendron pink princess,philodendron pink princess etsy,2026-10-04T05:18:24Z,9,Etsy - Seller,Seller,Philodendron Galaxy pink princess starter plant *(ALL plants require you to purchase any 2 plants)*,13.53,,Free delivery,5,385,,,,2645284925781356571
philodendron pink princess,philodendron pink princess etsy,2026-10-04T05:18:24Z,10,Etsy - Seller,Seller,Philodendron orange princes real picture beauty,55.52,58,,,,5% OFF,5% OFF,,10991621808013684704
philodendron pink princess,philodendron pink princess etsy,2026-10-04T05:18:24Z,11,Etsy - NYCitySucculents,NYCitySucculents,Philodendron Pink Princess Live Plant Tissue Culture | Rare Philodendrons Black Cherry Galaxy | House Plants Gifts | Houseplants Plantlet,21.41,,,,,,,,8426941903199011439
philodendron pink princess,philodendron pink princess etsy,2026-10-04T05:18:24Z,12,Etsy - Hammonie,Hammonie,Crochet Philodendron White Princess Plant: Handmade Indoor Decor,28,,,5,1,,,,8969290140320295034
philodendron pink princess,philodendron pink princess etsy,2026-10-04T05:18:24Z,13,Etsy - Seller,Seller,Philodendron Pink Princess Live Plant | Highly Variegated PPP Houseplant | Rare Tropical Indoor Plant | Rooted Rare Plants,89.99,,Free delivery,,,,,,18124635915214842230
philodendron pink princess,philodendron pink princess etsy,2026-10-04T05:18:24Z,14,Etsy - Seller,Seller,Philodendron Hederaceum 'Rio Pink' Plant,110,,,,,,,,9886797975692029
philodendron pink princess,philodendron pink princess etsy,2026-10-04T05:18:24Z,15,Etsy - TheStickerLabCo,TheStickerLabCo,Pink Princess Philodendron Sticker - Rare Plant Stickers,3.5,,Free delivery,3.5,1,,,,4412134019422470150
philodendron pink princess,philodendron pink princess etsy,2026-10-04T05:18:24Z,16,Aroid Market,,Philodendron pink princess black cherry,36,,Free delivery,2.1,296,,,,14183022184201630033
philodendron pink princess,philodendron pink princess etsy,2026-10-04T05:18:24Z,17,Etsy - Seller,Seller,Pink Princess Philodendron Watercolor Print | Botanical Wall Art with White Mat | Plant Lover Gift,22,,,,,,,,3467797578463590265
philodendron pink princess,philodendron pink princess etsy,2026-10-04T05:18:24Z,18,Etsy - Seller,Seller,VERY BIG SIZE - Philodendron Pink Princess Galaxy F1,204.56,,,,,,,,6936817139379337340
philodendron pink princess,philodendron pink princess etsy,2026-10-04T05:18:24Z,19,Poshmark,,Philodendron Pink Princess Accents | Philodendron Pink Princess Plant | Color: Green/Pink | Size: Os | Pm-56855803's Closet,40,,,,,,,,7534100932104098168
philodendron pink princess,philodendron pink princess etsy,2026-10-04T05:18:24Z,20,Etsy - Seller,Seller,Philodendron White Princess Captivating variegated real picture small,17.53,,,,,,,,10227325545509626278
philodendron pink princess,philodendron pink princess etsy,2026-10-04T05:18:24Z,21,indonesiaplants.com,,Philodendron Pink Princess Popular House Plant 6cm,7,,,4.5,1,,,True,12780655877072787518
philodendron pink princess,philodendron pink princess etsy,2026-10-04T05:18:24Z,22,Etsy - Seller,Seller,Philodendron pink princess XL plant ALL plants require you to purchase ANY 2 plants,26.83,,Free delivery,2.5,57,,,,10283310670953868594
philodendron pink princess,philodendron pink princess etsy,2026-10-04T05:18:24Z,23,Etsy - AQuartzyLife,AQuartzyLife,"Pink Princess Philodendron Sticker | Rare Houseplant Decal for Water Bottle, Car",2,,Free delivery,5,1,,,,5351515408758881662
philodendron pink princess,philodendron pink princess etsy,2026-10-04T05:18:24Z,24,Etsy - PlantVers,PlantVers,Philodendron White Princess Tricolor Rare Variegated Aroid,175,,,,,,,,10645928260302697828
philodendron pink princess,philodendron pink princess etsy,2026-10-04T05:18:24Z,25,Etsy - PlantVers,PlantVers,Philodendron White Princess Tricolor Rare Variegated Aroid,350,,,,,,,,10645928260302697828
philodendron pink princess,philodendron pink princess etsy,2026-10-04T05:18:24Z,26,Etsy - PlantVers,PlantVers,Philodendron White Princess Tricolor Rare Variegated Aroid,157.5,,,,,,,,10645928260302697828
philodendron pink princess,philodendron pink princess etsy,2026-10-04T05:18:24Z,27,Etsy,,"Planta Philodendron Pink Princess, rara para interiores.",35,,,4.3,1000,,,,10285655959557474776
philodendron pink princess,philodendron pink princess etsy,2026-10-04T05:18:24Z,28,Grow It Depot,,"Pink Princess Philodendron Cutting - High Variegation, Rare Houseplant, Indoor/Outdoor, Philodendron Erubescens",55,,,,,,,,13252252976676676815
philodendron pink princess,philodendron pink princess etsy,2026-10-04T05:18:24Z,29,Etsy - Seller,Seller,Philodendron Pink Princes Galaxy Variegated Free Pithosanitary,58.3,61,,,,5% OFF,5% OFF,,5156980629928158886
philodendron pink princess,philodendron pink princess etsy,2026-10-04T05:18:24Z,30,Etsy - Seller,Seller,Philodendron White Princess Three colors Captivating variegated real picture,29.22,,,,,,,,4110466685107217820
philodendron pink princess,philodendron pink princess etsy,2026-10-04T05:18:24Z,31,Mercari,,Handmade Philodendron Pink Princess - Garden & Outdoor | Color: Green | Size: s,19,,,,,,,,223933601289621977
philodendron pink princess,philodendron pink princess etsy,2026-10-04T05:18:24Z,32,Aroid Market,,Philodendron ‘Pink Princess’,22,,Free delivery,5,89,,,True,11126053979119771799
philodendron pink princess,philodendron pink princess etsy,2026-10-04T05:18:24Z,33,Etsy - Seller,Seller,Philodendron Pink Princess Tricolor Variegated plant | RARE well Variegated,187,254,,,,26% OFF,26% OFF,,5074812116547997274
philodendron pink princess,philodendron pink princess etsy,2026-10-04T05:18:24Z,34,Etsy - Seller,Seller,Philodendron pink princess PPP starter plant *(ALL plants require you to purchase any 2 plants)*,13.53,,Free delivery,5,2500,,,,3688867812915484609
philodendron pink princess,philodendron pink princess etsy,2026-10-04T05:18:24Z,35,Etsy - Seller,Seller,Pink Princess Philodendron,28.99,,,5,2600,,,,15573988482394249726
philodendron pink princess,philodendron pink princess etsy,2026-10-04T05:18:24Z,36,Etsy - TheStickerLabCo,TheStickerLabCo,Pink Princess Philodendron Sticker - Rare Plant Stickers,3.5,,Free delivery,,,,,,7035308095604290664
philodendron pink princess,philodendron pink princess etsy,2026-10-04T05:18:24Z,37,Etsy - Seller,Seller,"Philodendron White Princess three colors variegated small / Rare Uniqe Plant / Room decoration, easy maintenance",36.6,,,,,,,,7777544560153524728
philodendron pink princess,philodendron pink princess etsy,2026-10-04T05:18:24Z,38,Etsy - Seller,Seller,Philodendron Black Cherry Pink Princess Live Plant | Philodendrons Starter Houseplants | ALL Plants Require You to Purchase Any 2 Plants,12.99,,Free delivery,,,,,,3980280179884468671
philodendron pink princess,philodendron pink princess etsy,2026-10-04T05:18:24Z,39,Etsy - PlantVers,PlantVers,Variegated Philodendron White Princess Tricolor - Rare Live Collector Plant - EXACT Plant - US Seller,90,,,,,,,,16428991419672253854
philodendron pink princess,philodendron pink princess etsy,2026-10-04T05:18:24Z,40,Etsy - NYCitySucculents,NYCitySucculents,Philodendron Pink Princess Large Tissue Culture | Variegated Pink Princess Philodendron Starter Plant | Rare Plants | Indoor Houseplants,28.55,,,2.7,16,,,,2220770747608220692
pilea peperomioides,pilea peperomioides etsy,2026-10-04T05:20:10Z,1,Etsy,,"Pilea Peperomioides, Planta de Pilea, Planta de Pilea peperomia en maceta de 4"" - Planta del dinero china viva",17.6,22,Free delivery,4.7,25,20% OFF,20% OFF,,14446977280235389058
pilea peperomioides,pilea peperomioides etsy,2026-10-04T05:20:10Z,2,Etsy,,Pilea Peperomioides,23.95,,,4.4,329,,,,9376157703967583486
pilea peperomioides,pilea peperomioides etsy,2026-10-04T05:20:10Z,3,Etsy,,"Pilea peperomioides, Planta del Dinero China, Planta OVNI, Maceta de 4""",29.99,,Free delivery,4.7,34,,,,12666282862326801742
pilea peperomioides,pilea peperomioides etsy,2026-10-04T05:20:10Z,4,Etsy - Seller,Seller,Potted Pilea Peperomioides 1 Count 6-inch pot,29.32,35,,5,4,15% OFF,15% OFF,True,8036268406855942777
pilea peperomioides,pilea peperomioides etsy,2026-10-04T05:20:10Z,5,Etsy - GraphicGardenPrintCo,GraphicGardenPrintCo,"Pilea Peperomioides Block Print, Monochrome Green Botanical Wall Art, Plant Square Printable, Boho Earth Tone Decor, Abstract Leaf Download",3.57,6.5,Free delivery,,,45% OFF,45% OFF,,16365508730668712222
pilea peperomioides,pilea peperomioides etsy,2026-10-04T05:20:10Z,6,Etsy - Seller,Seller,"Pilea peperomioides Chinese money UFO plant 2"" potted plant * *(ALL plants require you to purchase any 2 plants)*",15,25,Free delivery,4.6,17,40% OFF,40% OFF,,2690982313323774779
pilea peperomioides,pilea peperomioides etsy,2026-10-04T05:20:10Z,7,Etsy - craftedvan,craftedvan,Pilea Peperomioides (Chinese Money Plant) Magnetic Bookmark (Jumbo),4.77,,,4.9,172,,,,1336925717106470112
pilea peperomioides,pilea peperomioides etsy,2026-10-04T05:20:10Z,8,Etsy - Seller,Seller,Baby Pilea Peperomioides | Chinese Money Plant | Rooted Starter | Easy Care Houseplant | Pet Friendly | Multiple Rooted Specimens Available,11.25,15,Free delivery,,,25% OFF,25% OFF,,15837028382189511001
pilea peperomioides,pilea peperomioides etsy,2026-10-04T05:20:10Z,9,Etsy,,Pilea Peperomioides Print - Plant Art - Chinese Money Plant - House Plant - Wall Decor - Typography - Poster - Minimal - Illustration,8.31,,,,,,,,12531539569040546838
pilea peperomioides,pilea peperomioides etsy,2026-10-04T05:20:10Z,10,Etsy - Seller,Seller,House Plant 4-PILEA-PEPEROMIODES Chinese Money Pilea Peperomioides Plant in 4 in. Pot,15,,,5,5,,,True,6263667691630338186
pilea peperomioides,pilea peperomioides etsy,2026-10-04T05:20:10Z,11,Etsy,,Pilea Peperomioides (planta china del dinero de la amistad),33.95,,Free delivery,5,2,,,,16767458145589918179
pilea peperomioides,pilea peperomioides etsy,2026-10-04T05:20:10Z,12,Etsy - Seller,Seller,Pilea Peperomioides Watercolor Painting | Plant Art | 11x14 8x10 5x7,18,,Free delivery,5,5,,,,10684615689754340042
pilea peperomioides,pilea peperomioides etsy,2026-10-04T05:20:10Z,13,Etsy - Seller,Seller,"4"" Pilea Peperomiodes pot - Chinese Money Tree plant - Friendship Houseplant - Lily pad leaves - lovely plant gift",20.95,,,5,2,,,,14280095924920440804
pilea peperomioides,pilea peperomioides etsy,2026-10-04T05:20:10Z,14,Etsy - GraphicGardenPrintCo,GraphicGardenPrintCo,"Line Art Pilea Peperomioides Print, Botanical Drawing Wall Art, Black Sketch Printable, Plant Decor, Leaf Illustration Poster Download",6.5,,Free delivery,,,,,,8273433179302810926
pilea peperomioides,pilea peperomioides etsy,2026-10-04T05:20:10Z,15,Etsy - Seller,Seller,Mini Chinese Money Plant,12,,,4.4,56,,,True,3074670635668468305
pilea peperomioides,pilea peperomioides etsy,2026-10-04T05:20:10Z,16,Etsy - Seller,Seller,"Pilea Peperomioides PRINTABLE Poster - Retro French Riviera Wall Art, Vintage Music Print",5.88,,Free delivery,,,,,,18033002412398617987
pilea peperomioides,pilea peperomioides etsy,2026-10-04T05:20:10Z,17,Etsy,,Planta artificial china del dinero: planta falsa Pilea Peperomioides UFO,16.95,,,4.8,48,,,,18310378172936291111
pilea peperomioides,pilea peperomioides etsy,2026-10-04T05:20:10Z,18,Etsy - Seller,Seller,"Pilea Peperomioides 5"" x 5"" Giclée Print | Chinese Money Plant Wall Print | Minimalist Wall Art | Plant Poster | Botanical | Wall Decor",8.5,,,5,1,,,,14733093696193231921
pilea peperomioides,pilea peperomioides etsy,2026-10-04T05:20:10Z,19,Etsy - Seller,Seller,"Chinese Money Plant Wall Art, Pilea Peperomioides Print, Boho Botanical Poster (Digital Download)",8.06,12,Free delivery,,,35% OFF,35% OFF,,3721968616783938494
pilea peperomioides,pilea peperomioides etsy,2026-10-04T05:20:10Z,20,Etsy,,"Planta de Pilea Peperomioides hecha a mano con fieltro de aguja, mini adorno de planta de fieltro en maceta, linda decoración para el hogar, regalo ún",74.52,88,Free delivery,,,14% OFF,14% OFF,,2708164558605004626
pilea peperomioides,pilea peperomioides etsy,2026-10-04T05:20:10Z,21,Etsy - Seller,Seller,Pilea Peperomioides Plant Sticker | Chinese Money Plant Vinyl Decal,3.5,,Free delivery,5,1,,,,18191652148238043453
pilea peperomioides,pilea peperomioides etsy,2026-10-04T05:20:10Z,22,Etsy - Seller,Seller,"4.5"" Pilea GLAUCA hanging basket - Peperomia Pilea Baby Tears plant - Depressa Trailing and Full Houseplant - adorable foliage leaves",26.95,,,5,8,,,,7424366530894987502
pilea peperomioides,pilea peperomioides etsy,2026-10-04T05:20:10Z,23,Etsy - StudioLaWiene,StudioLaWiene,"Pilea Peperomioides postcard, Pilea, Postcard,Greetingcard, Botanical, Plants make people happy, Pancake plant, Pancake plant,",2.53,,,5,2,,,,5607798908205607392
pilea peperomioides,pilea peperomioides etsy,2026-10-04T05:20:10Z,24,Etsy - Seller,Seller,Handmade Crochet Pilea Peperomioides: Copper Coin Plant in pot,21.94,,,,,,,,13081752609760352510
pilea peperomioides,pilea peperomioides etsy,2026-10-04T05:20:10Z,25,Etsy - Seller,Seller,"4.5"" Pilea Depressa (green) hanging basket - Peperomia Pilea Baby Tears plant - lush Depressa Trailing and Full Houseplant - cute foliage",27.95,,,5,8,,,,9273778601471814754
pilea peperomioides,pilea peperomioides etsy,2026-10-04T05:20:10Z,26,Etsy - LanDanGallery,LanDanGallery,"Printable Nordic plant, Pilea Peperomioides, The Chinese Money plant, pancake plant, lefse plant, or missionary plant, Psd, Illustration",11.25,,Free delivery,,,,,,17312776912808074894
pilea peperomioides,pilea peperomioides etsy,2026-10-04T05:20:10Z,27,Etsy - Seller,Seller,"Chinese Money Plant Live Plant Pilea Peperomioides in 2.5"" Pot Easy Indoor Houseplant",39.55,0.4,,,,,,,17633529408248741253
pilea peperomioides,pilea peperomioides etsy,2026-10-04T05:20:10Z,28,Etsy - Seller,Seller,Chinese Money Plant A6 Card - Pilea Peperomioides Botanical Photo (Inspired by Eden Collection),2.77,,,,,,,,11311012855955274141
pilea peperomioides,pilea peperomioides etsy,2026-10-04T05:20:10Z,29,Etsy - Seller,Seller,"Pilea Peperomioides Watercolor Money Plant Prints, Set of 3 (Downloadable)",10.76,,Free delivery,,,,,,6925569419192814352
pilea peperomioides,pilea peperomioides etsy,2026-10-04T05:20:10Z,30,Etsy - Seller,Seller,"Chinese Money Plant Art Print: Pilea Peperomioides, Pink Floral Home Decor",20,,,,,,,,10580243809054951925
pilea peperomioides,pilea peperomioides etsy,2026-10-04T05:20:10Z,31,Etsy - Seller,Seller,Chinese Money Plant Care Guide PDF | Pilea Peperomioides Printable | Indoor Plant Tips for Beginners,1.25,4.99,Free delivery,,,74% OFF,74% OFF,,17706547860526326598
pilea peperomioides,pilea peperomioides etsy,2026-10-04T05:20:10Z,32,Etsy - Seller,Seller,"Chinese Money Plant Botanical Print, Pilea Peperomioides Wall Art",5.52,,Free delivery,,,,,,14976457200237722349
pilea peperomioides,pilea peperomioides etsy,2026-10-04T05:20:10Z,33,Etsy - Seller,Seller,Pilea Peperomioides - Handrpinted Limited Edition Lino Cut,27.69,,,,,,,,2613737778964807567
pilea peperomioides,pilea peperomioides etsy,2026-10-04T05:20:10Z,34,Etsy,,Pilea peperomioide plant enamel pins (1 inch tall),8.31,,,,,,,,4959593555421175425
pilea peperomioides,pilea peperomioides etsy,2026-10-04T05:20:10Z,35,Etsy - Seller,Seller,Chinese Money Plant Print: Minimalist Pilea Peperomioides Art (Digital Download),6.35,,Free delivery,,,,,,17821190266192394833
pilea peperomioides,pilea peperomioides etsy,2026-10-04T05:20:10Z,36,Etsy - Seller,Seller,Pilea Peperomioides Sticker | Waterproof Vinyl Plant Decal,3.25,,Free delivery,5,1,,,,17819123247664539343
pilea peperomioides,pilea peperomioides etsy,2026-10-04T05:20:10Z,37,Etsy - WonderlandHG,WonderlandHG,"4"" Chinese Money Plant/Pilea peperomioides/UFO Plant/Pancake Plant - Houseplants/Foliage Plants/Fortune and Lucky Plants, Free Heat Pack",23.95,,,4.5,2,,,,8392798648425349483
pilea peperomioides,pilea peperomioides etsy,2026-10-04T05:20:10Z,38,Etsy - Seller,Seller,Chinese Money Plant Care Guide Printable PDF | Easy Pilea Peperomioides Growing & Care with Charts + Editable Checklist,3.48,3.87,Free delivery,,,10% OFF,10% OFF,,7749451825428023548
pilea peperomioides,pilea peperomioides etsy,2026-10-04T05:20:10Z,39,Etsy - Seller,Seller,"Chinese Money Plant 4"" Live Houseplant | Pilea Peperomioides | Easy Care Indoor Plant from Riverside Greenhouses",21.99,,Free delivery,5,1,,,,8063564662509814997
pilea peperomioides,pilea peperomioides etsy,2026-10-04T05:20:10Z,40,Etsy - Seller,Seller,Chinese Money Plant PRINT | Giclee | Pilea Peperomioides | Pilea Plant Pot | Plant Mom | Plant Lovers | Nursery Wall Art,25,,Free delivery,,,,,,5799203702928075230
raven zz plant,raven zz plant etsy,2026-10-04T05:18:21Z,1,Etsy - Seller,Seller,Rare Black Raven ZZ Plant Zamioculcas zamiifolia,24.99,45,Free delivery,4.8,80,LOW PRICE,LOW PRICE,True,12188577094444520317
raven zz plant,raven zz plant etsy,2026-10-04T05:18:21Z,2,Etsy - Seller,Seller,Black Raven ZZ - 1 small rooted plant,7.25,,,4.6,257,,,,14659131055059300937
raven zz plant,raven zz plant etsy,2026-10-04T05:18:21Z,3,Etsy - Seller,Seller,Zamioculcas Zamiifolia Raven,19.64,,,4.8,1300,,,True,3953288305864624022
raven zz plant,raven zz plant etsy,2026-10-04T05:18:21Z,4,Etsy - LinnaeaBorealisPlant,LinnaeaBorealisPlant,Raven ZZ Plant 6 inch,40,,Free delivery,4.8,94,,,True,14213110067928742089
raven zz plant,raven zz plant etsy,2026-10-04T05:18:21Z,5,Etsy - Seller,Seller,Raven ZZ Plants,9.99,,,,,,,,7927135967697957663
raven zz plant,raven zz plant etsy,2026-10-04T05:18:21Z,6,Etsy,,Raven ZZ Plant - Zamioculcas zamiifolia 'Raven',30,,,4.8,1000,,,True,16668073322152644629
raven zz plant,raven zz plant etsy,2026-10-04T05:18:21Z,7,Etsy - Seller,Seller,"Black Raven ZZ Plant medium size, Zamioculcas Zamiifolia RARE",8.99,,,4.6,5,,,,5179030371137864286
raven zz plant,raven zz plant etsy,2026-10-04T05:18:21Z,8,Etsy - Seller,Seller,Rare Raven ZZ Plant - 4 Inch Potted Live Plant,18.99,,,5,1,,,,1272522347296424853
raven zz plant,raven zz plant etsy,2026-10-04T05:18:21Z,9,Etsy - Seller,Seller,"Raven ZZ Plant | Zamiolculcas | Rare | 3"" 4"" pots fully rooted | Autumn Plant Vibes | Black Plant",21,28,,5,5,25% OFF,25% OFF,,16957124479106977655
raven zz plant,raven zz plant etsy,2026-10-04T05:18:21Z,10,Etsy - Seller,Seller,Buy ZZ Black Raven Plant,18.95,,,4.8,20,,,True,10356256986146112368
raven zz plant,raven zz plant etsy,2026-10-04T05:18:21Z,11,Etsy - Seller,Seller,Zamioculcas zamiifolia (zz) Raven 2 inch pot (LIVE STARTER PLANT),9.99,,,,,,,,14856377069656618110
raven zz plant,raven zz plant etsy,2026-10-04T05:18:21Z,12,Etsy - Seller,Seller,"Black Raven ZZ, dark zz plant in 5.5"" pot, Zamioculcas zamiifolia Raven",44.04,,,4.7,74,,,,3719565396273484268
raven zz plant,raven zz plant etsy,2026-10-04T05:18:21Z,13,Etsy - EmeraldGardensGH,EmeraldGardensGH,Zamioculcas Black Raven,179.99,,,4.8,301,,,True,16977135513429084195
raven zz plant,raven zz plant etsy,2026-10-04T05:18:21Z,14,Etsy - Seller,Seller,"Rare Black Raven ZZ (Zamioculcas) Plant Rooted Cutting, 2"" Pot",19.99,,,,,,,,1334105499640073648
raven zz plant,raven zz plant etsy,2026-10-04T05:18:21Z,15,Etsy,,Black ZZ Plant Raven Zamioculcas 2 Inch or 4 Inch Nursery Pot Easy Care Low Light Houseplant Beginner Friendly Indoor Plant Gift Eco Friendl,22.99,,,,,,,,1255615208813800815
raven zz plant,raven zz plant etsy,2026-10-04T05:18:21Z,16,Etsy - Seller,Seller,Raven ZZ Plant (Zamioculcas zamiifolia 'Dowon') #1015,13,,,,,,,,15440539083824454485
raven zz plant,raven zz plant etsy,2026-10-04T05:18:21Z,17,Etsy - Seller,Seller,Raven ZZ Plant | Black ZZ Plant in 4 Inch Pot | Zamioculcas zamiifolia 'Raven' | Easy Care Low Light Houseplant,18.5,,,,,,,,8913029471941561853
raven zz plant,raven zz plant etsy,2026-10-04T05:18:21Z,18,Etsy - OrchidBoxInc,OrchidBoxInc,Zamioculcas zamiifolia Raven TC *Preorder*,14.6,,,,,,,,10672249062257408554
raven zz plant,raven zz plant etsy,2026-10-04T05:18:21Z,19,Etsy,,ZZ black Raven starter plant **(ALL plants require you to purchase ANY 2 plants!)**,12.25,,Free delivery,4.8,82,,,,61277037970865923
raven zz plant,raven zz plant etsy,2026-10-04T05:18:21Z,20,Etsy - Seller,Seller,"ZZ Plant (Black Raven) 4""",10,,,,,,,,12161447617334593959
raven zz plant,raven zz plant etsy,2026-10-04T05:18:21Z,21,Etsy - PlantVers,PlantVers,"Live Black Raven ZZ Plant 6"" Pot 1822"" Tall Indoor Black ZZ Plant with Glossy Purple Foliage Low Light",35,,Free delivery,4.5,25,,,True,14678010625008291164
raven zz plant,raven zz plant etsy,2026-10-04T05:18:21Z,22,Etsy - Seller,Seller,"Black Raven ZZ 6"" Plant: Rare Dark Foliage Tropical Houseplant",54.52,,Free delivery,5,13,,,,4829754394649574473
raven zz plant,raven zz plant etsy,2026-10-04T05:18:21Z,23,Etsy - Seller,Seller,Large Raven ZZ Plant - 10 Inch Potted Rare Tropical Indoor Plant,99.99,,,4.9,11,,,,7330155900688520982
raven zz plant,raven zz plant etsy,2026-10-04T05:18:21Z,24,Etsy - Seller,Seller,ZZ Black Raven Zamioculcas Zamiifolia Dowon,25,,,,,,,,3214853142303453542
raven zz plant,raven zz plant etsy,2026-10-04T05:18:21Z,25,Etsy - Seller,Seller,Black Raven ZZ Plant | Zamioculcas zamiifolia | 4in pot,21.74,29,,,,25% OFF,25% OFF,,1907554693273286051
raven zz plant,raven zz plant etsy,2026-10-04T05:18:21Z,26,Etsy - Seller,Seller,1 Black Raven ZZ Plant Cutting Zamioculcas Zamiifolia 2 Node Fresh Cutting Indoor Houseplant Dark Foliage Rare Easy Care,24.8,,,,,,,,18140924580570838577
raven zz plant,raven zz plant etsy,2026-10-04T05:18:21Z,27,Etsy - Seller,Seller,1 Raven ZZ Fresh Cutting 2 Nodes | Zamioculcas Zamiifolia | Gothic Home Decor Indoor Plant | Rare Black Foliage | Propagation Starter,25.18,,Free delivery,,,,,,12200024846716639514
raven zz plant,raven zz plant etsy,2026-10-04T05:18:21Z,28,Etsy - Seller,Seller,"Black Raven ZZ Plant 6"" | Zamioculcas zamiifolia 'Raven' | Black ZZ Plant | Live Houseplant",46.5,,,,,,,,1665821728300126254
raven zz plant,raven zz plant etsy,2026-10-04T05:18:21Z,29,Etsy - Seller,Seller,Raven ZZ Plant with Hand-Painted Terracotta Planter,30,,,,,,,,10330056506870796664
raven zz plant,raven zz plant etsy,2026-10-04T05:18:21Z,30,Etsy - Seller,Seller,"Zamioculcas Zamiifolia Raven Black Pink Orange Variegated, Rare variegated plant",88,,,4.7,15,,,,13417711736151140207
raven zz plant,raven zz plant etsy,2026-10-04T05:18:21Z,31,Etsy - PlantVers,PlantVers,Pink Variegated Raven ZZ Plant - Exotic Black & Pink Plant - Super Rare EXACT Indoor Plant - US Seller,211.5,235,,,,LOW PRICE,LOW PRICE,,15387288723939331660
raven zz plant,raven zz plant etsy,2026-10-04T05:18:21Z,32,Etsy - Seller,Seller,Variegated Raven ZZ,150,,Free delivery,,,,,,6554127917204027718
raven zz plant,raven zz plant etsy,2026-10-04T05:18:21Z,33,Etsy - PlantVers,PlantVers,Rare Variegated Pink Raven ZZ Plant Cutting UNROOTED - Zamioculcas Zamiifolia Raven Variegata - Exotic Black & Pink Plant - US Seller,126,,Free delivery,5,1,,,,4533589047111173315
raven zz plant,raven zz plant etsy,2026-10-04T05:18:21Z,34,Etsy - Seller,Seller,ZZ Plant Zamioculcas zamiifolia Rare Black Orange Green Multicolor Rooted Plant Raven Variegated Beautiful,250,,,,,,,,15447488395505831830
raven zz plant,raven zz plant etsy,2026-10-04T05:18:21Z,35,Etsy - Seller,Seller,Zamioculcas zamiifolia Dwarf Plant Raven ZZ Green Multicolor Rooted Raven Variegated House Plant Rare 01,50,,,,,,,,7020673048636899152
raven zz plant,raven zz plant etsy,2026-10-04T05:18:21Z,36,Etsy - Seller,Seller,Pink Var. ZZ Raven tree,850,,,,,,,,11397680380557915785
raven zz plant,raven zz plant etsy,2026-10-04T05:18:21Z,37,Etsy - Seller,Seller,Zamioculcas zamiifolia Dwarf Plant Raven ZZ Green Multicolor Rooted Raven Variegated House Plant Rare 02,50,,,,,,,,16791634524485823154
raven zz plant,raven zz plant etsy,2026-10-04T05:18:21Z,38,Etsy - Seller,Seller,Zamioculcas zamiifolia Dwarf Plant Raven ZZ Green Multicolor Rooted Raven Variegated House Plant Rare 03,50,,,,,,,,8176114018934881858
raven zz plant,raven zz plant etsy,2026-10-04T05:18:21Z,39,Etsy - Seller,Seller,Raven ZZ Plant (Zamioculcas zamiifolia 'Dowon') #1014,13,,,,,,,,5826036631873639128
raven zz plant,raven zz plant etsy,2026-10-04T05:18:21Z,40,Etsy - Seller,Seller,Variegated ZZ Raven | Pink and Red Variegated Zamioculas Zamiifolia | Exact rooted top-cut,240,300,,,,20% OFF,20% OFF,,9073198791053255184
rhaphidophora tetrasperma,rhaphidophora tetrasperma etsy,2026-10-04T05:18:23Z,1,Etsy - hemleva,hemleva,"Rhaphidophora tetrasperma • Monstera ""Ginny",12,,,5,14,,,True,2234396241807368409
rhaphidophora tetrasperma,rhaphidophora tetrasperma etsy,2026-10-04T05:18:23Z,2,Etsy - Seller,Seller,Buy Rhaphidophora Tetrasperma mini monstera,19.99,,,4.7,163,,,True,14024171823952893763
rhaphidophora tetrasperma,rhaphidophora tetrasperma etsy,2026-10-04T05:18:23Z,3,Etsy,,"Rhaphidophora tetrasperma, Philodendron Ginny, Baby Monstera exotic fenestrations Rooted Cuttings 100% proceeds to American Bulldog Rescue",10,,,,,,,,7315608888941659948
rhaphidophora tetrasperma,rhaphidophora tetrasperma etsy,2026-10-04T05:18:23Z,4,Etsy - Seller,Seller,Rhaphidophora tetrasperma variegated,20,,,5,1,,,,10863943974006336062
rhaphidophora tetrasperma,rhaphidophora tetrasperma etsy,2026-10-04T05:18:23Z,5,Etsy - Seller,Seller,Rhaphidophora Tetrasperma Ultra Ginny Philodendron Mini Monstera,5,,,4.1,10,,,,9559949375510783586
rhaphidophora tetrasperma,rhaphidophora tetrasperma etsy,2026-10-04T05:18:23Z,6,Etsy - Seller,Seller,Mini monstera/Rhaphidophora Tetrasperma/Monstera Ginny,5.99,,,4.9,75,,,,10745913789233240340
rhaphidophora tetrasperma,rhaphidophora tetrasperma etsy,2026-10-04T05:18:23Z,7,Etsy - Seller,Seller,Rhaphidophora Tetrasperma,36.95,,,,,,,,8662521647147987377
rhaphidophora tetrasperma,rhaphidophora tetrasperma etsy,2026-10-04T05:18:23Z,8,Etsy - Seller,Seller,Rhaphidophora Tetrasperma 'Mini Monstera',28,,,,,,,,10115213483003098316
rhaphidophora tetrasperma,rhaphidophora tetrasperma etsy,2026-10-04T05:18:23Z,9,Etsy - 4KidsAndMore,4KidsAndMore,"Rhaphidophora Tetrasperma, Mini Monstera rare tropical aroid .",24.99,,,4.2,5,,,,12374075152519518414
rhaphidophora tetrasperma,rhaphidophora tetrasperma etsy,2026-10-04T05:18:23Z,10,Etsy - Seller,Seller,"Rhaphidophora Tetrasperma White Monster Variegated 4"" - US SELLER",127.99,160,,5,9,20% OFF,20% OFF,,4216988469114860076
rhaphidophora tetrasperma,rhaphidophora tetrasperma etsy,2026-10-04T05:18:23Z,11,Etsy - Seller,Seller,Rhaphidophora tetrasperma aka mini monstera,18,,,,,,,,14584122345225252587
rhaphidophora tetrasperma,rhaphidophora tetrasperma etsy,2026-10-04T05:18:23Z,12,Etsy - Seller,Seller,"Rhaphidophora Tetrasperma Variegated 3""/4",59,,,2.3,3,,,True,966231112244268129
rhaphidophora tetrasperma,rhaphidophora tetrasperma etsy,2026-10-04T05:18:23Z,13,Etsy - Seller,Seller,Mini Monstera Cutting (Rhaphidophora Tetrasperma) - Trendy House Plant,4.69,6.25,,4.8,23,24% OFF,24% OFF,,3340325226828218750
rhaphidophora tetrasperma,rhaphidophora tetrasperma etsy,2026-10-04T05:18:23Z,14,Etsy - Seller,Seller,Rhaphidophora Tetrasperma 'Migma' (FREE thermal insulation),90,,,,,,,,9158784806314644242
rhaphidophora tetrasperma,rhaphidophora tetrasperma etsy,2026-10-04T05:18:23Z,15,Etsy - CaliforniaTropicals,CaliforniaTropicals,Rhapidophora Tetrasperma (The Rare Mini Monstera) - 6'' from California Tropicals,21.99,,,,,,,,7123714930566737462
rhaphidophora tetrasperma,rhaphidophora tetrasperma etsy,2026-10-04T05:18:23Z,16,Etsy - PlantVers,PlantVers,Super Rare Rhaphidophora Tetrasperma Migma Variegated Live Plant - Well Rooted Plant - Extremely Rare Collector Aroid Plant - US Seller,67.5,150,,,,55% OFF,55% OFF,,5332795853884172638
rhaphidophora tetrasperma,rhaphidophora tetrasperma etsy,2026-10-04T05:18:23Z,17,Etsy - Seller,Seller,Mini Monstera Plant | Choose Your Exact Plant | Rooted Rhaphidophora Tetrasperma | Fenestrated Tropical Houseplant,21.99,,,5,1,,,,1695399482768293536
rhaphidophora tetrasperma,rhaphidophora tetrasperma etsy,2026-10-04T05:18:23Z,18,Etsy - WoodlandMuseCo,WoodlandMuseCo,"Real Picture Rhaphidophora Tetrasperma Migma, Rare Variegated Tropical House Plant, US SELLER",70.88,,,,,,,,16441847968623758281
rhaphidophora tetrasperma,rhaphidophora tetrasperma etsy,2026-10-04T05:18:23Z,19,Etsy - Seller,Seller,Rhaphidophora Tetrasperma (Mini Monstera) Mint/White Monster variegated Tissue Culture | US Seller | Seller's Choice,20.99,,,,,,,,14078868291153159112
rhaphidophora tetrasperma,rhaphidophora tetrasperma etsy,2026-10-04T05:18:23Z,20,Etsy - Seller,Seller,"Mini Monstera Plant | Rhaphidophora tetrasperma | Split Leaf Tropical Vine | Rooted Starter, 4"" Pot, 6"" Pot | Easy Care Houseplant",12,16,,4,4,25% OFF,25% OFF,,477348797244851178
rhaphidophora tetrasperma,rhaphidophora tetrasperma etsy,2026-10-04T05:18:23Z,21,Etsy - Seller,Seller,Rhaphidophora tetrasperma variegated - rare tropical plant variegated,65,,,,,,,,16490969855636669223
rhaphidophora tetrasperma,rhaphidophora tetrasperma etsy,2026-10-04T05:18:23Z,22,Etsy - TropicalplantsFL,TropicalplantsFL,"Rhaphidophora tetrasperma, Monstera Minima in 6"" Pot",42.64,,Free delivery,,,,,,6508414375397407883
rhaphidophora tetrasperma,rhaphidophora tetrasperma etsy,2026-10-04T05:18:23Z,23,Etsy - Seller,Seller,Rhaphidophora Variegated Tetrasperma 'Thai Constellation' Pattern - Rare Collector Plant -EXACT Plant Shown- USA Seller,32.5,,,,,,,,3786488714406041230
rhaphidophora tetrasperma,rhaphidophora tetrasperma etsy,2026-10-04T05:18:23Z,24,Etsy,,"Rhaphidophora tetrasperma Monstera, esqueje de nudo de 5-6 pulgadas.",4.5,,,,,,,,5848999730668822376
rhaphidophora tetrasperma,rhaphidophora tetrasperma etsy,2026-10-04T05:18:23Z,25,Etsy - Seller,Seller,"raphidophora tetrasperma 8"" pot",87,,Free delivery,,,,,,5068333863649906925
rhaphidophora tetrasperma,rhaphidophora tetrasperma etsy,2026-10-04T05:18:23Z,26,Etsy - Seller,Seller,Real Picture Rhaphidophora Tetrasperma Variegated 9 Leaves,73.06,,,,,,,,7019802554576509752
rhaphidophora tetrasperma,rhaphidophora tetrasperma etsy,2026-10-04T05:18:23Z,27,Etsy - Seller,Seller,Monstera Rhaphidophora Tetrasperma Variegated - Rare Mini Monstera Variegated - Live Tropical Houseplant - Rooted Plant,70.55,,,4.7,20,,,,2630706517948900901
rhaphidophora tetrasperma,rhaphidophora tetrasperma etsy,2026-10-04T05:18:23Z,28,Etsy - Seller,Seller,Thai Con Tetrasperma Rhaphidophora - Rare - Tropical House Plant - Live Plant,110,,Free delivery,5,1,,,,15864752038199575733
rhaphidophora tetrasperma,rhaphidophora tetrasperma etsy,2026-10-04T05:18:23Z,29,Etsy - Seller,Seller,US Seller -Very rare Variegated Rhaphidophora Tetrasperma variegata great Variegation rooted- Pick your own,194.99,300,,5,9,35% OFF,35% OFF,,4217574101220623470
rhaphidophora tetrasperma,rhaphidophora tetrasperma etsy,2026-10-04T05:18:23Z,30,Etsy - Seller,Seller,Rhaphidophora Tetrasperma Variegated Beauty Leaves,88.35,93,,,,5% OFF,5% OFF,,7566065674105355428
rhaphidophora tetrasperma,rhaphidophora tetrasperma etsy,2026-10-04T05:18:23Z,31,Etsy - Seller,Seller,Rhaphidophora tetrasperma 'White Monster' | Rare Collector Aroid | Exact Plant | Highly Variegated Rooted Plant,375,,,,,,,,10095738622979623088
rhaphidophora tetrasperma,rhaphidophora tetrasperma etsy,2026-10-04T05:18:23Z,32,Etsy - PlantVers,PlantVers,Rhaphidophora Tetrasperma Variegated - Rare Mini Monstera Live Plant - Exact SAME Plant - US Seller,170,340,,,,50% OFF,50% OFF,,4886734552135935241
rhaphidophora tetrasperma,rhaphidophora tetrasperma etsy,2026-10-04T05:18:23Z,33,Etsy - PlantVers,PlantVers,25 35cm Variegated Rhaphidophora Tetrasperma 12cm Pot House Plant,75,150,,5,2,50% OFF,50% OFF,,9611685326220482650
rhaphidophora tetrasperma,rhaphidophora tetrasperma etsy,2026-10-04T05:18:23Z,34,Etsy - Seller,Seller,Real Picture Raphidopora Tetrasperma Variegated,73.18,,,,,,,,12826782598824680738
rhaphidophora tetrasperma,rhaphidophora tetrasperma etsy,2026-10-04T05:18:23Z,35,Etsy - Seller,Seller,Raphidopora Tetrasperma White Monster Variegated Very Beauty Real Picture,105.14,,,,,,,,12313576592616771044
rhaphidophora tetrasperma,rhaphidophora tetrasperma etsy,2026-10-04T05:18:23Z,36,Etsy - Seller,Seller,Raphidopora Tetrasperma Variegated Halfmoon Real Picture,247.22,263,,,,6% OFF,6% OFF,,9922937887136366438
rhaphidophora tetrasperma,rhaphidophora tetrasperma etsy,2026-10-04T05:18:23Z,37,Etsy - Seller,Seller,Rhaphidophora Tetrasperma White Monster - Rare White Variegation for Indoor Plant Enthusiasts - US Seller,142.79,204,,,,30% OFF,30% OFF,,4589973158880772883
rhaphidophora tetrasperma,rhaphidophora tetrasperma etsy,2026-10-04T05:18:23Z,38,Etsy - Seller,Seller,"Rhaphidophora Tetrasperma Migma Variegated 4"" - US SELLER",99.99,125,,,,20% OFF,20% OFF,,1724944464517157060
rhaphidophora tetrasperma,rhaphidophora tetrasperma etsy,2026-10-04T05:18:23Z,39,Etsy - Seller,Seller,Tetrasperma White Monster Variegated | Rare Rhaphidophora | Real Plant Picture,105.15,,,,,,,,10549963245598427750
rhaphidophora tetrasperma,rhaphidophora tetrasperma etsy,2026-10-04T05:18:23Z,40,Etsy - PlantVers,PlantVers,Rhaphidophora tetrasperma mint aka 'White Monster' variegated (wk3-N),76.5,170,,,,55% OFF,55% OFF,True,11279071585316016242
sansevieria moonshine,sansevieria moonshine etsy,2026-10-04T05:20:24Z,1,Etsy - NYCitySucculents,NYCitySucculents,Sansevieria Moonshine Live Plant | Moonshine Snake Plants | Mother in Laws Tongue Houseplants | Easy Care Plant Gifts | Silver Snake Plant,18.55,,,4.8,13,,,,17838409268557595218
sansevieria moonshine,sansevieria moonshine etsy,2026-10-04T05:20:24Z,2,Etsy - Seller,Seller,Sansevieria Trifasciata Moonshine,14,,,4.6,75,,,True,18268613835391640323
sansevieria moonshine,sansevieria moonshine etsy,2026-10-04T05:20:24Z,3,Etsy,,LIVE PLANT Snake Plant Moonshine Sansevieria Rooted Cutting,4.99,,,,,,,,7613008004227809025
sansevieria moonshine,sansevieria moonshine etsy,2026-10-04T05:20:24Z,4,Etsy - Seller,Seller,Sanseveria-Snake Plant--Moonshine,18,,,4.4,5,,,,10160785365602014184
sansevieria moonshine,sansevieria moonshine etsy,2026-10-04T05:20:24Z,5,Etsy,,Moonshine Snake Plant (Dracaena trifasciata 'Moonshine'),12,,,,,,,,14985971462744929605
sansevieria moonshine,sansevieria moonshine etsy,2026-10-04T05:20:24Z,6,Etsy - Seller,Seller,Sansevieria Moonshine Brazilian Crested Unique Snake Plant,28,,,4.8,333,,,,8430230560852909075
sansevieria moonshine,sansevieria moonshine etsy,2026-10-04T05:20:24Z,7,Etsy - Seller,Seller,Sansevieria Moonshine Splash rare snake plant new,44.5,,,4.8,333,,,,4960785252120525977
sansevieria moonshine,sansevieria moonshine etsy,2026-10-04T05:20:24Z,8,Etsy - Seller,Seller,Sansevieria moonshine Brazilian crested snake plant - indoor & outdoor plant aroid tropical house plant new plant,25,,,5,1,,,,7047568179060626700
sansevieria moonshine,sansevieria moonshine etsy,2026-10-04T05:20:24Z,9,Etsy - CynsSucculents,CynsSucculents,"Sansevieria Silver Moonshine Snake Plant - 4"" pot RARE! perfect holiday decoration and gifting",53,,,,,,,,6908836849904555755
sansevieria moonshine,sansevieria moonshine etsy,2026-10-04T05:20:24Z,10,Etsy - Seller,Seller,Sansevieria Moonshine Splash rare - beauty tropical plant new,44.5,,,4.8,333,,,,1267940681060209088
sansevieria moonshine,sansevieria moonshine etsy,2026-10-04T05:20:24Z,11,Etsy - Seller,Seller,Snake plants (Moonshine),30,,,,,,,,3172015484121262598
sansevieria moonshine,sansevieria moonshine etsy,2026-10-04T05:20:24Z,12,Etsy - Seller,Seller,"LIVE 4"" pot Sansevieria Moonshine, Snake Plant, Birthday gift Plant, Plant lover gift, Office co-worker gift, Christmas gift, Couples gift",24.95,50,Free delivery,4,2,50% OFF,50% OFF,,3329780710098259918
sansevieria moonshine,sansevieria moonshine etsy,2026-10-04T05:20:24Z,13,Etsy - Seller,Seller,Sansevieria Moonshine Splash rare tropical house plant new,44.5,,,4.8,333,,,,13219008910625544215
sansevieria moonshine,sansevieria moonshine etsy,2026-10-04T05:20:24Z,14,Etsy - Seller,Seller,Sansevieria moonshine splash unique snake plant - rare tropical plant variegated,48,,,4.8,333,,,,572100671617825915
sansevieria moonshine,sansevieria moonshine etsy,2026-10-04T05:20:24Z,15,Etsy - Seller,Seller,Silvery Form Sansevieria Moonshine | Easy Care House Plant,20.79,26,,5,1,20% OFF,20% OFF,,18386278599560804154
sansevieria moonshine,sansevieria moonshine etsy,2026-10-04T05:20:24Z,16,Etsy - Seller,Seller,Sansevieria Moonshine Brazillian Crested Rare Exotic Snake Plant,31.5,35,,4.8,4,10% OFF,10% OFF,,2791082425180670810
sansevieria moonshine,sansevieria moonshine etsy,2026-10-04T05:20:24Z,17,Etsy - Seller,Seller,Sansevieria Trifasciata Brazilian Moonshine Unique Snake Plant,23,,,,,,,,17672599566730137922
sansevieria moonshine,sansevieria moonshine etsy,2026-10-04T05:20:24Z,18,Etsy - Seller,Seller,Sansevieria Moonshine Brazillian Crested Rare Plant,20,,,,,,,,11732664587819055968
sansevieria moonshine,sansevieria moonshine etsy,2026-10-04T05:20:24Z,19,Etsy,,Sansevieria Moonshine - 6'' de California Tropicals,25.99,,,4.8,40,,,,12873562490394138131
sansevieria moonshine,sansevieria moonshine etsy,2026-10-04T05:20:24Z,20,Etsy - Seller,Seller,Sansevieria Moonshine Brazillian Rare Unique Ornamental Plant. | Pinguicula | rorida | Banana | variegated.,46,,,,,,,,4003619799715908840
sansevieria moonshine,sansevieria moonshine etsy,2026-10-04T05:20:24Z,21,Etsy - Seller,Seller,Sansevieria Moonshine Brazillian Crested Rare - Unique Beauty Snake Plant,26.59,,,5,1,,,,7940383149432525166
sansevieria moonshine,sansevieria moonshine etsy,2026-10-04T05:20:24Z,22,Etsy,,"Sansevieria Moonshine, planta viva en maceta de 10 cm / Serpiente plateada / Sansevieria Moonshine / Planta de interior de fácil cuidado / Planta puri",18.4,23,Free delivery,4.6,446,20% OFF,20% OFF,,10191977724620368648
sansevieria moonshine,sansevieria moonshine etsy,2026-10-04T05:20:24Z,23,Etsy - Seller,Seller,Sansevieria Marsha x Sandana Moonshine (Ba3) (4) | Rare Plant,48.8,61,,5,1,20% OFF,20% OFF,,10917391368947385506
sansevieria moonshine,sansevieria moonshine etsy,2026-10-04T05:20:24Z,24,Etsy - Seller,Seller,Sansevieria Moonshine Brazillian Crested rare Tropical House Plant,21.1,,,,,,,,7161753872298595051
sansevieria moonshine,sansevieria moonshine etsy,2026-10-04T05:20:24Z,25,Etsy - Seller,Seller,Moonlight snake plant,15.95,,,,,,,,13384132969517128047
sansevieria moonshine,sansevieria moonshine etsy,2026-10-04T05:20:24Z,26,Etsy - Seller,Seller,Sansevieria Moonshine Splash Variegated Beauty Snake Plant,55,,,4.9,16,,,,16836120690237924531
sansevieria moonshine,sansevieria moonshine etsy,2026-10-04T05:20:24Z,27,Etsy - Seller,Seller,Sansevieria moonshine brazillian crested unique snake plant - rare tropical plant variegated,24,,,,,,,,11654343242395663431
sansevieria moonshine,sansevieria moonshine etsy,2026-10-04T05:20:24Z,28,Etsy - FreshFromGreenhouse,FreshFromGreenhouse,"Sansevieria Bundle | 3 Assorted Snake Plants | Moonshine, Black Coral, Zeylanica & More | Easy Care Houseplants 4"" pots",34.39,43,Free delivery,4.6,7,20% OFF,20% OFF,,12474959958714614648
sansevieria moonshine,sansevieria moonshine etsy,2026-10-04T05:20:24Z,29,Etsy - Seller,Seller,Real Picture Sansevieria Moonshine Splash 2 Plant,58.45,,,,,,,,2817805559409316404
sansevieria moonshine,sansevieria moonshine etsy,2026-10-04T05:20:24Z,30,Etsy,,"Sansevieria Moonshine (Planta viva) / Lengua de suegra (Planta serpiente) / Para adquirir TODAS las plantas, es necesario comprar 2 plantas.",12.99,22,Free delivery,4.6,446,40% OFF,40% OFF,,6633794367739405882
sansevieria moonshine,sansevieria moonshine etsy,2026-10-04T05:20:24Z,31,Etsy,,Sansevieria moonshine brazillian snake | Free Phyto Certificate,30,,,,,,,,13157381930169677907
sansevieria moonshine,sansevieria moonshine etsy,2026-10-04T05:20:24Z,32,Etsy - Seller,Seller,Set of Silvery Form Sansevieria Moonshine | Easy Care House Plant | Pale Green Sansevieria,60,75,,,,20% OFF,20% OFF,,12200249596432600175
sansevieria moonshine,sansevieria moonshine etsy,2026-10-04T05:20:24Z,33,Etsy - Seller,Seller,Real Picture Sansevieria Moonshine Splash Variegated Large Size,70.13,,,,,,,,8279938145299796766
sansevieria moonshine,sansevieria moonshine etsy,2026-10-04T05:20:24Z,34,Etsy - Seller,Seller,Sanseiviera Moonshine Splash Variegated Very Beauty Real Picture- Rare Tropical Plant,56.67,,,,,,,,44478870593082363
sansevieria moonshine,sansevieria moonshine etsy,2026-10-04T05:20:24Z,35,Etsy - Seller,Seller,Sansevieria Moonshine Brazilian Crested Variegated - beauty tropical plant new,84,,,,,,,,12497523155811942471
sansevieria moonshine,sansevieria moonshine etsy,2026-10-04T05:20:24Z,36,Etsy - Seller,Seller,Sansevieria Black moonshine brazillian variegated snake plant - indoor & outdoor plant aroid tropical house plant New plant,57,,,,,,,,16707860142389475758
sansevieria moonshine,sansevieria moonshine etsy,2026-10-04T05:20:24Z,37,Etsy - Seller,Seller,Sansevieria moonshine brazillian crested variegated snake plant - indoor & outdoor plant aroid tropical house plant New plant,85,,,,,,,,7334363637296775949
sansevieria moonshine,sansevieria moonshine etsy,2026-10-04T05:20:24Z,38,Etsy - Seller,Seller,Sansevieria Moonshine Brazillian Variegated Beauty Healthy Plant,40.89,,,,,,,,4589566506373558728
sansevieria moonshine,sansevieria moonshine etsy,2026-10-04T05:20:24Z,39,Etsy - Seller,Seller,"Sansevieria Moon Shine shown in 4"" pot. Ships bare root.",30,,,4.8,6,,,,11801488669505741155
sansevieria moonshine,sansevieria moonshine etsy,2026-10-04T05:20:24Z,40,Etsy - Seller,Seller,Sansevieria moonshine brazilian crested variegated Rare snake Plant - Tropical House Plant variegated,84,,,,,,,,16028214272334452088
satin pothos,satin pothos etsy,2026-10-04T05:20:14Z,1,Etsy - CaliforniaTropicals,CaliforniaTropicals,Satin Pothos - 6'' from California Tropicals,24.99,,,4,105,,,,16877829335255657245
satin pothos,satin pothos etsy,2026-10-04T05:20:14Z,2,Etsy - Seller,Seller,Satin Pothos Scindapsus ‘Argyraeus’,14.99,,Free delivery,4.7,650,,,True,6782038163922156062
satin pothos,satin pothos etsy,2026-10-04T05:20:14Z,3,Etsy - PlantVers,PlantVers,"Pothos Njoy RARO, maceta completa de 4 pulgadas, enredadera de interior abigarrada blanca, planta de interior con poca luz, fácil cuidado, fuente natu",19.47,39,,5,680,50% OFF,50% OFF,,14754702438107148645
satin pothos,satin pothos etsy,2026-10-04T05:20:14Z,4,Etsy - Seller,Seller,IVORY KNIGHT Pothos hanging basket CULTIVAR Epipremnum Aurea,52.95,,,,,,,,5240775763300820769
satin pothos,satin pothos etsy,2026-10-04T05:20:14Z,5,Etsy - LivingPlantDesigns,LivingPlantDesigns,"Satin or Silver Pothos Cuttings | Scindapsus pictus, Silver Vine | Hanging Basket Trailing | Low Light Tolerant Easy Care DIY Project",4.99,,,5,45,,,,903462814552267590
satin pothos,satin pothos etsy,2026-10-04T05:20:14Z,6,Home Depot,,Altman Plants 6 in. Satin Pothos Hanging Basket,31.43,,Free delivery,5,101,,,True,5219467933527312324
satin pothos,satin pothos etsy,2026-10-04T05:20:14Z,7,Etsy - Seller,Seller,"Mystery House Plant Node Cutting Box, Mystery Cuttings, Mystery Plants, Node Cuttings, Bulk Plant Cuttings, Plant Gift Box, Bundle cuttings",3.99,,,4.9,84,,,,3808322634043283025
satin pothos,satin pothos etsy,2026-10-04T05:20:14Z,8,Etsy - Seller,Seller,"Golden Potho, Epipremnum Aureum, Pothos, Houseplant, Live Plant",3,,,,,,,,14396380853690540179
satin pothos,satin pothos etsy,2026-10-04T05:20:14Z,9,Etsy,,Pothos 'Satin Pot Pot,29.49,,Free delivery,5,239,,,True,10209944925063816932
satin pothos,satin pothos etsy,2026-10-04T05:20:14Z,10,Etsy - SucculentsbyDoris,SucculentsbyDoris,"8"" Golden Pothos Hanging Basket",35,,,5,29,,,,7491106799869833565
satin pothos,satin pothos etsy,2026-10-04T05:20:14Z,11,Etsy - CaliforniaTropicals,CaliforniaTropicals,Satin Pothos - 2.5'' from California Tropicals,16,,Free delivery,5,102,,,,11135027269851767556
satin pothos,satin pothos etsy,2026-10-04T05:20:14Z,12,Etsy - Seller,Seller,House Plant Dropship green Pothos Global,19.49,39,,4.6,100,50% OFF,50% OFF,True,11753736251495784034
satin pothos,satin pothos etsy,2026-10-04T05:20:14Z,13,Etsy - Seller,Seller,"Satin Aurea Scindapsus cuttings | Live Rare Houseplant | Nodes, Unrooted Cuttings, & lighting rooted cuttings for propagation!",7,,,,,,,,9848275694417913970
satin pothos,satin pothos etsy,2026-10-04T05:20:14Z,14,Etsy - Seller,Seller,Scindapsus pictus silver satin Starter Plant (ALL Starter PLANTS require you to purchase 2 plants!),22,,Free delivery,1.7,19,,,,1754360603427896382
satin pothos,satin pothos etsy,2026-10-04T05:20:14Z,15,Etsy - Seller,Seller,3 Golden Pothos Cutting Live Plant | Large Leaf Pothos | Mature Variegated Pothos Cutting | Epipremnum Aureum | Easy Houseplan,10,,,,,,,,2628638117617822930
satin pothos,satin pothos etsy,2026-10-04T05:20:14Z,16,Etsy - Seller,Seller,Hawaiian Potho cutting vine hanging live plant,13,,,,,,,,7798553604599968888
satin pothos,satin pothos etsy,2026-10-04T05:20:14Z,17,Etsy - Seller,Seller,Scindapsus pictus 'Satin Pothos' - Terrarium Plant (NO GUARANTEE),10,,,3.5,75,,,True,5744887646196155633
satin pothos,satin pothos etsy,2026-10-04T05:20:14Z,18,Etsy - Seller,Seller,"Handcrafted Pothos Totem Kokedama, Devil's Ivy, Golden Money Plant",90,,,4.8,53,,,,13539451130086538085
satin pothos,satin pothos etsy,2026-10-04T05:20:14Z,19,Etsy - Seller,Seller,"Mystery Plant Cutting Box, Mystery Cuttings, Mystery House Plants, Plant Lover gifts, Bulk Plant Cuttings, Plant Gift Box, Bundle cuttings",3.99,,,4.6,119,,,,11452291615550599743
satin pothos,satin pothos etsy,2026-10-04T05:20:14Z,20,Etsy - Seller,Seller,Pothos Cuttings Set: Rare Indoor Houseplant Starter,8.99,12,,,,25% OFF,25% OFF,,13568187275148964847
satin pothos,satin pothos etsy,2026-10-04T05:20:14Z,21,Plantsome US,,Scindapsus Pictus Exotica Satin Pothos,24,,,,,,,True,10129379785518105642
satin pothos,satin pothos etsy,2026-10-04T05:20:14Z,22,Etsy - Seller,Seller,Lizard Queen Pothos Plant - Epipremnum Aureum - 4.5 Hanging Pot,29.99,,,4.1,1,,,,8748296595216710074
satin pothos,satin pothos etsy,2026-10-04T05:20:14Z,23,Etsy - Seller,Seller,Satin Pothos - Scindapsus Pictus Argyraeus Cuttings,4.5,,,3.9,20,,,,11481642668531809768
satin pothos,satin pothos etsy,2026-10-04T05:20:14Z,24,Etsy - Seller,Seller,"Scindapsus pictus satin pothos in 4"" pot",12,,,,,,,,766671615773504906
satin pothos,satin pothos etsy,2026-10-04T05:20:14Z,25,Etsy - Seller,Seller,"Twenty Assorted Houseplant Cuttings: hoya, aroids, succulents, inch plant, string of hearts, zz, lots more!",50,,Free delivery,,,,,,13882286463502792992
satin pothos,satin pothos etsy,2026-10-04T05:20:14Z,26,Etsy - Seller,Seller,"Mystery Plant Cutting Box, Mystery Cuttings, Mystery House Plants, Plant Lover gifts, Bulk Plant Cuttings, Bundle Cuttings, Pothos cuttings",3.99,,,4,74,,,,7494042628533660506
satin pothos,satin pothos etsy,2026-10-04T05:20:14Z,27,Etsy,,"Scindapsus Jade Satin / Nudos, esquejes sin raíces y enraizados para propagación / Planta de interior viva poco común / Pothos Green Velvet",4.75,,,3.4,15,,,,11655088888120012994
satin pothos,satin pothos etsy,2026-10-04T05:20:14Z,28,Etsy,,"Silver Sierra Scindapsus pictus / Silver Satin Pothos / Planta de interior VIVA / Nodos, esquejes sin raíces y enraizados para propagación.",6,,,,,,,,3231962662063068238
satin pothos,satin pothos etsy,2026-10-04T05:20:14Z,29,Etsy,,"Esqueje de Scindapsus Pictus 'Argyraeus', esqueje de planta de interior viva, Pothos plateado, Pothos satinado",2.99,3.99,,5,107,25% OFF,25% OFF,,13054396608856490226
satin pothos,satin pothos etsy,2026-10-04T05:20:14Z,30,Etsy - Seller,Seller,"Pothos, Peperomia, Spider, & Rubber Rooted Mystery cuttings",9.75,4.88,Free delivery,,,,,,6976511531754229318
satin pothos,satin pothos etsy,2026-10-04T05:20:14Z,31,Etsy - Seller,Seller,Silver Satin Pothos Cuttings (3),6,2,,,,,,,7891182474970992132
satin pothos,satin pothos etsy,2026-10-04T05:20:14Z,32,Etsy - Seller,Seller,"Golden Pothos Plant in 2.5"" Pot - Easy Care Air Purifying Houseplant",29,,Free delivery,,,,,,10518752151206262153
satin pothos,satin pothos etsy,2026-10-04T05:20:14Z,33,Etsy - Seller,Seller,Potted Golden Pothos - 5 Live Cuttings - Rooted & Ready - Easy Houseplant - Low Light,12,,,,,,,,3849763204769699070
satin pothos,satin pothos etsy,2026-10-04T05:20:14Z,34,Etsy - Seller,Seller,Satin Pothos Unrooted cutting / Scindapsus Pictus / Starter House Plant for Propagation / Plant Pothos Clippings,4.99,,,,,,,,4606976108674175659
satin pothos,satin pothos etsy,2026-10-04T05:20:14Z,35,Etsy - Seller,Seller,A Scindapsus Pictus Argyraeus 'Silver Satin Pothos plant.Comes plant food and care sheet.,6,,,5,47,,,,4619941369762661961
satin pothos,satin pothos etsy,2026-10-04T05:20:14Z,36,Etsy - Seller,Seller,Silver Satin Pothos Cutting | UNROOTED Scindapsus pictus | Live Houseplant Cutting | Trailing Vine | Propagation Plant,9.99,,,,,,,,11344655168809001101
satin pothos,satin pothos etsy,2026-10-04T05:20:14Z,37,Etsy - Seller,Seller,Variegated Golden Pothos Cutting Organically Grown,55,,Free delivery,4.9,35,,,,190132304898994061
satin pothos,satin pothos etsy,2026-10-04T05:20:14Z,38,Etsy - Seller,Seller,Scindapsus Golden Pothos Rooted Starter Clipping Cutting Green Yellow Leaves Vine Plant Shade Indoor Houseplant Jungle Garden Blue Antique,15,,,,,,,,16809387757096277751
satin pothos,satin pothos etsy,2026-10-04T05:20:14Z,39,Etsy - Seller,Seller,Scindapsus Varieties Print * Satin pothos species ID chart featuring 9 watercolor leaf paintings * Unframed fine art Print,25,,,4.6,1,,,,9461841136516055961
satin pothos,satin pothos etsy,2026-10-04T05:20:14Z,40,Etsy - WonderlandHG,WonderlandHG,"6"" Silver Satin Pothos Hanging Basket - Scindapsus Pictus Live Trailing Plant, Variegated Houseplant, Easy Care Air Purifying Satin Pothos",32.99,,,,,,,,1617340626888115152
syngonium chiapense,syngonium chiapense etsy,2026-10-04T05:18:18Z,1,Etsy - Seller,Seller,Syngonium Chiapense,8,10,,4.7,63,20% OFF,20% OFF,True,952399746135901536
syngonium chiapense,syngonium chiapense etsy,2026-10-04T05:18:18Z,2,Etsy - Seller,Seller,Syngonium chiapense,17.95,,,4.8,33,,,True,14795357665928161458
syngonium chiapense,syngonium chiapense etsy,2026-10-04T05:18:18Z,3,Etsy,,Syngonium chiapense variegated,45,,,,,,,,5649850337571159649
syngonium chiapense,syngonium chiapense etsy,2026-10-04T05:18:18Z,4,Etsy - Seller,Seller,US seller rooted Syngonium Chiapense variegated halfmoon variegation clearance ship from PA,11.99,,,5,2,,,,7797008301427430029
syngonium chiapense,syngonium chiapense etsy,2026-10-04T05:18:18Z,5,Etsy - Seller,Seller,Syngonium Chiapense Albo Variegated,15,,,,,,,,2734190235113508588
syngonium chiapense,syngonium chiapense etsy,2026-10-04T05:18:18Z,6,Etsy - Seller,Seller,Syngonium podophyllum 'Chiapense',7,,,,,,,,7952225706939034964
syngonium chiapense,syngonium chiapense etsy,2026-10-04T05:18:18Z,7,Etsy - Seller,Seller,Syngonium Chiapense Variegated plant Organic Houseplant Tropical Aroid Variegated plant Tropical Big Leaves Variegated Aroids,15,,,,,,,,14825725218933837066
syngonium chiapense,syngonium chiapense etsy,2026-10-04T05:18:18Z,8,Etsy - Seller,Seller,Syngonium Chiapense Ice Frost Live Indoor Plant - Easy Care Tropical Foliage Plant - Beginner Friendly Low Light Houseplant,13.5,15,,4.7,27,10% OFF,10% OFF,,18321702181124367680
syngonium chiapense,syngonium chiapense etsy,2026-10-04T05:18:18Z,9,Etsy - Seller,Seller,Syngonium Chiapense Albo Variegated Organic Houseplant Tropical Aroid Variegated plant Tropical Big Leaves Variegated Grower's Choice,25,,,,,,,,1584884680226647417
syngonium chiapense,syngonium chiapense etsy,2026-10-04T05:18:18Z,10,Etsy - Seller,Seller,Syngonium Chiapense Variegated,48,,,,,,,,7145094171288940470
syngonium chiapense,syngonium chiapense etsy,2026-10-04T05:18:18Z,11,Etsy - Seller,Seller,"Syngonium Chiapense Albo Variegated fully established plant in 3.5"" inch pot",35,,Free delivery,,,,,,3652827327368727637
syngonium chiapense,syngonium chiapense etsy,2026-10-04T05:18:18Z,12,Etsy - Seller,Seller,Syngonium Chiapense Variegated Real Picture Free Phitosanitary,29.21,,,,,,,,17948969101756419474
syngonium chiapense,syngonium chiapense etsy,2026-10-04T05:18:18Z,13,Etsy - Seller,Seller,Syngonium Chiapense Variegated Starter #4,25,,,,,,,,3662614765314564438
syngonium chiapense,syngonium chiapense etsy,2026-10-04T05:18:18Z,14,Etsy - Seller,Seller,Syngonium Chiapense Variegated Rare Tropical House Plant Variegated,45,,,,,,,,11359931771671290200
syngonium chiapense,syngonium chiapense etsy,2026-10-04T05:18:18Z,15,Etsy - Seller,Seller,"Rare ! 3 ft tall-Syngonium Chiapense -macrophyllum-, exact plant",89,,,,,,,,15248419340319209097
syngonium chiapense,syngonium chiapense etsy,2026-10-04T05:18:18Z,16,Etsy - Seller,Seller,Syngonium Chiapense albo variegated real,40.87,,,,,,,,6965928214366215631
syngonium chiapense,syngonium chiapense etsy,2026-10-04T05:18:18Z,17,Etsy - Seller,Seller,Syngonium Chiapense Variegated Beauty Indoor Plant,57.95,61,,,,5% OFF,5% OFF,,6851847263788959665
syngonium chiapense,syngonium chiapense etsy,2026-10-04T05:18:18Z,18,Etsy - Seller,Seller,Syngonium Chiapense Albo (Large),105,,Free delivery,,,,,,14182704502784688384
syngonium chiapense,syngonium chiapense etsy,2026-10-04T05:18:18Z,19,Etsy - Seller,Seller,Syngonium Chiapense Variegated - Rare Variegated Syngonium - White Variegated Aroid - Live Tropical Houseplant - Collector Plant,40.99,46,,,,10% OFF,10% OFF,,10748819699763112898
syngonium chiapense,syngonium chiapense etsy,2026-10-04T05:18:18Z,20,Etsy - Seller,Seller,Syngonium Chiaoense Variegated realpict,49.68,,,,,,,,6275253762462726995
syngonium chiapense,syngonium chiapense etsy,2026-10-04T05:18:18Z,21,Etsy - Seller,Seller,US Seller Syngonium Chiapense Variegated | High Variegation Half Moon & Splash | Rooted 4 Inch Starter Plant | Rare Aroid Houseplant Gift,64,,,,,,,,14243287008875858221
syngonium chiapense,syngonium chiapense etsy,2026-10-04T05:18:18Z,22,Etsy - Seller,Seller,Syngonium Chiapense Variegated (photos updated 09/23/26),55,,,,,,,,4774992717768571412
syngonium chiapense,syngonium chiapense etsy,2026-10-04T05:18:18Z,23,Etsy - Seller,Seller,Real Picture Syngonium Chiapense Albo Variegated,29.19,,,,,,,,2583042180144518034
syngonium chiapense,syngonium chiapense etsy,2026-10-04T05:18:18Z,24,Etsy - Seller,Seller,"Syngonium Chiapense 4"" Live Houseplant | Rare Arrowhead Plant | Easy Care Tropical Indoor Plant from Riverside Greenhouses",21.99,,Free delivery,,,,,,8408639077222378058
syngonium chiapense,syngonium chiapense etsy,2026-10-04T05:18:18Z,25,Etsy - Seller,Seller,Syngonium Chiapense Variegated Real Pikture,52.6,,,,,,,,14368451254284889459
syngonium chiapense,syngonium chiapense etsy,2026-10-04T05:18:18Z,26,Etsy - Seller,Seller,Syngonium Chiapense Variegated Live Plant | Rare Variegated Syngonium | Exotic Tropical Aroid Indoor Houseplant,48.55,,,,,,,,10001483572652479646
syngonium chiapense,syngonium chiapense etsy,2026-10-04T05:18:18Z,27,Etsy - Seller,Seller,Real Picture Syngonium Chiapense Variegated 4 Leaves,55.52,,,,,,,,11557107861085049533
syngonium chiapense,syngonium chiapense etsy,2026-10-04T05:18:18Z,28,Etsy - Seller,Seller,Syngonium Chiapense Variegated Rare snake plant tropical house,33.25,,,,,,,,8700664612165234365
syngonium chiapense,syngonium chiapense etsy,2026-10-04T05:18:18Z,29,Etsy - Seller,Seller,Real Picture Syngonium Chiapense Variegated 3 Leaves,49.73,,,,,,,,10852707641008395479
syngonium chiapense,syngonium chiapense etsy,2026-10-04T05:18:18Z,30,Etsy - Seller,Seller,Real Picture Syngonium Chiapense Variegated Plant Beauty Lush Leaves,52.42,,,,,,,,15793630295788923762
syngonium chiapense,syngonium chiapense etsy,2026-10-04T05:18:18Z,31,Etsy - Seller,Seller,Syngonium chiapense Syngonium - indoor & outdoor plant aroid tropical house plant New plant,40,,,,,,,,7732212344228046347
syngonium chiapense,syngonium chiapense etsy,2026-10-04T05:18:18Z,32,Etsy - Seller,Seller,Syngonium Chiapense Variegated rare snake plant tropical house,45,,,,,,,,1041102529646076271
syngonium chiapense,syngonium chiapense etsy,2026-10-04T05:18:18Z,33,Etsy - Seller,Seller,Syngonium Chiapense Variegated Rare - beauty tropical plant New,40,,,,,,,,16476399719230790785
syngonium chiapense,syngonium chiapense etsy,2026-10-04T05:18:18Z,34,Etsy - Seller,Seller,Real Picture Syngonium Chiapense Variegated 7 Leaves Medium Size,64.31,,,,,,,,17955113167011286747
syngonium chiapense,syngonium chiapense etsy,2026-10-04T05:18:18Z,35,Etsy - Seller,Seller,Syngonium Chiapense Variegated Rare tropical house plant New,40,,,,,,,,7677191192665163651
syngonium chiapense,syngonium chiapense etsy,2026-10-04T05:18:18Z,36,Etsy - Seller,Seller,Real Picture Syngonium Chiapense Variegated 3 Leaves.,46.76,,,,,,,,2920639594860922656
syngonium chiapense,syngonium chiapense etsy,2026-10-04T05:18:18Z,37,Etsy - Seller,Seller,Syngonium Chiapense Variegated 1 Leaf Rooted Live Plant,37.05,39,,,,5% OFF,5% OFF,,12551270061785741342
syngonium chiapense,syngonium chiapense etsy,2026-10-04T05:18:18Z,38,Etsy - Seller,Seller,Real Picture Syngonium Chiapense Halfmoon Variegated,58.46,,,,,,,,13317884134683261052
syngonium chiapense,syngonium chiapense etsy,2026-10-04T05:18:18Z,39,Etsy - Seller,Seller,Syngonium Chiapense Variegated Big Size - Exotic Tropical Plants Real Photo,84.75,,,,,,,,3706912510013350454
syngonium chiapense,syngonium chiapense etsy,2026-10-04T05:18:18Z,40,Etsy - Seller,Seller,Syngonium Chiapense Variegated Rare tropical house plant,33.25,,,,,,,,7466445781829189461
syngonium mojito,syngonium mojito etsy,2026-10-04T05:18:20Z,1,Etsy - Seller,Seller,Syngonium strawberry ice starter plant ALL plants require you to purchase ANY 2 plants,23.19,,Free delivery,3.9,168,,,,13264665359068969021
syngonium mojito,syngonium mojito etsy,2026-10-04T05:18:20Z,2,Etsy - Seller,Seller,"Ice Frost Syngonium Plant - Rare Variegated Arrow Head Leaf | Live Tropical Houseplant | Indoor Home Decor | Easy Care Rooted in 4"" Pot",19.94,28,Free delivery,3.8,1,30% OFF,30% OFF,,2730783132917172461
syngonium mojito,syngonium mojito etsy,2026-10-04T05:18:20Z,3,Etsy - Seller,Seller,Syngonium Strawberry Ice Variegated Rare - beauty tropical plant new,40,,,4.2,1,,,,411127222365554655
syngonium mojito,syngonium mojito etsy,2026-10-04T05:18:20Z,4,Etsy,,"Syngonium Tri-color variegated rare houseplant decor Exact Plant 3""",85,,,5,1,,,,2508058152387053459
syngonium mojito,syngonium mojito etsy,2026-10-04T05:18:20Z,5,Etsy - Seller,Seller,"Syngonium Pink Rolli, Exact Plant, Rare Pink Syngonium Live Houseplant, Variegated Aroid Indoor Plant, Tropical Plant Gift, US Seller",25.88,29,,3.9,92,12% OFF,12% OFF,,3797647193945602043
syngonium mojito,syngonium mojito etsy,2026-10-04T05:18:20Z,6,Etsy,,"Mojito de Syngonium, Mojito jaspeado de colores impresionantes, Mojito holandés",7.99,,,5,258,,,,16609474972455262219
syngonium mojito,syngonium mojito etsy,2026-10-04T05:18:20Z,7,Tropical Houseplant,,Syngonium Mojito Mottled,8,,,3.4,82,,,,4230517847176241846
syngonium mojito,syngonium mojito etsy,2026-10-04T05:18:20Z,8,Tropical Houseplant,,Syngonium Mojito Mottled 1 plant,8,,,3,37,,,,5149705505098685342
syngonium mojito,syngonium mojito etsy,2026-10-04T05:18:20Z,9,Etsy,,PUR PLANT Syngonium Mojito l,22.5,25,,5,1,10% OFF,10% OFF,,4401480490519518701
syngonium mojito,syngonium mojito etsy,2026-10-04T05:18:20Z,10,Tropical Houseplant,,Syngonium Mojito Mottled 100 plants,400,,,,,,,,2731718056641771904
syngonium mojito,syngonium mojito etsy,2026-10-04T05:18:20Z,11,Etsy - Seller,Seller,"Syngonium Kiwi Delight | Rare Arrow Head Leaf | Live Indoor and Outdoor Tropical Houseplant | Home Office Decor | Easy Care in 4"" or 6"" Pot",19.94,28,Free delivery,,,30% OFF,30% OFF,,17710009888961401922
syngonium mojito,syngonium mojito etsy,2026-10-04T05:18:20Z,12,Tropical Houseplant,,Syngonium Mojito Mottled 10 plants,70,,,,,,,,3083956640880401011
syngonium mojito,syngonium mojito etsy,2026-10-04T05:18:20Z,13,Tropical Houseplant,,Syngonium Mojito Mottled 50 plants,250,,,,,,,,11631851894488621252
syngonium mojito,syngonium mojito etsy,2026-10-04T05:18:20Z,14,Etsy - Seller,Seller,Syngonium Majesty Syngonium - rare tropical plant variegated,51,,,,,,,,7229478893744397060
syngonium mojito,syngonium mojito etsy,2026-10-04T05:18:20Z,15,Etsy - Seller,Seller,Syngonium Mozaik Syngonium - rare tropical plant variegated,45,,,,,,,,7021290812001874576
syngonium mojito,syngonium mojito etsy,2026-10-04T05:18:20Z,16,Grow It Depot,,"Syngonium Podophyllum Mottled Mojito Plant - Rare Live Tropical Plant in 3"" Pot - Indoor Houseplant",62.25,93,,,,33% OFF,33% OFF,,10817703092975422923
syngonium mojito,syngonium mojito etsy,2026-10-04T05:18:20Z,17,Tropical Houseplant,,Syngonium Mojito Mottled 3 plants,22.5,,,,,,,,11382647326090356934
syngonium mojito,syngonium mojito etsy,2026-10-04T05:18:20Z,18,Etsy - Seller,Seller,Syngonium Mojito Cutting ~ High variegation houseplant,20,,,5,1,,,,7731329850019557689
syngonium mojito,syngonium mojito etsy,2026-10-04T05:18:20Z,19,Etsy - Seller,Seller,Wholesale 3x Syngonium Mojito Beautiful Plants | Free Phytosanitary Certificates | DHL Express,43.88,15,,,,,,,5378735630396887180
syngonium mojito,syngonium mojito etsy,2026-10-04T05:18:20Z,20,Etsy - Seller,Seller,"Syngonium Kiwi Delight | Rare Arrow Head Leaf | Live Indoor and Outdoor Tropical Houseplant | Home Office Decor | Easy Care in 4"" or 6"" Pot",19.94,28,Free delivery,4.3,1,30% OFF,30% OFF,,533980505579717680
syngonium mojito,syngonium mojito etsy,2026-10-04T05:18:20Z,21,Etsy,,"Syngonium podophyllum Mojito Leaf Wooden Hanging Decoration | Tropical Foliage Art for Houseplant Enthusiasts, Gift Idea, Wall Decor",17.4,,,,,,,,5799332245721909621
syngonium mojito,syngonium mojito etsy,2026-10-04T05:18:20Z,22,Depop,,Syngonium Mojito Mottled Variegated Live Houseplant in 4in Pot,34,,,,,,,,13786878835553640842
syngonium mojito,syngonium mojito etsy,2026-10-04T05:18:20Z,23,Etsy,,Mottled Syngonium | Mojito Syngonium,18,,,,,,,,15341863882555180769
syngonium mojito,syngonium mojito etsy,2026-10-04T05:18:20Z,24,Etsy - Seller,Seller,Syngonium Mojito Unrooted Cutting,9,,,,,,,,8397596033645627486
syngonium mojito,syngonium mojito etsy,2026-10-04T05:18:20Z,25,Etsy - Seller,Seller,Syngonium mojito,40,,Free delivery,,,,,,2882732760446558251
syngonium mojito,syngonium mojito etsy,2026-10-04T05:18:20Z,26,Etsy - Seller,Seller,Mojito - Syngonium - Multiple Options - US Seller,10.2,12,,5,1,15% OFF,15% OFF,,4618117436676490391
syngonium mojito,syngonium mojito etsy,2026-10-04T05:18:20Z,27,Etsy - Seller,Seller,Syngonium Mocca Mix Strawberry Variegated Real Picture Exotic Plant,46.76,,,,,,,,15552657800122457779
syngonium mojito,syngonium mojito etsy,2026-10-04T05:18:20Z,28,Mercari,,Handmade Syngonium Mojito The Whole Plant - Garden & Outdoor,50,,,,,16% OFF,16% OFF,,3640493856005276795
syngonium mojito,syngonium mojito etsy,2026-10-04T05:18:20Z,29,Etsy - Seller,Seller,Syngonium 'Mottled' / 'Mojito',10,,,,,,,,16503821370187933581
syngonium pink splash,syngonium pink splash etsy,2026-10-04T05:18:18Z,1,Fernclay,,"Syngonium 'Pink Splash' — Pink Speckled | FernClay 6"" Pot",72,,Free delivery,,,,,,14419456784812278306
syngonium pink splash,syngonium pink splash etsy,2026-10-04T05:18:18Z,2,Ryan's Plant Shop,,Syngonium podophyllum 'Pink Splash' | Ryan's Plant Shop,15,20,,4,45,25% OFF,25% OFF,,705390235252858236
syngonium pink splash,syngonium pink splash etsy,2026-10-04T05:18:18Z,3,Etsy - Seller,Seller,Syngonium Strawberry Ice Variegated Rare - beauty tropical plant new,40,,,4.2,1,,,,411127222365554655
syngonium pink splash,syngonium pink splash etsy,2026-10-04T05:18:18Z,4,lily & onyx,,"Syngonium 'Pink Splash' Houseplant 6"" Pot",39.99,,,,,,,,14764793630113800223
syngonium pink splash,syngonium pink splash etsy,2026-10-04T05:18:18Z,5,Bumble Plants,,"Syngonium Podophyllum Pink Splash 4"" Pot",31.95,,Free delivery by Fri,5,26,,,,12188399491052923420
syngonium pink splash,syngonium pink splash etsy,2026-10-04T05:18:18Z,6,Etsy - Seller,Seller,Syngonium Neon Robusta Plant - Pink Arrow Head Shape Leaf | Live Tropical House | Indoor Home & Office Decor in Pot or Hanging Basket,19.94,28,Free delivery,,,30% OFF,30% OFF,,13506937201296733932
syngonium pink splash,syngonium pink splash etsy,2026-10-04T05:18:18Z,7,Tropical Houseplant,,Syngonium Pink Salmon,10,,,,,,,,18288530833952001798
syngonium pink splash,syngonium pink splash etsy,2026-10-04T05:18:18Z,8,Etsy - Seller,Seller,Syngonium Pink | Syngonium Podophyllum 'Neon Pink' | 6-inch pot | Live Unique Houseplant,34.99,,Free delivery,3.4,1,,,,10657987589478554562
syngonium pink splash,syngonium pink splash etsy,2026-10-04T05:18:18Z,9,Etsy - LivingPlantDesigns,LivingPlantDesigns,Syngonium 'Pink Splash,19.99,33,,5,118,LOW PRICE,LOW PRICE,True,10527000929893390855
syngonium pink splash,syngonium pink splash etsy,2026-10-04T05:18:18Z,10,Mercari,,Houseplant Possible Syngonium Pink Splash Established Plant - New Garden & Outdoor,10,20,,,,50% OFF,50% OFF,,14905407311570312207
syngonium pink splash,syngonium pink splash etsy,2026-10-04T05:18:18Z,11,Plantstopus,,Syngonium Pink Salmon,23,,Free delivery,,,,,,7422288151484588272
syngonium pink splash,syngonium pink splash etsy,2026-10-04T05:18:18Z,12,Etsy - Seller,Seller,Pink Beauty Syngonium - Variegated Aroid Plant (Indoor/Outdoor),59,,,,,,,,3321680486300852515
syngonium pink splash,syngonium pink splash etsy,2026-10-04T05:18:18Z,13,Etsy - Seller,Seller,Pink Beauty Syngonium - Variegated Aroid Plant (Indoor/Outdoor),59,,,,,,,,11777619762497916284
syngonium pink splash,syngonium pink splash etsy,2026-10-04T05:18:18Z,14,Etsy - Seller,Seller,"Syngonium 'Starlite' 2"" Pot",25,,,,,,,,13776185630351945963
syngonium pink splash,syngonium pink splash etsy,2026-10-04T05:18:18Z,15,Etsy - PlantificationCanada,PlantificationCanada,Pink Syngonium Varieties - Plant Identification Chart - Digital Download,5.79,,Free delivery,5,1,,,,6050545354587157513
syngonium pink splash,syngonium pink splash etsy,2026-10-04T05:18:18Z,16,Etsy - Seller,Seller,Pink Spot Syngonium - Variegated Aroid Plant (Indoor/Outdoor),32,,,,,,,,9777963410380739943
syngonium pink splash,syngonium pink splash etsy,2026-10-04T05:18:18Z,17,Mercari,,Bliz Pink Splash Syngonium - Garden & Outdoor,72,,,,,,,,12768966192729875477
syngonium pink splash,syngonium pink splash etsy,2026-10-04T05:18:18Z,18,Etsy - ThorsensGreenhouse,ThorsensGreenhouse,"Pink Butterfly Syngonium | 4"" Diameter Plant | Live Houseplant | Thorsen's Greenhouse",22.99,,Free delivery,,,,,,17045256190540087017
syngonium pink splash,syngonium pink splash etsy,2026-10-04T05:18:18Z,19,Etsy - Seller,Seller,"Syngonium Kiwi Delight | Rare Arrow Head Leaf | Live Indoor and Outdoor Tropical Houseplant | Home Office Decor | Easy Care in 4"" or 6"" Pot",19.94,28,Free delivery,4.3,1,30% OFF,30% OFF,,533980505579717680
syngonium pink splash,syngonium pink splash etsy,2026-10-04T05:18:18Z,20,Etsy - Seller,Seller,Syngonium Pink Salmon Variegated snake plant New,30,,,,,,,,5086371228278514392
syngonium pink splash,syngonium pink splash etsy,2026-10-04T05:18:18Z,21,Etsy,,"Syngonium Neon Rare 2.5"" inch Starter Pot House Plants Live Usa Seller ppp Aroid Variegated Fast Growing Plants Home Decor",8.99,12,,,,25% OFF,25% OFF,,17844193817309935331
syngonium pink splash,syngonium pink splash etsy,2026-10-04T05:18:18Z,22,Etsy - Seller,Seller,Syngonium Berry Allusion | Arrowhead Vine | 2in Pot | Easy Care Houseplant | Live Tropical Plant,9.74,13,,5,1,25% OFF,25% OFF,,3818589362909460421
syngonium pink splash,syngonium pink splash etsy,2026-10-04T05:18:18Z,23,Tropical Houseplant,,Syngonium Pink Splash 50 plants,200,,,,,,,,4413099277936947241
syngonium pink splash,syngonium pink splash etsy,2026-10-04T05:18:18Z,24,TikTok Shop,,"Syngonium pink Godzilla Pot 4 “- Unique Leaves, Low-Maintenance, Air-Purifying",42.5,50,Free delivery by Thu,,,15% OFF,15% OFF,,15251768712913917779
syngonium pink splash,syngonium pink splash etsy,2026-10-04T05:18:18Z,25,Etsy - NYCitySucculents,NYCitySucculents,Syngonium Pink Neon Plant | Syngonium Neon Pink Starter Plants | House Plants Live for Beginner | Rare Pink Arrowhead Plants | Plant Gifts,12.98,19,,2,1,30% OFF,30% OFF,,7044013958110394760
syngonium pink splash,syngonium pink splash etsy,2026-10-04T05:18:18Z,26,Tropical Houseplant,,Syngonium Pink Splash,7,,,5,116,,,,16398052005010566517
syngonium pink splash,syngonium pink splash etsy,2026-10-04T05:18:18Z,27,Etsy - Seller,Seller,Syngonium Pink Salmon Variegated Mature Live Plant,47.29,,,,,,,,3841744713335597600
syngonium pink splash,syngonium pink splash etsy,2026-10-04T05:18:18Z,28,Etsy - Seller,Seller,100mm Syngonium Pink Splash,17.95,,,5,49,,,True,16332156517665526461
syngonium pink splash,syngonium pink splash etsy,2026-10-04T05:18:18Z,29,Etsy - Seller,Seller,"Syngonium Pink Rolli 4"" Pot | Rare Plant | Easy Care | House Plant",28,,Free delivery,,,,,,14380473520079016687
syngonium pink splash,syngonium pink splash etsy,2026-10-04T05:18:18Z,30,Etsy - Seller,Seller,Syngonium Pink Salmon | Exact Plant,49,,Free delivery,,,,,,2535169652009796440
syngonium pink splash,syngonium pink splash etsy,2026-10-04T05:18:18Z,31,Etsy - Seller,Seller,Syngonium Pink Splash - Buy Online | Exotic Houseplants,9.99,,,4.8,1,,,,16811179431484253319
syngonium pink splash,syngonium pink splash etsy,2026-10-04T05:18:18Z,32,Etsy - PlantTheStudio,PlantTheStudio,"Syngonium Pink Rolli 3"" Pot (Grower's Choice)",12.48,19,,,,35% OFF,35% OFF,,1066287688122121052
syngonium pink splash,syngonium pink splash etsy,2026-10-04T05:18:18Z,33,Etsy - Seller,Seller,Pink Syngonium butterfly- arrowhead plant. Easy beginner live rooted houseplant,15.53,,,4.3,76,,,,12970248682264038451
syngonium pink splash,syngonium pink splash etsy,2026-10-04T05:18:18Z,34,Etsy - Seller,Seller,Syngonium pink candy - indoor & outdoor Plant aroid tropical House Plant,70,,,,,,,,4403784822076594656
syngonium pink splash,syngonium pink splash etsy,2026-10-04T05:18:18Z,35,Bumble Plants,,"Live Syngonium 'Pink Splash' | Live Houseplant Online 6"" Pot",61.95,,Free delivery by Fri,4.2,51,,,,9715864899886297957
syngonium pink splash,syngonium pink splash etsy,2026-10-04T05:18:18Z,36,Etsy - Seller,Seller,Syngonium pink candy - indoor & outdoor Plant aroid tropical House Plant,70,,,,,,,,18204781394085755460
syngonium pink splash,syngonium pink splash etsy,2026-10-04T05:18:18Z,37,Etsy - Seller,Seller,Syngonium pink candy - indoor & outdoor Plant aroid tropical House Plant,70,,,,,,,,6267783613843485801
syngonium pink splash,syngonium pink splash etsy,2026-10-04T05:18:18Z,38,Tropical Houseplant,,Syngonium Pink Splash 25 plants,125,,,,,,,,14648825691635989370
syngonium pink splash,syngonium pink splash etsy,2026-10-04T05:18:18Z,39,Tropical Houseplant,,Syngonium Pink Splash 100 plants,350,,,,,,,,12485826719559704776
syngonium pink splash,syngonium pink splash etsy,2026-10-04T05:18:18Z,40,Etsy - Seller,Seller,Syngonium pink candy - indoor & outdoor Plant aroid tropical House Plant,70,,,,,,,,3764196742765474942
texas ebony plant,texas ebony plant etsy,2026-10-04T05:20:17Z,1,Etsy - CaliforniaTropicals,CaliforniaTropicals,Rare Texas Ebony - 4'' from California Tropicals,20.99,,Free delivery,4.9,20,,,,17272946580046008243
texas ebony plant,texas ebony plant etsy,2026-10-04T05:20:17Z,2,Etsy - Seller,Seller,Texas Ebony seedling - pre Bonsai,16.75,,,5,1,,,,11952319202235972482
texas ebony plant,texas ebony plant etsy,2026-10-04T05:20:17Z,3,Etsy - Seller,Seller,Texas Ebony seeds,10,0.1,,4.9,32,,,,443041762080124620
texas ebony plant,texas ebony plant etsy,2026-10-04T05:20:17Z,4,Etsy - Seller,Seller,Texas Ebony Seeds | Pithecellobium flexicaule | Drought Tolerant Evergreen Tree Seeds,14.87,,,,,,,,9724703337593355171
texas ebony plant,texas ebony plant etsy,2026-10-04T05:20:17Z,5,Etsy - Seller,Seller,"Texas Ebony Tree Seeds 10 (Pithecellobium Flexicaule) | Texas Ebony Plant, Drought Tolerant Desert Tree",10.39,20,,,,48% OFF,48% OFF,,4146791837234934857
texas ebony plant,texas ebony plant etsy,2026-10-04T05:20:17Z,6,Etsy - Seller,Seller,"Shohin Texas Ebony Bonsai, Naturalistic Desert Tree, Custom Glazed Pot",153.45,279,,,,45% OFF,45% OFF,,326131135252253902
texas ebony plant,texas ebony plant etsy,2026-10-04T05:20:17Z,7,Etsy - Seller,Seller,10 Texas Ebony Seeds - Pithecellobium flexicaule - Drought Tolerant Tree - Native Ornamental - Bonsai Potential,7.26,13,,,,45% OFF,45% OFF,,13164199248738980676
texas ebony plant,texas ebony plant etsy,2026-10-04T05:20:17Z,8,Etsy,,"Ebenopsis ebano, Texas Ebony, Live rooted plant",45,,,,,,,,2506809392796071585
texas ebony plant,texas ebony plant etsy,2026-10-04T05:20:17Z,9,Etsy - Seller,Seller,Ebony mini,6.99,,,5,2,,,,1064997025933271979
texas ebony plant,texas ebony plant etsy,2026-10-04T05:20:17Z,10,Etsy - Seller,Seller,10 Texas Ebony Seeds Pithecellobium flexicaule Drought Tolerant Evergreen Ornamental Tree Seeds,20,40,Free delivery,,,50% OFF,50% OFF,,4404852725894670890
texas ebony plant,texas ebony plant etsy,2026-10-04T05:20:17Z,11,Etsy - LiveBonsaiTree,LiveBonsaiTree,"Texas Ebony Bonsai in Custom Crescent Clay Pot, Windswept Collector's Dream, Exact Tree",299,,,,,,,,5767611684612180983
texas ebony plant,texas ebony plant etsy,2026-10-04T05:20:17Z,12,Etsy - HappyStoreALL,HappyStoreALL,"Echeveri Agavoides Ebony,Succulent Plant,Succulent Gifts",17.99,,,4.3,17,,,,10404686872479085979
texas ebony plant,texas ebony plant etsy,2026-10-04T05:20:17Z,13,Etsy - DesiredLabels,DesiredLabels,"Echeveri Agavoides Ebony, Rare Succulent and Best Gift",55.99,,,,,,,,10118770506588117679
texas ebony plant,texas ebony plant etsy,2026-10-04T05:20:17Z,14,Dandy Farmer Bonsai,,'Walter' the Texas Ebony,150,,,,,,,,17534522202591041191
texas ebony plant,texas ebony plant etsy,2026-10-04T05:20:17Z,15,Dandy Farmer Bonsai,,'Walter' the Texas Ebony - #865,265,,,,,,,,17845591955304824211
texas ebony plant,texas ebony plant etsy,2026-10-04T05:20:17Z,16,Neon Jungle Studios,,Texas Ebony Tree,120,,,,,,,,1121622700701358299
watermelon peperomia,watermelon peperomia etsy,2026-10-04T05:20:07Z,1,Etsy - NYCitySucculents,NYCitySucculents,Peperomia Watermelon | Peperomia Plant | Live Peperomia Watermelon Plant | Peperomia Obtusifolia Watermelon | Rare Peperomia Plants | Plants,28.55,,,4.4,44,,,,14479166373061650525
watermelon peperomia,watermelon peperomia etsy,2026-10-04T05:20:07Z,2,Etsy - Seller,Seller,Watermelon Peperomia Argyreia,29.95,,Free delivery,4.4,1300,,,,11914680154474340574
watermelon peperomia,watermelon peperomia etsy,2026-10-04T05:20:07Z,3,Etsy - Seller,Seller,Peperomia Watermelon Starter Plant (ALL Starter PLANTS require you to purchase 2 plants!),22,,Free delivery,4.1,478,,,,18246806453914230387
watermelon peperomia,watermelon peperomia etsy,2026-10-04T05:20:07Z,4,Etsy - Seller,Seller,House Plant 4-Peperomia-Watermelon Peperomia Watermelon Plant,13.99,,,4.5,888,,,True,1467365936097516234
watermelon peperomia,watermelon peperomia etsy,2026-10-04T05:20:07Z,5,Etsy - Seller,Seller,Buy Peperomia Watermelon Plant,16.99,,Free delivery,4.5,571,,,True,18107746424146789485
watermelon peperomia,watermelon peperomia etsy,2026-10-04T05:20:07Z,6,Etsy - FloridaPlantsGardens,FloridaPlantsGardens,Succulents Box Peperomia Watermelon Medium To Bright Light Air-purifying Houseplant,14.92,20,,4.7,321,25% OFF,25% OFF,True,4841182055763177788
watermelon peperomia,watermelon peperomia etsy,2026-10-04T05:20:07Z,7,Etsy,,Peperomia Watermelon 6,12.25,25,,4.3,843,50% OFF,50% OFF,,15687538590526516213
watermelon peperomia,watermelon peperomia etsy,2026-10-04T05:20:07Z,8,Etsy - Seller,Seller,"Peperomia Watermelon 2"" pot (ALL STARTER PLANTS require you to purchase 2 plants!)",22,,Free delivery,3.9,28,,,,12962417501032524192
watermelon peperomia,watermelon peperomia etsy,2026-10-04T05:20:07Z,9,Etsy - Seller,Seller,Peperomia argyreia 'Watermelon',15,,,4.5,63,,,,3151461834686810001
watermelon peperomia,watermelon peperomia etsy,2026-10-04T05:20:07Z,10,Etsy - Seller,Seller,Peperomia Watermelon Starter Plant ALL Starter plants require you to purchase any 2 plants,11.3,,Free delivery,4.6,555,,,,368560029142966335
watermelon peperomia,watermelon peperomia etsy,2026-10-04T05:20:07Z,11,Etsy - Seller,Seller,Watermelon peperomia cutting,5,2.5,,4.6,9,,,,14619968985987491969
watermelon peperomia,watermelon peperomia etsy,2026-10-04T05:20:07Z,12,Etsy - Seller,Seller,Watermelon Peperomia (Peperomia argyreia) - Rare - Tropical Plant CUTTING,8,,,,,,,,12264896927376829921
watermelon peperomia,watermelon peperomia etsy,2026-10-04T05:20:07Z,13,Etsy - FreshFromGreenhouse,FreshFromGreenhouse,Peperomia 'Watermelon Variegated,23,,Free delivery,4.7,25,,,True,11947740334672211972
watermelon peperomia,watermelon peperomia etsy,2026-10-04T05:20:07Z,14,Etsy - Seller,Seller,WATERMELON PEPEROMIA- Peperomia Verschffeltii - CUTTING Rooted,4.44,,,,,,,,2742857994656169341
watermelon peperomia,watermelon peperomia etsy,2026-10-04T05:20:07Z,15,Etsy - FiveSeasonStuff,FiveSeasonStuff,"Watermelon Peperomia Artificial Hanging Leaf Plant, Real Touch Trailing Stems",17.99,,,4.5,4,,,,10652618255598569208
watermelon peperomia,watermelon peperomia etsy,2026-10-04T05:20:07Z,16,Etsy - Seller,Seller,Peperomia 'Argyria Watermelon' Houseplant 11cm Pot,19.99,,,4.7,23,,,,15314261016262799235
watermelon peperomia,watermelon peperomia etsy,2026-10-04T05:20:07Z,17,Etsy - Seller,Seller,Watermelon Peperomia | Indoor Plant | Pet Friendly Plant With Concrete Pot | Handmade Pot | Oficce Plant | |,35,,Free delivery,,,,,,2897476443398613189
watermelon peperomia,watermelon peperomia etsy,2026-10-04T05:20:07Z,18,Etsy - AugustBreezeFarm,AugustBreezeFarm,Watermelon plant ~ live pepperomia Watermelon Houseplant ~ ready to enjoy in home and office,11.95,,,,,,,,13906310474545644210
watermelon peperomia,watermelon peperomia etsy,2026-10-04T05:20:07Z,19,Etsy - Seller,Seller,"watermelon peperomia 6"" pot",59,,Free delivery,,,,,,2169454125758392827
watermelon peperomia,watermelon peperomia etsy,2026-10-04T05:20:07Z,20,Etsy - Seller,Seller,Faux Watermelon Peperomia Hanging Plant in Handmade Wood Pot,31.45,35,,5,5,10% OFF,10% OFF,,13965673025654252418
watermelon peperomia,watermelon peperomia etsy,2026-10-04T05:20:07Z,21,Etsy - Seller,Seller,Trailing Watermelon Peperomia Plant,16,,,4.9,10,,,,899345522066669827
watermelon peperomia,watermelon peperomia etsy,2026-10-04T05:20:07Z,22,Etsy - HirtsGardens,HirtsGardens,"Watermelon Peperomia 4"" Mini Hanging Basket - Collector's Series",14.39,18,,,,20% OFF,20% OFF,,16397328089808536031
watermelon peperomia,watermelon peperomia etsy,2026-10-04T05:20:07Z,23,Etsy - Seller,Seller,Watermelon Peperomia 6Cm Pot,28.95,,,,,,,,9483683112544985256
watermelon peperomia,watermelon peperomia etsy,2026-10-04T05:20:07Z,24,Etsy - Seller,Seller,Faux Watermelon Peperomia Hanging Plant in Handmade Concrete Pot with Jute Twine,40.45,45,Free delivery,5,2,10% OFF,10% OFF,,16219194019843777586
watermelon peperomia,watermelon peperomia etsy,2026-10-04T05:20:07Z,25,Etsy - Seller,Seller,Watermelon Peperomia Poster | Watermelon Peperomia Wall Art | Watermelon Peperomia Art | Watermelon Peperomia Printed Poster,13.87,,,,,,,,12016411760622438397
watermelon peperomia,watermelon peperomia etsy,2026-10-04T05:20:07Z,26,Etsy - Seller,Seller,Watermelon Peperomia Art / DIGITAL DOWNLOAD / Whimsical Plant Illustration,2.99,,Free delivery,,,,,,14100175265899361679
watermelon peperomia,watermelon peperomia etsy,2026-10-04T05:20:07Z,27,Etsy - YouniqueGallery,YouniqueGallery,Watermelon Peperomia Botanical Print | Plant Lover Gift | Modern Houseplant Wall Art | Digital Download,5.14,,Free delivery,,,,,,14046964305502123538
watermelon peperomia,watermelon peperomia etsy,2026-10-04T05:20:07Z,28,Etsy - Seller,Seller,Peperomia Watermelon TEMPLATE SVG (Digital file only),6,,Free delivery,5,3,,,,13204317458288143371
watermelon peperomia,watermelon peperomia etsy,2026-10-04T05:20:07Z,29,Etsy - Seller,Seller,"Watermelon Peperomia (Stilt) 4"" Live Houseplant | Peperomia Argyreia | Easy Care Tropical Indoor Plant from Riverside Greenhouses",18.99,,,,,,,,10605273188860534538
watermelon peperomia,watermelon peperomia etsy,2026-10-04T05:20:07Z,30,Etsy - Seller,Seller,Peperomia Argyreia Pot Watermelon Plant,19.49,39,,5,1,50% OFF,50% OFF,True,2969006866391031293
watermelon peperomia,watermelon peperomia etsy,2026-10-04T05:20:07Z,31,Etsy - Seller,Seller,Watermelon Peperomia - Easy Care Striped Houseplant in 5-inch Pot,5,,,,,,,,5720006121029321156
watermelon peperomia,watermelon peperomia etsy,2026-10-04T05:20:07Z,32,Etsy - Seller,Seller,Artificial Watermelon Peperomia Plant: 12-Inch Variegated Houseplant,8.25,11,,5,5,25% OFF,25% OFF,,6664972269972838264
watermelon peperomia,watermelon peperomia etsy,2026-10-04T05:20:07Z,33,Etsy - Seller,Seller,Peperomia Argyreia - Watermelon Peperomia House Plant With Dark Green Pot & Saucer,35.55,,,,,,,True,6059969872605222862
watermelon peperomia,watermelon peperomia etsy,2026-10-04T05:20:07Z,34,Etsy - Seller,Seller,Peperomia 'Watermelon' Evergreen Easy Care Seeds,3.99,,,,,,,,18506861983876204
watermelon peperomia,watermelon peperomia etsy,2026-10-04T05:20:07Z,35,Therese Flowers,,Watermelon Peperomia Rare Plants Lively Root,56,,Free delivery by Fri,4.7,20,,,True,8956170322163586594
watermelon peperomia,watermelon peperomia etsy,2026-10-04T05:20:07Z,36,Ethereal Company,,"Peperomia Watermelon - Ethereal Company 6"" Pot / Cow Pot",77,,Free delivery,4.7,116,,,,1749376535674852439
watermelon peperomia,watermelon peperomia etsy,2026-10-04T05:20:07Z,37,TikTok Shop,,"Peperomia Watermelon Plant Live 3"" Indoor Houseplant in Potting Soil, Housewarming, Birthday Gift, Room and Office Decor",19.99,,Free delivery by Thu,4.8,75,,,,17497867261507989776
watermelon peperomia,watermelon peperomia etsy,2026-10-04T05:20:07Z,38,GoldenGreeneryCo,,Peperomia Watermelon Var. 'Gold Dust' 2,19.03,,,4.7,3,,,True,4089905080575999263
watermelon peperomia,watermelon peperomia etsy,2026-10-04T05:20:07Z,39,Handmade on Main,,"Houseplants Watermelon peperomia in yellow watering can (chipped, as)",60,,Free delivery on $80+,,,,,,14534961541918449357
watermelon peperomia,watermelon peperomia etsy,2026-10-04T05:20:07Z,40,Rooted Treasures Farms,,"Peperomia Watermelon – Argyreia Striped Houseplant | Rooted Treasures Farms 4"" Pot / Black Eco Pot",36,,Free delivery,2.8,46,,,,12351686002828658120
