listing_id,url,plants_hit,kinds,title_google,shop,owner,location,ships_from,listed_on,favorites,price_usd,rating,reviews,sales,age_text,age_years,star_seller,star_mention,rave_text,views_24h,in_carts,best_rank_D_plain,non_plant_flag,locales,example_snippet
4481395050,https://www.etsy.com/listing/4481395050,calathea rattlesnake,A_owned;C_ships;D_plain,Calathea Lancifolia 'rattlesnake Plant',SnakerootPlants,Patrick,"Indianapolis, Indiana","Indianapolis, IN","Aug 16, 2026",2,,4.7,315.0,1000.0,9 months on Etsy,0.75,False,False,False,,,1,False,us/,"Owned by Patrick |. Indianapolis, Indiana. 4.7 (315). 1k sales. 9 months on Etsy. Message seller · Following Follow shop ... Large Calathea Rattlesnake - opens in ..."
4505207335,https://www.etsy.com/listing/4505207335,calathea rattlesnake,A_owned;C_ships;D_plain,Exact Plant Calathea Rattlesnake “lancifoila” Specific 6” Pot ...,TheGreenEscape,The Green Escape,"Florida, United States","Eustis, FL","May 14, 2026",2,,4.7,260800.0,853000.0,6 years on Etsy,6.0,False,False,False,,,9,False,us/,"Owned by The Green Escape |. Florida, United States. 4.7 (260.8k). 853k sales. 6 years on Etsy. Message seller · Following Follow shop. This seller usually ..."
4494355322,https://www.etsy.com/listing/4494355322,calathea rattlesnake,A_owned;C_ships;D_plain,Calathea Rattlesnake,AllAboutPlantiesLLC,All About Planties,"San Diego, California","Mount Dora, FL","Apr 29, 2026",,,4.8,6.0,45.0,1.5 years on Etsy,1.5,False,False,False,,,2,False,us/,"calathea rattlesnake in a ... Owned by All About Planties |. San Diego, California. 4.8 (6). 45 sales. 1.5 years on Etsy. Message seller · Following Follow shop."
4550457661,https://www.etsy.com/listing/4550457661,calathea rattlesnake,A_owned;C_ships;D_plain,Exact Plant Calathea Rattlesnake Specific 4” Pot 15266JBE,TheGreenEscape,The Green Escape,,"Eustis, FL","Aug 5, 2026",5,,,,864500.0,6 years on Etsy,6.0,False,False,False,,,3,False,us/,Meet your seller. TheGreenEscape · Owned by The Green Escape | ... 864.5k sales. 6 years on Etsy. Message seller · Following Follow shop ... Sell on Etsy ...
4523678588,https://www.etsy.com/listing/4523678588,calathea rattlesnake,A_owned;B_star;C_ships,Calathea 'rattlesnake',MyGreenObsession,Larry Snow,"Perrysville, Ohio","Mansfield, OH","Jun 17, 2026",,,4.9,6700.0,21200.0,11 years on Etsy,11.0,True,False,False,,,,False,us/,"Calathea 'Rattlesnake'. MyGreenObsession. Star ... Owned by Larry Snow |. Perrysville, Ohio. 4.9 (6.7k). 21.2k sales. 11 years on Etsy. Message seller · Following ..."
1516888076,https://www.etsy.com/listing/1516888076,calathea rattlesnake,A_owned;C_ships;D_plain,"Calathea Rattlesnake - 4"" From Myplants",MyPlantsShopLLC,MyPlants LLC,"Riverside, California","Moreno Valley, CA","Jun 5, 2026",109,,4.9,2400.0,5600.0,2.5 years on Etsy,2.5,False,False,False,,,4,False,us/,"Owned by MyPlants LLC |. Riverside, California. 4.9 (2.4k). 5.6k sales. 2.5 years on Etsy. Message seller · Following Follow shop. This seller usually responds ..."
4505002966,https://www.etsy.com/listing/4505002966,calathea rattlesnake,A_owned;C_ships;D_plain,"Calathea Rattlesnake 4"" Pot",SouthernOakExotics,Hali Turville,United States,"Bushnell, FL","May 14, 2026",3,,4.8,2800.0,7300.0,6 years on Etsy,6.0,False,False,False,,,14,False,us/,Calathea Rattlesnake 4 ... Meet your seller. SouthernOakExotics · Owned by Hali Turville |. United States. 4.8 (2.8k). 7.3k sales. 6 years on Etsy.
1839017538,https://www.etsy.com/listing/1839017538,calathea rattlesnake,A_owned;D_plain,Calathea Lancifolia “rattlesnake” Plant 4” Pot,,SueLee,"Sanford, Florida",,,,,4.9,406.0,1200.0,5 years on Etsy,5.0,False,False,False,,,6,False,us/,"Owned by SueLee |. Sanford, Florida. 4.9 (406). 1.2k sales. 5 years on Etsy."
4529352779,https://www.etsy.com/listing/4529352779,calathea rattlesnake,A_owned;D_plain,Green Purple Wall Art Digital Download | Fits IKEA Ribba ...,ThereIsNoCanvas,Will,"London, United Kingdom",,,,,5.0,2.0,16.0,1.5 years on Etsy,1.5,False,False,False,,,16,True,us/,"Meet your seller. ThereIsNoCanvas · Owned by Will |. London, United Kingdom. 5.0 (2). 16 sales. 1.5 years on Etsy. Message seller · Following Follow shop."
1760332914,https://www.etsy.com/listing/1760332914,calathea rattlesnake,A_owned;B_star;C_ships,Plant People - Rattlesnake Calathea - Enamel Pin,vuduberi,Patara,"Los Angeles, California","Winnetka, CA","Jul 17, 2026",101,,5.0,1600.0,4500.0,18 years on Etsy,18.0,False,False,False,,,,True,us/,"Owned by Patara |. Los Angeles, California. 5.0 (1.6k). 4.5k sales. 18 years on Etsy. Message seller · Following Follow shop."
4560076323,https://www.etsy.com/listing/4560076323,calathea rattlesnake,A_owned,Exact Plant Calathea Lancifolia “rattlesnake” Specific 4” Pot ...,TheGreenEscape,The Green Escape,"Florida, United States",,,,,4.7,264800.0,870000.0,6 years on Etsy,6.0,False,False,False,,,,False,us/,"Meet your seller. TheGreenEscape · Owned by The Green Escape |. Florida, United States. 4.7 (264.8k). 870k sales. 6 years on Etsy. Message seller · Following ..."
4548907425,https://www.etsy.com/listing/4548907425,calathea rattlesnake,A_owned;C_ships,Calathea Rattlesnake Canvas - House Plants Wallart,AnnasPlantlings,Anna Robben,United States,"New York, NY","Aug 3, 2026",,,5.0,10.0,69.0,3 years on Etsy,3.0,False,False,False,,,,False,us/,Meet your seller. AnnasPlantlings · Owned by Anna Robben |. United States. 5.0 (10). 69 sales. 3 years on Etsy. Message seller · Following Follow shop. This ...
4514507750,https://www.etsy.com/listing/4514507750,calathea rattlesnake,A_owned;C_ships;D_plain,"Calathea Rattlesnake 4"" Live Houseplant | Lancifolia Prayer Plant",RvsdGreenhouses,Angel,"Riverside, California","Mira Loma, CA","Jun 1, 2026",,,4.8,25.0,64.0,3 months on Etsy,0.25,False,False,False,,,11,False,us/,"Owned by Angel |. Riverside, California. 4.8 (25). 64 sales. 3 months on Etsy ... Calathea Rattlesnake Lancifolia - 6&#39;&#39; from Tropical Ambiance. Calathea ..."
4564799801,https://www.etsy.com/listing/4564799801,calathea rattlesnake,A_owned,"Calathea Rattlesnake Shirt, Gothic Plant T-shirt, Snake Botanical ...",,Jose,United States,,,,,,0,2.0,4 months on Etsy,0.33,False,False,False,,,,True,us/,Calathea Rattlesnake ... Owned by Jose |. United States. No reviews yet. 2 sales. 4 months on Etsy. Message seller · Following Follow shop. View shop registration ...
4525031834,https://www.etsy.com/listing/4525031834,calathea rattlesnake,A_owned,Rattlesnake Calathea Live Plant,TheBulbBasket,Nasir,United States,,,,,1.5,4.0,16.0,2 months on Etsy,0.17,False,False,False,,,,False,us/,You've found a shop that is new to Etsy! TheBulbBasket · Owned by Nasir |. United States. 1.5 (4). 16 sales. 2 months on Etsy. Message seller.
4478440189,https://www.etsy.com/listing/4478440189,calathea rattlesnake,A_owned;C_ships,"Calathea Makoyana Rattlesnake Plant – Striking Foliage, Indoor ...",HousePlantShopStore,House Plant Shop,"Florida, United States","Mount Dora, FL","Jul 27, 2026",2,,4.4,22.0,67.0,5 months on Etsy,0.42,False,False,False,,,,False,us/,"Owned by House Plant Shop |. Florida, United States. 4.4 (22). 67 sales. 5 months on Etsy. Message seller · Following Follow shop."
4486539894,https://www.etsy.com/listing/4486539894,calathea rattlesnake,A_owned;B_star;C_ships;D_plain,Calathea Insignis 'rattlesnake' | Exotic Spotted Foliage,PurpleShovelPlants,Asya,"Cypress, Texas","Cypress, TX","Apr 10, 2026",,,5.0,6.0,17.0,4 months on Etsy,0.33,True,False,False,,,12,False,us/,"Owned by Asya |. Cypress, Texas. 5.0 (6). 17 sales. 4 months on Etsy. Message seller · Following Follow shop. Smooth shipping Has a history of shipping on time ..."
912099909,https://www.etsy.com/listing/912099909,calathea rattlesnake,A_owned,Calathea Rattlesnake Lancifolia - 6'' From Tropical Ambiance,,Tropical Ambiance,United States,,,,,4.8,14700.0,38700.0,,,False,False,False,,,,False,us/,Owned by Tropical Ambiance |. United States. 4.8 (14.7k). 38.7k sales. 6 years ... Find it on Etsy. Outdoor & Garden. Shop Jacaranda Tree Starter Buy Metal ...
4570359967,https://www.etsy.com/listing/4570359967,calathea rattlesnake,A_owned;B_star;C_ships;D_plain,"Calathea Rattlesnake Plant | Patterned Tropical Houseplant, Pet ...",BandBTropicalPlants,Bees and Butterflies Tropical Plants,"New Jersey, United States","Highland Lakes, NJ","Sep 6, 2026",,,4.9,87.0,350.0,4 months on Etsy,0.33,True,False,False,,,7,False,us/,"Owned by Bees and Butterflies Tropical Plants |. New Jersey, United States. 4.9 (87). 350 sales. 4 months on Etsy. Message seller · Following Follow shop. This ..."
4529110570,https://www.etsy.com/listing/4529110570,calathea rattlesnake,A_owned;B_star;C_ships,Calathea Lancifolia / Rattlesnake Plant 4'potted/pet Friendly ...,PricklySucculents,Melissa,"San Diego, California","San Diego, CA","Jun 27, 2026",,,4.9,761.0,2000.0,2.5 years on Etsy,2.5,True,False,False,,,,False,us/,"Calathea Rattlesnake Plant (Calathea Lancifolia) ... Owned by Melissa |. San Diego, California. 4.9 (761). 2k sales. 2.5 years on Etsy. Message seller · Following ..."
4530518083,https://www.etsy.com/listing/4530518083,calathea rattlesnake,A_owned;D_plain,"Calathea Rattlesnake Live Starter Plant, 4 Inch Indoor Prayer Plant",,Axel,"San Marcos, California",,,,,,0,0.0,New on Etsy,0.0,False,False,False,,,13,False,us/,"Calathea Rattlesnake Live Starter Plant, 4 Inch Indoor Prayer Plant ... Owned by Axel |. San Marcos, California. No reviews yet. 0 sales. New on Etsy."
1627157210,https://www.etsy.com/listing/1627157210,calathea rattlesnake,A_owned,Calathea Medallion Houseplant,,,,,,,,,,,,,False,False,False,,,,False,us/,Meet your seller. theZenSucculent · Owned by ... Calathea Rattlesnake Houseplant. $43.00 ... Find it on Etsy. Party Supplies. Love is a Sweet ...
1001100119,https://www.etsy.com/listing/1001100119,calathea rattlesnake,A_owned,"Calathea Lancifolia (rattlesnake) - 6"" Potted Plant",,LiveArtPlantscapes,"Los Angeles, California",,,,,4.9,2200.0,6400.0,6 years on Etsy,6.0,False,False,False,,,,False,us/,"Owned by LiveArtPlantscapes |. Los Angeles, California. 4.9 (2.2k). 6.4k sales. 6 years on Etsy. Message seller · Following Follow shop. This seller usually ..."
1656656434,https://www.etsy.com/listing/1656656434,calathea rattlesnake,A_owned;D_plain,"Calathea Lancifolia 2"" Pot: Rare Rattlesnake Plant With ...",genzplants,GENZ,"Apopka, Florida",,,,,4.8,810.0,2500.0,2.5 years on Etsy,2.5,False,False,False,,,10,False,us/,"Meet your seller. genzplants · Owned by GENZ |. Apopka, Florida. 4.8 (810). 2.5k sales. 2.5 years on Etsy. Message seller · Following Follow shop. Shop ..."
4524386634,https://www.etsy.com/listing/4524386634,calathea rattlesnake,A_owned,Rattlesnake Plant Abstract: Tropical Leaves Art Print,ChillWorldArt,Chris,"Los Gatos, California",,,,,4.9,72.0,191.0,7 years on Etsy,7.0,False,False,False,,,,True,us/,"Meet your seller. ChillWorldArt · Owned by Chris |. Los Gatos, California. 4.9 (72). 191 sales. 7 years on Etsy. Message seller · Following Follow shop."
1764080447,https://www.etsy.com/listing/1764080447,calathea rattlesnake,A_owned,Calathea Rattlesnake 2” Pot (ALL STARTER PLANTS ...,SunshineGreens,SunshineGreens,"Florida, United States",,,,,4.1,84100.0,373700.0,4 years on Etsy,4.0,False,False,False,,,,False,us/,"Meet your seller. SunshineGreens · Owned by SunshineGreens |. Florida, United States. 4.1 (84.1k). 373.7k sales. 4 years on Etsy. Message seller."
1059693975,https://www.etsy.com/listing/1059693975,calathea rattlesnake,A_owned;B_star,"Calathea Rattlesnake | Pet Safe | 4"" Diameter Plant",ThorsensGreenhouse,Thorsen's Greenhouse,"Delaware, Ohio",,,,,4.8,9600.0,28800.0,6 years on Etsy,6.0,True,False,False,,,,False,us/,"Owned by Thorsen's Greenhouse |. Delaware, Ohio. 4.8 (9.6k). 28.8k sales. 6 years on Etsy. Message seller · Following Follow shop. This seller usually responds ..."
1737221225,https://www.etsy.com/listing/1737221225,calathea rattlesnake,A_owned,Calathea Rattlesnake Starter Plant,NYCitySucculents,Julio,,,,,,,,,,,False,False,False,,,,False,us/,Calathea Lancifolia Rattlesnake Lush | Calathea Rattlesnake Starter Plant ... Prices will vary accordingly. Meet your seller. NYCitySucculents · Owned by Julio |.
4487221771,https://www.etsy.com/listing/4487221771,calathea rattlesnake,B_star,Calathea Lancifolia Rattlesnake Starter Plant * *(ALL ...,KayKaysplanties,,,,,,,,,,,,True,False,False,,,,False,us/,Calathea lancifolia rattlesnake starter plant * *(ALL plants require you to purchase any 2 plants)*. KayKaysplanties. Star Seller.
978004693,https://www.etsy.com/listing/978004693,calathea rattlesnake,B_star,"Houseplants, Foliage Plants, Air Purifiers, Gifts - 6"" Pot",WonderlandHG,,,,,,,,,,,,True,False,False,,,,False,us/,"Big Calathea Rattlesnake, Calathea lancifolia, Rattlesnake Plants – Houseplants, Foliage Plants, Air Purifiers, Gifts - 6"" Pot. WonderlandHG. Star Seller."
4325624275,https://www.etsy.com/listing/4325624275,calathea rattlesnake,B_star,"Rattlesnake Calathea Live Plant: Pet-friendly Air Purifier, 4 ...",FLOURISHbyJubilee,,,,,,,,,,,,True,False,False,,,,False,us/,FLOURISHbyJubilee is a star seller. Reviews for this item. 5.0. Item average ... Calathea Rattlesnake ...
1740653521,https://www.etsy.com/listing/1740653521,calathea rattlesnake,B_star,4” Calathea Lancifolia Pot - RATTLESNAKE Plant,FastechPlants,,,,,,,,,,,,True,False,False,,,,False,us/,FastechPlants is a star seller Specializes in Plants. Reviews for this item ... 6 Calathea Rattlesnake - opens in new tab · Calathea Lancifolia Cutting ...
4389670719,https://www.etsy.com/listing/4389670719,calathea rattlesnake,B_star,Live Calathea Rattlesnake Starter (4–6”),SapphireGardensNC,,,,,,,,,,,,True,False,False,,,,False,us/,Live Calathea Rattlesnake Starter (4–6”). SapphireGardensNC. Star Seller. Star Sellers have an outstanding track record for providing a great customer ...
1722239284,https://www.etsy.com/listing/1722239284,calathea rattlesnake,B_star,Calathea Rattlesnake | Lancifolia Prayer Plant,TheOddFrond,,,,,,,,,,,,True,False,False,,,,False,us/,Calathea Rattlesnake | Lancifolia Prayer Plant | Live Tropical Houseplant ... TheOddFrond is a star seller. Reviews for this item. 5.0. Item average. We ...
1762830048,https://www.etsy.com/listing/1762830048,calathea rattlesnake,B_star,"Calathea Lancifolia - House Plant in 4"" Pot, Prayer Plant",Thegreenshouse,,,,,,,,,,,,True,False,False,,,,False,us/,"Thegreenshouse is a star seller. Reviews for this item. 4.9. Item average. We ... Calathea Rattlesnake, lancifolia, rooted Houseplant. GIFTS. Browse by ..."
1199878958,https://www.etsy.com/listing/1199878958,calathea rattlesnake,B_star,Calathea Rattlesnake Plant 6in Pot – Live Prayer ...,Auragiftshop,,,,,,,,,,,,True,False,False,,,,False,us/,"Calathea Rattlesnake Plant 6in Pot – Live Prayer Plant, Tropical Houseplant, Indoor Air-Purifying Plant, Decorative Foliage. Auragiftshop. Star Seller. Star ..."
1680456106,https://www.etsy.com/listing/1680456106,calathea rattlesnake,B_star,"Calathea Lancifolia Rattlesnake Prayer Plant 4"" | 6"" Pot",BronxPlantLady,,,,,,,,,,,,True,False,False,,,,False,us/,BronxPlantLady is a star seller. Reviews ...
1115755481,https://www.etsy.com/listing/1115755481,calathea rattlesnake,B_star,"Live Calathea Lancifolia, Pet Safe Tropical Houseplant ...",Auragiftshop,,,,,,,,,,,,True,False,False,,,,False,us/,"Calathea Rattlesnake Plant 6 in Pot – Live Calathea Lancifolia, Pet Safe Tropical Houseplant, Decorative Indoor Plant. Auragiftshop. Star Seller. Star Sellers ..."
803958575,https://www.etsy.com/listing/803958575,calathea rattlesnake;calathea setosa,A_owned;B_star;C_ships;D_plain,Calathea Setosa - 'grey Star' - Prayer Plant,FloraExotica,Tai Chun,"Los Angeles, California","West Covina, CA","Aug 31, 2026",601,,4.8,3500.0,10000.0,6 years on Etsy,6.0,True,False,False,,,8,False,us/,"... Calathea, Rattlesnake Calathea, Calathea, Stunning Foliage, Ornamental ... FloraExotica is a star seller Specializes in Plants. Reviews for this item."
1864190332,https://www.etsy.com/listing/1864190332,calathea rattlesnake,B_star,Holiday Pattern | Monkey | Polymer Clay Transfer Sheet,Clayococo,,,,,,,,,,,,True,False,False,,,,False,us/,Star Seller ... Clayococo is a star seller. Reviews for this item ... Calathea Rattlesnake Plant Embroidery Hoop.
968351006,https://www.etsy.com/listing/968351006,calathea rattlesnake,B_star,Calathea Roseopicta Hybrids Print • Prayer Plant Varieties ...,aaronapsley,,,,,,,,,,,,True,False,False,,,,True,us/,aaronapsley is a star seller Specializes in Digital Prints ...
4563806662,https://www.etsy.com/listing/4563806662,calathea rattlesnake,C_ships;D_plain,"Calathea Lancifolia ""rattlesnake"", 4” Pot",AngiesPlanties,,,"Clermont, FL","Sep 6, 2026",4,,,,,,,False,False,False,,,15,False,us/,"This House Plants item by AngiesPlanties has 4 favorites from Etsy shoppers. Ships from Clermont, FL. Listed on Sep 6, 2026."
843941270,https://www.etsy.com/listing/843941270,calathea rattlesnake,C_ships,Calathea Rattlesnake Lancifolia - 4'' From Tropical Ambiance,TropicalAmbiance,,,"Mira Loma, CA","Jul 23, 2026",941,,,,,,,False,False,False,,,,False,us/,"This House Plants item by TropicalAmbiance has 941 favorites from Etsy shoppers. Ships from Mira Loma, CA. Listed on Jul 23, 2026. ... Calathea Rattlesnake ..."
739051920,https://www.etsy.com/listing/739051920,calathea rattlesnake,C_ships,CLEAR VINYL Rattlesnake Calathea Sticker,feralFLORALS,,,"Champaign, IL","Aug 1, 2026",15,,,,,,,False,False,False,,,,True,us/,"This Bumper Stickers item by feralFLORALS has 15 favorites from Etsy shoppers. Ships from Champaign, IL. Listed on Aug 1, 2026."
1083644488,https://www.etsy.com/listing/1083644488,calathea rattlesnake,C_ships;D_plain,Calathea Lancifolia Prayer Plant | Tropical Houseplant,FreshFromGreenhouse,,,"Altoona, FL","Jun 25, 2026",43,,,,,,,False,False,False,,,19,False,us/,"This House Plants item by FreshFromGreenhouse has 43 favorites from Etsy shoppers. Ships from Altoona, FL. Listed on Jun 25, 2026."
4506804307,https://www.etsy.com/listing/4506804307,calathea rattlesnake,D_plain,Calathea Rattlesnake Spotted Starter Plant *(ALL Plants Require ...,KayKaysplanties,,,,,,,5.0,4470.0,,,,False,False,False,,,5,False,us/,"Calathea Rattlesnake spotted starter plant *(ALL plants require you to purchase any 2 plants)*. KayKaysplanties · 5 out of 5 stars (4,470)."
1687975715,https://www.etsy.com/listing/1687975715,calathea rattlesnake,D_plain,Goeppertia Insignis (syn. Calathea Lancifolia) Aka ...,,,,,,,,,,,,,False,False,False,,,8,False,us/,Large Calathea Rattlesnake - opens in new tab · Calathea Bella - opens in new tab · Rattlesnake Calathea 4 Inch - opens in new tab · Sansevieria Gold Seeds ...
854969783,https://www.etsy.com/listing/854969783,calathea rattlesnake,D_plain,Calathea Lancifolia Rattlesnake Calathea Prayer Plant 4”,,,,,,,,,,,,,False,False,False,,,17,False,us/,"Calathea Rattlesnake - 4"" from MyPlants. Calathea Rattlesnake - 4"" from MyPlants. MyPlantsShopLLC From shop MyPlantsShopLLC. $12.99. FREE shipping. Add to ..."
1071900002,https://www.etsy.com/listing/1071900002,calathea rattlesnake,D_plain,Rattlesnake Calathea Lancifolia,,,,,,,,,,,,,False,False,False,,,18,False,us/,"Calathea Rattlesnake - 4"" from MyPlants. MyPlantsShopLLC From shop ... Calathea Rattlesnake Live Plant | Lancifolia Prayer Plant Starter House ..."
4509193270,https://www.etsy.com/listing/4509193270,calathea rattlesnake,D_plain,Exact Plant Calathea Rattlesnake Specific 4” Pot 6276RSE,,,,,,,,,,,,,False,False,False,,,20,False,us/,Exact Plant Calathea Rattlesnake Specific 4” Pot 6276RSE | G/H (All PLANTS require you to purchase 2 plants!) · Similar items on Etsy · New cultivar Monstera ...
1090580638,https://www.etsy.com/listing/1090580638,calathea setosa,A_owned;C_ships;D_plain,"Ctenanthe Setosa, Ctenanthe Exotica, 8-10”soft Pot Calathea ...",GreenMillennium,Lisa,"Miami, Florida","Homestead, FL","Sep 9, 2026",59,,4.9,6800.0,,,,False,False,False,,,2,False,us/,"Owned by Lisa |. Miami, Florida. 4.9 (6.8k). 17.1k ... Calathea Setosa Grey Star - 4&#39;&#39; From ... Find it on Etsy. Party Supplies. Buy ..."
4495003349,https://www.etsy.com/listing/4495003349,calathea setosa,A_owned;B_star;C_ships;D_plain,Calathea Micans Narrow,MyGreenObsession,Larry Snow,"Perrysville, Ohio","Mansfield, OH","Jul 24, 2026",27,,4.9,6800.0,21700.0,11 years on Etsy,11.0,True,False,False,,,11,False,us/,"Owned by Larry Snow |. Perrysville, Ohio. 4.9 (6.8k). 21.7k sales. 11 years on Etsy. Message seller · Following Follow shop ... Calathea Setosa Grey Star."
803946115,https://www.etsy.com/listing/803946115,calathea setosa,A_owned,Ctenanthe Lubbersiana - Stunning Tropical Foliage for ...,,Tai Chun,"Los Angeles, California",,,,,4.9,3500.0,10000.0,6 years on Etsy,6.0,False,False,False,,,,False,us/,"Owned by Tai Chun |. Los Angeles, California. 4.9 (3.5k). 10k sales. 6 years on Etsy. Message seller · Following Follow shop ... Calathea Setosa - &#39;Grey Star& ..."
778198657,https://www.etsy.com/listing/778198657,calathea setosa,A_owned;C_ships;D_plain,Calathea Setosa Grey Star - 4'' From California Tropicals,CaliforniaTropicals,California Tropicals LLC,United States,"Mira Loma, CA","Aug 16, 2026",1590,,4.8,54200.0,165500.0,7 years on Etsy,7.0,False,False,False,,,7,False,us/,Owned by California Tropicals LLC |. United States. 4.8 (54.2k). 165.5k sales. 7 years on Etsy. Message seller · Following Follow shop. This seller usually ...
848721898,https://www.etsy.com/listing/848721898,calathea setosa,A_owned;B_star;C_ships;D_plain,Ctenanthe Setosa 'grey Star' Aka Calathea ...,FairieTaleGardens,Fairie Tale Gardens,"Mobile, Alabama","Semmes, AL","Aug 23, 2026",112,,4.8,928.0,3900.0,7 years on Etsy,7.0,True,False,False,,,6,False,us/,"Owned by Fairie Tale Gardens |. Mobile, Alabama. 4.8 (928). 3.9k sales. 7 years on Etsy ... Calathea Setosa. Shoppers with similar taste loved ..."
4355163858,https://www.etsy.com/listing/4355163858,calathea setosa,A_owned;C_ships,Calathea 'beauty Star' - Home and Garden Houseplant,SunSoakedPlants,Kalin,"Atlanta, Georgia","Peachtree City, GA","May 24, 2026",3,,4.8,1400.0,6900.0,6 years on Etsy,6.0,False,False,False,,,,False,us/,"Owned by Kalin |. Atlanta, Georgia. 4.8 (1.4k). 6.9k sales. 6 years on Etsy ... Calathea Setosa Grey Star - opens in new tab · 6 in Aglaonema - opens in new tab."
4515345907,https://www.etsy.com/listing/4515345907,calathea setosa,A_owned;C_ships,Exact Plant Philodendron Calkins Gold Specific 4” Pot 7925SME,TheGreenEscape,,,"Eustis, FL","Jun 2, 2026",,,,,847400.0,6 years on Etsy,6.0,False,False,False,,,,False,us/,847.4k sales. 6 years on Etsy. Message seller · Following Follow shop. This ... Calathea setosa Starter Plant (ALL STARTER PLANTS require you to purchase 2 plants ...
4469298465,https://www.etsy.com/listing/4469298465,calathea setosa,A_owned;C_ships,"Guzmania Bromeliad Planting, 3 per Pot. 8” Pot All Yellow Colors",GreenMillennium,Lisa,"Miami, Florida","Homestead, FL","Sep 8, 2026",,,4.9,6800.0,17100.0,7 years on Etsy,7.0,False,False,False,,,,False,us/,"Meet your seller. GreenMillennium · Owned by Lisa |. Miami, Florida. 4.9 (6.8k). 17.1k sales. 7 years on Etsy. Message seller · Following Follow shop."
4548907513,https://www.etsy.com/listing/4548907513,calathea setosa,A_owned;C_ships,Ctenanthe Gray Star Canvas - House Plants Wallart,,Heimwerker Hühnchen,United States,New York! Shorter shipping distances are,,,,5.0,7.0,45.0,2.5 years on Etsy,2.5,False,False,False,,,,False,us/,Owned by Heimwerker Hühnchen |. United States. 5.0 (7). 45 sales. 2.5 years on Etsy ... Calathea Setosa Grey Star - 4&#39;&#39; from Tropical Ambiance. Calathea ...
1673162350,https://www.etsy.com/listing/1673162350,calathea setosa,A_owned;B_star;C_ships,Calathea “never Never” Plant **ALL Starter Plants Require ...,TheTropicalOasis,The Tropical Oasis,"Florida, United States","Merritt Island, FL","Aug 22, 2026",297,,4.8,15300.0,55100.0,,,True,False,False,,,,False,us/,"Owned by The Tropical Oasis |. Florida, United States. 4.8 (15.3k). 55.1k sales ... Find it on Etsy. Outdoor & Garden. Live Indoor & Outdoor Tropical House ..."
1180527120,https://www.etsy.com/listing/1180527120,calathea setosa,A_owned,Calathea White Star 4,,Samantha Larot,"Benicia, California",,,,,,0,0.0,4 years on Etsy,4.0,False,False,False,,,,False,us/,"Owned by Samantha Larot |. Benicia, California. No reviews yet. 0 sales. 4 years on Etsy. Message seller · Following Follow shop. This seller usually responds ..."
4526509173,https://www.etsy.com/listing/4526509173,calathea setosa,A_owned;C_ships,"Mini Monstera 8"" Live Houseplant | Rhaphidophora Tetrasperma",RvsdGreenhouses,Angel,"Riverside, California","Mira Loma, CA","Jun 22, 2026",,,5.0,3.0,17.0,2 months on Etsy,0.17,False,False,False,,,,False,us/,"Owned by Angel |. Riverside, California. 5.0 (3). 17 sales. 2 months on Etsy. Message seller · Following Follow shop ... Calathea Setosa Grey Star 4"" Live ..."
925552385,https://www.etsy.com/listing/925552385,calathea setosa,A_owned,Giraffe Birthday Favor Tags: Girl Party Decorations (printable),,Candace,"Calabasas, California",,,,,4.9,183.0,2200.0,11 years on Etsy,11.0,False,False,False,,,,False,us/,"Owned by Candace |. Calabasas, California. 4.9 (183). 2.2k sales. 11 years on Etsy. Message seller · Following Follow shop ... Calathea Setosa by TheOddFrond."
1687968107,https://www.etsy.com/listing/1687968107,calathea setosa,A_owned;C_ships;D_plain,Calathea Mini Mak (peacock or Cathedral Windows Plant),PlantHut,Michael Wallitis,"Greenfield, Massachusetts","Greenfield, MA","Jun 10, 2026",38,,4.7,1800.0,7800.0,9 years on Etsy,9.0,False,False,False,,,14,False,us/,"Owned by Michael Wallitis |. Greenfield, Massachusetts. 4.7 (1.8k). 7.8k sales. 9 years on Etsy. Message seller · Following Follow shop. This seller usually ..."
1713984037,https://www.etsy.com/listing/1713984037,calathea setosa,A_owned,10mm Red Agate Mini Peace Buckle Middle Hole Spacer ...,,Nancy,"Guangzhou, China",,,,,4.6,2000.0,11500.0,9 years on Etsy,9.0,False,False,False,,,,False,us/,"Owned by Nancy |. Guangzhou, China. 4.6 (2k). 11.5k sales. 9 years on Etsy. Message seller · Following Follow shop ... Calathea setosa Starter Plant (ALL STARTER ..."
1088162568,https://www.etsy.com/listing/1088162568,calathea setosa,A_owned;C_ships,"Assorted Calathea Combo - 3'' Cherry-picked, Grower's ...",TropicalAmbiance,Tropical Ambiance,United States,"Mira Loma, CA","Aug 30, 2026",453,,4.8,14700.0,38800.0,6 years on Etsy,6.0,False,False,False,,,,False,us/,Meet your seller. TropicalAmbiance · Owned by Tropical Ambiance |. United States. 4.8 (14.7k). 38.8k sales. 6 years on Etsy ... Calathea Setosa Grey Star - 4'' ...
4481680870,https://www.etsy.com/listing/4481680870,calathea setosa,A_owned;B_star;C_ships,Calathea Northern Light - Popular Exotic Foliage for ...,FloraExotica,Tai Chun,"Los Angeles, California","West Covina, CA","Sep 23, 2026",60,,4.8,3500.0,10000.0,6 years on Etsy,6.0,True,False,False,,,,False,us/,"Owned by Tai Chun |. Los Angeles, California. 4.8 (3.5k). 10k sales. 6 years on Etsy. Message seller · Following Follow shop. This seller usually responds ..."
724383519,https://www.etsy.com/listing/724383519,calathea setosa,A_owned,"Calathea Freddie, 6"" Pot",,Lisa,"Miami, Florida",,,,,4.9,6700.0,17100.0,7 years on Etsy,7.0,False,False,False,,,,False,us/,"Owned by Lisa |. Miami, Florida. 4.9 (6.7k). 17.1k sales. 7 years on Etsy ... Calathea Setosa Grey Star - opens in new tab · Heterocraspium - opens in new tab."
790058896,https://www.etsy.com/listing/790058896,calathea setosa,A_owned,Calathea Sanguinea - Prayer Plant - Rare Tropical Foliage,,Tai Chun,"Los Angeles, California",,,,,4.8,3500.0,10000.0,6 years on Etsy,6.0,False,False,False,,,,False,us/,"Owned by Tai Chun |. Los Angeles, California. 4.8 (3.5k). 10k sales. 6 years on Etsy ... Calathea Setosa - 'Grey Star' - Prayer Plant - Stunning Foliage. $24.00 ..."
800332510,https://www.etsy.com/listing/800332510,calathea setosa,A_owned,"Calathea Burle Marx – Compact Blue Prayer Plant, Easy to ...",,Tai Chun,"Los Angeles, California",,,,,4.8,3500.0,10000.0,6 years on Etsy,6.0,False,False,False,,,,False,us/,"Owned by Tai Chun |. Los Angeles, California. 4.8 (3.5k). 10k sales. 6 years on Etsy ... Calathea Setosa - 'Grey Star' - Prayer Plant - Stunning Foliage. $24.00 ..."
4472936559,https://www.etsy.com/listing/4472936559,calathea setosa,A_owned,"Rhapis Palm, Lady Palm, 10” Pot Approx 44-48” Tall",,Lisa,"Miami, Florida",,,,,4.9,6800.0,17100.0,7 years on Etsy,7.0,False,False,False,,,,False,us/,"Owned by Lisa |. Miami, Florida. 4.9 (6.8k). 17.1k sales. 7 years on Etsy. Message ... Calathea Setosa Grey Star, 8” pot ..."
4392506757,https://www.etsy.com/listing/4392506757,calathea setosa,B_star;C_ships,Calathea White Star,plantproperco,,,"Homestead, FL","Aug 22, 2026",26,,,,,,,True,False,False,,,,False,us/,plantproperco is a star seller Specializes in Plants. Reviews for this ... Calathea Setosa Grey Star - opens in new tab · Ctenanthe Grey Star - opens in ...
4489102061,https://www.etsy.com/listing/4489102061,calathea setosa,B_star,"Calathea ""velvet Glory"" – Tropical Foliage",,,,,,,,,,,,,False,False,False,,,,False,us/,"This plant thrives in warm, humid environments with filtered indirect light, making it a sophisticated choice for adding both visual depth and a soft, organic ..."
847972998,https://www.etsy.com/listing/847972998,calathea setosa,B_star,"Calathea ""white Fusion"" – Tropical Foliage",FloraExotica,,,,,,,,,,,,True,False,False,,,,False,us/,FloraExotica is a star seller Specializes in Plants. Reviews for this item ... Calathea Setosa - &#39;Grey Star&#39; - Prayer Plant -. Calathea Setosa ...
4481682693,https://www.etsy.com/listing/4481682693,calathea setosa,B_star,Calathea Krimson Queen - Popular Exotic Foliage for ...,FloraExotica,,,,,,,,,,,,True,False,False,,,,False,us/,FloraExotica is a star seller Specializes in Plants. Be the first to review ... Calathea Setosa - &#39;Grey Star&#39; - Prayer Plant -. Calathea Setosa ...
794261579,https://www.etsy.com/listing/794261579,calathea setosa,B_star,Calathea Warscewiczii Plant: Striking Tropical Foliage,FloraExotica,,,,,,,,,,,,True,False,False,,,,False,us/,FloraExotica is a star seller Specializes in Plants. Reviews for this item ... Calathea Setosa - &#39;Grey Star&#39; - Prayer Plant -. Calathea Setosa ...
4349679423,https://www.etsy.com/listing/4349679423,calathea setosa,B_star,"Bulgarian Lavender, Madagascar Vanilla, Chocolate - Soaps",AlchemicMuse,,,,,,,,,,,,True,False,False,,,,False,us/,AlchemicMuse is a star seller Specializes in Soaps. Reviews for this ... Calathea Setosa Grey Star - 4'' From California Tropicals by CaliforniaTropicals.
1776909037,https://www.etsy.com/listing/1776909037,calathea setosa,B_star,Bulldogs Mascot Green Watercolor Pennant Flag PNG,MustardSeedDigitals,,,,,,,,,,,,True,False,False,,,,True,us/,PNG files are not meant for cut and print programs Cricuit and Silhouette. Learn more about this item. MustardSeedDigitals is a star seller ... Calathea setosa ...
1707001898,https://www.etsy.com/listing/1707001898,calathea setosa,B_star,"Guess the Due Date Baby Shower Sign, 16x20 Poster ...",4YourMagicalEvents,,,,,,,,,,,,True,False,False,,,,True,us/,Thank you for visiting my etsy store and Happy Shopping! Learn more about this item. 4YourMagicalEvents is a star seller ... Calathea setosa Starter Plant (ALL ...
263318988,https://www.etsy.com/listing/263318988,calathea setosa,B_star,Needle Felt Sugar Skull Kit: Dia De Los Muertos Craft,TapestryNeedleFelt,,,,,,,,,,,,True,False,False,,,,True,us/,TapestryNeedleFelt is a star seller Specializes in Craft Supplies & Tools ... Calathea setosa Starter Plant (ALL STARTER PLANTS require you to purchase 2 plants!)
1256988095,https://www.etsy.com/listing/1256988095,calathea setosa,B_star,Washington CUSTOM State Shaped Cutting Board and ...,KreativeEarth,,,,,,,,,,,,True,False,False,,,,False,us/,KreativeEarth is a star seller. Reviews for this item. 5.0. Item average. We ... Calathea setosa Starter Plant (ALL STARTER PLANTS require you to purchase ...
1522891589,https://www.etsy.com/listing/1522891589,calathea setosa,B_star,"Ghost Cat Sweatshirt, Cat Lover Halloween Sweater ...",RayZeeInspired,,,,,,,,,,,,True,False,False,,,,True,us/,RayZeeInspired is a star seller Specializes in Gender-Neutral Adult Hoodies & Sweatshirts ... Calathea setosa Starter Plant (ALL STARTER PLANTS require you ...
1849356188,https://www.etsy.com/listing/1849356188,calathea setosa,B_star,"Black and White Sculpture on Canvas, Circular Wall ...",ArtByNatashaKanevski,,,,,,,,,,,,True,False,False,,,,False,us/,ArtByNatashaKanevski is a star seller. Be the first to review this item. This ... Calathea Setosa - Outdoor & Gardening. Toys. Shop Squishy Toy Necklace.
1897699369,https://www.etsy.com/listing/1897699369,calathea setosa,B_star,Handmade 18k Gold Blue Topaz & Citrine Charm Pendant,BHOLEBAMJEWELLERS,,,,,,,,,,,,True,False,False,,,,True,us/,BHOLEBAMJEWELLERS is a star seller. Be the first to review this item. No ... Calathea setosa Starter Plant (ALL STARTER PLANTS require you to purchase 2 ...
1885106636,https://www.etsy.com/listing/1885106636,calathea setosa,B_star,"Orthodox Beige Baptism Invitation, Gender Neutral ...",EtchedTherapyDesigns,,,,,,,,,,,,True,False,False,,,,False,us/,EtchedTherapyDesigns is a star seller Specializes in Invitations & Announcements ... Calathea setosa Starter Plant (ALL STARTER PLANTS ...
1036514213,https://www.etsy.com/listing/1036514213,calathea setosa,B_star,Solid Brass Flower Charm - 20x18mm (4625C),clbeads,,,,,,,,,,,,True,False,False,,,,False,us/,clbeads is a star seller. Be the first to review this item. No reviews yet ... Calathea setosa Starter Plant (ALL STARTER PLANTS require you to purchase 2 plants ...
1565598496,https://www.etsy.com/listing/1565598496,calathea setosa,C_ships;D_plain,Calathea Setosa,SDTROPICS,,,"Mount Dora, FL","Jun 24, 2026",2,,,,,,,False,False,False,,,3,False,us/,"This House Plants item by SDTROPICS has 2 favorites from Etsy shoppers. Ships from Mount Dora, FL. Listed on Jun 24, 2026. ... Calathea Setosa. SDTROPICS. 4 ..."
859685588,https://www.etsy.com/listing/859685588,calathea setosa,C_ships;D_plain,Calathea Setosa Grey Star - 4'' From Tropical Ambiance,TropicalAmbiance,,,"Mira Loma, CA","Jun 16, 2026",449,,,,,,,False,False,False,,,13,False,us/,"This House Plants item by TropicalAmbiance has 449 favorites from Etsy shoppers. Ships from Mira Loma, CA. Listed on Jun 16, 2026. ... Calathea Setosa Grey Star - ..."
1312056770,https://www.etsy.com/listing/1312056770,calathea setosa,C_ships;D_plain,Calathea Collection: Freddie/goeppertia/peacock ...,InnerJoyPlants,,,"Barrington, IL","Jun 2, 2026",12,,,,,,,False,False,False,,,19,False,us/,"This House Plants item by InnerJoyPlants has 12 favorites from Etsy shoppers. Ships from Barrington, IL. Listed on Jun 2, 2026. ... Calathea Setosa Calathea ..."
1000894734,https://www.etsy.com/listing/1000894734,calathea setosa,C_ships,"Calathea Triostar - 4"" From Tropical Ambiance",TropicalAmbiance,,,"Mira Loma, CA","Sep 17, 2026",2432,,,,,,,False,False,False,,,,False,us/,"This House Plants item by TropicalAmbiance has 2432 favorites from Etsy shoppers. Ships from Mira Loma, CA. Listed on Sep 17, 2026. ... Calathea Setosa Grey ..."
4297451804,https://www.etsy.com/listing/4297451804,calathea setosa,C_ships,"Calathea Orbifolia Plant, 4” Potted Indoor Foliage",BumblePlantsCom,,,"Little Neck, NY","Aug 31, 2026",10,,,,,,,False,False,False,,,,False,us/,"This Plants item by BumblePlantsCom has 10 favorites from Etsy shoppers. Ships from Little Neck, NY. Listed on Aug 31, 2026. ... Calathea Setosa Grey Star - opens ..."
4510183131,https://www.etsy.com/listing/4510183131,calathea setosa,D_plain,Calathea Setosa | Prayer Plant | Live Indoor & Outdoor Tropical ...,,,,,,,,,,,,,False,False,False,,,1,False,us/,"Calathea Setosa | Prayer Plant | Live Indoor & Outdoor Tropical House plant | Easy Care for Home and Office Decor in 6"" and 10"" inch Pot."
877368579,https://www.etsy.com/listing/877368579,calathea setosa,D_plain,"Calathea Setosa Grey Star, 8” Pot",,,,,,,,,,,,,False,False,False,,,4,False,us/,Calathea Setosa. 3.9. (22). $23.95. By SDTROPICS From shop SDTROPICS · Calathea Setosa Grey Star - 4&#39;&#39; From California Tropicals. Calathea ...
4520555160,https://www.etsy.com/listing/4520555160,calathea setosa,D_plain,Calathea Setosa | 8-inch Pot,LasOrquideasRamos,,,,,,,5.0,1136.0,,,,False,False,False,,,5,False,us/,"Calathea Setosa | 8-inch Pot. LasOrquideasRamos · 5 out of 5 stars (1,136). Sale ... You may also like. See more · Calathea Setosa. $23.95 ..."
1641329511,https://www.etsy.com/listing/1641329511,calathea setosa,D_plain,Calathea Grey Star Houseplant,,,,,,,,,,,,,False,False,False,,,9,False,us/,Calathea Grey Star Houseplant · Similar items on Etsy · Calathea Setosa Grey Star - 4'' from Tropical Ambiance · Calathea Setosa Grey Star - 4'' From California ...
1001925895,https://www.etsy.com/listing/1001925895,calathea setosa,D_plain,Calathea Setosa Starter Plant (ALL ...,,,,,,,,,,,,,False,False,False,,,10,False,us/,Calathea setosa Starter Plant (ALL STARTER PLANTS require you to purchase 2 plants!) ... Calathea Setosa Grey Star - 4&#39;&#39; From California Tropicals ...
1470299636,https://www.etsy.com/listing/1470299636,calathea setosa,D_plain,Calathea Royal Standard “picturata” 4” Pot (ALL PLANTS ...,,,,,,,,,,,,,False,False,False,,,15,False,us/,Calathea Setosa Grey Star - 4&#39;&#39; From California Tropicals. Calathea Setosa Grey Star - 4'' From California Tropicals. CaliforniaTropicals From shop ...
4514503686,https://www.etsy.com/listing/4514503686,calathea setosa,D_plain,"Calathea Setosa Grey Star 4"" Live Houseplant | Prayer Plant",,,,,,,,,,,,,False,False,False,,,16,False,us/,"Calathea Setosa Grey Star 4"" Live Houseplant | Prayer Plant | Easy Care Tropical Indoor Plant from Riverside Greenhouses. RvsdGreenhouses"
4493003418,https://www.etsy.com/listing/4493003418,calathea setosa,D_plain,Exact Plant Calathea Purple Rose Specific 4” Pot 5422ZSE,,,,,,,,,,,,,False,False,False,,,17,False,us/,Calathea setosa Starter Plant (ALL STARTER PLANTS require you to purchase 2 plants!) Calathea setosa Starter Plant (ALL STARTER PLANTS require you to ...
4511353455,https://www.etsy.com/listing/4511353455,calathea setosa,D_plain,Dottie Roseopicta Plant Calathea | Live Tropical Houseplant,,,,,,,,,,,,,False,False,False,,,18,False,us/,Calathea Setosa | Prayer Plant | Live Indoor & Outdoor Tropical ...
880527384,https://www.etsy.com/listing/880527384,calathea setosa,D_plain,Geogenanthus Cilliatus,,,,,,,,,,,,,False,False,False,,,20,False,us/,Calathea setosa Starter Plant (ALL STARTER PLANTS require you to purchase 2 plants!) · Calathea “never never” Plant **ALL starter plants require you to purchase ...
4509931695,https://www.etsy.com/listing/4509931695,cebu blue pothos,A_owned;C_ships;D_plain,Cebu Blue Pothos,JonesGreenEscape,Dixi Jones,"Georgia, United States","Marshallville, GA","May 22, 2026",,,5.0,8.0,26.0,9 months on Etsy,0.75,False,False,False,,,1,False,us/,"Owned by Dixi Jones |. Georgia, United States. 5.0 (8). 26 sales. 9 months on Etsy ... You may also like. See more ..."
1069371703,https://www.etsy.com/listing/1069371703,cebu blue pothos,A_owned;C_ships;D_plain,Cebu Blue Pothos Cuttings,NewleafPlants,Paige Mansperger,"Asheville, North Carolina","Asheville, NC","Aug 12, 2026",173,,4.9,875.0,3100.0,6 years on Etsy,6.0,False,False,False,,,11,False,us/,"Meet your seller. NewleafPlants · Owned by Paige Mansperger |. Asheville, North Carolina. 4.9 (875). 3.1k sales. 6 years on Etsy. Message seller."
1886775066,https://www.etsy.com/listing/1886775066,cebu blue pothos,A_owned;C_ships,Cebu Blue Pothos | Epipremnum | Established Plant,SoEasyGrowing,Crissy S,United States,"Fairview Heights, IL","Jul 5, 2026",5,,4.3,33.0,130.0,2 years on Etsy,2.0,False,False,False,,,,False,us/,Cebu Blue Pothos | Epipremnum | Established Plant ... Owned by Crissy S |. United States. 4.3 (33). 130 sales. 2 years on Etsy. Message seller · Following Follow ...
4495736987,https://www.etsy.com/listing/4495736987,cebu blue pothos,A_owned;B_star;C_ships,Pothos Cebu Blue | 6-inch Pot,LasOrquideasRamos,Orquideas Ramos,"Miami, Florida","Miami, FL","Apr 27, 2026",,,4.8,981.0,2700.0,1 year on Etsy,1.0,True,False,False,,,,False,us/,"Owned by Orquideas Ramos |. Miami, Florida. 4.8 (981). 2.7k sales. 1 year on Etsy. Message seller · Following Follow shop ... Cebu Blue Pothos - 4"" from ..."
4530131630,https://www.etsy.com/listing/4530131630,cebu blue pothos,A_owned;B_star;C_ships,Epipremnum Pinnatum 'cebu Blue Pothos' - 4” Cutting (unrooted),PaulThePlantParent,Paul The Plant Parent,United States,"West Babylon, NY","Jul 2, 2026",,,4.9,1100.0,3200.0,13 years on Etsy,13.0,True,False,False,,,,False,us/,Epipremnum pinnatum 'Cebu Blue Pothos ... Owned by Paul The Plant Parent |. United States. 4.9 (1.1k). 3.2k sales. 13 years on Etsy. Message seller · Following ...
4571618009,https://www.etsy.com/listing/4571618009,cebu blue pothos,A_owned;C_ships;D_plain,Cebu Blue Pothos Live Plant 4” Pot • Order Requires 2+ Plants,PlantMonsterandCo,Sue,"Clearwater, Florida","Clearwater, FL","Sep 8, 2026",,,4.3,11.0,68.0,2.5 years on Etsy,2.5,False,False,False,,,20,False,us/,"Cebu Blue Pothos Live Plant 4” Pot • Order ... CEBU BLUE POTHOS ... Owned by Sue |. Clearwater, Florida. 4.3 (11). 68 sales. 2.5 years on Etsy. Message seller."
1429846220,https://www.etsy.com/listing/1429846220,cebu blue pothos,A_owned;D_plain,"Cebu Blue Pothos Cutting, Silvery Blue Epipremnum ...",JungleByYou,Andrea H.,"Clearwater, Florida",,,,,4.8,290.0,895.0,6 years on Etsy,6.0,False,False,False,,,7,False,us/,"Meet your seller. JungleByYou · Owned by Andrea H. |. Clearwater, Florida. 4.8 (290). 895 sales. 6 years on Etsy. Message seller · Following Follow shop."
1448684612,https://www.etsy.com/listing/1448684612,cebu blue pothos,A_owned;C_ships;D_plain,Easy Care Houseplant - Natural Purification of Air - Vining Plant,PlantVers,Daisy,"Lake Orion, Michigan","Oxford, MI","Aug 11, 2026",90,,4.7,41200.0,134100.0,6 years on Etsy,6.0,False,False,False,,,5,False,us/,"Meet your seller. PlantVers · Owned by Daisy |. Lake Orion, Michigan. 4.7 (41.2k). 134.1k sales. 6 years on Etsy. Message seller · Following Follow shop."
4412765293,https://www.etsy.com/listing/4412765293,cebu blue pothos,A_owned;C_ships,"Cebu Blue Pothos Live Plant | Blue-green Foliage, 4-5 Inch Tall ...",CandyFarm88,Aulia Candy,United States,"Navarre, OH","Jul 29, 2026",4,,3.8,30.0,291.0,1 year on Etsy,1.0,False,False,False,,,,False,us/,Meet your seller. CandyFarm88 · Owned by Aulia Candy |. United States. 3.8 (30). 291 sales. 1 year on Etsy. Message seller · Following Follow shop. This ...
4536002607,https://www.etsy.com/listing/4536002607,cebu blue pothos,A_owned;C_ships;D_plain,"Epipremnum Cebu Blue Pothos Plant 3"" Pot, Rare Indoor ...",OurTinyPlantStore,abdullah al azam,"Webster, Texas","Webster, TX","Jul 11, 2026",,,4.4,134.0,609.0,1.5 years on Etsy,1.5,False,False,False,,,3,False,us/,"Meet your seller. OurTinyPlantStore · Owned by abdullah al azam |. Webster, Texas. 4.4 (134). 609 sales. 1.5 years on Etsy. Message seller · Following Follow ..."
4543538312,https://www.etsy.com/listing/4543538312,cebu blue pothos,A_owned;D_plain,"LIVE 6” Pot Cebu Blue Pothos, Rare Blue Green Trailing Vine, ...",,Valentino,"Boca Raton, Florida",,,,,4.7,5600.0,15200.0,4 years on Etsy,4.0,False,False,False,,,13,False,us/,"Owned by Valentino |. Boca Raton, Florida. 4.7 (5.6k). 15.2k sales. 4 years on Etsy. Message seller · Following Follow shop. This seller usually responds within ..."
4548907173,https://www.etsy.com/listing/4548907173,cebu blue pothos,A_owned,Cebu Blue Pothos Canvas - House Plants Wallart,,Heimwerker Hühnchen,United States,,,,,5.0,7.0,45.0,2.5 years on Etsy,2.5,False,False,False,,,,False,us/,Cebu Blue Pothos Canvas - House Plants Wallart - Cebu Blue Pothos Poster ... Owned by Heimwerker Hühnchen |. United States. 5.0 (7). 45 sales. 2.5 years on Etsy.
4519842549,https://www.etsy.com/listing/4519842549,cebu blue pothos,A_owned;B_star,Epipremnum Pinnatum Cebu Blue Large Plant,CrazyLadiesPlants,Candace Sielsch,"Glidden, Texas",,,,,4.8,186.0,309.0,4 years on Etsy,4.0,True,False,False,,,,False,us/,"Owned by Candace Sielsch |. Glidden, Texas. 4.8 (186). 309 sales. 4 years on Etsy. Message seller · Following Follow shop ... Epipremnum Pinnatum 'Cebu Blue' ..."
1755299250,https://www.etsy.com/listing/1755299250,cebu blue pothos,A_owned;B_star;C_ships,4.5” Cebu Blue Pothos Plant Hanging Basket - Trailing and Full ...,FastechPlants,Janice,United States,"Roslyn Heights, NY","May 21, 2026",73,,4.9,2200.0,5900.0,,,True,False,False,,,,False,us/,4.5” Cebu Blue Pothos plant hanging basket ... Owned by Janice |. United States. 4.9 (2.2k). 5.9k sales ... Find it on Etsy. Home Decor. Buy Ithaca Sign Works ...
1484717462,https://www.etsy.com/listing/1484717462,cebu blue pothos,A_owned,Pothos Cebu Blue Plant,,Jocelynn Nguyen,"San Diego, California",,,,,4.9,4000.0,10200.0,3 years on Etsy,3.0,False,False,False,,,,False,us/,"Owned by Jocelynn Nguyen |. San Diego, California. 4.9 (4k). 10.2k sales. 3 years on Etsy. Message seller · Following Follow shop. This seller usually responds ..."
4550735164,https://www.etsy.com/listing/4550735164,cebu blue pothos,A_owned;C_ships,“epipremnum Pinnatum Cebu Blue” - Rare - Starter Plants,PeacefulHillTreeFarm,Sarah,"East Hampton, Connecticut","New Britain, CT","Aug 5, 2026",,,4.5,275.0,1100.0,1.5 years on Etsy,1.5,False,False,False,,,,False,us/,"Cebu Blue Pothos - “Epipremnum Pinnatum Cebu Blue ... Owned by Sarah |. East Hampton, Connecticut. 4.5 (275). 1.1k sales. 1.5 years on Etsy. Message seller."
4540546522,https://www.etsy.com/listing/4540546522,cebu blue pothos,A_owned,"LIVE 6 Inch Pot Cebu Blue Pothos, Silvery Blue Trailing Vine, ...",,Val Russo,"Lantana, Florida",,,,,4.8,36500.0,109200.0,6 years on Etsy,6.0,False,False,False,,,,False,us/,"Owned by Val Russo |. Lantana, Florida. 4.8 (36.5k). 109.2k sales. 6 years on Etsy. Message seller · Following Follow shop. This seller usually responds within ..."
4355176408,https://www.etsy.com/listing/4355176408,cebu blue pothos,A_owned,Pothos 'cebu Blue' - Live Home and Garden Houseplant,SunSoakedPlants,Kalin,"Atlanta, Georgia",,,,,4.8,1400.0,6700.0,6 years on Etsy,6.0,False,False,False,,,,False,us/,"Meet your seller. SunSoakedPlants · Owned by Kalin |. Atlanta, Georgia. 4.8 (1.4k). 6.7k sales. 6 years on Etsy. Message seller · Following Follow shop."
4483002382,https://www.etsy.com/listing/4483002382,cebu blue pothos,A_owned,Epipremnum Cebu Blue Silver Large Form Beauty Leaves Plants,,Sofiyatul fitriyah,Indonesia,,,,,5.0,1.0,31.0,5 months on Etsy,0.42,False,False,False,,,,False,us/,Owned by Sofiyatul fitriyah |. Indonesia. 5.0 (1). 31 sales. 5 months on Etsy.
4539539577,https://www.etsy.com/listing/4539539577,cebu blue pothos,A_owned;C_ships;D_plain,Epipremnum Pinnatum 'cebu Blue' Pothos - Mature Live ...,BumblePlantsCom,Bumble Plants,,"Little Neck, NY","Jul 17, 2026",,,,,725.0,6 years on Etsy,6.0,False,False,False,,,2,False,us/,Meet your seller. BumblePlantsCom · Owned by Bumble Plants | ... 725 sales. 6 years on Etsy. Message seller · Following Follow shop.
4531149976,https://www.etsy.com/listing/4531149976,cebu blue pothos,A_owned;B_star,Epipremnum Aureum Cebu Blue Light Mint Pothos Exact Plant in ...,TheGreeenAngels,Aryani,United States,,,,,4.9,1200.0,5100.0,3 years on Etsy,3.0,True,False,False,,,,False,us/,"... Cebu Blue pothos, featuring silvery-blue foliage ... Owned by Aryani |. United States. 4.9 (1.2k). 5.1k sales. 3 years on Etsy. Message seller · Following Follow ..."
4383569913,https://www.etsy.com/listing/4383569913,cebu blue pothos,A_owned;C_ships,"4"" Cebu Blue Pothos: Rare Silvery-blue Trailing Vine - Plants",IshysPlants,Ishola,"Brooklyn, New York",New York,,,25.0,4.4,352.0,1200.0,1 year on Etsy,1.0,False,False,False,,,,False,us/,"Owned by Ishola |. Brooklyn, New York. 4.4 (352). 1.2k sales. 1 year on Etsy ... Cebu Blue Pothos ..."
4500090962,https://www.etsy.com/listing/4500090962,cebu blue pothos,A_owned,"Epipremnum Pinnatum Indo Dwarf ""dwarf Cebu Blue """,,Mason Harman,"Idaho, United States",,,,,4.9,261.0,520.0,2 years on Etsy,2.0,False,False,False,,,,False,us/,"Owned by Mason Harman |. Idaho, United States. 4.9 (261). 520 sales. 2 years on Etsy. Message seller · Following Follow shop ... Epipremnum Pinnatum 'Cebu Blue' ..."
1422811927,https://www.etsy.com/listing/1422811927,cebu blue pothos,A_owned,Epipremnum Pinnatum “cebu Blue” (hanging Pot),,Ana Maia,"Madrid, Spain",,,,,4.6,812.0,2700.0,7 years on Etsy,7.0,False,False,False,,,,False,us/,"Owned by Ana Maia |. Madrid, Spain. 4.6 (812). 2.7k sales. 7 years on Etsy ... Cebu Blue Pothos Variegated - opens in new tab ... on Etsy app, and the Etsy app, as ..."
1861214687,https://www.etsy.com/listing/1861214687,cebu blue pothos,A_owned,Indoor Easy Care Plant Cuttings Bundle - Mystery Box ...,,,,,,,,,,,,,False,False,False,,,,False,us/,"May include: An assortment of houseplant leaves, including Cebu Blue Pothos, Lemon Lime ... Shop confidently on Etsy knowing if something goes wrong with ..."
1056186573,https://www.etsy.com/listing/1056186573,cebu blue pothos,A_owned,"Cebu Blue Pothos - 2.5"" From California Tropicals",,California Tropicals LLC,United States,,,,,4.8,54200.0,165400.0,7 years on Etsy,7.0,False,False,False,,,,False,us/,Owned by California Tropicals LLC |. United States. 4.8 (54.2k). 165.4k sales. 7 years on Etsy. Message seller · Following Follow shop. This seller usually ...
1843649276,https://www.etsy.com/listing/1843649276,cebu blue pothos,A_owned,Neon Queen Pothos Epipremnum Aureum Propagations,,,,,,,,,,,,,False,False,False,,,,False,us/,Shop confidently on Etsy knowing if something goes wrong with an order ...
4346298606,https://www.etsy.com/listing/4346298606,cebu blue pothos,A_owned,Cebu Blue Pothos Cutting | Rare Iridescent Node Easy ...,,Megan B,"Rochester, New York",,,,,4.8,471.0,1700.0,8 years on Etsy,8.0,False,False,False,,,,False,us/,"Owned by Megan B |. Rochester, New York. 4.8 (471). 1.7k sales. 8 years on Etsy. Message seller · Following Follow shop. This seller usually responds within a ..."
4494524458,https://www.etsy.com/listing/4494524458,cebu blue pothos,B_star;D_plain,"Cebu Blue Pothos Live Plant 4” Pot – Epipremnum Pinnatum, ...",BandBTropicalPlants,,,,,,,,,,,,True,False,False,,,17,False,us/,Cebu Blue Pothos Live Plant 4” Pot – Epipremnum ... Cebu Blue Pothos Live Plant 4” Pot ... BandBTropicalPlants is a star seller. Reviews for ...
1808750655,https://www.etsy.com/listing/1808750655,cebu blue pothos,B_star,"Pothos Cebu Blue - Live Houseplant in 4"" Pot",Seller,,,,,,,,,,,,True,False,False,,,,False,us/,"Star Seller. Star Sellers have an ... BrumleyandBloom is a star seller. Reviews for this ... Cebu Blue Pothos in 6"" Pot. Cebu Blue Pothos ..."
4527673046,https://www.etsy.com/listing/4527673046,cebu blue pothos,B_star,"Full Trailing Cebu Blue Pothos – 3.5"" Pot(0246) Same Exact Live ...",BettysAmazingJungle,,,,,,,,,,,,True,False,False,,,,False,us/,"Full Trailing Cebu Blue Pothos – 3.5"" Pot(0246) Same exact Live Silver Blue Houseplant with Long Vines. BettysAmazingJungle. Star Seller."
4548242885,https://www.etsy.com/listing/4548242885,cebu blue pothos,B_star,3” Epipremnum Pinnatum Cebu Blue + Upcycled Pot,CreeksideAlchemy,,,,,,,,,,,,True,False,False,,,,False,us/,3” Epipremnum pinnatum Cebu Blue + upcycled pot. CreeksideAlchemy. Star Seller ... CreeksideAlchemy is a star seller. Be the first to ...
1772452318,https://www.etsy.com/listing/1772452318,cebu blue pothos,B_star,"Cebu Blue Pothos, Epipremnum Pinnatum Cuttings for ...",PrayerfullyPlanted,,,,,,,,,,,,True,False,False,,,,False,us/,"zoom image 1 of 7. Cebu Blue Pothos, Epipremnum Pinnatum Cuttings for ... PrayerfullyPlanted is a star seller. Reviews for this item. 5.0. Item average"
1568267804,https://www.etsy.com/listing/1568267804,cebu blue pothos,B_star,"Cebu Blue Pothos in 6"" Pot",Thegreenshouse,,,,,,,,,,,,True,False,False,,,,False,us/,"Cebu Blue Pothos in 6"" Pot. Thegreenshouse. Star Seller. Star Sellers have an outstanding track record for providing a great customer experience—they ..."
4519050645,https://www.etsy.com/listing/4519050645,cebu blue pothos,B_star,Cebu Aurea | Variegated Epipremnum Pinnatum | Rare ...,GardenGator,,,,,,,,,,,,True,False,False,,,,False,us/,GardenGator is a star seller. Be the first to review this item ... Meet your seller. GardenGator. Star Seller.
4548241879,https://www.etsy.com/listing/4548241879,cebu blue pothos,B_star,2” Epipremnum Pinnatum Cebu Blue,CreeksideAlchemy,,,,,,,,,,,,True,False,False,,,,False,us/,CreeksideAlchemy is a star seller. Be the first to ... Meet your seller. CreeksideAlchemy. Star Seller.
1887094192,https://www.etsy.com/listing/1887094192,cebu blue pothos,B_star,"Pothos 'cebu Blue', Live Houseplant - 4” Growers Pot",MagicValleyGarden,,,,,,,,,,,,True,False,False,,,,False,us/,MagicValleyGarden is a star seller. Be the first to review this item. No ... Cebu blue pothos 6” pot. Shoppers with similar taste ...
4410947290,https://www.etsy.com/listing/4410947290,cebu blue pothos,B_star,Cebu Blue Pothos | Live Devils Ivy Vine,TheOddFrond,,,,,,,,,,,,True,False,False,,,,False,us/,Cebu Blue Pothos | Live Devils Ivy Vine | Home and Office decor | Indoor and ... TheOddFrond is a star seller. Reviews for this item. 4.5. Item average. We ...
1530570923,https://www.etsy.com/listing/1530570923,cebu blue pothos,B_star,Cebu Blue Pothos - Epipremnum Pinnatum - Starter Plants,BrumleyandBloom,,,,,,,,,,,,True,False,False,,,,False,us/,Cebu Blue Pothos - Epipremnum Pinnatum - Starter Plants - Live Houseplant in 2” Pot. BrumleyandBloom. Star Seller. Star Sellers have an outstanding track ...
1726452542,https://www.etsy.com/listing/1726452542,cebu blue pothos,B_star,4” CEBU BLUE Pothos Pot - Super LUSH Trailing Plant,FastechPlants,,,,,,,,,,,,True,False,False,,,,False,us/,4” CEBU BLUE Pothos pot - Super LUSH trailing plant - uncommon and ... FastechPlants is a star seller Specializes in Plants. Reviews for this item.
4550465012,https://www.etsy.com/listing/4550465012,cebu blue pothos,B_star,Cebu Aurea | Yellow Stem | Variegated Epipremnum Pinnatum,GardenGator,,,,,,,,,,,,True,False,False,,,,False,us/,GardenGator is a star seller. Be the first to ... Meet your seller. GardenGator. Star Seller. Star ... Epipremnum Pinnatum 'Cebu Blue' Pothos | Cebu ...
1043554676,https://www.etsy.com/listing/1043554676,cebu blue pothos,B_star,Cebu Blue Pothos (epipremnum Pinnatum) 4 Inch Pot,BronxPlantLady,,,,,,,,,,,,True,False,False,,,,False,us/,Cebu Blue Pothos (Epipremnum Pinnatum) 4 inch pot - Live Plant - optional ... BronxPlantLady is a star seller. Reviews for this item. 5.0. Item average. We ...
1188825035,https://www.etsy.com/listing/1188825035,cebu blue pothos,B_star,Cebu Blue Pothos Cutting: Rare Epipremnum Pinnatum ...,CascadingCredenza,,,,,,,,,,,,True,False,False,,,,False,us/,Cebu Blue Pothos Cutting: Rare Epipremnum Pinnatum Houseplant. CascadingCredenza. Star Seller. Star Sellers have an outstanding track record for providing a ...
4347122427,https://www.etsy.com/listing/4347122427,cebu blue pothos,C_ships;D_plain,"Cebu Blue Pothos Epipremnum Aureum 4"" 6"" Pot (ships ...",LivingPlantDesigns,,,"Hallandale, FL","Jun 11, 2026",68,,,,,,,False,False,False,,,19,False,us/,"This House Plants item by LivingPlantDesigns has 68 favorites from Etsy shoppers. Ships from Hallandale, FL. Listed on Jun 11, 2026. ... Cebu Blue Pothos ..."
1272908613,https://www.etsy.com/listing/1272908613,cebu blue pothos,C_ships,"Cebu Blue Pothos - 4"" From California Tropicals",CaliforniaTropicals,,,"Mira Loma, CA","May 26, 2026",78,,,,,,,False,False,False,,,,False,us/,"This House Plants item by CaliforniaTropicals has 78 favorites from Etsy shoppers. Ships from Mira Loma, CA. Listed on May 26, 2026. ... Cebu Blue Pothos - 4"" ..."
4497959322,https://www.etsy.com/listing/4497959322,cebu blue pothos,C_ships,Cebu Blue Pothos Plant Live Starter Indoor Easy Care ...,OurTinyPlantStore,,,"Webster, TX","May 2, 2026",4,,,,,,,False,False,False,,,,False,us/,"This House Plants item by OurTinyPlantStore has 4 favorites from Etsy shoppers. Ships from Webster, TX. Listed on May 2, 2026."
4370748637,https://www.etsy.com/listing/4370748637,cebu blue pothos,C_ships,Pothos Cebu Blue 6 Pot” Rare Trailing Houseplant,RunoPlants,,,"Homestead, FL","Sep 6, 2026",296,,,,,,,False,False,False,,,,False,us/,"This House Plants item by RunoPlants has 296 favorites from Etsy shoppers. Ships from Homestead, FL. Listed on Sep 6, 2026. ... The Cebu Blue Pothos was in great ..."
4510674107,https://www.etsy.com/listing/4510674107,cebu blue pothos,C_ships,Epipremnum Pinnatum 'cebu Blue' Pothos 3.5” Live Plant,PlantedByBails,,,"Currituck, NC","May 24, 2026",,,,,,,,False,False,False,,,,False,us/,"This House Plants item is sold by PlantedByBails. Ships from Currituck, NC. Listed on May 24, 2026. ... Epipremnum pinnatum 'Cebu Blue' pothos 3.5” live plant."
4519982161,https://www.etsy.com/listing/4519982161,cebu blue pothos,C_ships;D_plain,Cebu Blue Pothos Cutting | Epipremnum Pinnatum,WilcoxCustoms365,,,"Florence, AZ","Jun 11, 2026",2,,,,,,,False,False,False,,,6,False,us/,"This House Plants item by WilcoxCustoms365 has 2 favorites from Etsy shoppers. Ships from Florence, AZ. Listed on Jun 11, 2026. ... Cebu Blue Pothos Cutting | ..."
1072003510,https://www.etsy.com/listing/1072003510,cebu blue pothos,D_plain,Cebu Blue Pothos 6” Pot,,,,,,,,,,,,,False,False,False,,,4,False,us/,Cebu blue pothos 6” pot. $40.50. Email me when they're back See item details ... Cebu Blue Pothos ...
1475838475,https://www.etsy.com/listing/1475838475,cebu blue pothos,D_plain,Potho Rare Cebu Blue Pothos Live Ivy Easy Care Plant ...,,,,,,,,,,,,,False,False,False,,,8,False,us/,"Highlights ... The Cebu Blue Pothos is a popular indoor plant that is easy to care, the Cebu blue pothos is easy to grow and care for. While it grows naturally ..."
4308315278,https://www.etsy.com/listing/4308315278,cebu blue pothos,D_plain,"Epipremnum Pinnatum 'cebu Blue' - Trailing, Silvery ...",,,,,,,,,,,,,False,False,False,,,9,False,us/,"Cebu Blue Pothos is loved for its long trailing vines and soft silvery blue-green leaves that give it a cooler, more modern look than a standard pothos ..."
4302721012,https://www.etsy.com/listing/4302721012,cebu blue pothos,D_plain,Cebu Blue Pothos,,,,,,,,,,,,,False,False,False,,,10,False,us/,"CeBu Blue Pothos Epipremnum stands out with its elongated, heart shaped leaves that exhibit a distinctive metallic blue hue creating an almost ethereal ..."
1034176917,https://www.etsy.com/listing/1034176917,cebu blue pothos,D_plain,"Cebu Blue Pothos 4"" Pot",PlantNatureArt,,,,,,,4.5,243.0,,,,False,False,False,,,12,False,us/,"Cebu Blue Pothos 4"" pot. PlantNatureArt · 4.5 out of 5 stars (243). $15.95. Add to cart. Loading. More from this shop."
4495244274,https://www.etsy.com/listing/4495244274,cebu blue pothos,D_plain,Cebu Blue Pothos With Sport Variegation,,,,,,,,,,,,,False,False,False,,,14,False,us/,4” CEBU BLUE Pothos pot - Super LUSH trailing plant - uncommon and narrow leaf - easy care houseplant - green and blue foliage - home decor.
1332753372,https://www.etsy.com/listing/1332753372,cebu blue pothos,D_plain,Cebu Blue Pothos Plant Hanging Basket - 4.5”,,,,,,,,,,,,,False,False,False,,,15,False,us/,"Cebu Blue Pothos Cutting - Epipremnum pinnatum - 1 six inch UNROOTED cutting Cebu Blue Pothos cuttings with multiple nodes, Easy to Root."
1162437469,https://www.etsy.com/listing/1162437469,cebu blue pothos,D_plain,"Rooted Cebu Blue Pothos, Blue Pothos Ivy, Dragon Tail Plant ...",,,,,,,,,,,,,False,False,False,,,16,False,us/,"Watering a Cebu Blue Pothos is very straightforward: water the soil thoroughly, then allow the top inch of soil to dry out completely before watering again."
1868366817,https://www.etsy.com/listing/1868366817,cebu blue pothos,D_plain,"Free Cebu Blue Pothos Starter Plant 2 Inch Pot, Read Description",,,,,,,,,,,,,False,False,False,,,18,False,us/,"FREE Cebu Blue Pothos Plant Starter with the purchase of 2 plants! Please do not purchase this listing unless you've added 2 other plants to your order, ..."
4339093485,https://www.etsy.com/listing/4339093485,christmas cactus,A_owned,Christmas Cactus. Second Photo is Updated,,Christine,"New Orleans, Louisiana",,,,,4.9,197.0,572.0,8 years on Etsy,8.0,False,False,False,,,,False,us/,"Christmas cactus. Second photo is updated ... Owned by Christine |. New Orleans, Louisiana. 4.9 (197). 572 sales. 8 years on Etsy. Message seller · Following ..."
899892631,https://www.etsy.com/listing/899892631,christmas cactus,A_owned,Christmas Cactus Colored DIGITAL DOWNLOAD,,Bettina Dalessandro,"Philadelphia, Pennsylvania",,,,,5.0,19.0,199.0,5 years on Etsy,5.0,False,False,False,,,,True,us/,"Owned by Bettina Dalessandro |. Philadelphia, Pennsylvania. 5.0 (19). 199 sales. 5 years on Etsy. Message seller · Following Follow shop. Shop reviews. View all."
4536449408,https://www.etsy.com/listing/4536449408,christmas cactus,A_owned,Winter Blessings Christmas Cactus Wreath Sign: Lantern,,Stephanie Chandler,"Blakely, Georgia",,,,,5.0,6000.0,23800.0,6 years on Etsy,6.0,False,False,False,,,,False,us/,"... Christmas Cactus ... Christmas Cactus Wreath Sign, Pink Christmas Cactus ... Owned by Stephanie Chandler |. Blakely, Georgia. 5.0 (6k). 23.8k sales. 6 years on Etsy."
1803468841,https://www.etsy.com/listing/1803468841,christmas cactus,A_owned;B_star,Desert Christmas Cactus,CactusLadyFinds,Kayla,United States,,,,,5.0,133.0,316.0,2 years on Etsy,2.0,True,False,False,,,,False,us/,Owned by Kayla |. United States. 5.0 (133). 316 sales. 2 years on Etsy. Message seller · Following Follow shop. This seller usually responds within a few hours ...
1100603531,https://www.etsy.com/listing/1100603531,christmas cactus,A_owned,Christmas Cactus-set of 2-etched Wine Glasses,CheninsCupsNStuff,Chenin Marvin,United States,,,,,5.0,33.0,140.0,8 years on Etsy,8.0,False,False,False,,,,False,us/,Meet your seller. CheninsCupsNStuff · Owned by Chenin Marvin |. United States. 5.0 (33). 140 sales. 8 years on Etsy. Message seller · Following Follow shop.
1354434474,https://www.etsy.com/listing/1354434474,christmas cactus,A_owned,"Pink Christmas Cactus Live Plant, 4 Inch Pot",,Rani Selvaraj,"Aldie, Virginia",,,,,4.3,294.0,1100.0,3 years on Etsy,3.0,False,False,False,,,,False,us/,"Pink Christmas Cactus Live Plant, 4 Inch Pot - Pink Flowering Holiday ... Owned by Rani Selvaraj |. Aldie, Virginia. 4.3 (294). 1.1k sales. 3 years on Etsy."
1320732449,https://www.etsy.com/listing/1320732449,christmas cactus,A_owned;C_ships;D_plain,Thanksgiving Cactus - 'christmas Cactus' - 3 Pack Mix,BudsnBloomsCo,,,"Sparta, TN","Jun 11, 2026",60,,,,,,,False,False,False,,,8,False,us/,"The Schlumbergera Truncata - 'Christmas Cactus' or Thanksgiving Cactus is also called Crab Cactus or False Christmas Cactus, is a winter-flowering, house plant ..."
1064976738,https://www.etsy.com/listing/1064976738,christmas cactus,A_owned;C_ships;D_plain,Christmas Cactus Gift Tags – Desert Garden Pack (set of 10),AbbieRenIllustration,Abbie Renzema,,"Las Vegas, NV","Jul 24, 2026",34,,5.0,,,,,False,False,False,,,19,False,us/,Christmas Cactus ... Meet your seller. AbbieRenIllustration · Owned by Abbie Renzema | ... Find it on Etsy. Home Decor. Melting Snowman ...
1625915477,https://www.etsy.com/listing/1625915477,christmas cactus,A_owned,Christmas Cactus Holiday Sticker,,Abi Jo,"Des Moines, Iowa",,,,,5.0,8.0,65.0,5 years on Etsy,5.0,False,False,False,,,,True,us/,"Owned by Abi Jo |. Des Moines, Iowa. 5.0 (8). 65 sales. 5 years on Etsy. Message seller · Following Follow shop ... Christmas Cactus Sticker: Have Yourself a ..."
1369080361,https://www.etsy.com/listing/1369080361,christmas cactus,A_owned,Christmas Cactus Monogrammed Pillow Cover - Holiday Decor,,Stephanie Miller,"Huntersville, North Carolina",,,,,5.0,336.0,1500.0,6 years on Etsy,6.0,False,False,False,,,,True,us/,"Christmas Cactus ... Owned by Stephanie Miller |. Huntersville, North Carolina. 5.0 (336). 1.5k sales. 6 years on Etsy. Message seller · Following Follow shop."
4340342060,https://www.etsy.com/listing/4340342060,christmas cactus,A_owned,Boho Ceramic Christmas Cactus Ornament (handmade Holiday ...,,Dale Carlson,"Port Charlotte, Florida",,,,,4.9,2200.0,9300.0,4 years on Etsy,4.0,False,False,False,,,,True,us/,"Boho Ceramic Christmas Cactus ... Owned by Dale Carlson |. Port Charlotte, Florida. 4.9 (2.2k). 9.3k sales. 4 years on Etsy. Message seller · Following Follow ..."
686300636,https://www.etsy.com/listing/686300636,christmas cactus,A_owned,Thanksgiving / Christmas Cactus – Mystery Color,,Carrie Smith,"Chesapeake, Virginia",,,,,5.0,82.0,389.0,11 years on Etsy,11.0,False,False,False,,,,False,us/,"Thanksgiving / Christmas Cactus ... Owned by Carrie Smith |. Chesapeake, Virginia. 5.0 (82). 389 sales. 11 years on Etsy. Message seller · Following Follow shop."
4413248223,https://www.etsy.com/listing/4413248223,christmas cactus,A_owned,Fabric Moda Tan Christmas Cactus Florals A Vintage ...,,World Weidner,"Ponca City, Oklahoma",,,,,4.9,3000.0,20400.0,5 years on Etsy,5.0,False,False,False,,,,False,us/,"Fabric Moda Tan Christmas Cactus Florals A ... Owned by World Weidner |. Ponca City, Oklahoma. 4.9 (3k). 20.4k sales. 5 years on Etsy. Message seller · Following ..."
1072168588,https://www.etsy.com/listing/1072168588,christmas cactus,A_owned,Christmas Cactus Gold Clip on Earrings Seed Beaded Clipon ...,,Panhandle Treasure,"Sandpoint, Idaho",,,,,4.8,3300.0,14100.0,14 years on Etsy,14.0,False,False,False,,,,True,us/,"Christmas Cactus Gold Clip On ... Owned by Panhandle Treasure |. Sandpoint, Idaho. 4.8 (3.3k). 14.1k sales. 14 years on Etsy. Message seller · Following Follow ..."
1862676424,https://www.etsy.com/listing/1862676424,christmas cactus,A_owned,Christmas Cactus Print: Abstract Botanical Wall Art,,Rachel Mahon,"Nottingham, United Kingdom",,,,,4.9,510.0,2600.0,7 years on Etsy,7.0,False,False,False,,,,True,us/,"Christmas Cactus Print: Abstract Botanical Wall ... Owned by Rachel Mahon |. Nottingham, United Kingdom. 4.9 (510). 2.6k sales. 7 years on Etsy. Message seller."
1839226699,https://www.etsy.com/listing/1839226699,christmas cactus,A_owned;B_star,"Christmas Cactus Scrub Cap: Long Hair, Nurse, Doctor, Cotton ...",ReasonableCreations,Debra,"Portland, Oregon",,,,,5.0,1000.0,3400.0,9 years on Etsy,9.0,True,False,False,,,,False,us/,"May include: Black scrub hat with a Christmas cactus ... Owned by Debra |. Portland, Oregon. 5.0 (1k). 3.4k sales. 9 years on Etsy. Message seller · Following ..."
4403161086,https://www.etsy.com/listing/4403161086,christmas cactus,A_owned;B_star,Cute Christmas Cactus Badge Buddy Peeker- for Horizontal or ...,NataliaMade,Natalia,"Phoenix, Arizona",,,,,5.0,36300.0,184000.0,13 years on Etsy,13.0,True,False,False,,,,False,us/,"Owned by Natalia |. Phoenix, Arizona. 5.0 (36.3k). 184k sales. 13 years on Etsy. Message seller · Following Follow shop. This seller usually responds within a ..."
738845888,https://www.etsy.com/listing/738845888,christmas cactus,A_owned;D_plain,"Christmas Cactus With Lights PNG, Santa Hat, Hand Drawn ...",,Sush,United States,,,,,3.7,415.0,2400.0,7 years on Etsy,7.0,False,False,False,,,13,False,us/,Christmas Cactus ... Owned by Sush |. United States. 3.7 (415). 2.4k sales. 7 years on Etsy. Message seller · Following Follow shop ... 3 Christmas Cactus Png ...
654018689,https://www.etsy.com/listing/654018689,christmas cactus,A_owned,Greeting Card Christmas Cactus Millie From Cloud Publishing,,lookatmenowjewellery,"Coffs Harbour, Australia",,,,,3.8,64.0,277.0,10 years on Etsy,10.0,False,False,False,,,,True,us/,"Owned by lookatmenowjewellery |. Coffs Harbour, Australia. 3.8 (64). 277 sales. 10 years on Etsy ... Christmas Cactus Greeting Card. $2.99 ..."
1037757987,https://www.etsy.com/listing/1037757987,christmas cactus,A_owned,Colorful Cactus Painting on 12x24 Inch Canvas,MollyBeeArtandGifts,Molly,,,,,,,,166.0,7 years on Etsy,7.0,False,False,False,,,,True,us/,Colorful Cactus Painting on 12x24 inch Canvas - “Christmas Cactus ... Meet your seller. MollyBeeArtandGifts · Owned by Molly | ... 166 sales. 7 years on Etsy.
749464442,https://www.etsy.com/listing/749464442,christmas cactus,A_owned,"Christmas Cactus SVG PNG DXF Digital Cutting File, Merry ...",,Tiffany Case,"Robert Lee, Texas",,,,,4.9,436.0,8500.0,8 years on Etsy,8.0,False,False,False,,,,True,us/,"Christmas Cactus SVG PNG DXF digital cutting file ... Owned by Tiffany Case |. Robert Lee, Texas. 4.9 (436). 8.5k sales. 8 years on Etsy. Message seller."
4348990894,https://www.etsy.com/listing/4348990894,christmas cactus,A_owned,Christmas Cactus Seamless Pattern: Kawaii Holiday Digital ...,,Jenny,"Melbourne, Australia",,,,,5.0,191.0,1400.0,1 year on Etsy,1.0,False,False,False,,,,True,us/,"Owned by Jenny |. Melbourne, Australia. 5.0 (191). 1.4k sales. 1 year on Etsy. Message seller · Following Follow shop."
842259054,https://www.etsy.com/listing/842259054,christmas cactus,A_owned,Contemporary Botanical Art All Occasion Card by Rachel Mahon,,Rachel Mahon,"Nottingham, United Kingdom",,,,,4.9,513.0,2700.0,7 years on Etsy,7.0,False,False,False,,,,True,us/,"Christmas Cactus Card | Contemporary Botanical ... Owned by Rachel Mahon |. Nottingham, United Kingdom. 4.9 (513). 2.7k sales. 7 years on Etsy. Message seller."
4578075722,https://www.etsy.com/listing/4578075722,christmas cactus,A_owned,Christmas Cactus With Bows PNG Sublimation Digital File,,Nazif Can Avci,Europe,,,,,4.9,8000.0,138600.0,6 years on Etsy,6.0,False,False,False,,,,True,us/,Christmas Cactus ... Christmas Cactus with Bows PNG Sublimation ... Owned by Nazif Can Avci |. Europe. 4.9 (8k). 138.6k sales. 6 years on Etsy. Message seller.
1789057176,https://www.etsy.com/listing/1789057176,christmas cactus,A_owned;C_ships,Embroidered Christmas Cactus Crest Wreath Sash With Single ...,ThreadsandHoney,Allison Sherwin,"Louisville, Kentucky","Louisville, KY",,,,5.0,793.0,5300.0,4 years on Etsy,4.0,True,False,False,,,,False,us/,"Embroidered Christmas Cactus ... Owned by Allison Sherwin |. Louisville, Kentucky. 5.0 (793). 5.3k sales. 4 years on Etsy. Message seller · Following Follow shop."
1765883030,https://www.etsy.com/listing/1765883030,christmas cactus,A_owned;B_star,"TRUE CHRISTMAS CACTUS! Healthy, Fully Rooted Starts ...",,Patti Gurel,United States,,,,,4.8,130.0,376.0,2 years on Etsy,2.0,False,False,False,,,,False,us/,Owned by Patti Gurel |. United States. 4.8 (130). 376 sales. 2 years on Etsy. Message seller · Following Follow shop. This seller usually responds within a few ...
1625465624,https://www.etsy.com/listing/1625465624,christmas cactus,A_owned;D_plain,"10"" Bowl Christmas Cactus",Ricardosnurserytrees,Ricardo,"Long Beach, California",,,,,4.9,1100.0,4200.0,4 years on Etsy,4.0,False,False,False,,,15,False,us/,"Meet your seller. Ricardosnurserytrees · Owned by Ricardo |. Long Beach, California. 4.9 (1.1k). 4.2k sales. 4 years on Etsy. Message seller · Following Follow ..."
743024980,https://www.etsy.com/listing/743024980,christmas cactus,A_owned,True Christmas Cactus,,Jayla Soukphaly,United States,,,,,4.8,12000.0,40500.0,7 years on Etsy,7.0,False,False,False,,,,False,us/,Owned by Jayla Soukphaly |. United States. 4.8 (12k). 40.5k sales. 7 years on Etsy. Message seller · Following Follow shop. This seller usually responds within ...
4558857512,https://www.etsy.com/listing/4558857512,christmas cactus,B_star,Thanksgiving/christmas Cactus Starter Plants Choose From ...,WhittonGreenhouses,,,,,,,,,,,,True,False,False,,,,False,us/,Thanksgiving/Christmas cactus starter plants choose from named varieties. WhittonGreenhouses. Star Seller. Star Sellers have an outstanding track record for ...
1339706254,https://www.etsy.com/listing/1339706254,christmas cactus,B_star;C_ships;D_plain,Variegated Schlumbergera Christmas Cactus Plants,AllisonSucculents,,,"Fresno, CA","Sep 25, 2026",548,,,,,,,True,False,False,,,3,False,us/,"Variegated Schlumbergera Christmas Cactus Plants - 2 inch or 4 inch pot. AllisonSucculents. Star Seller ... Matches description, little tender Christmas cactus."
1563486299,https://www.etsy.com/listing/1563486299,christmas cactus,B_star,"Christmas Cactus in 4"" Pots - Black Nursery Pots",DebsCraftMenagerie,,,,,,,,,,,,True,False,False,,,,False,us/,"Christmas Cactus in 4"" Pots - Black Nursery Pots. DebsCraftMenagerie. Star Seller. Star Sellers have an outstanding track record for providing a great customer ..."
1265898268,https://www.etsy.com/listing/1265898268,christmas cactus,B_star;D_plain,Thanksgiving/christmas Cactus Cuttings Choose From Named ...,WhittonGreenhouses,,,,,,,,,,,,True,False,False,,,1,False,us/,Thanksgiving/Christmas cactus cuttings choose from named varieties. WhittonGreenhouses. Star Seller. Star Sellers have an outstanding track record for ...
890882166,https://www.etsy.com/listing/890882166,christmas cactus,B_star,Christmas Cactus Book Sleeve (hardcover),BookNerdChelcie,,,,,,,,,,,,True,False,False,,,,False,us/,Christmas Cactus Book Sleeve (Hardcover). BookNerdChelcie. Star Seller. Star Sellers have an outstanding track record for providing a great customer experience ...
4375951831,https://www.etsy.com/listing/4375951831,christmas cactus,B_star,Christmas Cactus Bookmark With Tassel Holiday ...,GriffonCoGifts,,,,,,,,,,,,True,False,False,,,,False,us/,Christmas Cactus Bookmark with Tassel Holiday Cactus Stocking Stuffer Gift for Readers. GriffonCoGifts. Star Seller. Star Sellers have an outstanding track ...
4405228808,https://www.etsy.com/listing/4405228808,christmas cactus,B_star,"Christmas Cactus in 4"", 6"" Pot | Holiday Plant Gift",BloomingVale,,,,,,,,,,,,True,False,False,,,,False,us/,"Christmas Cactus in 4"", 6"" pot | Holiday Plant Gift. BloomingVale. Star Seller. Star Sellers have an outstanding track record for providing a great customer ..."
880379640,https://www.etsy.com/listing/880379640,christmas cactus,B_star,Cactus Light Christmas Cactus Tree,InGodWeTrustCeramics,,,,,,,,,,,,True,False,False,,,,False,us/,InGodWeTrustCeramics is a star seller Specializes in Seasonal Decor. Reviews ... Cactus Light Christmas Cactus Tree. $125.00.
4318989237,https://www.etsy.com/listing/4318989237,christmas cactus,B_star;D_plain,"Christmas Cactus Shirt, Christmas Shirt, Cowboy ...",ParTeeDesignCO,,,,,,,,,,,,True,False,False,,,17,True,us/,"... Christmas, Cactus Shirt, Xmas Tee. ParTeeDesignCO. Star Seller. Star Sellers have an outstanding track record for providing a great customer experience—they ..."
1334190531,https://www.etsy.com/listing/1334190531,christmas cactus,B_star,"Assorted Bloom Color, Christmas Cactus, Live Houseplant ...",ThorsensGreenhouse,,,,,,,,,,,,True,False,False,,,,False,us/,May include: A green Christmas cactus plant with pink buds growing in a gold pot ... ThorsensGreenhouse is a star seller Specializes in Plants. Reviews for this ...
4512936075,https://www.etsy.com/listing/4512936075,christmas cactus,B_star,"12"" Christmas Cactus Pick Green Orange. SKU:CC2233OR",valleysilk,,,,,,,,,,,,True,False,False,,,,False,us/,"12"" Christmas cactus pick green orange. ... valleysilk is a star seller Specializes in Craft Supplies & Tools. Be the first to review this item."
4408360173,https://www.etsy.com/listing/4408360173,christmas cactus,B_star,"Christmas Cactus Tee, Merry Cactusmas Tshirt, Garderner ...",ComfortZoneShirts,,,,,,,,,,,,True,False,False,,,,True,us/,"Christmas Cactus Tee, Merry Cactusmas Tshirt, Garderner Christmas Gift, Christmas Cactus Tee Retro,Cactus Lover Gift. ComfortZoneShirts. Star Seller."
4565015784,https://www.etsy.com/listing/4565015784,christmas cactus,B_star,"Faux Red Christmas Cactus Plant: off White Ceramic Pot,",viabelladesignstudio,,,,,,,,,,,,True,False,False,,,,False,us/,"Faux Red Christmas Cactus plant: Off White Ceramic Pot,. viabelladesignstudio. Star Seller. Star Sellers have an outstanding track record for providing a great ..."
1110470239,https://www.etsy.com/listing/1110470239,christmas cactus,B_star,"Christmas Cactus Felt Ornament, Embroidered, Cacti With ...",SewMuchMoreStore,,,,,,,,,,,,True,False,False,,,,True,us/,"Christmas Cactus Felt Ornament, Embroidered, Cacti with Lights, ... SewMuchMoreStore is a star seller. Reviews for this item. 5.0. Item average. We ..."
4387470212,https://www.etsy.com/listing/4387470212,christmas cactus,B_star,"Handmade Houseplant Cactus, Home Decor, Holiday Gifts",LittleForestCityArts,,,,,,,,,,,,True,False,False,,,,False,us/,"Crochet christmas cactus Pot: handmade houseplant cactus, Home Decor, holiday gifts ... LittleForestCityArts is a star seller. Be the ..."
1069904255,https://www.etsy.com/listing/1069904255,christmas cactus,B_star,"Thanksgiving/christmas Cactus - Organically Grown - 4"" Tall",Viewlake,,,,,,,,,,,,True,False,False,,,,False,us/,"Thanksgiving/Christmas Cactus - Organically Grown - 4"" Tall - Red Cactus - Holiday Cactus Live Plant. Viewlake. Star Seller."
4518761878,https://www.etsy.com/listing/4518761878,christmas cactus,C_ships,"Zygo Cactus (M132C), 2'' Cutting, Rare Succulent",BruceGarden,,,United States,"Jun 12, 2026",,,,,,,,False,False,False,,,,False,us/,"This Plants item is sold by BruceGarden. Ships from United States. Listed on Jun 12, 2026. ... New Hybrid Christmas Cactus ... Christmas Cactus Red. Yellow. White - ..."
4317258237,https://www.etsy.com/listing/4317258237,christmas cactus,C_ships,"Bundle of 3 Holiday Cactus – Christmas, Easter & ...",SemestaGarden,,,"North Adams, MA","Jun 10, 2026",9,,,,,,,False,False,False,,,,False,us/,"This Succulents & Cacti item by SemestaGarden has 9 favorites from Etsy shoppers. Ships from North Adams, MA. Listed on Jun 10, 2026."
4513281172,https://www.etsy.com/listing/4513281172,christmas cactus,C_ships,"Christmas Cactus 4"" Live Flowering Cactus | Surprise Color",RvsdGreenhouses,,,"Mira Loma, CA","May 29, 2026",,,,,,,,False,False,False,,,,False,us/,"This House Plants item is sold by RvsdGreenhouses. Ships from Mira Loma, CA. Listed on May 29, 2026. ... Holiday Cactus – Assorted Bloom Color, Christmas Cactus, ..."
4518753183,https://www.etsy.com/listing/4518753183,christmas cactus,C_ships,"Holiday Cactus (M130C), 2'' Cutting, Rare Succulent",BruceGarden,,,United States,"Jun 12, 2026",,,,,,,,False,False,False,,,,False,us/,"This Plants item is sold by BruceGarden. Ships from United States. Listed on Jun 12, 2026. ... New Hybrid Christmas Cactus | Holiday Cactus (M130C), 2'' Cutting,."
4490962984,https://www.etsy.com/listing/4490962984,christmas cactus,C_ships;D_plain,RARE 'CASTELLANA' Christmas Cactus Thanksgiving ...,,,,"Los Angeles, CA",,,,,,,,,False,False,False,,,2,False,us/,"RARE 'CASTELLANA' Christmas Cactus Thanksgiving Schlumbergera Zygo Full Potted 3 Rooted Plants ... Ships from Los Angeles, CA. Etsy invests in ... You may also like."
1196870718,https://www.etsy.com/listing/1196870718,christmas cactus,C_ships;D_plain,Thanksgiving Christmas Cactus Assortment 5 Starter Size ...,,,,,,,,,,,,,False,False,False,,,7,False,us/,Christmas Cactus Live Plant. Thanksgiving Cactus. Variegated Holiday Cactus. Item details. Highlights. Handpicked by WhittonGreenhouses. Ships from Delaware!
1827849676,https://www.etsy.com/listing/1827849676,christmas cactus,C_ships,Christmas Cactus With Bloom Buds Indoor Home Decor,NYCitySucculents,,,"Astoria, NY","Sep 26, 2026",345,,,,,,,False,False,False,,,,False,us/,"This House Plants item by NYCitySucculents has 345 favorites from Etsy shoppers. Ships from Astoria, NY. Listed on Sep 26, 2026. ... Holiday Christmas Cactus ..."
1109623922,https://www.etsy.com/listing/1109623922,christmas cactus,C_ships,"CHRISTMAS HOLIDAY CACTUS Red- 3"" Nursery Growing ...",FarmerJoePlantsStore,,,"Hudson, FL","Sep 9, 2026",79,,,,,,,False,False,False,,,,False,us/,"This Plants item by FarmerJoePlantsStore has 79 favorites from Etsy shoppers. Ships from Hudson, FL. Listed on Sep 9, 2026."
4355773522,https://www.etsy.com/listing/4355773522,christmas cactus,C_ships,TRUE CHRISTMAS Cacti -- Schlumbergera Bridgesii ...,frugalfranks,,,"Youngstown, PA","Jun 7, 2026",7,,,,,,,False,False,False,,,,False,us/,"This Plants item by frugalfranks has 7 favorites from Etsy shoppers. Ships from Youngstown, PA. Listed on Jun 7, 2026."
1793645802,https://www.etsy.com/listing/1793645802,christmas cactus,C_ships,Saguaro Christmas Cactus Christmas Ornament With Lights and ...,littleornament,,,"Grapevine, TX","May 24, 2026",9,,,,,,,False,False,False,,,,True,us/,"This Christmas Ornaments item by littleornament has 9 favorites from Etsy shoppers. Ships from Grapevine, TX. Listed on May 24, 2026. ... Christmas Cactus ..."
4518764110,https://www.etsy.com/listing/4518764110,christmas cactus,C_ships,"Holiday Cactus 'rosaire' (M133C), 2'' Cutting, Rare Succulent",BruceGarden,,,United States,"Jul 12, 2026",,,,,,,,False,False,False,,,,False,us/,"This Plants item is sold by BruceGarden. Ships from United States. Listed on Jul 12, 2026. ... New Hybrid Christmas Cactus | Holiday Cactus 'Rosaire' (M133C), 2'."
1605905353,https://www.etsy.com/listing/1605905353,christmas cactus,C_ships;D_plain,Christmas Cactus Placemat,SunflowerHouseShoppe,,,"Huntington Woods, MI","Apr 17, 2026",6,,,,,,,False,False,False,,,4,False,us/,"This Placemats item by SunflowerHouseShoppe has 6 favorites from Etsy shoppers. Ships from Huntington Woods, MI. Listed on Apr 17, 2026. ... Christmas Cactus ..."
4518247285,https://www.etsy.com/listing/4518247285,christmas cactus,C_ships,"Schlumbergera Truncata (M126C), 2'' Cutting, Rare Succulent",BruceGarden,,,United States,"Aug 1, 2026",17,,,,,,,False,False,False,,,,False,us/,"This Plants item by BruceGarden has 17 favorites from Etsy shoppers. Ships from United States. Listed on Aug 1, 2026. ... New Hybrid Christmas Cactus ..."
904867314,https://www.etsy.com/listing/904867314,christmas cactus,C_ships,"1 or 2ply 12""x11"" Christmas Cactus / Cloth Cotton Flannel ...",LanCraftUS,,,"Austin, TX","Aug 22, 2026",7,,,,,,,False,False,False,,,,False,us/,"This Kitchen & Tea Towels item by LanCraftUS has 7 favorites from Etsy shoppers. Ships from Austin, TX. Listed on Aug 22, 2026."
1605318327,https://www.etsy.com/listing/1605318327,christmas cactus,C_ships,Christmas Plant Mom Gift - Cactus Plant Sweater,CustomixDesign,,,"Richardson, TX","Mar 24, 2026",21,,,,,,,False,False,False,,,,False,us/,"This Gender-Neutral Adult Sweatshirts item by CustomixDesign has 21 favorites from Etsy shoppers. Ships from Richardson, TX. Listed on Mar 24, 2026."
4509372622,https://www.etsy.com/listing/4509372622,christmas cactus,D_plain,"Ceramic Lighted Saguaro Christmas Cactus 10-1/2""",,,,,,,,,,,,,False,False,False,,,5,False,us/,"Lighted Christmas Cactus. $55.00 · Ceramic Christmas Cactus with colorful lights and light bulbs included 11"" Tall. Ceramic ..."
4489920486,https://www.etsy.com/listing/4489920486,christmas cactus,D_plain,"Red Christmas Cactus Plant 2"" Schlumbergera Live Houseplant ...",,,,,,,,,,,,,False,False,False,,,6,False,us/,May include: Close-up of a Christmas cactus with vibrant red flowers and green.
4410013072,https://www.etsy.com/listing/4410013072,christmas cactus,D_plain,The True Christmas Cactus. Color Carnation Pink. Well ...,,,,,,,,,,,,,False,False,False,,,9,False,us/,Key Identification : The easiest way to differentiate a true Christmas cactus from other holiday cacti is by the shape of its stem segments ( ...
4337397648,https://www.etsy.com/listing/4337397648,christmas cactus,D_plain,Christmas Cactus - Pink Blooms - Massive Mother Plant,,,,,,,,,,,,,False,False,False,,,10,False,us/,"May include: A vibrant green Christmas cactus plant with segmented, flat leaves. The."
4564364688,https://www.etsy.com/listing/4564364688,christmas cactus,D_plain,"Faux Christmas Cactus Plant, Mercury Glass Pot",,,,,,,,,,,,,False,False,False,,,18,False,us/,Artificial Christmas Cactus plant potted in a mercury glass pot with deer moss. Real looking without the care of real. Just spray with silk flower cleaner ...
1598351038,https://www.etsy.com/listing/1598351038,christmas cactus,D_plain,"Christmas Cactus, Western Christmas Tree Art ...",,,,,,,,,,,,,False,False,False,,,20,False,us/,"Christmas Cactus, Western Christmas Tree Art, Western Christmas Decor, Colorful Christmas, Retro Christmas Wall Art, UNFRAMED. WildKindPrints."
4398101796,https://www.etsy.com/listing/4398101796,hoya australis lisa,A_owned;C_ships;D_plain,Hoya Australis Lisa,,Brent,"Jeffersonville, Indiana","Jeffersonville, IN","Jul 5, 2026",,20.0,5.0,69.0,177.0,2.5 years on Etsy,2.5,False,False,False,,,1,False,us/,"Hoya australis lisa. BrentandtheBeanstalk. 5 out of ... Owned by Brent |. Jeffersonville, Indiana. 5.0 (69). 177 sales. 2.5 years on Etsy. Message seller."
4517463512,https://www.etsy.com/listing/4517463512,hoya australis lisa,A_owned,Hoya Australis Lisa 6” Pot Very Pretty,,Zaira Camargo,"Los Angeles, California",,,,,4.7,2100.0,4900.0,4 years on Etsy,4.0,False,False,False,,,,False,us/,"Owned by Zaira Camargo |. Los Angeles, California. 4.7 (2.1k). 4.9k sales. 4 years on Etsy. Message seller · Following Follow shop ... Hoya australis lisa."
4517570814,https://www.etsy.com/listing/4517570814,hoya australis lisa,A_owned;C_ships;D_plain,Hoya Australis Lisa 4” / Live Plant Ready to Ship,,Joelibeth Portillo,United States,"Apopka, FL","Jun 6, 2026",,,4.7,1900.0,4500.0,4 years on Etsy,4.0,False,False,False,,,2,False,us/,"Owned by Joelibeth Portillo |. United States. 4.7 (1.9k). 4.5k sales. 4 years on Etsy ... Hoya Australis Lisa. $16.00. Listed on Jun 6, 2026."
4383417655,https://www.etsy.com/listing/4383417655,hoya australis lisa,A_owned,Hoya Lisa Australis **1 Node CUTTING,,Linda,United States,,,,,4.8,102.0,248.0,2 years on Etsy,2.0,False,False,False,,,,False,us/,Owned by Linda |. United States. 4.8 (102). 248 sales. 2 years on Etsy. Message seller · Following Follow shop.
4517467693,https://www.etsy.com/listing/4517467693,hoya australis lisa,A_owned,Hoya Australis Lisa 6” Pot Very Pretty,Camargosplantas,Zaira Camargo,,,,,,,,4900.0,4 years on Etsy,4.0,False,False,False,,,,False,us/,Meet your seller. Camargosplantas · Owned by Zaira Camargo | ... 4.9k sales. 4 years on Etsy. Message seller · Following Follow shop ... You may also like. See more ...
1056631907,https://www.etsy.com/listing/1056631907,hoya australis lisa,A_owned;C_ships;D_plain,"Rare Hoya Australis Lisa - 3"" From Tropical Ambiance",TropicalAmbiance,Tropical Ambiance,United States,"Mira Loma, CA","Sep 4, 2026",160,,4.8,14700.0,38600.0,,,False,False,False,,,5,False,us/,"Rare Hoya Australis Lisa - 3"" from Tropical Ambiance. TropicalAmbiance. 5 ... Owned by Tropical Ambiance |. United States. 4.8 (14.7k). 38.6k sales. 6 years on ..."
4542823667,https://www.etsy.com/listing/4542823667,hoya australis lisa,A_owned;B_star;C_ships,Hoya Australis Lisa Plant,DsGardenandTreasures,Mrs. D,"Texas, United States","San Antonio, TX","Jul 23, 2026",2,,4.9,1600.0,3200.0,3 years on Etsy,3.0,True,False,False,,,,False,us/,"Hoya Australis Lisa ... Owned by Mrs. D |. Texas, United States. 4.9 (1.6k). 3.2k sales. 3 years on Etsy ... You may also like. See more · Hoya Australis Lisa."
4569071910,https://www.etsy.com/listing/4569071910,hoya australis lisa,A_owned,Exact Plant Hoya Australis Lisa Specific 4” Pot 18081FEE,TheGreenEscape,The Green Escape,,,,,,,,,,,False,False,False,,,,False,us/,Exact Plant Hoya Australis Lisa ... Meet your seller. TheGreenEscape · Owned by The Green Escape | ... Sell on Etsy Opens a new tab · Teams Opens a new ...
4570248524,https://www.etsy.com/listing/4570248524,hoya australis lisa,A_owned,"Hoya Australis 'lisa' - 3 Rooted Plants - 4"" Pot",,January,"Athens, Alabama",,,,,5.0,15.0,31.0,3 months on Etsy,0.25,False,False,False,,,,False,us/,"Hoya Australis 'Lisa' - 3 rooted plants - 4"" pot ... Hoya Australis 'Lisa': You will ... Owned by January |. Athens, Alabama. 5.0 (15). 31 sales. 3 months on Etsy."
4536892116,https://www.etsy.com/listing/4536892116,hoya australis lisa,A_owned;B_star,"Hoya Australis 'lisa', 4"" Live Plant, Exact",onemoreplantShop,Danielle,"Denver, Colorado",,,,,5.0,86.0,254.0,1 year on Etsy,1.0,True,False,False,,,,False,us/,"Hoya Australis 'Lisa', 4"" Live Plant, Exact image 1 ... Hoya Australis 'Lisa', 4 ... Owned by Danielle |. Denver, Colorado. 5.0 (86). 254 sales. 1 year on Etsy."
4470352308,https://www.etsy.com/listing/4470352308,hoya australis lisa,A_owned;C_ships;D_plain,"Hoya Australis Lisa, 5” Pot Actual Plant",GreenMillennium,Lisa,"Miami, Florida","Homestead, FL","Mar 11, 2026",6,,4.9,6700.0,16900.0,6 years on Etsy,6.0,False,False,False,,,16,False,us/,"Meet your seller. GreenMillennium · Owned by Lisa |. Miami, Florida. 4.9 (6.7k). 16.9k sales. 6 years on Etsy. Message seller · Following Follow shop."
1713342705,https://www.etsy.com/listing/1713342705,hoya australis lisa,A_owned;B_star;C_ships,Hoya Australis Lisa,crzyplnt,S W,"San Diego, California","San Diego, CA","Aug 11, 2026",13,,5.0,171.0,366.0,3 years on Etsy,3.0,True,False,False,,,,False,us/,"Hoya Australis Lisa ... Owned by S W |. San Diego, California. 5.0 (171). 366 sales. 3 years on Etsy. Message seller · Following Follow shop ... You may also like."
1128946409,https://www.etsy.com/listing/1128946409,hoya australis lisa,A_owned,Hoya Australis Variegated “lisa” - Sterling Silver Earrings,ForTheLoveOfFoliage,Emily,"Cleveland, Ohio",,,,,4.8,111.0,628.0,6 years on Etsy,6.0,False,False,False,,,,True,us/,"Meet your seller. ForTheLoveOfFoliage · Owned by Emily |. Cleveland, Ohio. 4.8 (111). 628 sales. 6 years on Etsy. Message seller · Following Follow shop."
4535476650,https://www.etsy.com/listing/4535476650,hoya australis lisa,A_owned;B_star;C_ships,Hoya Australis Lisa,CaliforniaNatClassic,3shxk4xqu48ev7pc,"Chatsworth, California","Chatsworth, CA","Jul 9, 2026",,,5.0,105.0,262.0,9 months on Etsy,0.75,True,False,False,,,,False,us/,"Owned by 3shxk4xqu48ev7pc |. Chatsworth, California. 5.0 (105). 262 sales. 9 months on Etsy. Message seller · Following Follow shop. This seller usually ..."
4583981729,https://www.etsy.com/listing/4583981729,hoya australis lisa,A_owned,"Hoya Australis 'lisa' Variegated: Rare Tropical Indoor Vine (4"" Pot)",,TerraLuxe Creations,"Fullerton, California",,,,,4.8,120.0,326.0,11 months on Etsy,0.92,False,False,False,,,,False,us/,"Brighten your plant collection with the Hoya Australis Lisa ... Owned by TerraLuxe Creations |. Fullerton, California. 4.8 (120). 326 sales. 11 months on Etsy."
1776398163,https://www.etsy.com/listing/1776398163,hoya australis lisa,A_owned;B_star,Hoya Australis Lisa 6in Pot,,RockNLeaf,"Vista, California",,,,,5.0,1000.0,2300.0,2.5 years on Etsy,2.5,False,False,False,,,,False,us/,"Owned by RockNLeaf |. Vista, California. 5.0 (1k). 2.3k sales. 2.5 years on Etsy ... Hoya Australis Lisa 6in Pot. $75.00."
4545687284,https://www.etsy.com/listing/4545687284,hoya australis lisa,A_owned;C_ships,Hoya Australis Lisa Live Plant | Hoyas Variegated Starter Plants,NYCitySucculents,Julio,,"Dunnellon, FL","Jul 28, 2026",,,,,66500.0,6 years on Etsy,6.0,False,False,False,,,,False,us/,Hoya Australis Lisa ... Meet your seller. NYCitySucculents · Owned by Julio | ... 66.5k sales. 6 years on Etsy. Message seller · Following Follow shop.
4415947841,https://www.etsy.com/listing/4415947841,hoya australis lisa,A_owned,Real Picture Hoya Australis Lisa Inner Variegated Tricolor ...,,M Dinar Kafabih,Indonesia,,,,,4.7,21.0,76.0,9 months on Etsy,0.75,False,False,False,,,,False,us/,Real Picture Hoya Australis Lisa Inner Variegated ... Owned by M Dinar Kafabih |. Indonesia. 4.7 (21). 76 sales. 9 months on Etsy. Message seller · Following ...
1240929445,https://www.etsy.com/listing/1240929445,hoya australis lisa,A_owned;C_ships;D_plain,Hoya Australis Lisa,VariegateCo,Variegate Co.,"Ohio, United States","Wilmington, OH","Jun 11, 2026",4,,5.0,254.0,2500.0,5 years on Etsy,5.0,False,False,False,,,10,False,us/,"Owned by Variegate Co. |. Ohio, United States. 5.0 (254). 2.5k sales. 5 years on Etsy. Message seller · Following Follow shop ... Hoya Australis Lisa. $18.00 ..."
4509993925,https://www.etsy.com/listing/4509993925,hoya australis lisa,A_owned;B_star,Hoya Australis Lisa Variegated 4in Pot,CaliforniaNatClassic,3shxk4xqu48ev7pc,"Chatsworth, California",,,,,5.0,72.0,195.0,8 months on Etsy,0.67,True,False,False,,,,False,us/,"Hoya Australis Lisa ... Hoya Australis Lisa Variegated 4in pot ... Owned by 3shxk4xqu48ev7pc |. Chatsworth, California. 5.0 (72). 195 sales. 8 months on Etsy."
4522590089,https://www.etsy.com/listing/4522590089,hoya australis lisa,A_owned;C_ships,Hoya Lisa /variegated Australis 6 Inches Pot,JEWLPLANTS,ARAM ADOURIAN,"Los Angeles, California","Los Angeles, CA","Jun 15, 2026",3,,4.9,1600.0,3400.0,4 years on Etsy,4.0,False,False,False,,,,False,us/,"Owned by ARAM ADOURIAN |. Los Angeles, California. 4.9 (1.6k). 3.4k sales. 4 years on Etsy. Message seller · Following Follow shop."
1042670566,https://www.etsy.com/listing/1042670566,hoya australis lisa,A_owned;C_ships,"Rare Hoya Australis Lisa - 4"" From Tropical Ambiance",TropicalAmbiance,Tropical Ambiance,United States,"Mira Loma, CA","Sep 7, 2026",1319,,4.8,14600.0,38600.0,6 years on Etsy,6.0,False,False,False,,,,False,us/,Meet your seller. TropicalAmbiance · Owned by Tropical Ambiance |. United States. 4.8 (14.6k). 38.6k sales. 6 years on Etsy. Message seller · Following Follow ...
4468186645,https://www.etsy.com/listing/4468186645,hoya australis lisa,A_owned,Hoya Australis Brookfield,,Andrew Troubatchov,United States,,,,,4.9,1400.0,3000.0,4 years on Etsy,4.0,False,False,False,,,,False,us/,"Owned by Andrew Troubatchov |. United States. 4.9 (1.4k). 3k sales. 4 years on Etsy ... Hoya Australis 3”. $8.00 · Rare Hoya Australis Lisa - 2.5"" from ..."
1565624800,https://www.etsy.com/listing/1565624800,hoya australis lisa,A_owned,Hoya Australis 'lisa',,SD Tropics,"Santa Clara, California",,,,,3.9,22.0,48.0,2.5 years on Etsy,2.5,False,False,False,,,,False,us/,"Owned by SD Tropics |. Santa Clara, California. 3.9 (22). 48 sales. 2.5 years on Etsy. Message seller · Following Follow shop. Shop reviews. View all. Why are ..."
1059193259,https://www.etsy.com/listing/1059193259,hoya australis lisa,A_owned;B_star,"4” Hoya Australis Lisa, Live Plants, Houseplants",JacquelineHomeGarden,,,,,,,4.9,12200.0,35900.0,8 years on Etsy,8.0,True,False,False,,,,False,us/,"4” Hoya Australis Lisa, Live Plants, Houseplants. JacquelineHomeGarden. Star Seller ... Owned by Jacqueline Esmailpour. 4.9 (12.2k). 35.9k sales. 8 years on Etsy."
4549759235,https://www.etsy.com/listing/4549759235,hoya australis lisa,A_owned,"Hoya Australis Lisa, 5” Pot Actual Plant",GreenMillennium,Lisa,"Miami, Florida",,,,,4.9,6800.0,17200.0,7 years on Etsy,7.0,False,False,False,,,,False,us/,"Meet your seller. GreenMillennium · Owned by Lisa |. Miami, Florida. 4.9 (6.8k). 17.2k sales. 7 years on Etsy. Message seller · Following Follow shop."
1621728569,https://www.etsy.com/listing/1621728569,hoya australis lisa,A_owned,Hoya Australis Lisa 4” “ALL PLANTS Require You to ...,,The Green Escape,"Florida, United States",,,,,4.7,265800.0,873700.0,6 years on Etsy,6.0,False,False,False,,,,False,us/,"Hoya australis lisa 4” “ALL PLANTS require you to purchase 2 ... Owned by The Green Escape |. Florida, United States. 4.7 (265.8k). 873.7k sales. 6 years on Etsy."
4327868607,https://www.etsy.com/listing/4327868607,hoya australis lisa,A_owned,Australis Lisa - Live Hoya 4,,Michael,United States,,,,,4.9,2800.0,7900.0,,,False,False,False,,,,False,us/,May include: A potted Hoya Australis Lisa plant with variegated green and yellow leaves. ... Owned by Michael |. United States. 4.9 (2.8k). 7.9k sales. 3 years ...
1056254703,https://www.etsy.com/listing/1056254703,hoya australis lisa,A_owned,"Rare Hoya Australis Lisa - 2.5"" From California Tropicals",CaliforniaTropicals,California Tropicals LLC,United States,,,,,4.8,54300.0,165700.0,7 years on Etsy,7.0,False,False,False,,,,False,us/,Meet your seller. CaliforniaTropicals · Owned by California Tropicals LLC |. United States. 4.8 (54.3k). 165.7k sales. 7 years on Etsy. Message seller.
4537321187,https://www.etsy.com/listing/4537321187,hoya australis lisa,B_star,Hoya Australis 'lisa' - Inner Variegated - Exact Plant,AmericanCenturyShop,,,,,,,,,,,,True,False,False,,,,False,us/,Hoya Australis 'Lisa' - Inner Variegated - Exact Plant. AmericanCenturyShop. Star Seller. Star Sellers have an outstanding track record for providing a great ...
1688972155,https://www.etsy.com/listing/1688972155,hoya australis lisa,B_star;D_plain,"Hoya Australis Lisa: Tricolor Wax Plant, Fragrant Blooms (2 ...",BrumleyandBloom,,,,,,,,,,,,True,False,False,,,15,False,us/,"Hoya Australis Lisa: Tricolor Wax Plant, Fragrant Blooms (2"" Pot). BrumleyandBloom. Star Seller. Star Sellers have an outstanding track record for providing a ..."
4568493535,https://www.etsy.com/listing/4568493535,hoya australis lisa,B_star,Hoya Australis Lisa in a 4.25 Inch Pot / Beautiful Scented ...,AnniesGardenGems,,,,,,,,,,,,True,False,False,,,,False,us/,Hoya Australis Lisa in a 4.25 inch pot / Beautiful Scented Flowers / Easy Care / Fast Growing / Exact Plant. AnniesGardenGems. Star Seller.
4535459381,https://www.etsy.com/listing/4535459381,hoya australis lisa,B_star;C_ships;D_plain,Hoya Australis Lisa Variegated on Trellis,CaliforniaNatClassic,,,"Chatsworth, CA","Jul 26, 2026",,,,,,,,True,False,False,,,20,False,us/,Hoya Australis Lisa Variegated on Trellis. CaliforniaNatClassic. Star Seller. Star Sellers have an outstanding track record for providing a great customer ...
4570159720,https://www.etsy.com/listing/4570159720,hoya australis lisa,B_star;C_ships,6in Hoya Australis 'lisa' Live Plant,PeachTreeGardensLLC,,,"Oceanside, CA","Sep 6, 2026",,,,,,,,True,False,False,,,,False,us/,"6in Hoya Australis 'Lisa' Live Plant – Variegated Hoya Houseplant, Rare Tropical Indoor Plant, Colorful Wax Plant. PeachTreeGardensLLC. Star Seller."
4471675018,https://www.etsy.com/listing/4471675018,hoya australis lisa,B_star;D_plain,Hoya Australis Lisa Live Plant | Tropical House Plant | Pet Safe ...,JustInKhas,,,,,,,,,,,,True,False,False,,,9,False,us/,Hoya Australis Lisa ... JustInKhas is a star seller. Be the first to review this item.
4482537804,https://www.etsy.com/listing/4482537804,hoya australis lisa,B_star,Hoya Australis Lisa,plantproperco,,,,,,,,,,,,True,False,False,,,,False,us/,plantproperco is a star seller Specializes in Plants. Reviews for this item ... Hoya Australis Lisa. $25.00.
4472957793,https://www.etsy.com/listing/4472957793,hoya australis lisa;hoya sunrise,A_owned;B_star,Hoya 'candy' | 2-inch | Exact Plant | Free Live Arrival Guarantee,HoyaTreasures,Rebecca,"Orem, Utah",,,,,5.0,3200.0,7600.0,5 years on Etsy,5.0,True,False,False,,,,False,us/,Hoya 'Candy' | 2-Inch | Exact Plant | Free Live Arrival Guarantee. HoyaTreasures. Star Seller ... HoyaTreasures is a star seller Specializes in Plants. Be the ...
4345832388,https://www.etsy.com/listing/4345832388,hoya australis lisa,B_star,"Hoya Lisa Variegated Tricolor- Live, Rooted Houseplant",HandRFarms,,,,,,,,,,,,True,False,False,,,,False,us/,"Hoya Lisa Variegated Tricolor- Live, Rooted Houseplant. HandRFarms. Star Seller ... HandRFarms is a star seller ... Hoya Australis Lisa Plant | Rooted Variegated ..."
1783540493,https://www.etsy.com/listing/1783540493,hoya australis lisa,B_star,Hoya 'viola' Rooted and Actively Growing,ElenasGreenPlanet,,,,,,,,,,,,True,False,False,,,,False,us/,ElenasGreenPlanet is a star seller. Be the first to review this item.
4313903130,https://www.etsy.com/listing/4313903130,hoya australis lisa,B_star,"14"" Australis Lisa Variegated Hoya Shipped in Hanging ...",AnnsAccentsShop,,,,,,,,,,,,True,False,False,,,,False,us/,AnnsAccentsShop is a star seller. Be the first to review this item. This ... Hoya Australis Outer Variegated - opens in new tab · Hoya Big Leaf - opens in ...
4507915159,https://www.etsy.com/listing/4507915159,hoya australis lisa,B_star,Hoya Freddie Splash,DivineFoliage,,,,,,,,,,,,True,False,False,,,,False,us/,DivineFoliage is a star seller. Be the first to ... Meet your seller. DivineFoliage. Star Seller ... Hoya Australis Lisa Hanging Basket - opens in new tab.
4579813830,https://www.etsy.com/listing/4579813830,hoya australis lisa,C_ships,Exact Plant Hoya Australis Lisa Specific 4” Pot 18762MAE,TheGreenEscape,,,"Eustis, FL","Sep 21, 2026",,,,,,,,False,False,False,,,,False,us/,"This Indoor Planters item is sold by TheGreenEscape. Ships from Eustis, FL. Listed on Sep 21, 2026. ... Exact Plant Hoya Australis Lisa Specific 4” Pot 18762MAE | ..."
4545535502,https://www.etsy.com/listing/4545535502,hoya australis lisa,C_ships;D_plain,Funny Hoya Australis Lisa Shirt - Retro House Plants Gift,AnnasPlantlings,,,Texas,,,,5.0,,,,,False,False,False,,,12,True,us/,Funny Hoya Australis Lisa Shirt - Retro House Plants Gift - Sarcastic Hoya Australis Lisa Clothing. AnnasPlantlings. 5 out of 5 stars. Ships from Texas.
4533441490,https://www.etsy.com/listing/4533441490,hoya australis lisa,C_ships;D_plain,"Hoya Australis 'lisa', Rooted Cutting, Exact",onemoreplantShop,,,"Denver, CO","Jul 6, 2026",,,,,,,,False,False,False,,,3,False,us/,"This House Plants item is sold by onemoreplantShop. Ships from Denver, CO. Listed on Jul 6, 2026. ... Hoya Australis 'Lisa', Rooted Cutting, Exact."
4567452441,https://www.etsy.com/listing/4567452441,hoya australis lisa,C_ships,Hoya Australis Lisa Live Plant | Variegated Wax Plant,MayteesGarden,,,"Miami, FL","Sep 2, 2026",,,,,,,,False,False,False,,,,False,us/,"This House Plants item is sold by MayteesGarden. Ships from Miami, FL. Listed on Sep 2, 2026. ... Hoya Australis Lisa Live Plant | Variegated Wax ... Plant: Hoya ..."
4530082791,https://www.etsy.com/listing/4530082791,hoya australis lisa,C_ships,Variegated Hoya Australis Lisa | Live Indoor Wax Plant ...,,,,"Freeville, NY","Jun 29, 2026",,,,,,,,False,False,False,,,,False,us/,"Ships from Freeville, NY. Listed on Jun 29, 2026. ... Variegated Hoya Australis Lisa | Live Indoor Wax Plant Houseplant in 3"" Terrazzo Planter with. zoom image 2 ..."
1484725056,https://www.etsy.com/listing/1484725056,hoya australis lisa,C_ships,Hoya Australis Lisa,PlantObsessedSD,,,"San Diego, CA","Aug 21, 2026",504,,,,,,,False,False,False,,,,False,us/,"This House Plants item by PlantObsessedSD has 504 favorites from Etsy shoppers. Ships from San Diego, CA. Listed on Aug 21, 2026. ... Hoya ..."
4517463158,https://www.etsy.com/listing/4517463158,hoya australis lisa,D_plain,Hoya Australis Lisa 6” Pot Very Pretty,,,,,,,,,,,,,False,False,False,,,4,False,us/,"Hoya Australis Lisa Variegation-High variegation-Hoya australis ssp. tenuipes 'Lisa'- Multiple size options. $24.00 · Hoya Australis Lisa 4"" Pot. Hoya ..."
4461352019,https://www.etsy.com/listing/4461352019,hoya australis lisa,D_plain,Hoya Australis Lisa-variegated Hoya,,,,,,,,,,,,,False,False,False,,,6,False,us/,This is a Hoya Australis Lisa-Variegated Hoya. All plants on the shop ship in soil in four inch pots unless specified. The last picture in the selection is ...
4538470923,https://www.etsy.com/listing/4538470923,hoya australis lisa,D_plain,Exact Plant Hoya Australis Lisa Specific 4” Pot 13090SME,,,,,,,,,,,,,False,False,False,,,7,False,us/,"May include: A Hoya plant featuring thick, waxy, ovate leaves with variegated patterns. zoom image 7 of 8. Exact Plant Hoya Australis Lisa Specific 4” Pot ..."
4495146604,https://www.etsy.com/listing/4495146604,hoya australis lisa,D_plain,"Hoya Australis 'lisa', Rooted Cutting, Exact",,,,,,,,,,,,,False,False,False,,,8,False,us/,Hoya Australis Lisa | Variegated Australis | 6 Inch and 4 Inch. $30.99 ...
4354727308,https://www.etsy.com/listing/4354727308,hoya australis lisa,D_plain,Hoya Australis Lisa - Exact Plant - Stunning Variegation,,,,,,,,,,,,,False,False,False,,,13,False,us/,"Hoya australis 'Lisa' – Fully rooted in a chunky, well-draining Hoya mix. This exact plant boasts stunning variegated foliage with vibrant shades of cream, ..."
4521521948,https://www.etsy.com/listing/4521521948,hoya australis lisa,D_plain,Rare Hoya Houseplant | Established Rooted Plant in Pot,,,,,,,,,,,,,False,False,False,,,14,False,us/,Variegated Hoya Australis Lisa | Rare Hoya Houseplant | Established Rooted Plant in Pot | Easy Care Indoor Tropical Plant | Collector Hoya.
4435230941,https://www.etsy.com/listing/4435230941,hoya australis lisa,D_plain,Hoya Australis Lisa Variegated,,,,,,,,,,,,,False,False,False,,,17,False,us/,Hoya Australis Lisa Variegated. Sold. See item details · See item details. Similar items on Etsy. Results include ads. Learn more. Sellers looking to grow their ...
4415198727,https://www.etsy.com/listing/4415198727,hoya australis lisa,D_plain,Exact Plant | Variegated Hoya | Rooted and Actively Growing,GardenandPots,,,,,,,5.0,663.0,,,,False,False,False,,,18,False,us/,Hoya australis 'Lisa' | Exact Plant | Variegated Hoya | Rooted and Actively Growing | Collector Houseplant. GardenandPots · 5 out of 5 stars (663). $39.00. Add ...
4527483780,https://www.etsy.com/listing/4527483780,hoya australis lisa,D_plain,Exact Plant Hoya Australis Lisa Specific 4” Pot 11497SME,,,,,,,,,,,,,False,False,False,,,19,False,us/,Exact Plant Hoya Australis Lisa Specific 4” Pot 11497SME | G (All PLANTS require you to purchase 2 plants!) ; Sale Price $17.42 · 17.42 · 20.50 ; Sale Price $22.10 ...
1791795076,https://www.etsy.com/listing/1791795076,hoya carnosa compacta,A_owned;C_ships;D_plain,"In 4"" Pot Hindu Rope Hoya Carnosa Compacta",SunshinePlantita,Rialyn Maurent,United States,"Spring Hill, FL","Sep 12, 2026",28,,4.7,1600.0,5800.0,4 years on Etsy,4.0,False,False,False,,,5,False,us/,May include: A Hoya carnosa compacta ... Owned by Rialyn Maurent |. United States. 4.7 (1.6k). 5.8k sales. 4 years on Etsy. Message seller · Following Follow shop.
4552228682,https://www.etsy.com/listing/4552228682,hoya carnosa compacta,A_owned;C_ships,Hoya Carnosa Compacta Hindu Rope Krinkle Kurl Wax Plant,LuckyFortuneGarden,Ngamta Krachangsai,United States,"Youngstown, OH","Aug 8, 2026",,,4.8,1400.0,2900.0,,,False,False,False,,,,False,us/,"May include: A Hoya carnosa compacta plant with thick, curled, dark green leaves ... Owned by Ngamta Krachangsai |. United States. 4.8 (1.4k). 2.9k sales. 7 years ..."
4560361398,https://www.etsy.com/listing/4560361398,hoya carnosa compacta,A_owned;C_ships,Hoya Carnosa 'compacta' | Rope Plant,,Bubba The Hut,"Tacoma, Washington","Tacoma, WA","Aug 21, 2026",,25.0,4.9,70.0,250.0,3 years on Etsy,3.0,False,False,False,,,,False,us/,"Hoya Carnosa 'Compacta' | Rope Plant ... Owned by Bubba The Hut |. Tacoma, Washington. 4.9 (70). 250 sales. 3 years on Etsy. Message seller · Following Follow ..."
1573209116,https://www.etsy.com/listing/1573209116,hoya carnosa compacta,A_owned,"Hoya Carnosa 'compacta' in 4"" Pot (ships Bareroot) = Indian or ...",,Kate,"Hallandale, Florida",,,,,4.7,5300.0,15400.0,6 years on Etsy,6.0,False,False,False,,,,False,us/,"May include: A Hoya carnosa compacta plant ... Hoya carnosa 'Compacta ... Owned by Kate |. Hallandale, Florida. 4.7 (5.3k). 15.4k sales. 6 years on Etsy. Message ..."
4585045882,https://www.etsy.com/listing/4585045882,hoya carnosa compacta,A_owned,"10"" HB Hoya Compacta Aka Hindu Rope Plant **EXACT PLANT**",,Andria Ernst,"San Antonio, Texas",,,,,4.7,18.0,56.0,2.5 years on Etsy,2.5,False,False,False,,,,False,us/,"Hoya carnosa 'Compacta', or Hindu Rope plant, is ... Owned by Andria Ernst |. San Antonio, Texas. 4.7 (18). 56 sales. 2.5 years on Etsy. Message seller."
4555815065,https://www.etsy.com/listing/4555815065,hoya carnosa compacta,A_owned;C_ships;D_plain,Variegated Hoya Carnosa Compacta - Hindu Rope,GreenMillennium,Lisa,"Miami, Florida","Homestead, FL","Aug 14, 2026",,,4.9,6700.0,17100.0,7 years on Etsy,7.0,False,False,False,,,1,False,us/,"May include: A Hoya carnosa compacta plant with variegated, twisted, rope-like ... Owned by Lisa |. Miami, Florida. 4.9 (6.7k). 17.1k sales. 7 years on Etsy."
1891727440,https://www.etsy.com/listing/1891727440,hoya carnosa compacta,A_owned;B_star,Hoya Carnosa Compacta Var. 4in Pot,RockNLeaf,RockNLeaf,"Vista, California",,,,,5.0,1000.0,2300.0,,,True,False,False,,,,False,us/,"May include: A Hoya carnosa compacta plant with variegated, curled, dark green and ... Owned by RockNLeaf |. Vista, California. 5.0 (1k). 2.3k sales. 2.5 years on ..."
4558823131,https://www.etsy.com/listing/4558823131,hoya carnosa compacta,A_owned;C_ships;D_plain,Hoya Carnosa Compacta Hindu Rope Krinkle Kurl Wax Plant,LuckyFortuneGarden,Ngamta Krachangsai,United States,"Youngstown, OH","Aug 19, 2026",,,4.8,1400.0,3000.0,,,False,False,False,,,13,False,us/,"May include: A Hoya carnosa compacta plant with curled, waxy green leaves in a ... Owned by Ngamta Krachangsai |. United States. 4.8 (1.4k). 3k sales. 7 years on ..."
4522665128,https://www.etsy.com/listing/4522665128,hoya carnosa compacta,A_owned;C_ships,"Hoya Carnosa Compacta, Hindu Rope Plant",LiYaoSucculents,Huan Li,United States,"Glendora, CA","Jun 16, 2026",2,,4.9,299.0,645.0,6 years on Etsy,6.0,False,False,False,,,,False,us/,"May include: A Hoya carnosa compacta plant with thick, waxy, dark green, ... Owned by Huan Li |. United States. 4.9 (299). 645 sales. 6 years on Etsy."
4477072795,https://www.etsy.com/listing/4477072795,hoya carnosa compacta,A_owned;B_star,Variegated Hoya Hindu Rope (free Shipping) 6 Inches Hanging ...,,Ronalyn Real,"Louisiana, United States",,,,,4.9,266.0,767.0,5 years on Etsy,5.0,False,False,False,,,,False,us/,"May include: A Hoya carnosa compacta plant, also known as a Hindu rope plant ... Owned by Ronalyn Real |. Louisiana, United States. 4.9 (266). 767 sales. 5 years ..."
1694443995,https://www.etsy.com/listing/1694443995,hoya carnosa compacta,A_owned,Hoya Compacta - Hindu Rope - Hoya Carnosa,,Air Flora,United States,,,,,4.8,3100.0,7800.0,3 years on Etsy,3.0,False,False,False,,,,False,us/,Owned by Air Flora |. United States. 4.8 (3.1k). 7.8k sales. 3 years on Etsy. Message seller · Following Follow shop. This seller usually responds within a few ...
4502560745,https://www.etsy.com/listing/4502560745,hoya carnosa compacta,A_owned;C_ships;D_plain,"Hoya Carnosa Compacta - Hoya Hindu Rope Succulent - 10""",HyenaSilks,hyena29,"Los Angeles, California","Valley Village, CA","May 10, 2026",,,4.9,537.0,1300.0,6 years on Etsy,6.0,False,False,False,,,7,False,us/,"May include: A Hoya carnosa 'Compacta ... Meet your seller. HyenaSilks · Owned by hyena29 |. Los Angeles, California. 4.9 (537). 1.3k sales. 6 years on Etsy."
640388649,https://www.etsy.com/listing/640388649,hoya carnosa compacta,A_owned;C_ships;D_plain,Green Hindu Rope (hoya Carnosa Compacta ...,WRCgreenhouses,Richard,United States,,,,11.95,4.8,13300.0,45400.0,8 years on Etsy,8.0,False,False,False,,,9,False,us/,Green Hindu Rope (Hoya Carnosa Compacta) ... Owned by Richard |. United States. 4.8 (13.3k). 45.4k sales. 8 years on Etsy. Message seller · Following Follow shop.
4546013450,https://www.etsy.com/listing/4546013450,hoya carnosa compacta,A_owned,Hindu Compacta Mauna Loa,,,,,,,,,,2100.0,3 years on Etsy,3.0,False,False,False,,,,False,us/,2.1k sales. 3 years on Etsy. Message seller · Following Follow shop. This seller usually responds within a few hours. Smooth shipping Has a history of shipping ...
4472324091,https://www.etsy.com/listing/4472324091,hoya carnosa compacta,A_owned;C_ships;D_plain,"Hoya Carnosa Compacta – Curly Rope Plant, Trailing Succulent ...",nextstyleplantshop,JOHNSON BABER,Hong Kong,Hong Kong,"Apr 19, 2026",3,,2.4,34.0,590.0,2 months on Etsy,0.17,False,False,False,,,16,False,us/,Hoya Carnosa Compacta – Curly Rope Plant ... Owned by JOHNSON BABER |. Hong Kong. 2.4 (34). 590 sales. 2 months on Etsy. Message seller · Following Follow shop.
4500949086,https://www.etsy.com/listing/4500949086,hoya carnosa compacta,A_owned;B_star;D_plain,Hoya Carnosa Compacta Variegated - Rare Indoor Plant,PlantVers,Daisy,"Lake Orion, Michigan",,,,,4.7,39000.0,126000.0,6 years on Etsy,6.0,True,False,False,,,18,False,us/,"Owned by Daisy |. Lake Orion, Michigan. 4.7 (39k). 126k sales. 6 years on Etsy. Message seller · Following Follow shop ... Variegated Hindu Rope Hoya in 4"" ..."
4531567568,https://www.etsy.com/listing/4531567568,hoya carnosa compacta,A_owned,Exact Plant Hoya Compacta “hindu Rope” Specific 4” Pot ...,,The Green Escape,"Florida, United States",,,,,4.7,261500.0,855700.0,6 years on Etsy,6.0,False,False,False,,,,False,us/,"May include: A Hoya carnosa compacta ... Owned by The Green Escape |. Florida, United States. 4.7 (261.5k). 855.7k sales. 6 years on Etsy. Message seller."
4544899652,https://www.etsy.com/listing/4544899652,hoya carnosa compacta,A_owned;D_plain,Variegated Hindu Rope in 2” Nursery Pot - Hoya Carnosa ...,PlantVers,Daisy,"Lake Orion, Michigan",,,,,4.5,41700.0,135900.0,6 years on Etsy,6.0,False,False,False,,,10,False,us/,"May include: A Hoya carnosa compacta ... Owned by Daisy |. Lake Orion, Michigan. 4.7 (41.7k). 135.9k sales. 6 years on Etsy. Message seller · Following Follow ..."
4533083115,https://www.etsy.com/listing/4533083115,hoya carnosa compacta,A_owned,Hoya Carnosa 'marianna',,Jaime,"Saint Paul, Minnesota",,,,,5.0,208.0,466.0,3 years on Etsy,3.0,False,False,False,,,,False,us/,"May include: A variegated Hoya carnosa compacta ... Owned by Jaime |. Saint Paul, Minnesota. 5.0 (208). 466 sales. 3 years on Etsy. Message seller · Following ..."
4531771087,https://www.etsy.com/listing/4531771087,hoya carnosa compacta,A_owned,Hoya Carnosa Krimson Queen,HoyaHorizon,Cigdem Millik,United States,,,,,5.0,10.0,14.0,2 months on Etsy,0.17,False,False,False,,,,False,us/,You've found a shop that is new to Etsy! HoyaHorizon · Owned by Cigdem Millik |. United States. 5.0 (10). 14 sales. 2 months on Etsy. Message seller · Following ...
1889744689,https://www.etsy.com/listing/1889744689,hoya carnosa compacta,A_owned,8” Hoya Carnosa,Airflorallc,Air Flora,United States,,,,,4.8,3100.0,7800.0,3 years on Etsy,3.0,False,False,False,,,,False,us/,Meet your seller. Airflorallc · Owned by Air Flora |. United States. 4.8 (3.1k). 7.8k sales. 3 years on Etsy. Message seller · Following Follow shop. This ...
4556660750,https://www.etsy.com/listing/4556660750,hoya carnosa compacta,A_owned;B_star,"Hoya Compacta Manua Loa Plant – Rooted, Actively Growing ...",PBLTigersJungle,Lynn,"Houston, Texas",,,,,4.9,6700.0,15400.0,6 years on Etsy,6.0,True,False,False,,,,False,us/,"May include: A Hoya carnosa compacta plant, commonly known as a Hindu rope plant ... Owned by Lynn |. Houston, Texas. 4.9 (6.7k). 15.4k sales. 6 years on Etsy."
4554175802,https://www.etsy.com/listing/4554175802,hoya carnosa compacta,A_owned;B_star,"Variegated Hindu Rope Plant - 2.5"" Pot - Hoya Carnosa Variegata",,Matt Hirt,"Medina, Ohio",,,,,4.8,137600.0,532300.0,12 years on Etsy,12.0,False,False,False,,,,False,us/,"Owned by Matt Hirt |. Medina, Ohio. 4.8 (137.6k). 532.3k sales. 12 years on Etsy. Message seller · Following Follow shop."
4533162402,https://www.etsy.com/listing/4533162402,hoya carnosa compacta,A_owned,"4.5"" Hoya Linearis Hanging Basket | Rare Trailing Hoya",IshysPlants,Ishola,"Brooklyn, New York",,,,,4.4,352.0,1200.0,1 year on Etsy,1.0,False,False,False,,,,False,us/,"Meet your seller. IshysPlants · Owned by Ishola |. Brooklyn, New York. 4.4 (352). 1.2k sales. 1 year on Etsy. Message seller · Following Follow shop. This ..."
4502645033,https://www.etsy.com/listing/4502645033,hoya carnosa compacta,A_owned,Rare Hoya 'mauna Loa' Inner Variegated Compacta Rooted ...,,Sherri,"Hobe Sound, Florida",,,,,5.0,274.0,511.0,16 years on Etsy,16.0,False,False,False,,,,False,us/,"May include: Close-up of a Hoya carnosa 'Compacta' plant, also ... Owned by Sherri |. Hobe Sound, Florida. 5.0 (274). 511 sales. 16 years on Etsy. Message seller."
4435641795,https://www.etsy.com/listing/4435641795,hoya carnosa compacta,A_owned,Hoya Carnosa Compacta 'hindu Rope Plant',,Patrick,"Indianapolis, Indiana",,,,,4.8,377.0,1200.0,10 months on Etsy,0.83,False,False,False,,,,False,us/,"Hoya carnosa compacta 'Hindu Rope Plant' image 1. zoom image 2 of 6. Hoya ... Owned by Patrick |. Indianapolis, Indiana. 4.8 (377). 1.2k sales. 10 months on Etsy."
4465301634,https://www.etsy.com/listing/4465301634,hoya carnosa compacta,A_owned;B_star,"Hoya Carnosa Compacta Hindu Rope Flowering Plant 6"" ...",TzakisNaturals,Oscar Carrillo,"Woodburn, Oregon",,,,,4.9,1900.0,6000.0,2 years on Etsy,2.0,True,False,False,,,,False,us/,"May include: A potted Hoya carnosa 'Compacta' plant, also known as a. zoom ... Owned by Oscar Carrillo |. Woodburn, Oregon. 4.9 (1.9k). 6k sales. 2 years on Etsy."
1674648329,https://www.etsy.com/listing/1674648329,hoya carnosa compacta,A_owned,"PDF Embroidery Pattern, Beginners ...",,Katy Horwood,"London, United Kingdom",,,,,5.0,296.0,1400.0,5 years on Etsy,5.0,False,False,False,,,,True,us/,"Owned by Katy Horwood |. London, United Kingdom. 5.0 (296). 1.4k sales. 5 years on Etsy. Message seller · Following Follow shop ... Hoya carnosa compacta plant / ..."
4317616314,https://www.etsy.com/listing/4317616314,hoya carnosa compacta,A_owned;B_star,Hoya Carnosa Compacta Var. XL,RockNLeaf,RockNLeaf,"Vista, California",,,,,5.0,1000.0,2300.0,2.5 years on Etsy,2.5,True,False,False,,,,False,us/,"Owned by RockNLeaf |. Vista, California. 5.0 (1k). 2.3k sales. 2.5 years on Etsy ... Hoya Carnosa Compacta Var. XL. $450.00."
837995065,https://www.etsy.com/listing/837995065,hoya carnosa compacta,B_star;D_plain,Hoya Carnosa Compacta - Hindu Rope Hoya - Krinkle Kurl,FloraExotica,,,,,,,,,,,,True,False,False,,,6,False,us/,Hoya Carnosa Compacta - Hindu Rope Hoya - Krinkle Kurl - Live Plant. FloraExotica. Star Seller. Star Sellers have an outstanding track record for providing a ...
4524848681,https://www.etsy.com/listing/4524848681,hoya carnosa compacta,B_star;C_ships,"XXL Variegated Hoya Compacta Hindu Rope Plant, Rare ...",Reesheinc,,,"Thousand Oaks, CA","Jun 19, 2026",9,,,,,,,True,False,False,,,,False,us/,Reesheinc is a star seller. Be the first to review ... Meet your seller. Reesheinc. Star Seller ... Hoya Hindu Rope / FREE SHIPPING / Hoya Carnosa Compacta / 2&quot ...
1731590141,https://www.etsy.com/listing/1731590141,hoya carnosa compacta,B_star;C_ships,Hoya Carnosa Compacta Var. 6in Pot,RockNLeaf,,,"Vista, CA","Sep 9, 2026",97,,,,,,,True,False,False,,,,False,us/,May include: A Hoya carnosa compacta plant with variegated green and cream-colored curly ... RockNLeaf is a star seller. Reviews for this item. 4.9. Item average
4471054207,https://www.etsy.com/listing/4471054207,hoya carnosa compacta,B_star;C_ships,Hoya Hindu Rope Plant,DsGardenandTreasures,,,"San Antonio, TX","Jul 13, 2026",,,,,,,,True,False,False,,,,False,us/,"DsGardenandTreasures is a star seller Specializes in Plants. Be the first to review this item. This is a unique item, and there are no reviews yet. See what ..."
4319330550,https://www.etsy.com/listing/4319330550,hoya carnosa compacta,B_star,"Hoya Compacta Carnosa Hindu Rope Variegated 2"" Live ...",TzakisNaturals,,,,,,,,,,,,True,False,False,,,,False,us/,"May include: A Hoya carnosa compacta variegata plant with thick, curled, and twisted ... TzakisNaturals is a star seller. Reviews for this item. 5.0. Item ..."
1668827272,https://www.etsy.com/listing/1668827272,hoya carnosa compacta,B_star,XL Hindu Rope Compacta,WeArePlantLoversShop,,,,,,,,,,,,True,False,False,,,,False,us/,"May include: A hanging Hoya carnosa 'Compacta' plant, also known as a ... WeArePlantLoversShop is a star seller. Reviews for this item. 5.0. Item average. We ..."
4528917453,https://www.etsy.com/listing/4528917453,hoya carnosa compacta,B_star,Hoya Jade 3” & Hoya Carnosa Krimson Freckled Splash 3” ...,PlantasticRootsLLC,,,,,,,,,,,,True,False,False,,,,False,us/,PlantasticRootsLLC is a star seller Specializes in Plants ... Meet your seller. PlantasticRootsLLC. Star Seller ... Hoya Carnosa Compacta Plant. Hoya Moonshine.
4560830538,https://www.etsy.com/listing/4560830538,hoya carnosa compacta,B_star,Hoya Chelsea 8in Pot,CaliforniaNatClassic,,,,,,,,,,,,True,False,False,,,,False,us/,Hoya Chelsea 8in pot. CaliforniaNatClassic. Star Seller ... CaliforniaNatClassic is a star seller. Be the ... Hoya ...
1790933250,https://www.etsy.com/listing/1790933250,hoya carnosa compacta,B_star,"Hoya Carnosa Compacta | Curly Live Plant in 4"" Pot",BloomingVale,,,,,,,,,,,,True,False,False,,,,False,us/,"Hoya Hindu Rope | Hoya Carnosa Compacta | Curly Live Plant in 4"" pot. BloomingVale. Star Seller. Star Sellers have an outstanding track record for providing a ..."
4417006328,https://www.etsy.com/listing/4417006328,hoya carnosa compacta,B_star,Hoya Hindu Rope Carnosa Compacta | Wax Vine Plant,,,,,,,,,,,,,False,False,False,,,,False,us/,"The Hoya Hindu Rope, also known as Hoya Carnosa Compacta, is a striking and unique tropical plant, famous for its twisted, rope-like leaves and thick, trailing ..."
1717401484,https://www.etsy.com/listing/1717401484,hoya carnosa compacta,B_star,Hoya Carnosa Compacta 6in Pot,RockNLeaf,,,,,,,,,,,,True,False,False,,,,False,us/,RockNLeaf is a star seller. Reviews for this item. 5.0. Item average. We ... Hoya Carnosa Compacta 6in Pot. $70.00.
4494257745,https://www.etsy.com/listing/4494257745,hoya carnosa compacta,B_star,Hoya Hindu Rope,marleyvictorious,,,,,,,,,,,,True,False,False,,,,False,us/,"May include: A Hoya carnosa compacta plant with thick, waxy, dark green curled ... marleyvictorious is a star seller Specializes in Plants. Be the first to review ..."
4496983413,https://www.etsy.com/listing/4496983413,hoya carnosa compacta,B_star,Variegated Hoya Compacta - Exact Plant,AmericanCenturyShop,,,,,,,,,,,,True,False,False,,,,False,us/,AmericanCenturyShop is a star seller. Be the first to review this item ... Meet your seller. AmericanCenturyShop. Star Seller ... Hoya Carnosa Compacta Variegated.
4365953431,https://www.etsy.com/listing/4365953431,hoya carnosa compacta,C_ships;D_plain,"Hoya Rope Plant, Hindu Rope, Hoya Carnosa Compacta ...",OwlsEvergreen,,,"Mount Dora, FL",,,,5.0,,,,,False,False,False,,,3,False,us/,"Hoya Rope Plant, Hindu Rope, Hoya Carnosa Compacta, Krinkle Curl Wax Plant, Porcelain Flower, Trailing Succulent Vine ... Ships from Mount Dora, FL. Etsy invests ..."
1169315673,https://www.etsy.com/listing/1169315673,hoya carnosa compacta,C_ships,"Hoya Hindu Rope, Carnosa Compacta, in a 2 Inch Pot ...",BubbleBlooms,,,"Apopka, FL","Jul 30, 2026",144,,,,,,,False,False,False,,,,False,us/,"This House Plants item by BubbleBlooms has 144 favorites from Etsy shoppers. Ships from Apopka, FL. Listed on Jul 30, 2026. ... Hoya Hindu Rope / FREE SHIPPING / ..."
1415840299,https://www.etsy.com/listing/1415840299,hoya carnosa compacta,C_ships,"Variegated Hoya, Carnosa Compacta, Hindu Rope ...",NatureBowl,,,"Richmond, TX","Sep 4, 2026",19,,,,,,,False,False,False,,,,False,us/,"This House Plants item by NatureBowl has 19 favorites from Etsy shoppers. Ships from Richmond, TX. Listed on Sep 4, 2026. ... Variegated Hoya, Carnosa Compacta, ..."
4519323811,https://www.etsy.com/listing/4519323811,hoya carnosa compacta,C_ships;D_plain,Hoya Carnosa 'compacta'.,WellRootedGarden,,,"Long Beach, CA","Jun 9, 2026",,95.0,,,,,,False,False,False,,,15,False,us/,"This House Plants item is sold by WellRootedGarden. Ships from Long Beach, CA. Listed on Jun 9, 2026. ... May include: A Hoya carnosa compacta plant, commonly ..."
1783828360,https://www.etsy.com/listing/1783828360,hoya carnosa compacta,C_ships,Hindu Rope Hoya Carnosa Compacta Rare Succulent Live ...,LilyParadiseFlowers,,,"Homestead, FL","Jul 30, 2026",28,,,,,,,False,False,False,,,,False,us/,"This Succulents & Cacti item by LilyParadiseFlowers has 28 favorites from Etsy shoppers. Ships from Homestead, FL. Listed on Jul 30, 2026."
1461971684,https://www.etsy.com/listing/1461971684,hoya carnosa compacta,D_plain,Flowerpotnursery Variegated Hindu Rope Hoya Carnosa ...,,,,,,,,,,,,,False,False,False,,,2,False,us/,Beautiful ROOTED 4 or 6 inch pot - Hoya Carnosa 'Compacta Variegata' - Variegated Rope Hoya. Stunning Compacta “Hindu Rope” House Plant. CynsSucculents From ...
4538169169,https://www.etsy.com/listing/4538169169,hoya carnosa compacta,D_plain,"Hoya Carnosa Compacta Green Live Plant, 4 Inch Pot, Trailing ...",,,,,,,,,,,,,False,False,False,,,4,False,us/,"May include: A Hoya carnosa compacta plant, also known as a Hindu rope plant."
1897458407,https://www.etsy.com/listing/1897458407,hoya carnosa compacta,D_plain,Variegated Hoya Compacta,,,,,,,,,,,,,False,False,False,,,8,False,us/,"May include: A Hoya carnosa compacta plant, also known as a Hindu rope plant."
4546621695,https://www.etsy.com/listing/4546621695,hoya carnosa compacta,D_plain,"Hoya Carnosa Compacta Var. 6"" Hanging Pot",,,,,,,100.0,,,,,,False,False,False,,,14,False,us/,"May include: A Hoya carnosa compacta plant with variegated, curled, dark green leaves. Only 3 left and in 1 cart. Price:$100.00. Loading. Hoya Carnosa Compacta ..."
1149540272,https://www.etsy.com/listing/1149540272,hoya carnosa compacta,D_plain,Hindu Rope Plant (hoya Carnosa 'compacta'),,,,,,,,,,,,,False,False,False,,,17,False,us/,Hindu Rope plant (Hoya carnosa 'Compacta'). Sold. Request a custom product See item details · Request a custom product See item details. Similar items on Etsy.
1823253921,https://www.etsy.com/listing/1823253921,hoya cummingiana,A_owned;D_plain,Hoya Cummingiana,ThePlantNanny,Marleena,"Louisville, Kentucky",,,,,4.9,342.0,656.0,3 years on Etsy,3.0,False,False,False,,,1,False,us/,"Meet your seller. ThePlantNanny · Owned by Marleena |. Louisville, Kentucky. 4.9 (342). 656 sales. 3 years on Etsy. Message seller · Following Follow shop."
4540630309,https://www.etsy.com/listing/4540630309,hoya cummingiana,A_owned;B_star;C_ships;D_plain,Hoya Cummingiana Albomarginata in 4.5”pot,Haileyshoya,Hailey Hoya,"North Port, Florida","North Port, FL","Jul 19, 2026",,,5.0,1400.0,3300.0,5 years on Etsy,5.0,True,False,False,,,4,False,us/,"Hoya Cummingiana Albomarginata in 4.5”pot image 1 ... Hoya Cummingiana ... Owned by Hailey Hoya |. North Port, Florida. 5.0 (1.4k). 3.3k sales. 5 years on Etsy."
4536857194,https://www.etsy.com/listing/4536857194,hoya cummingiana,A_owned;D_plain,Hoya Cumingiana Albo| Rooted Live Plant | Collector Houseplant,,Leafecho,"Half Moon Bay, California",,,,,4.8,592.0,2000.0,2 years on Etsy,2.0,False,False,False,,,17,False,us/,"Owned by Leafecho |. Half Moon Bay, California. 4.8 (592). 2k sales. 2 years on Etsy. Message seller · Following Follow shop ... Hoya cummingiana ..."
1275773758,https://www.etsy.com/listing/1275773758,hoya cummingiana,A_owned;B_star;D_plain,Hoya Cummingiana Variegated - UNROOTED Cutting,PBLTigersJungle,Lynn,"Houston, Texas",,,,,4.9,6700.0,15700.0,6 years on Etsy,6.0,True,False,False,,,3,False,us/,"Hoya Cummingiana Variegated - UNROOTED Cutting ... Owned by Lynn |. Houston, Texas. 4.9 (6.7k). 15.7k sales. 6 years on Etsy. Message seller · Following Follow ..."
1557915493,https://www.etsy.com/listing/1557915493,hoya cummingiana,A_owned;B_star;C_ships,Hoya Cummingiana Albo,HoyaHoe,Beth,United States,"Rockford, IL","Sep 1, 2026",103,,4.9,1700.0,4200.0,4 years on Etsy,4.0,True,False,False,,,,False,us/,Owned by Beth |. United States. 4.9 (1.7k). 4.2k sales. 4 years on Etsy. Message seller · Following Follow shop. This seller usually responds within a few hours ...
1445199734,https://www.etsy.com/listing/1445199734,hoya cummingiana,A_owned;C_ships;D_plain,Hoya Cummingiana - 4'' From California Tropicals,CaliforniaTropicals,California Tropicals LLC,United States,"Mira Loma, CA","Jul 26, 2026",56,,4.8,54200.0,165600.0,7 years on Etsy,7.0,False,False,False,,,8,False,us/,Meet your seller. CaliforniaTropicals · Owned by California Tropicals LLC |. United States. 4.8 (54.2k). 165.6k sales. 7 years on Etsy. Message seller.
4525866393,https://www.etsy.com/listing/4525866393,hoya cummingiana,A_owned;B_star;D_plain,Hoya Cummingiana Albomarginata Rooted Active Growth Point ...,RareHerbsGardenNJ,Jack,"New Jersey, United States",,,,33.99,4.9,889.0,2000.0,4 years on Etsy,4.0,True,False,False,,,15,False,us/,"Rare find. Price:$33.99. Loading. Hoya Cummingiana ... Hoya Cummingiana ... Owned by Jack |. New Jersey, United States. 4.9 (889). 2k sales. 4 years on Etsy."
4517092296,https://www.etsy.com/listing/4517092296,hoya cummingiana,A_owned;C_ships,Hoya Cummingiana Albo,SecondCityTropicals,kasey russell,United States,"Naperville, IL","Jun 5, 2026",2,,4.9,923.0,2100.0,,,False,False,False,,,,False,us/,Hoya Cummingiana Albo. SecondCityTropicals. 5 out of 5 stars. Arrives soon! Get ... Owned by kasey russell |. United States. 4.9 (923). 2.1k sales. 4 years on ...
4405835655,https://www.etsy.com/listing/4405835655,hoya cummingiana,A_owned;C_ships;D_plain,Hoya Cummingiana Outer Variegated Houseplant,VADAPlants,VADA Plants,"Georgia, United States","Columbus, GA","Jul 20, 2026",18,,5.0,392.0,1000.0,2.5 years on Etsy,2.5,False,False,False,,,16,False,us/,"Hoya Cummingiana Outer Variegated plant in a white ... Owned by VADA Plants |. Georgia, United States. 5.0 (392). 1k sales. 2.5 years on Etsy."
1692230932,https://www.etsy.com/listing/1692230932,hoya cummingiana,A_owned;B_star;D_plain,Large Hoya Cummingiana Outer Variegated or ...,SUNNYJENNIGARDEN,Sunnyjenni,"Santa Fe, New Mexico",,,,,4.9,752.0,2000.0,,,True,False,False,,,5,False,us/,"Owned by Sunnyjenni |. Santa Fe, New Mexico. 4.9 (752). 2k sales. 5 years on ... Find it on Etsy. Outdoor & Garden. Stand For Heavy Pot - US Three Succulent ..."
4543459160,https://www.etsy.com/listing/4543459160,hoya cummingiana,A_owned;B_star,Hoya Leucantha Plant – Rooted,HoyaHoe,Beth,United States,,,,,5.0,1700.0,4100.0,3 years on Etsy,3.0,True,False,False,,,,False,us/,Owned by Beth |. United States. 5.0 (1.7k). 4.1k sales. 3 years on Etsy. Message seller · Following Follow shop ... Discount shown at checkout. Hoya cummingiana ...
4551616144,https://www.etsy.com/listing/4551616144,hoya cummingiana,A_owned;B_star,Hoya Cutis Porcelana,HoyaHoe,Beth,United States,,,,,4.9,1700.0,4100.0,4 years on Etsy,4.0,True,False,False,,,,False,us/,Owned by Beth |. United States. 4.9 (1.7k). 4.1k sales. 4 years on Etsy. Message seller · Following Follow shop ... Discount shown at checkout. Hoya cummingiana ...
4467224296,https://www.etsy.com/listing/4467224296,hoya cummingiana,A_owned,Hoya Danumensis Plant,,Beth,United States,,,,,4.9,1700.0,4200.0,4 years on Etsy,4.0,False,False,False,,,,False,us/,Owned by Beth |. United States. 4.9 (1.7k). 4.2k sales. 4 years on Etsy. Message seller · Following Follow shop ... Discount shown at checkout. Hoya cummingiana ...
4450294139,https://www.etsy.com/listing/4450294139,hoya cummingiana,A_owned;B_star,Hoya Undulata Silver Cutting,HoyaHoe,Beth,United States,,,,,5.0,1700.0,4000.0,3 years on Etsy,3.0,True,False,False,,,,False,us/,Owned by Beth |. United States. 5.0 (1.7k). 4k sales. 3 years on Etsy. Message seller · Following Follow shop ... Hoya cummingiana albo ... Sell on Etsy ...
4565258173,https://www.etsy.com/listing/4565258173,hoya cummingiana,A_owned;B_star,Hoya Sp. PNG SV 432 ( Uncommon),LVSsales,Yelena,"Camas, Washington",,,,,5.0,179.0,287.0,4 months on Etsy,0.33,True,False,False,,,,False,us/,"Owned by Yelena |. Camas, Washington. 5.0 (179). 287 sales. 4 months on Etsy. Message seller · Following Follow shop. This seller usually responds within a few ..."
4490573072,https://www.etsy.com/listing/4490573072,hoya cummingiana,A_owned;B_star,Hoya Mathlide,,PlantTthings,United States,,,,,4.9,47.0,90.0,7 months on Etsy,0.58,False,False,False,,,,False,us/,Owned by PlantTthings |. United States. 4.9 (47). 90 sales. 7 months on Etsy. Message seller · Following Follow shop ... Hoya ...
4534885671,https://www.etsy.com/listing/4534885671,hoya cummingiana,A_owned;B_star,Hoya Snow Cui Silver,Seller,PlantTthings,United States,,,,,4.9,55.0,102.0,8 months on Etsy,0.67,True,False,False,,,,False,us/,Owned by PlantTthings |. United States. 4.9 (55). 102 sales. 8 months on Etsy. Message seller · Following Follow shop ... Hoya ...
4568988930,https://www.etsy.com/listing/4568988930,hoya cummingiana,A_owned;B_star,Hoya Chicken Farm Cutting,HoyaHoe,Beth,United States,,,,,4.9,1700.0,4200.0,4 years on Etsy,4.0,True,False,False,,,,False,us/,Owned by Beth |. United States. 4.9 (1.7k). 4.2k sales. 4 years on Etsy. Message seller · Following Follow shop ... Discount shown at checkout. Hoya cummingiana ...
4466638721,https://www.etsy.com/listing/4466638721,hoya cummingiana,A_owned;B_star,Hoya Aceh Cutting,Seller,Beth,United States,,,,,5.0,1700.0,4000.0,3 years on Etsy,3.0,True,False,False,,,,False,us/,Owned by Beth |. United States. 5.0 (1.7k). 4k sales. 3 years on Etsy. Message seller · Following Follow shop ... Discount shown at checkout. Hoya cummingiana ...
4486980094,https://www.etsy.com/listing/4486980094,hoya cummingiana,A_owned,Hoya Lacunosa Sulcata,,Cristalle Poche',"New Orleans, Louisiana",,,,,4.8,29.0,58.0,8 months on Etsy,0.67,False,False,False,,,,False,us/,"Owned by Cristalle Poche' |. New Orleans, Louisiana. 4.8 (29). 58 sales. 8 months on Etsy. Message seller · Following Follow shop."
4517098557,https://www.etsy.com/listing/4517098557,hoya cummingiana,A_owned,Hoya Wilbur Graves Russia,,kasey russell,United States,,,,,4.9,897.0,2000.0,4 years on Etsy,4.0,False,False,False,,,,False,us/,All sales are final. ... Owned by kasey russell |. United States. 4.9 (897). 2k sales. 4 years on Etsy. Message seller · Following Follow shop ... Hoya Cummingiana ...
4479892537,https://www.etsy.com/listing/4479892537,hoya cummingiana,A_owned,Hoya Crassipetiolata Splash,,Cristalle Poche',"New Orleans, Louisiana",,,,,5.0,27.0,57.0,7 months on Etsy,0.58,False,False,False,,,,False,us/,"Owned by Cristalle Poche' |. New Orleans, Louisiana. 5.0 (27). 57 sales. 7 months on Etsy. Message seller · Following Follow shop. This seller usually responds ..."
4492464473,https://www.etsy.com/listing/4492464473,hoya cummingiana,A_owned;C_ships;D_plain,Hoya Cummingiana 7912,PlantTheStudio,Koryn,"New York, United States",New,,,,4.6,8700.0,26100.0,9 years on Etsy,9.0,False,False,False,,,18,False,us/,"Hoya Cummingiana 7912. PlantTheStudio. 4.5 out of 5 stars. Ships from New ... Owned by Koryn |. New York, United States. 4.6 (8.7k). 26.1k sales. 9 years on Etsy."
4378699817,https://www.etsy.com/listing/4378699817,hoya cummingiana,A_owned;B_star,Hoya Decipulae Rooting in Water,Seller,Beth,United States,,,,,5.0,1700.0,4100.0,3 years on Etsy,3.0,True,False,False,,,,False,us/,Owned by Beth |. United States. 5.0 (1.7k). 4.1k sales. 3 years on Etsy. Message seller · Following Follow shop ... Discount shown at checkout. Hoya cummingiana ...
4567453682,https://www.etsy.com/listing/4567453682,hoya cummingiana,A_owned,Hoya Mappigera Cutting,,Beth,United States,,,,,4.9,1700.0,4200.0,4 years on Etsy,4.0,False,False,False,,,,False,us/,Owned by Beth |. United States. 4.9 (1.7k). 4.2k sales. 4 years on Etsy. Message seller · Following Follow shop. This seller usually responds within a few hours ...
4506739396,https://www.etsy.com/listing/4506739396,hoya cummingiana,A_owned,"Hoya VERTICILLATA ' Albomarginata' 4"" Pot Size, Newly Rooted ...",,Marilyn Krause,"Floral City, Florida",,,,,4.9,1000.0,3100.0,14 years on Etsy,14.0,False,False,False,,,,False,us/,"Owned by Marilyn Krause |. Floral City, Florida. 4.9 (1k). 3.1k sales. 14 years on Etsy. Message seller · Following Follow shop ... Hoya Cummingiana ..."
4524911458,https://www.etsy.com/listing/4524911458,hoya cummingiana,A_owned,Hoya Mathilde Variegated - Exact Rooted Plant,,Lynn,"Houston, Texas",,,,,4.9,6700.0,15700.0,6 years on Etsy,6.0,False,False,False,,,,False,us/,"Owned by Lynn |. Houston, Texas. 4.9 (6.7k). 15.7k sales. 6 years on Etsy. Message seller · Following Follow shop ... Hoya Cummingiana variegated. $15.00 ..."
1401964978,https://www.etsy.com/listing/1401964978,hoya cummingiana,A_owned,Hoya Cumingiana Albo Variegated Rooted,,Young,United States,,,,,4.8,1300.0,3500.0,4 years on Etsy,4.0,False,False,False,,,,False,us/,Owned by Young |. United States. 4.8 (1.3k). 3.5k sales. 4 years on Etsy. Message ... Hoya cummingiana outer variegated or albomarginata cutting unrooted ...
1273930282,https://www.etsy.com/listing/1273930282,hoya cummingiana,A_owned;C_ships;D_plain,6” Hoya Cummingiana Rare Succulent Live Plant,LilyParadiseFlowers,Liliana Chirino,"Homestead, Florida","Homestead, FL","Jun 21, 2026",82,,4.7,14500.0,47600.0,6 years on Etsy,6.0,False,False,False,,,7,False,us/,"Owned by Liliana Chirino |. Homestead, Florida. 4.7 (14.5k). 47.6k sales. 6 years on Etsy. Message seller · Following Follow shop. This seller usually responds ..."
1175668089,https://www.etsy.com/listing/1175668089,hoya cummingiana,A_owned;C_ships,Hoya Cumingiana | Bush Hoya Plant,ZenSucculentGarden,,,"Miami, FL","Sep 4, 2026",255,,,,,,,False,False,False,,,,False,us/,It produces umbels of 5 to 20 small star-shaped flowers and are borne in clusters that's look like they are made of wax and are deep yellow with a purple and ...
4583866499,https://www.etsy.com/listing/4583866499,hoya cummingiana,B_star;D_plain,Hoya Cummingiana Albomarginata in a 4.5”pot,Haileyshoya,,,,,,45.0,,,,,,True,False,False,,,14,False,us/,Hoya Cummingiana Albomarginata in a 4.5”pot image 4. Rare find. Price:$45.00. Loading. Hoya Cummingiana Albomarginata in a 4.5”pot. Haileyshoya. Star Seller.
4503963436,https://www.etsy.com/listing/4503963436,hoya cummingiana,B_star,"Hoya Cummingiana Albo Marginata Starter Plant, 2 ...",LaurasTreasureStore,,,,,,,,,,,,True,False,False,,,,False,us/,"Hoya Cummingiana Albo Marginata Starter Plant, 2 plant minimum. LaurasTreasureStore. Star Seller. Star Sellers have an outstanding track record for providing a ..."
4533029960,https://www.etsy.com/listing/4533029960,hoya cummingiana,B_star,Hoya Cumingiana Albomarginata in a 3 Inch Pot / Well ...,AnniesGardenGems,,,,,,,,,,,,True,False,False,,,,False,us/,AnniesGardenGems is a star seller Specializes in Plants. Be the first to review this item ... Hoya Cummingiana ...
4483462627,https://www.etsy.com/listing/4483462627,hoya cummingiana,B_star,Hoya Cummingiana Variegated,PBLTigersJungle,,,,,,,,,,,,True,False,False,,,,False,us/,Hoya Cummingiana variegated. PBLTigersJungle. Star Seller. Star Sellers have an outstanding track record for providing a great customer experience—they ...
4559165748,https://www.etsy.com/listing/4559165748,hoya cummingiana,B_star,Hoya Suwanna Gems Rare Rooted Plant With Trellis and ...,VADAPlants,,,,,,,,,,,,True,False,False,,,,False,us/,Hoya Suwanna Gems Rare Rooted Plant with Trellis and Decorative Pot Fragrant Fuzzy Houseplant. VADAPlants. Star Seller. Star Sellers have an outstanding ...
1739951485,https://www.etsy.com/listing/1739951485,hoya cummingiana,C_ships,Hoya Cummingiana Albomarginata UNROOTED Cutting ...,RareHerbsGardenNJ,,,"Basking Ridge, NJ","Jun 21, 2026",30,,,,,,,False,False,False,,,,False,us/,"This House Plants item by RareHerbsGardenNJ has 30 favorites from Etsy shoppers. Ships from Basking Ridge, NJ. Listed on Jun 21, 2026. ... Hoya Cummingiana ..."
1545955594,https://www.etsy.com/listing/1545955594,hoya cummingiana,C_ships,Hoya Cummingiana Variegated - NOT Rooted Cutting,PlantingWithWine,,,"Cypress, TX","Sep 9, 2026",126,,,,,,,False,False,False,,,,False,us/,"This Succulents & Cacti item by PlantingWithWine has 126 favorites from Etsy shoppers. Ships from Cypress, TX. Listed on Sep 9, 2026. ... Hoya Cummingiana ..."
4474641103,https://www.etsy.com/listing/4474641103,hoya cummingiana,C_ships,"Hoya Cumingiana Variegated, 2"" Plant",ThePlantFarmSpokane,,,"Spokane, WA","Jul 7, 2026",8,,,,,,,False,False,False,,,,False,us/,"This House Plants item by ThePlantFarmSpokane has 8 favorites from Etsy shoppers. Ships from Spokane, WA. Listed on Jul 7, 2026."
1835690784,https://www.etsy.com/listing/1835690784,hoya cummingiana,C_ships,Hoya Cumingiana (inner Variegated) | Exact Plant Shown,HoyaTreasures,,,"Orem, UT","Sep 16, 2026",106,,,,,,,False,False,False,,,,False,us/,"This House Plants item by HoyaTreasures has 106 favorites from Etsy shoppers. Ships from Orem, UT. Listed on Sep 16, 2026."
4497548168,https://www.etsy.com/listing/4497548168,hoya cummingiana,D_plain,"Hoya Cummingiana 'inner Variegated' 2"" Pot",,,,,,,,,,,,,False,False,False,,,2,False,us/,Hoya cummingiana. $29.00 · 6” Hoya Cummingiana Rare Succulent Live Plant. $34.50 ...
4483221483,https://www.etsy.com/listing/4483221483,hoya cummingiana,D_plain,"Hoya Cummingiana Mix Pot, Green and Albo Marginata, 2 ...",,,,,,,,,,,,,False,False,False,,,6,False,us/,"Cute little starter pot of hoya cummingiana with lots of new growth. This is a starter plant, so it requires a minimum 2 plant purchase. MIX AND MATCH. It can ..."
1648771690,https://www.etsy.com/listing/1648771690,hoya cummingiana,D_plain,Hoya Cummingiana,,,,,,,,,,,,,False,False,False,,,9,False,us/,Hoya cummingiana ; Alocasia Azlanii Corms Rare Tropical Houseplant. BotaniqGarden From shop BotaniqGarden ; Monstera Albo. BaysideNursery From shop BaysideNursery.
4312286475,https://www.etsy.com/listing/4312286475,hoya cummingiana,D_plain,E0489 Rare Hoya Cummingiana Albomarginata Rooted,,,,,,,,,,,,,False,False,False,,,10,False,us/,"Sorry, this item is sold out. Sorry, this item is sold out. TQHoyas 5 out of 5 stars (3,651) 3,651 reviews. E0489 Rare Hoya Cummingiana Albomarginata Rooted."
4492465079,https://www.etsy.com/listing/4492465079,hoya cummingiana,D_plain,Hoya Wonder 7915,,,,,,,,,,,,,False,False,False,,,11,False,us/,"Hoya Cummingiana 7912. Sale Price $20.80 $20.80. $32.00 Original Price $32.00 (35% off). 4.6 (8,703). You may also like. See more ..."
4548841824,https://www.etsy.com/listing/4548841824,hoya cummingiana,D_plain,Hoya Cummingiana Albo,PulseandPetalsPlants,,,Maryland,,,18.0,5.0,,,,,False,False,False,,,12,False,us/,Price:$18.00. Loading. Hoya cummingiana albo. PulseandPetalsPlants. 5 out of 5 stars. Ships from Maryland. Arrives soon! Get it by Sep 24-30 if you order today.
4517008821,https://www.etsy.com/listing/4517008821,hoya cummingiana,D_plain,Hoya Patella Pink,,,,,,,,,,,,,False,False,False,,,13,False,us/,Hoya Cummingiana - 4&#39;&#39; from California Tropicals. Hoya Cummingiana - 4'' from California Tropicals. CaliforniaTropicals From shop CaliforniaTropicals.
4376610888,https://www.etsy.com/listing/4376610888,hoya cummingiana,D_plain,Hoya Lacunosa Black,,,,,,,,,,,,,False,False,False,,,19,False,us/,"Hoya cummingiana albo. $20.00. 5.0 (1,645) · Hoya Kaimuki Cutting. $55.00. 5.0 (1,645) · Hoya Medusa Plant. $55.00. 5.0 (1,645) ..."
1050682862,https://www.etsy.com/listing/1050682862,hoya cummingiana,D_plain,Hoya Cummingiana,,,,,,,,,,,,,False,False,False,,,20,False,us/,"Hoya cummingiana *Multiple rooted cuttings *Unique hoya in my opinion - like a bad hair day, but with a great personality. :) *Ive had this one in a hanging ..."
4502211546,https://www.etsy.com/listing/4502211546,hoya kerrii,A_owned;C_ships;D_plain,Hoya Kerrii,,Ngamta Krachangsai,United States,"Youngstown, OH","May 9, 2026",,,4.8,1400.0,2900.0,7 years on Etsy,7.0,False,False,False,,,1,False,us/,Owned by Ngamta Krachangsai |. United States. 4.8 (1.4k). 2.9k sales. 7 years on Etsy ... Hoya Kerrii Sweetheart. $24.99 ...
4515550848,https://www.etsy.com/listing/4515550848,hoya kerrii,A_owned,Hoya Kerrii 6” Pot,Camargosplantas,Zaira Camargo,,,,,,,,4900.0,4 years on Etsy,4.0,False,False,False,,,,False,us/,Meet your seller. Camargosplantas · Owned by Zaira Camargo | ... 4.9k sales. 4 years on Etsy. Message seller · Following Follow shop ... You may also like. See more ...
4509972852,https://www.etsy.com/listing/4509972852,hoya kerrii,A_owned;C_ships;D_plain,Hoya Kerrii Outter Var.,Leafecho,Leafecho,"Palo Alto, California","Sunnyvale, CA","May 22, 2026",3,,4.8,568.0,2000.0,2 years on Etsy,2.0,False,False,False,,,14,False,us/,"Meet your seller. Leafecho · Owned by Leafecho |. Palo Alto, California. 4.8 (568). 2k sales. 2 years on Etsy. Message seller · Following Follow shop. This ..."
4467361166,https://www.etsy.com/listing/4467361166,hoya kerrii,A_owned;B_star;C_ships;D_plain,Hoya Kerrii Splash 4in Pot,RockNLeaf,RockNLeaf,"Vista, California","Vista, CA","Aug 1, 2026",51,,5.0,931.0,2100.0,2 years on Etsy,2.0,True,False,False,,,10,False,us/,"Owned by RockNLeaf |. Vista, California. 5.0 (931). 2.1k sales. 2 years on Etsy. Message seller · Following Follow shop ... Hoya Kerrii ..."
4404432055,https://www.etsy.com/listing/4404432055,hoya kerrii,A_owned;C_ships;D_plain,Hoya Kerrii,NotGrannysPlanties,Sky Leigh,"Gadsden, Alabama","Dahlonega, GA","Apr 19, 2026",2,,4.9,122.0,218.0,11 years on Etsy,11.0,False,False,False,,,7,False,us/,"Owned by Sky Leigh |. Gadsden, Alabama. 4.9 (122). 218 sales. 11 years on Etsy. Message seller · Following Follow shop. This seller usually responds within 24 ..."
840474677,https://www.etsy.com/listing/840474677,hoya kerrii,A_owned;B_star,Vintage Blue Enamel Hoya Kerrii Sweetheart Leaf Dangle Earrings,KittyCatShop,Laurel McCormack,"Bethlehem, Pennsylvania",,,,,4.9,15200.0,49900.0,14 years on Etsy,14.0,True,False,False,,,,True,us/,"... Hoya Kerrii ... Vintage Blue Enamel Hoya Kerrii Sweetheart Leaf ... Owned by Laurel McCormack |. Bethlehem, Pennsylvania. 4.9 (15.2k). 49.9k sales. 14 years on Etsy."
1725922228,https://www.etsy.com/listing/1725922228,hoya kerrii,A_owned,"Hoya Kerrii Picta Shipped in 3"" Pot",,fxzkktxk,United States,,,,,4.9,1500.0,3000.0,3 years on Etsy,3.0,False,False,False,,,,False,us/,Owned by fxzkktxk |. United States. 4.9 (1.5k). 3k sales. 3 years on Etsy. Message seller · Following Follow shop. This seller usually responds within a few ...
4489360396,https://www.etsy.com/listing/4489360396,hoya kerrii,A_owned,Hoya Kerrii | 4 Inch | Green Heart,GoingWithThePhloem,Remy,United States,,,,,4.3,50.0,200.0,5 years on Etsy,5.0,False,False,False,,,,False,us/,Meet your seller. GoingWithThePhloem · Owned by Remy |. United States. 4.3 (50). 200 sales. 5 years on Etsy. Message seller · Following Follow shop.
4320625296,https://www.etsy.com/listing/4320625296,hoya kerrii,A_owned,Hoya Kerrii Albo Inner Variegation.,,Vanessa Anduray,United States,,,,,4.9,975.0,2000.0,4 years on Etsy,4.0,False,False,False,,,,False,us/,May include: A potted Hoya kerrii plant with ... Hoya kerrii ... Owned by Vanessa Anduray |. United States. 4.9 (975). 2k sales. 4 years on Etsy. Message seller.
1576927777,https://www.etsy.com/listing/1576927777,hoya kerrii,A_owned;B_star,Hoya Kerrii Splash,CrackedPotRarePlants,L.M.K.,"Youngstown, Ohio",,,,,4.9,885.0,2500.0,6 years on Etsy,6.0,True,False,False,,,,False,us/,"May include: A Hoya kerrii ... Hoya Kerrii Splash. CrackedPotRarePlants. Star ... Owned by L.M.K. |. Youngstown, Ohio. 4.9 (885). 2.5k sales. 6 years on Etsy."
4526771370,https://www.etsy.com/listing/4526771370,hoya kerrii,A_owned,Hoya Kerri Splash,,Balmy Breeze Tropicals,United States,,,,,4.8,1000.0,2800.0,10 years on Etsy,10.0,False,False,False,,,,False,us/,Owned by Balmy Breeze Tropicals |. United States. 4.8 (1k). 2.8k sales. 10 years on Etsy. Message seller · Following Follow shop. This seller usually responds ...
1036290799,https://www.etsy.com/listing/1036290799,hoya kerrii,A_owned,Plant Lady Hoya Kerrii Sticker,,Ashley,"Cuyahoga Falls, Ohio",,,,,5.0,28.0,91.0,,,False,False,False,,,,True,us/,"Plant Lady Hoya Kerrii Sticker ... Owned by Ashley |. Cuyahoga Falls, Ohio. 5.0 (28). 91 sales ... Find it on Etsy. Paper. PRINTED-Thank You For Your ..."
4551108715,https://www.etsy.com/listing/4551108715,hoya kerrii,A_owned,Rare Hoyas Cuttings Kerrii Starter Houseplants | ALL Plants ...,PlantCityUS,Stephanie,"Citrus Springs, Florida",,,,,4.3,3200.0,11900.0,2 years on Etsy,2.0,False,False,False,,,,False,us/,"Meet your seller. PlantCityUS · Owned by Stephanie |. Citrus Springs, Florida. 4.3 (3.2k). 11.9k sales. 2 years on Etsy. Message seller · Following Follow shop."
4504885614,https://www.etsy.com/listing/4504885614,hoya kerrii,A_owned;C_ships,Hoya Kerrii Splash-long Stem - 4''pot,GrnrStore,Carin,United States,"El Centro, CA","May 14, 2026",,,3.2,3.0,16.0,4 years on Etsy,4.0,False,False,False,,,,False,us/,Hoya Kerrii Splash-Long Stem - 4''Pot ... Owned by Carin |. United States. 3.2 (3). 16 sales. 4 years on Etsy ... Hoya Kerrii Splash Long stem - 4&#39;&#39; from ...
4505344110,https://www.etsy.com/listing/4505344110,hoya kerrii,A_owned;C_ships;D_plain,Hoya Kerrii 100 Seeds - Lucky Heart Plant Sweetheart Succulent ...,EmyGardenShop,Emelia .,"New York, United States",Indonesia,"Jun 25, 2026",2,,3.0,4.0,74.0,5 months on Etsy,0.42,False,False,False,,,5,True,us/,"You've found a shop that is new to Etsy! EmyGardenShop · Owned by Emelia . |. New York, United States. 3.0 (4). 74 sales. 5 months on Etsy. Message ..."
4531220919,https://www.etsy.com/listing/4531220919,hoya kerrii,A_owned,"Hoya Kerrii 'albo Sweetheart Hoya' - 4"" Pot",,Patrick,"Indianapolis, Indiana",,,,,4.7,244.0,754.0,7 months on Etsy,0.58,False,False,False,,,,False,us/,"Hoya kerrii 'Albo Sweetheart Hoya' - 4"" Pot image 1 ... Hoya kerrii 'Albo ... Owned by Patrick |. Indianapolis, Indiana. 4.7 (244). 754 sales. 7 months on Etsy."
1149946929,https://www.etsy.com/listing/1149946929,hoya kerrii,A_owned,Hoya Kerrii Heart - Women's Relaxed T-shirt,,TheArt ofPlants,United States,,,,,5.0,14.0,31.0,,,False,False,False,,,,True,us/,Hoya kerrii heart - Women's Relaxed T-Shirt ... Owned by TheArt ofPlants |. United States. 5.0 (14). 31 sales ... Find it on Etsy. Shopping. Buy D'allairds Online ...
1144410606,https://www.etsy.com/listing/1144410606,hoya kerrii,A_owned,Variegated Hoya Kerrii | Sweetheart Hoya,ZenSucculentGarden,Sharon Triana,United States,,,,,4.8,3100.0,9200.0,8 years on Etsy,8.0,False,False,False,,,,False,us/,Meet your seller. ZenSucculentGarden · Owned by Sharon Triana |. United States. 4.8 (3.1k). 9.2k sales. 8 years on Etsy. Message seller · Following ...
1776396121,https://www.etsy.com/listing/1776396121,hoya kerrii,B_star;C_ships;D_plain,Hoya Kerrii Reverse Varigation,RockNLeaf,,,"Vista, CA","Sep 9, 2026",34,,,,,,,True,False,False,,,8,False,us/,RockNLeaf is a star seller. Reviews for this item ... Reverse Variegated Hoya Kerrii ... Hoya Kerrii Reverse Varigation. $100.00.
4560006145,https://www.etsy.com/listing/4560006145,hoya kerrii,B_star,"Rare Hoya Kerrii Sweetheart Shirt, Heart Leaf ...",VivibeArts,,,,,,,,,,,,True,False,False,,,,True,us/,"Rare Hoya Kerrii Sweetheart Shirt, Heart Leaf ... VivibeArts is a star seller. Be the first to ..."
4532509128,https://www.etsy.com/listing/4532509128,hoya kerrii,B_star;C_ships;D_plain,"Hoya Kerrii Variegated : Rooted Plant in 8"" Pot #807",Greenmindgrowers,,,"Wimauma, FL","Jul 4, 2026",3,,,,,,,True,False,False,,,12,False,us/,"Hoya Kerrii Variegated : Rooted Plant in 8"" Pot #807. Greenmindgrowers. Star Seller. Star Sellers have an outstanding track record for providing a great ..."
956654055,https://www.etsy.com/listing/956654055,hoya kerrii,B_star,Hoya Kerrii AKA Sweetheart Hoya / FREE SHIPPING ...,,,,,,,,,,,,,False,False,False,,,,False,us/,"Sweetheart Hoya Kerrii plant, also known as Valentine plant or sweetheart wax plant, is a type of Hoya appropriately named for its thick, succulent, heart- ..."
4578847542,https://www.etsy.com/listing/4578847542,hoya kerrii,B_star,Hoya Kerrii Picta in a 5 Inch Pot / Variegated Heart-shaped ...,AnniesGardenGems,,,,,,,,,,,,True,False,False,,,,False,us/,Hoya Kerrii Picta in a 5 inch pot / Variegated Heart-Shaped Leaves / Exact Plant / Beautiful Scented Flowers. AnniesGardenGems. Star Seller.
4528467429,https://www.etsy.com/listing/4528467429,hoya kerrii,B_star;C_ships,Hoya Kerrii Albomarginata in a 4.25 Inch Pot / Variegated Heart- ...,AnniesGardenGems,,,"San Diego, CA","Jun 26, 2026",,,,,,,,True,False,False,,,,False,us/,Hoya Kerrii Albomarginata in a 4.25 inch pot / Variegated Heart-Shaped Leaves / Exact Plant / Beautiful Scented Flowers. AnniesGardenGems. Star Seller.
1763236895,https://www.etsy.com/listing/1763236895,hoya kerrii,B_star,Hoya Kerrii Inner Variegated Established Plant ...,,,,,,,,,,,,,False,False,False,,,,False,us/,"This plant needs bright light, some humidity and a lot of air movement If you are growing this plant in a grow tent, make sure to create air movement using fan ..."
4492844830,https://www.etsy.com/listing/4492844830,hoya kerrii,B_star;C_ships;D_plain,"Hoya Kerrii, 'varigated Coconut' Sweetheart Plant",RusticeleganceGiftCo,,,"Charles City, IA","Aug 29, 2026",6,12.99,,,,,,True,False,False,,,16,False,us/,"... Hoya kerrii plants, also known as Sweetheart Hoya. Price:$12.99. Loading. Hoya Kerrii, 'Varigated Coconut' Sweetheart Plant. RusticeleganceGiftCo. Star Seller."
4345316670,https://www.etsy.com/listing/4345316670,hoya kerrii,B_star,"Hoya Kerrii Splash Rare Sweetheart Plant, Lucky Heart ...",,,,,,,,,,,,,False,False,False,,,,False,us/,"This plant needs bright light, some humidity and a lot of air movement If you are growing this plant in a grow tent, make sure to create air movement using fan ..."
4474515572,https://www.etsy.com/listing/4474515572,hoya kerrii,B_star,"Variegated Hoya Kerrii Acrylic Suncatcher, Heart Leaf Window ...",CraftiPet,,,,,,,,,,,,True,False,False,,,,True,us/,"Variegated Hoya Kerrii Acrylic Suncatcher, Heart Leaf Window Hanging Decor for Plant Lovers, lucky ... Variegated Hoya Kerrii ... CraftiPet is a star seller. Be the ..."
1765565720,https://www.etsy.com/listing/1765565720,hoya kerrii,B_star;C_ships,2” Hoya Kerrii Variegated Plant Pot - ADD ON ONLY to Existing ...,FastechPlants,,,,,,,,,,,,True,False,False,,,,False,us/,May include: A heart-shaped Hoya kerrii plant with a vibrant green center and ... 2” Hoya Kerrii ... FastechPlants is a star seller Specializes in Plants ...
4567546824,https://www.etsy.com/listing/4567546824,hoya kerrii,B_star,Hoya Kerrii X Meliflua - Rooted Cutting With New Growth,ShirleysPlantFarm,,,,,,,,,,,,True,False,False,,,,False,us/,Hoya Kerrii x Meliflua - Rooted Cutting with New Growth. ShirleysPlantFarm. Star Seller ... ShirleysPlantFarm is a star seller. Be the first to review this item.
4515592688,https://www.etsy.com/listing/4515592688,hoya kerrii,B_star;C_ships,"Hoya Kerrii Outer Variegation,variegated Hoya ...",SUNNYJENNIGARDEN,,,"Cerrillos, NM","Jun 3, 2026",24,,,,,,,True,False,False,,,,False,us/,"Hoya kerrii outer variegation,Variegated Hoya kerrii ... SUNNYJENNIGARDEN is a star seller Specializes in Plants. Be the first to review this item."
4560839171,https://www.etsy.com/listing/4560839171,hoya kerrii,B_star;C_ships,Hoya Kerrii Inner Variegated,ImaGionationGifts,,,"Salt Lake City, UT","Aug 22, 2026",2,,,,,,,True,False,False,,,,False,us/,"May include: A Hoya kerrii plant with thick, heart-shaped green leaves. ... ImaGionationGifts is a star seller. Be the first to review this item ... Hoya Kerrii ..."
1692098770,https://www.etsy.com/listing/1692098770,hoya kerrii,B_star,Large Hoya Kerrii Outer Variegation ...,SUNNYJENNIGARDEN,,,,,,,,,,,,True,False,False,,,,False,us/,"Large Hoya kerrii outer variegation,Variegated Hoya kerrii albomarginata rare sweetheart plant,Lucky Heart ... SUNNYJENNIGARDEN is a star seller Specializes in ..."
4541395347,https://www.etsy.com/listing/4541395347,hoya kerrii,C_ships,RARE Variegated Hoya Kerrii Albo - Sweetheart Plant,ItsReigningPlants,,,"Lee Center, NY","Jul 24, 2026",,,,,,,,False,False,False,,,,False,us/,"This House Plants item is sold by ItsReigningPlants. Ships from Lee Center, NY. Listed on Jul 24, 2026. ... May include: A variegated Hoya kerrii plant with thick ..."
4493263365,https://www.etsy.com/listing/4493263365,hoya kerrii,C_ships;D_plain,Hoya Kerrii in A 4in Pot Beautiful Heart Shape Leaves,PeachTreeGardensLLC,,,"Oceanside, CA","Aug 28, 2026",96,,,,,,,False,False,False,14,,2,False,us/,"This Plants item by PeachTreeGardensLLC has 96 favorites from Etsy shoppers. Ships from Oceanside, CA. Listed on Aug 28, 2026."
1857776474,https://www.etsy.com/listing/1857776474,hoya kerrii,C_ships,Hoya Plant Kerrii Heart | FREE Personalization | Pet Safe ...,TeesOfNYStore,,,"South Ozone Park, NY","Sep 23, 2026",61,,,,,,,False,False,False,,,,False,us/,"This Succulents & Cacti item by TeesOfNYStore has 61 favorites from Etsy shoppers. Ships from South Ozone Park, NY. Listed on Sep 23, 2026. ... Hoya Kerrii ..."
4543434533,https://www.etsy.com/listing/4543434533,hoya kerrii,C_ships,Hoya Kerrii Picta Spot 4” Pot,,,,"South Gate, CA","Jul 24, 2026",,,,,,,,False,False,False,,1,,False,us/,"Ships from South Gate, CA. Listed on Jul 24, 2026. ... Hoya kerrii plant with heart-shaped leaves featuring variegated patterns of. Rare find, already in 1 cart."
4534294632,https://www.etsy.com/listing/4534294632,hoya kerrii,C_ships,Hoya Kerrii,NotGrannysPlanties,,,"Dahlonega, GA","Jul 7, 2026",8,,,,,,,False,False,False,,,,False,us/,"This House Plants item by NotGrannysPlanties has 8 favorites from Etsy shoppers. Ships from Dahlonega, GA. Listed on Jul 7, 2026. ... Hoya Kerrii - FREE Shipping ..."
4526462865,https://www.etsy.com/listing/4526462865,hoya kerrii,D_plain,"Hoya Kerrii Plant Live, 3-5'' Tall, Hoya Plants Live Houseplant ...",HollydayzGifts,,,,,,,4.0,,,,,False,False,False,,,3,False,us/,"Hoya Kerrii Plant Live, 3-5'' Tall, Hoya Plants Live Houseplant, Well-Rooted for Indoor Outdoor Landscape. HollydayzGifts. 4 out of 5 stars. Arrives soon!"
4502210040,https://www.etsy.com/listing/4502210040,hoya kerrii,D_plain,Hoya Kerrii Variegata,LuckyFortuneGarden,,,,,,,5.0,,,,,False,False,False,,,4,False,us/,May include: A heart-shaped Hoya Kerrii plant with a yellow border and green ... Hoya Kerrii Variegata. LuckyFortuneGarden. 5 out of 5 stars. Arrives soon ...
4421274024,https://www.etsy.com/listing/4421274024,hoya kerrii,D_plain,Hoya Kerrii Vining - Mother Plants - Heart Shaped Hoya Vine,,,,,,,,,,,,,False,False,False,,,6,False,us/,"We are so excited to begin offering our Vining Hoya Kerrii. This particular Hoya has a super unique heart shaped leaf. Like all other Hoyas, this plant is ..."
1784844923,https://www.etsy.com/listing/1784844923,hoya kerrii,D_plain,Hoya Kerrii - Heartplant - ↑ 10 Cm - 6 Cm,,,,,,,,,,,,,False,False,False,,,9,False,us/,This plant requires little maintenance but gives a lot back. The Hoya Kerrii prefers bright locations but should not be placed in direct sunlight. A spot in the ...
986836749,https://www.etsy.com/listing/986836749,hoya kerrii,D_plain,Handmade Felt Hoya Kerrii Plant: Sweetheart Potted Plant,,,,,,,,,,,,,False,False,False,,,13,True,us/,"Made of wool blend and recycled polyester felt, you'll never have to worry about under or overwatering your Hoya kerrii again. It lives snuggly in a felt dirt ..."
4529581056,https://www.etsy.com/listing/4529581056,hoya kerrii,D_plain,Hoya Kerrii Heart Succulent Live Plant in 2” Pot,,,,,,,,,,,,,False,False,False,,,15,False,us/,Hoya Kerrii Heart Succulent Live Plant in 2” Pot - Indoor Heart Shaped Love Hoya - Office gift - Sweetheart Hoya For Kids Terrarium Project. PlantVers.
4483406333,https://www.etsy.com/listing/4483406333,hoya kerrii,D_plain,"Hoya Kerrii Variegated : Rooted Plant in 8"" Pot #804",,,,,,,,,,,,,False,False,False,,,17,False,us/,"This is a low maintenance, rooted Hoya kerrii variegata that is shaped like a heart and variegated. Easy to grow , tolerates full sun but looks better in ..."
1852453482,https://www.etsy.com/listing/1852453482,hoya kerrii,D_plain,Rare Variegated Hoya Kerrii. Lucky Heart. Great Valentines Day ...,HostaKing,,,,,,,4.5,,,,,False,False,False,,,18,False,us/,Rare Variegated Hoya Kerrii. Lucky Heart. Great Valentines Day Gift. Fast Shipping. HostaKing. 4.5 out of 5 stars.
4558659987,https://www.etsy.com/listing/4558659987,hoya kerrii,D_plain,"Hoya Kerrii Plant, Sweetheart Hoya, Live Indoor Houseplant ...",StokesandStuff,,,,,,,4.0,,,,,False,False,False,,,19,False,us/,"Hoya Kerrii Plant, Sweetheart Hoya, Live Indoor Houseplant, Hoya Tree, 4-8 Inch Tall, 4 Inch Pot. StokesandStuff. 4 out of 5 stars. Arrives soon! Get it by."
4488967302,https://www.etsy.com/listing/4488967302,hoya kerrii,D_plain,"Hoya Kerrii Heart Live Plant 4-7 Inch Tall, Sweetheart ...",,,,,,,,,,,,,False,False,False,,,20,False,us/,"Hoya Kerrii Heart Live Plant 4-7 Inch Tall, Sweetheart Hoya Indoor Plant, Succulent Vine for Home Decor, Easy Care Indoor Outdoor Plant."
4494297335,https://www.etsy.com/listing/4494297335,hoya sunrise,A_owned;C_ships,Hoya Sunrise 4” Pot,Camargosplantas,Zaira Camargo,,"South Gate, CA","Apr 24, 2026",,,,,4900.0,4 years on Etsy,4.0,False,False,False,,,,False,us/,Meet your seller. Camargosplantas · Owned by Zaira Camargo | ... 4.9k sales. 4 years on Etsy. Message seller · Following Follow shop.
1486582794,https://www.etsy.com/listing/1486582794,hoya sunrise,A_owned;C_ships;D_plain,4” Hoya Sunrise - Not Sunstressed - US SELLER,landofalicestudio,Alicia,"Orlando, Florida","Orlando, FL","May 22, 2026",27,,4.9,12800.0,34400.0,14 years on Etsy,14.0,False,False,False,,,4,False,us/,"4” Hoya Sunrise - not sunstressed - US SELLER ... Owned by Alicia |. Orlando, Florida. 4.9 (12.8k). 34.4k sales. 14 years on Etsy. Message seller · Following ..."
4580085121,https://www.etsy.com/listing/4580085121,hoya sunrise,A_owned;C_ships;D_plain,"Hoya Sunrise Live Plant - 3-5"" Tall - Ship No Pot",JamiescustomcreatArt,James,United States,"Hudson, FL","Sep 21, 2026",,,4.0,80.0,447.0,10 months on Etsy,0.83,False,False,False,,,2,False,us/,Owned by James |. United States. 4.0 (80). 447 sales. 10 months on Etsy. Message seller · Following Follow shop. This seller usually responds within 24 hours.
4527113718,https://www.etsy.com/listing/4527113718,hoya sunrise,A_owned;B_star,E1736 Hoya Sunrise Cutting Rooted With New Growth,TQHoyas,Tiffany Quint,"Hockley, Texas",,,,,4.9,3700.0,10700.0,5 years on Etsy,5.0,True,False,False,,,,False,us/,"Owned by Tiffany Quint |. Hockley, Texas. 4.9 (3.7k). 10.7k sales. 5 years on Etsy. Message seller · Following Follow shop ... Hoya Sunrise. $29.00 · Hoya ..."
4533541996,https://www.etsy.com/listing/4533541996,hoya sunrise,A_owned;C_ships,Exact Plant Hoya Sunrise (TF) Specific 4” Pot 13166ZSE,TheGreenEscape,The Green Escape,,"Eustis, FL","Jul 6, 2026",,,,,857900.0,6 years on Etsy,6.0,False,False,False,,,,False,us/,Exact Plant Hoya Sunrise ... Meet your seller. TheGreenEscape · Owned by The Green Escape | ... 857.9k sales. 6 years on Etsy. Message seller · Following Follow ...
1875930231,https://www.etsy.com/listing/1875930231,hoya sunrise,A_owned;B_star;D_plain,"Hoya Sunrise 4"" Hanging Basket - US SELLER",RareFoliagePlantCo,Yibo,"Winter Garden, Florida",,,,,4.9,6600.0,17200.0,3 years on Etsy,3.0,True,False,False,,,14,False,us/,"Owned by Yibo |. Winter Garden, Florida. 4.9 (6.6k). 17.2k sales. 3 years on Etsy. Message seller · Following Follow shop. This seller usually responds within a ..."
4516210858,https://www.etsy.com/listing/4516210858,hoya sunrise,A_owned,Hoya Sunrise Original Rare Plant,,Fortune Sho,"East Java, Indonesia",,,,,,0,0.0,5 months on Etsy,0.42,False,False,False,,,,False,us/,"Owned by Fortune Sho |. East Java, Indonesia. No reviews yet. 0 sales. 5 months on Etsy ... Hoya Sunrise. $29.00 · Hoya Sunrise. $32.90 ..."
4560820618,https://www.etsy.com/listing/4560820618,hoya sunrise,A_owned;C_ships,Hoya Sunrise Sun Stressed Plant,PlantasticByHuong,Huong,United States,"Kissimmee, FL","Aug 22, 2026",14,,5.0,3600.0,8900.0,7 years on Etsy,7.0,False,False,False,,,,False,us/,Hoya Sunrise sun stressed plant. PlantasticByHuong ... Owned by Huong |. United States. 5.0 (3.6k). 8.9k sales. 7 years on Etsy. Message seller · Following Follow ...
4503470812,https://www.etsy.com/listing/4503470812,hoya sunrise,A_owned;C_ships,Hoya Sunrise Rare Unique Jungle Plant,MooniqueID,Amak Faqot,Indonesia,Indonesia,"May 12, 2026",,,,0,5.0,4 months on Etsy,0.33,False,False,False,,,,False,us/,You've found a shop that is new to Etsy! MooniqueID · Owned by Amak Faqot |. Indonesia. No reviews yet. 5 sales. 4 months on Etsy. Message seller.
4541526988,https://www.etsy.com/listing/4541526988,hoya sunrise,A_owned,Exact Plant Hoya Sunrise Specific Starter Plant 13850JBE| G/H ...,TheGreenEscape,The Green Escape,,,,,,,,864000.0,6 years on Etsy,6.0,False,False,False,,,,False,us/,Exact Plant Hoya Sunrise ... Meet your seller. TheGreenEscape · Owned by The Green Escape | ... 864k sales. 6 years on Etsy. Message seller · Following Follow shop.
4532628107,https://www.etsy.com/listing/4532628107,hoya sunrise,A_owned;B_star;C_ships,Hoya Sunrise in a 4.25 Inch Pot / Beautiful Scented Flowers ...,AnniesGardenGems,Annie,"San Diego, California","San Diego, CA","Jul 5, 2026",,,5.0,3600.0,8600.0,5 years on Etsy,5.0,True,False,False,,,,False,us/,"Hoya Sunrise in a 4.25 inch pot / Beautiful ... Hoya Sunrise ... Owned by Annie |. San Diego, California. 5.0 (3.6k). 8.6k sales. 5 years on Etsy. Message seller."
4554927839,https://www.etsy.com/listing/4554927839,hoya sunrise,A_owned,Hoya Sunrise Rare Tropical House Plant,RumahAroid,Kebanan Pride,"Mojokerto, Indonesia",,,,,5.0,4.0,9.0,3 months on Etsy,0.25,False,False,False,,,,False,us/,"You've found a shop that is new to Etsy! RumahAroid · Owned by Kebanan Pride |. Mojokerto, Indonesia. 5.0 (4). 9 sales. 3 months on Etsy. Message seller."
4491800114,https://www.etsy.com/listing/4491800114,hoya sunrise,A_owned;B_star,Hoya Sunrise Starter Plant - 4 Inch Pot,LasOrquideasRamos,Orquideas Ramos,"Miami, Florida",,,,,4.8,1300.0,3700.0,1 year on Etsy,1.0,True,False,False,,,,False,us/,"Owned by Orquideas Ramos |. Miami, Florida. 4.8 (1.3k). 3.7k sales. 1 year on Etsy. Message seller · Following Follow shop. This seller usually responds within ..."
4518161180,https://www.etsy.com/listing/4518161180,hoya sunrise,A_owned,"Hoya Sunrise 4"" Pot",AutumnMooninBloom,Lauren,United States,,,,,4.9,773.0,1500.0,4 years on Etsy,4.0,False,False,False,,,,False,us/,Meet your seller. AutumnMooninBloom · Owned by Lauren |. United States. 4.9 (773). 1.5k sales. 4 years on Etsy. Message seller · Following Follow shop.
4519587367,https://www.etsy.com/listing/4519587367,hoya sunrise,A_owned,Hoya Sunrise,MadPropsSCLLC,Jess,,,,,,,,9.0,1 year on Etsy,1.0,False,False,False,,,,False,us/,Meet your seller. MadPropsSCLLC · Owned by Jess |. Goose ... 9 sales. 1 year on Etsy. Message seller · Following Follow shop. Shop ...
4541702670,https://www.etsy.com/listing/4541702670,hoya sunrise,A_owned;C_ships,Hoya Lacunosa Obscura Hybrid | Tropical Indoor Plant,Amerikaktus,Amerikaktus,"San Diego, California","Vista, CA","Jul 22, 2026",,,4.9,13700.0,37700.0,3 years on Etsy,3.0,False,False,False,,,,False,us/,"Hoya Sunrise Plant | Rare Wax Flower Hoya | Hoya ... Hoya Sunrise ... Owned by Amerikaktus |. San Diego, California. 4.9 (13.7k). 37.7k sales. 3 years on Etsy."
4544521437,https://www.etsy.com/listing/4544521437,hoya sunrise,A_owned;B_star,Hoya Sunrise Cutting UNROOTED,PBLTigersJungle,Lynn,"Houston, Texas",,,,,4.9,6700.0,15400.0,6 years on Etsy,6.0,True,False,False,,,,False,us/,"Owned by Lynn |. Houston, Texas. 4.9 (6.7k). 15.4k sales. 6 years on Etsy. Message seller · Following Follow shop."
4524165105,https://www.etsy.com/listing/4524165105,hoya sunrise,A_owned;B_star;C_ships,Hoya Sunrise in 6”pot - W/a Peduncle - Wax Plant,Haileyshoya,Hailey Hoya,"Sarasota, Florida","North Port, FL","Jun 18, 2026",2,,5.0,1400.0,3300.0,4 years on Etsy,4.0,True,False,False,,,,False,us/,"Hoya Sunrise in 6”pot - w/a peduncle - wax plant ... Hoya Sunrise in 6 ... Owned by Hailey Hoya |. Sarasota, Florida. 5.0 (1.4k). 3.3k sales. 4 years on Etsy."
4541641234,https://www.etsy.com/listing/4541641234,hoya sunrise,A_owned,"Hoya Sunrise Houseplant Poster, Botanical Wall Art, White ...",ModernInkMuse,Samuel,United Kingdom,,,,,4.9,8.0,41.0,2 months on Etsy,0.17,False,False,False,,,,True,us/,You've found a shop that is new to Etsy! ModernInkMuse · Owned by Samuel |. United Kingdom. 4.9 (8). 41 sales. 2 months on Etsy. Message seller · Following ...
1639447544,https://www.etsy.com/listing/1639447544,hoya sunrise,A_owned,Hoya Sunrise - 4'' From California Tropicals,CaliforniaTropicals,California Tropicals LLC,United States,,,,,4.8,54300.0,165800.0,7 years on Etsy,7.0,False,False,False,,,,False,us/,Meet your seller. CaliforniaTropicals · Owned by California Tropicals LLC |. United States. 4.8 (54.3k). 165.8k sales. 7 years on Etsy. Message seller.
4479576549,https://www.etsy.com/listing/4479576549,hoya sunrise,A_owned,Hoya Fitchii Starter Plant 2.7” Pot,,phelsuma,"Downingtown, Pennsylvania",,,,,4.9,2100.0,4900.0,16 years on Etsy,16.0,False,False,False,,,,False,us/,"Owned by phelsuma |. Downingtown, Pennsylvania. 4.9 (2.1k). 4.9k sales. 16 years on Etsy. Message seller · Following Follow shop ... Hoya Sunrise Hanging Basket ..."
1460136003,https://www.etsy.com/listing/1460136003,hoya sunrise,A_owned,Hoya Sunrise || Handmade Leaf Earrings || Plant ...,ForTheLoveOfFoliage,Emily,"Cleveland, Ohio",,,,,4.8,110.0,612.0,6 years on Etsy,6.0,False,False,False,,,,True,us/,"Meet your seller. ForTheLoveOfFoliage · Owned by Emily |. Cleveland, Ohio. 4.8 (110). 612 sales. 6 years on Etsy. Message seller · Following Follow shop."
4539966964,https://www.etsy.com/listing/4539966964,hoya sunrise,A_owned,Hoya Clemensiorum Sp. Indonesia,,Kim,"Niagara Falls, New York",,,,,4.9,284.0,618.0,3 years on Etsy,3.0,False,False,False,,,,False,us/,"Owned by Kim |. Niagara Falls, New York. 4.9 (284). 618 sales. 3 years on Etsy. Message seller · Following Follow shop ... Hoya 'Sunrise' Thailand Form. Sale ..."
4307441518,https://www.etsy.com/listing/4307441518,hoya sunrise,A_owned,Hoya Tequila Sunrise,Leafecho,Leafecho,"Palo Alto, California",,,,,4.8,584.0,2000.0,2 years on Etsy,2.0,False,False,False,,,,False,us/,"Meet your seller. Leafecho · Owned by Leafecho |. Palo Alto, California. 4.8 (584). 2k sales. 2 years on Etsy. Message seller · Following Follow shop. This ..."
4352151791,https://www.etsy.com/listing/4352151791,hoya sunrise,A_owned,4” Hoya Sunrise,,Lisa Kilpatrick,"Exton, Pennsylvania",,,,,4.9,30.0,60.0,2.5 years on Etsy,2.5,False,False,False,,,,False,us/,"Owned by Lisa Kilpatrick |. Exton, Pennsylvania. 4.9 (30). 60 sales. 2.5 years on Etsy. Message seller · Following Follow shop. This seller usually responds ..."
4361504267,https://www.etsy.com/listing/4361504267,hoya sunrise,A_owned;B_star;D_plain,"Hoya Sunrise Plant | Rooted Wax Plant, Sun-stress Red ...",LasOrquideasRamos,Orquideas Ramos,"Miami, Florida",,,,,4.8,1300.0,3700.0,,,True,False,False,,,7,False,us/,"Hoya Sunrise Plant | Rooted Wax Plant, Sun-Stress Red Foliage, Trailing Vine ... Owned by Orquideas Ramos |. Miami, Florida. 4.8 (1.3k). 3.7k sales. 1 year ..."
4536892469,https://www.etsy.com/listing/4536892469,hoya sunrise,A_owned;B_star,Hoya Sunrise in 6”pot / Gorgeous Leaves Changing ...,Haileyshoya,Hailey Hoya,"North Port, Florida",,,,,5.0,1400.0,3300.0,5 years on Etsy,5.0,True,False,False,,,,False,us/,"Hoya Sunrise in 6”pot / gorgeous leaves changing stunning color ... Owned by Hailey Hoya |. North Port, Florida. 5.0 (1.4k). 3.3k sales. 5 years on Etsy."
1675623087,https://www.etsy.com/listing/1675623087,hoya sunrise,B_star;C_ships,Hoya Sunrise 4” Hanging Basket (red Leaves) - US SELLER,RareFoliagePlantCo,,,"Winter Garden, FL","Sep 26, 2026",59,,,,,,,True,False,False,,,,False,us/,Hoya Sunrise 4” Hanging Basket (Red Leaves) - US SELLER ... RareFoliagePlantCo is a star seller Specializes in Plants ... 4” Hoya Sunrise ...
4565562632,https://www.etsy.com/listing/4565562632,hoya sunrise,B_star,Hoya Sunrise in a 3 Inch Pot / Beautiful Scented Flowers / Well ...,AnniesGardenGems,,,,,,,,,,,,True,False,False,,,,False,us/,Hoya Sunrise in a 3 inch pot / Beautiful Scented Flowers / Well Established / Exact Plant. AnniesGardenGems. Star Seller. Star Sellers have an outstanding ...
4570110113,https://www.etsy.com/listing/4570110113,hoya sunrise,B_star,Hoya Sunrise in Bloom in a 4.5 Inch Pot / Longest Strand 28”,Haileyshoya,,,,,,,,,,,,True,False,False,,,,False,us/,Hoya Sunrise in Bloom in a 4.5 inch pot / Longest Strand 28”. Haileyshoya. Star Seller. Star Sellers have an outstanding track record for providing a great ...
4570287451,https://www.etsy.com/listing/4570287451,hoya sunrise,B_star,Hoya Sunrise in a 6” Inch Pot / Longest Strand 28”,Haileyshoya,,,,,,,,,,,,True,False,False,,,,False,us/,Hoya Sunrise in a 6” inch pot / Longest Strand 28” ... Haileyshoya is a star seller Specializes in Plants. Be the first to review this item.
4485492573,https://www.etsy.com/listing/4485492573,hoya sunrise,B_star;D_plain,Hoya Sunrise in a 3 Inch Pot / Burgundy Color Leaves ...,AnniesGardenGems,,,,,,,,,,,,True,False,False,,,10,False,us/,Hoya Sunrise in a 3 inch pot / Burgundy color leaves / Beautiful scented flowers / Exact Plant. AnniesGardenGems. Star Seller. Star Sellers have an outstanding ...
4552875088,https://www.etsy.com/listing/4552875088,hoya sunrise,B_star,Hoya Sunrise in a 4.25 Inch Pot / Beautiful Scented ...,AnniesGardenGems,,,,,,,,,,,,True,False,False,,,,False,us/,Hoya Sunrise in a 4.25 inch pot / Beautiful scented flowers / Veined Leaves / Exact Plant. AnniesGardenGems. Star Seller. Star Sellers have an outstanding ...
4515513263,https://www.etsy.com/listing/4515513263,hoya sunrise,B_star,Hoya Sunrise in a 3 Inch Pot / Beautiful Scented Flowers ...,AnniesGardenGems,,,,,,,,,,,,True,False,False,,,,False,us/,Hoya Sunrise in a 3 inch pot / Beautiful Scented Flowers / Well Established / Exact Plant. AnniesGardenGems. Star Seller. Star Sellers have an outstanding ...
1359458073,https://www.etsy.com/listing/1359458073,hoya sunrise,B_star;D_plain,"Rare Vining Wax Plant, Unrooted Cutting 2-leaf/2-node",PlantGab,,,,,,,,,,,,True,False,False,,,18,False,us/,"Hoya Sunrise Cutting: Rare Vining Wax Plant, Unrooted cutting 2-Leaf/2-Node ... PlantGab is a star seller Specializes in Plants. Reviews for this item."
4505745522,https://www.etsy.com/listing/4505745522,hoya sunrise,B_star,"Hoya Cv. Sunrise Rooted Plant Sun Stressed, Sunnyjenni ...",SUNNYJENNIGARDEN,,,,,,,,,,,,True,False,False,,,,False,us/,SUNNYJENNIGARDEN is a star seller Specializes in Plants. Be the first to review this item.
4482768858,https://www.etsy.com/listing/4482768858,hoya sunrise,B_star,Hoya Sunrise in a 4.25 Inch Pot / Beautiful Scented ...,AnniesGardenGems,,,,,,,,,,,,True,False,False,,,,False,us/,Hoya Sunrise in a 4.25 inch pot / Beautiful scented flowers / Red Veined Leaves / Exact Plant. AnniesGardenGems. Star Seller. Star Sellers have an outstanding ...
1648395242,https://www.etsy.com/listing/1648395242,hoya sunrise,B_star,"Hoya Imperialis Red Flower 5"" - US SELLER",,,,,,,,,,,,,False,False,False,,,,False,us/,"May include: A green plant with long, narrow, wavy-edged leaves growing from a central stem, potted in a black plastic container filled with brown wood chip ..."
4541830342,https://www.etsy.com/listing/4541830342,hoya sunrise,C_ships,"Hoya Sunrise Nice Full Plant, From a Old Plant. Lime + Purple ...",plantdreamscometrue,,,"Clemmons, NC","Jul 21, 2026",,,,,,,,False,False,False,,,,False,us/,"This House Plants item is sold by plantdreamscometrue. Ships from Clemmons, NC. Listed on Jul 21, 2026. ... Hoya sunrise nice full plant, from a old plant."
4484083003,https://www.etsy.com/listing/4484083003,hoya sunrise,C_ships,Hoya Sunrise Rooted Cutting – Semi Hydro (pon) – Exact Plant,PlantGenetix,,,New Jersey,,,,5.0,,,,,False,False,False,,,,False,us/,Hoya Sunrise Rooted Cutting – Semi Hydro (Pon) – Exact Plant. PlantGenetix. 5 out of 5 stars. Ships from New Jersey. Arrives soon! Get it by. Aug 27-Sep 1.
4416400925,https://www.etsy.com/listing/4416400925,hoya sunrise,C_ships;D_plain,Hoya Sunrise,ExoticcactuSandleaf,,,Puerto Rico,"Sep 12, 2026",124,,,,,,,False,False,False,,,1,False,us/,"This Succulents & Cacti item by ExoticcactuSandleaf has 124 favorites from Etsy shoppers. Ships from Puerto Rico. Listed on Sep 12, 2026. ... hoya sunrise ... Hoya ..."
4362020483,https://www.etsy.com/listing/4362020483,hoya sunrise,C_ships,"2"" Rare Hoya Sunrise (lacunosa/obscura) Plant",SarahsGreenthumbery,,,"Toledo, OH","May 3, 2026",2,,,,,,,False,False,False,,,,False,us/,"This House Plants item by SarahsGreenthumbery has 2 favorites from Etsy shoppers. Ships from Toledo, OH. Listed on May 3, 2026. ... 2"" Rare Hoya Sunrise (Lacunosa ..."
4517147654,https://www.etsy.com/listing/4517147654,hoya sunrise,C_ships;D_plain,"Rare Hoya Sunrise Live Plant Burgundy Purple Foliage, 4” Pot ...",RarePlantClub,,,"Encinitas, CA","Jun 8, 2026",8,,,,,,,False,False,False,,,5,False,us/,"This House Plants item by RarePlantClub has 8 favorites from Etsy shoppers. Ships from Encinitas, CA. Listed on Jun 8, 2026. ... Rare Hoya Sunrise Live Plant ..."
4527892530,https://www.etsy.com/listing/4527892530,hoya sunrise,C_ships,Hoya Sunrise Live Plant Rare Wax Plant Pink Sunstressed ...,alzanursery,,,"Miami, FL","Jun 25, 2026",,,,,,,,False,False,False,,,,False,us/,"This House Plants item is sold by alzanursery. Ships from Miami, FL. Listed on Jun 25, 2026."
4532769913,https://www.etsy.com/listing/4532769913,hoya sunrise,C_ships,Hoya Sunrise Rare Uniqe Jungle Plant #3,BerkahAbadan,,,Indonesia,"Jul 4, 2026",,,,,,,,False,False,False,,,,False,us/,"This Indoor Planters item is sold by BerkahAbadan. Ships from Indonesia. Listed on Jul 4, 2026. ... Hoya Sunrise Rare Uniqe Jungle Plant #3 image 1 ... Hoya Sunrise ..."
4550754295,https://www.etsy.com/listing/4550754295,hoya sunrise,D_plain,Hoya Sunrise 6in Pot,,,,,,,,,,,,,False,False,False,,,3,False,us/,"6in potted Hoya Sunrise This is a wonderful Hoya to sun stress, hence the name. The leaves will turn a blend of pinks and orange under higher light."
4322752108,https://www.etsy.com/listing/4322752108,hoya sunrise,D_plain,Hoya Sunrise (starter Plant),,,,,,,,,,,,,False,False,False,,,6,False,us/,"Hoya Sunrise – Radiant Foliage & Sweet Fragrance Add a pop of color to your plant collection with the Hoya Sunrise, a stunning hybrid prized for its ..."
4395949248,https://www.etsy.com/listing/4395949248,hoya sunrise,D_plain,Hoya Sunrise,plantproperco,,,,,,,5.0,5835.0,,,,False,False,False,,,8,False,us/,"Hoya Sunrise. plantproperco · 5 out of 5 stars (5,835). $22.00. Add to cart. Loading. More from this shop. See all · Hoya Imbricata. $35.00. 4.9 (5,835) ..."
4545485733,https://www.etsy.com/listing/4545485733,hoya sunrise,D_plain,Hoya Sunrise Seeds,SmallBatchTropicals,,,,,,,,,,,,True,False,False,,,9,True,us/,Hoya Sunrise Seeds. SmallBatchTropicals. Star Seller. Star Sellers have an outstanding track record for providing a great customer experience—they consistently ...
1275876130,https://www.etsy.com/listing/1275876130,hoya sunrise,D_plain,"4"" Live Plant Hoya Sunrise : Indoor Plants",,,,,,,,,,,,,False,False,False,,,11,False,us/,"Hoya Sunrise is an ornamental plant native to Malaysia. It is a hybrid between Hoya Lacunosa and Hoya Obscura, that came into existance in 1992."
1520119376,https://www.etsy.com/listing/1520119376,hoya sunrise,D_plain,Hoya Sunrise Rooted 3 Inch,,,,,,,,,,,,,False,False,False,,,17,False,us/,Hoya Sunrise Live Plant | Rare Hoya Houseplant | 4 Inch Pot | Easy Care ...
4427105887,https://www.etsy.com/listing/4427105887,hoya sunrise,D_plain,Hoya Tequila Sunrise Rooted Starter Plant,,,,,,,,,,,,,False,False,False,,,19,False,us/,Hoya Sunrise Live Plant | Rare Hoya Houseplant | 4 Inch Pot | Easy Care ...
1542656343,https://www.etsy.com/listing/1542656343,hoya sunrise,D_plain,Hoya Sunrise (thailand Form) Starter Plant (ALL ...,,,,,,,,,,,,,False,False,False,,,20,False,us/,Hoya Sunrise (Thailand form) Starter Plant (ALL STARTER PLANTS require you to purchase 2 plants!) ; Sale Price $12.80 · 12.80 · 16.00 Original Price $16.00 ; Sale ...
4370713520,https://www.etsy.com/listing/4370713520,monstera peru,A_owned;D_plain,Monstera Peru 6” Pot,RunoPlants,Runo Plants,"Miami, Florida",,,,,4.7,1000.0,3100.0,3 years on Etsy,3.0,False,False,False,,,6,False,us/,"Meet your seller. RunoPlants · Owned by Runo Plants |. Miami, Florida. 4.7 (1k). 3.1k sales. 3 years on Etsy. Message seller · Following Follow shop. This ..."
4425913736,https://www.etsy.com/listing/4425913736,monstera peru,A_owned;C_ships;D_plain,6” Monstera Peru (karstenianum) | Rare Textured Leaf Aroid,IshysPlants,Ishola,"Brooklyn, New York","Brooklyn, NY","May 21, 2026",12,,4.4,330.0,1100.0,1 year on Etsy,1.0,False,False,False,,,2,False,us/,"6” Monstera Peru (Karstenianum) | Rare Textured ... Owned by Ishola |. Brooklyn, New York. 4.4 (330). 1.1k sales. 1 year on Etsy. Message seller · Following ..."
4509964089,https://www.etsy.com/listing/4509964089,monstera peru,A_owned,"Monstera Peru Live Plant 2.5"" Pot",LacquernLeaf,jls3969,United States,,,,,5.0,28.0,185.0,1.5 years on Etsy,1.5,False,False,False,,,,False,us/,May include: A small potted Monstera Peru ... Meet your seller. LacquernLeaf · Owned by jls3969 |. United States. 5.0 (28). 185 sales. 1.5 years on Etsy. Message ...
4403905219,https://www.etsy.com/listing/4403905219,monstera peru,A_owned;C_ships;D_plain,Monstera Peru,PotHeadPlantCoShop,Pothead Plant Co.,"New York, United States","Bay Shore, NY","Mar 13, 2026",,,3.7,10.0,18.0,10 months on Etsy,0.83,False,False,False,,,1,False,us/,"Monstera Peru. PotHeadPlantCoShop. 3.5 out of 5 ... Owned by Pothead Plant Co. |. New York, United States. 3.7 (10). 18 sales. 10 months on Etsy. Message seller."
1733398218,https://www.etsy.com/listing/1733398218,monstera peru,A_owned;B_star;C_ships;D_plain,"Monstera Peru Plant – Corrugated Textured Leaves, Easy Care ...",SproutAndSprigPlants,Sprout and Sprig Plants,"Murfreesboro, Tennessee","Murfreesboro, TN","Jul 23, 2026",4,,4.9,548.0,9700.0,2 years on Etsy,2.0,True,False,False,,,3,False,us/,"Monstera Peru Plant ... Owned by Sprout and Sprig Plants |. Murfreesboro, Tennessee. 4.9 (548). 9.7k sales. 2 years on Etsy. Message seller · Following Follow ..."
4513333498,https://www.etsy.com/listing/4513333498,monstera peru,A_owned;C_ships;D_plain,Rare Textured Monstera Live Tropical Indoor Houseplant,BotaniHaven,Jenn Unger,"Denver, Colorado","Mount Dora, FL","May 29, 2026",,,5.0,8.0,27.0,1 year on Etsy,1.0,False,False,True,,,8,False,us/,"Owned by Jenn Unger |. Denver, Colorado. 5.0 (8). 27 sales. 1 year on Etsy. Message seller · Following Follow shop. Rave reviews Average review rating is 4.8 or ..."
1527389208,https://www.etsy.com/listing/1527389208,monstera peru,A_owned,Monstera Peru Large Leaves Plant,,lavishkathy,"Miami, Florida",,,,,4.3,465.0,2800.0,6 years on Etsy,6.0,False,False,False,,,,False,us/,"Owned by lavishkathy |. Miami, Florida. 4.3 (465). 2.8k sales. 6 years on Etsy. Message seller · Following Follow shop. This seller usually responds within a ..."
4534174571,https://www.etsy.com/listing/4534174571,monstera peru,A_owned;D_plain,Monstera Peru 4 Inch Pot,DemetersGreen,Demeters Green,"Tampa, Florida",,,,,5.0,12.0,24.0,3 years on Etsy,3.0,False,False,False,,,12,False,us/,"Meet your seller. DemetersGreen · Owned by Demeters Green |. Tampa, Florida. 5.0 (12). 24 sales. 3 years on Etsy. Message seller · Following Follow shop."
1167764007,https://www.etsy.com/listing/1167764007,monstera peru,A_owned;C_ships;D_plain,Monstera Peru - 2.5'' From California Tropicals,CaliforniaTropicals,California Tropicals LLC,United States,"Mira Loma, CA","Aug 27, 2026",137,,4.8,54300.0,165800.0,7 years on Etsy,7.0,False,False,False,,,9,False,us/,Monstera Peru ... Meet your seller. CaliforniaTropicals · Owned by California Tropicals LLC |. United States. 4.8 (54.3k). 165.8k sales. 7 years on Etsy. Message ...
4492330030,https://www.etsy.com/listing/4492330030,monstera peru,A_owned;C_ships;D_plain,"Monstera Peru Plant: Textured Deep Green Glossy Foliage – 4"" Pot",ThePlantFam,Abby,"Texas, United States","Snyder, TX","Apr 21, 2026",,,5.0,10.0,141.0,7 months on Etsy,0.58,False,False,False,,,7,False,us/,"Monstera Peru ... Owned by Abby |. Texas, United States. 5.0 (10). 141 sales. 7 months on Etsy ... You may also like. See more · Monstera Peru Cutting."
4343316408,https://www.etsy.com/listing/4343316408,monstera peru,A_owned,"Monstera Peru | EXACT PLANT | 3"" Growers Pot | Starter Plant",,Sarah,"Corona, California",,,,,5.0,113.0,274.0,10 months on Etsy,0.83,False,False,False,,,,False,us/,"Monstera Peru ... Owned by Sarah |. Corona, California. 5.0 (113). 274 sales. 10 months on Etsy ... Monstera Peru Plant in 6"" Pot. $35.00 ..."
4523064496,https://www.etsy.com/listing/4523064496,monstera peru,A_owned;C_ships,Monstera Peru -rooted Starter,CartersCornerStudio,Michelle Carter,"Severance, Colorado","Windsor, CO","Jun 16, 2026",,,5.0,20.0,43.0,2.5 years on Etsy,2.5,False,False,False,,,,False,us/,"Monstera Peru -Rooted Starter ... Owned by Michelle Carter |. Severance, Colorado. 5.0 (20). 43 sales. 2.5 years on Etsy. Message seller · Following Follow shop."
4518526306,https://www.etsy.com/listing/4518526306,monstera peru,A_owned;C_ships,Variegated Monstera Peru in a Nursery Pot - Live Rare ...,PlantVers,Daisy,"Lake Orion, Michigan","Oxford, MI","Jun 8, 2026",2,,4.7,40900.0,132800.0,6 years on Etsy,6.0,False,False,False,,,,False,us/,"Variegated Monstera Peru in a Nursery Pot - Live ... Owned by Daisy |. Lake Orion, Michigan. 4.7 (40.9k). 132.8k sales. 6 years on Etsy. Message seller."
4478447194,https://www.etsy.com/listing/4478447194,monstera peru,A_owned,Monstera 'peru' Houseplant: Tropical Plant With Textured Leaves,,House Plant Shop,"Florida, United States",,,,,4.6,20.0,60.0,5 months on Etsy,0.42,False,False,False,,,,False,us/,"Monstera 'Peru' Houseplant: Tropical Plant with ... Owned by House Plant Shop |. Florida, United States. 4.6 (20). 60 sales. 5 months on Etsy. Message seller."
4517576694,https://www.etsy.com/listing/4517576694,monstera peru,A_owned;B_star;C_ships;D_plain,"Monstera Peru 8"" Hanging Pot | Mature Rare Aroid Live EXACT ...",SayanNatureNest,Nirmala,"New Jersey, United States","Secaucus, NJ","Jun 6, 2026",,,4.9,24.0,123.0,7 months on Etsy,0.58,True,False,False,,,14,False,us/,"Monstera Peru 8"" Hanging Pot | Mature Rare Aroid ... Owned by Nirmala |. New Jersey, United States. 4.9 (24). 123 sales. 7 months on Etsy. Message seller."
4546785989,https://www.etsy.com/listing/4546785989,monstera peru,A_owned;C_ships;D_plain,Monstera Peru in 6” Nursery Pot - Textured Indoor Tropical Plant,PlantVers,Daisy,"Lake Orion, Michigan","Oxford, MI","Aug 16, 2026",11,,4.7,40900.0,132700.0,6 years on Etsy,6.0,False,False,False,,,10,False,us/,"Monstera Peru in 6” Nursery Pot - Monstera ... Owned by Daisy |. Lake Orion, Michigan. 4.7 (40.9k). 132.7k sales. 6 years on Etsy. Message seller · Following ..."
4494216072,https://www.etsy.com/listing/4494216072,monstera peru,A_owned;B_star;D_plain,Monstera Peru Variegated - 1.5 Inch Pot - Exact Plant,HausOfRootsLLC,Kayla Fathbruckner,"Kenton, Ohio",,,,,4.9,60.0,157.0,3 months on Etsy,0.25,True,False,False,,,19,False,us/,"Monstera Peru Variegated - 1.5 inch pot - Exact ... Owned by Kayla Fathbruckner |. Kenton, Ohio. 4.9 (60). 157 sales. 3 months on Etsy. Message seller · Following ..."
1563773391,https://www.etsy.com/listing/1563773391,monstera peru,A_owned;B_star,Monstera Obliqua Peru 4” - US SELLER,RareFoliagePlantCo,Yibo,"Winter Garden, Florida",,,,,4.9,5900.0,15100.0,2.5 years on Etsy,2.5,True,False,False,,,,False,us/,"Owned by Yibo |. Winter Garden, Florida. 4.9 (5.9k). 15.1k sales. 2.5 years on Etsy. Message seller · Following Follow shop. This seller usually responds within ..."
4532696535,https://www.etsy.com/listing/4532696535,monstera peru,A_owned;C_ships,"Monstera Peru ""karstenianum"", Exact Plant Variegated Ships ...",CanopyGems,wiredreamersdotcom,United States,"Pahoa, HI","Jul 4, 2026",,,4.9,3600.0,10000.0,16 years on Etsy,16.0,False,False,False,,,,False,us/,Owned by wiredreamersdotcom |. United States. 4.9 (3.6k). 10k sales. 16 years on Etsy. Message seller · Following Follow shop. This seller usually responds ...
4508106707,https://www.etsy.com/listing/4508106707,monstera peru,A_owned;C_ships,Monstera Obliqua Peru Starter Plant | Rare Aroid Houseplant ...,IjustwetmyplantsCo,Cassie Miller,"Bon Aqua Junction, Tennessee","Bon Aqua, TN","May 19, 2026",,,4.9,64.0,175.0,5 months on Etsy,0.42,False,False,False,,,,False,us/,"Owned by Cassie Miller |. Bon Aqua Junction, Tennessee. 4.9 (64). 175 sales. 5 months on Etsy. Message seller · Following Follow shop ... Monstera Peru Live ..."
4519510591,https://www.etsy.com/listing/4519510591,monstera peru,A_owned;B_star,Variegated Monstera Peru in a Nursery Pot - Live Rare ...,PlantVers,Daisy,"Lake Orion, Michigan",,,,,4.7,39100.0,126200.0,6 years on Etsy,6.0,True,False,False,,,,False,us/,"Variegated Monstera Peru in a Nursery Pot - Live ... Variegated Monstera Peru ... Owned by Daisy |. Lake Orion, Michigan. 4.7 (39.1k). 126.2k sales. 6 years on Etsy."
1162293524,https://www.etsy.com/listing/1162293524,monstera peru,A_owned;C_ships,Monstera Peru - 4'' From Tropical Ambiance,TropicalAmbiance,Tropical Ambiance,United States,"Mira Loma, CA","Jun 17, 2026",39,,4.8,14700.0,38800.0,6 years on Etsy,6.0,False,False,False,,,,False,us/,Owned by Tropical Ambiance |. United States. 4.8 (14.7k). 38.8k sales. 6 years on Etsy. Message seller · Following Follow shop. This seller usually responds ...
4528886808,https://www.etsy.com/listing/4528886808,monstera peru,A_owned;B_star,Monstera Peru Aurea Variegated - Climbing Tropical Plant,PlantVers,Daisy,"Lake Orion, Michigan",,,,,4.7,39600.0,127900.0,6 years on Etsy,6.0,True,False,False,,,,False,us/,"Monstera Peru Aurea Variegated - Climbing ... Monstera Peru ... Owned by Daisy |. Lake Orion, Michigan. 4.7 (39.6k). 127.9k sales. 6 years on Etsy. Message seller."
4552086544,https://www.etsy.com/listing/4552086544,monstera peru,A_owned;D_plain,"Monstera Peru Aurea Variegated - Yellow, Cream, White ...",PlantVers,Daisy,"Lake Orion, Michigan",,,,,4.7,40700.0,132100.0,6 years on Etsy,6.0,False,False,False,,,17,False,us/,"Meet your seller. PlantVers · Owned by Daisy |. Lake Orion, Michigan. 4.7 (40.7k). 132.1k sales. 6 years on Etsy. Message seller · Following Follow shop."
1611623684,https://www.etsy.com/listing/1611623684,monstera peru,A_owned;B_star,Monstera Peru Variegated 4” - US SELLER,RareFoliagePlantCo,Yibo,"Winter Garden, Florida",,,,,4.9,6500.0,17100.0,3 years on Etsy,3.0,True,False,False,,,,False,us/,"Owned by Yibo |. Winter Garden, Florida. 4.9 (6.5k). 17.1k sales. 3 years on Etsy. Message seller · Following Follow shop. This seller usually responds within a ..."
4329910312,https://www.etsy.com/listing/4329910312,monstera peru,A_owned,"Monstera Peru 4"" Rooted",,Branka,"Napa, California",,,,,5.0,99.0,210.0,1 year on Etsy,1.0,False,False,False,,,,False,us/,"Owned by Branka |. Napa, California. 5.0 (99). 210 sales. 1 year on Etsy. Message seller · Following Follow shop. This seller usually responds within a few ..."
4375511272,https://www.etsy.com/listing/4375511272,monstera peru,A_owned,LARGE Philodendron Jose Bueno,BackBasicsGreenhouse,Hannah,"Mechanicsville, Maryland",,,,,4.7,5900.0,16100.000000000002,4 years on Etsy,4.0,False,False,False,,,,False,us/,"Meet your seller. BackBasicsGreenhouse · Owned by Hannah |. Mechanicsville, Maryland. 4.7 (5.9k). 16.1k sales. 4 years on Etsy ... Monstera Peru Variegated."
4411422044,https://www.etsy.com/listing/4411422044,monstera peru,A_owned;D_plain,"Monstera Karstenianum • Thick Textured Leaves • Rare • 6"" ...",,,,,,,,,,,,,False,False,False,,,20,False,us/,"Monstera Peru • Monstera karstenianum • Thick Textured Leaves • Rare • 6"" Pot · Item details · Shipping and return policies · Be the first to review this item."
1785709941,https://www.etsy.com/listing/1785709941,monstera peru,A_owned;B_star,Monstera Obliqua Peru,PLANTAMANI,,,,,,,,,,,,True,False,False,,,,False,us/,"One of the rarest and most demanding aroids in cultivation - a climbing epiphyte native to the Peruvian Amazon, the Peru form is the most heavily perforated of ..."
4536044477,https://www.etsy.com/listing/4536044477,monstera peru,B_star,"Exact Plant, Monstera Obliqua Peru, Rare Tropical House ...",WoodlandMuseCo,,,,,,,,,,,,True,False,False,,,,False,us/,WoodlandMuseCo is a star seller. Be the first to review this item ... Philodendron Monstera Peru - opens in new tab ... Monstera Peru Vera Gated - opens in new tab.
1784645132,https://www.etsy.com/listing/1784645132,monstera peru,B_star,Monstera Peru Green Galaxy Philodendron,,,,,,,,,,,,,False,False,False,,,,False,us/,"Perfect for your indoor garden or as a standout gift for a fellow plant lover, the Monstera Peru thrives in bright, indirect light and enjoys a humid ..."
4540171306,https://www.etsy.com/listing/4540171306,monstera peru,B_star;C_ships;D_plain,a Monstera Karstenianum Variegata Aurea + Reflective Insulation,lorenzocaum,,,"Tampa, FL","Jul 18, 2026",2,,,,,,,True,False,False,,,4,False,us/,lorenzocaum is a star seller Specializes in Plants ... Variegated Monstera Peru -- a Monstera karstenianum variegata aurea + reflective insulation ...
4547534973,https://www.etsy.com/listing/4547534973,monstera peru,B_star;D_plain,Rare Monstera Peru Obliqua Live Plant | 4 Inch Rooted Houseplant,LasOrquideasRamos,,,,,,,,,,,,True,False,False,,,15,False,us/,Rare Monstera Peru Obliqua Live Plant | 4 Inch Rooted Houseplant | Easy Indoor Tropical Plant | Plant Lover Gift. LasOrquideasRamos. Star Seller.
4509669164,https://www.etsy.com/listing/4509669164,monstera peru,B_star,"5"" Monstera Peru Hanging Basket",RoxelRoots,,,,,,,,,,,,True,False,False,,,,False,us/,RoxelRoots is a star seller. Be the first to ...
4493590012,https://www.etsy.com/listing/4493590012,monstera peru,B_star,Monstera Peru Leaf Magnet – Laser Cut Wood Botanical Decor ...,IronandIvyDesigns,,,,,,,,,,,,True,False,False,,,,True,us/,IronandIvyDesigns is a star seller. Be the first to review this item. No reviews yet. See what customers say about other items from this shop. Read reviews ...
4521067908,https://www.etsy.com/listing/4521067908,monstera peru,B_star,Monstera Obliqua Peru Beauty Plant Indoor,Estusaearoid,,,,,,,,,,,,True,False,False,,,,False,us/,Estusaearoid is a star seller. Be the first to ... Monstera Peru Variegated ... You may also like. See more ...
1030410822,https://www.etsy.com/listing/1030410822,monstera peru,B_star;C_ships,Monstera Peru Plant 6 Inchpot - Live Plant,BronxPlantLady,,,"Middletown, NY","Jul 18, 2026",64,,,,,,,True,False,False,,,,False,us/,Monstera Peru Plant 6 inchPot - Live Plant - optional decorative pot. BronxPlantLady. Star Seller. Star Sellers have an outstanding track record for providing ...
4510231572,https://www.etsy.com/listing/4510231572,monstera peru,B_star,Philodendron Variegated Burle Marx EXACT Plant (US Seller) ...,SayanNatureNest,,,,,,,,,,,,True,False,False,,,,False,us/,Philodendron Variegated Burle Marx EXACT plant (US Seller) 3.5” nursery pot. SayanNatureNest. Star Seller ... SayanNatureNest is a star seller. Be the first to ...
1801943982,https://www.etsy.com/listing/1801943982,monstera peru,B_star,Monstera Peru | Live Indoor & Outdoor Tropical Houseplant,TheOddFrond,,,,,,,,,,,,True,False,False,,,,False,us/,"Monstera Peru | Live Indoor & Outdoor Tropical Houseplant | Home and Office Decor | Easy Care Plant in 4"" Pot. TheOddFrond. Star Seller. Star Sellers have an ..."
4524468646,https://www.etsy.com/listing/4524468646,monstera peru,B_star,Monstera Peru Variegated 4,RareGreenPlantCo,,,,,,,,,,,,True,False,False,,,,False,us/,Monstera Peru Variegated 4“. RareGreenPlantCo. Star Seller. Star Sellers have an outstanding track record for providing a great customer ...
4530327424,https://www.etsy.com/listing/4530327424,monstera peru,C_ships,Monstera Peru Variegated,ClassyplantsUsa,,,"Hollywood, FL","Jun 30, 2026",,,,,,,,False,False,False,,,,False,us/,"This Plants item is sold by ClassyplantsUsa. Ships from Hollywood, FL. Listed on Jun 30, 2026. ... Monstera Peru Variegated ... You may also like. See more ..."
4550560819,https://www.etsy.com/listing/4550560819,monstera peru,C_ships,Exact Plant Monstera Peru Specific 2” Pot 15436FEE,TheGreenEscape,,,"Eustis, FL","Aug 5, 2026",,,,,,,,False,False,False,,,,False,us/,"This Indoor Planters item is sold by TheGreenEscape. Ships from Eustis, FL. Listed on Aug 5, 2026. ... Exact Plant Monstera Peru Specific 2” Pot 15436FEE | G/H ( ..."
1892130971,https://www.etsy.com/listing/1892130971,monstera peru,C_ships;D_plain,"RARE Monstera Peru Plant in a 6"" Nursery Pot",PlantVers,,,"Oxford, MI","Aug 23, 2026",114,,,,,,,False,False,False,,,16,False,us/,"This House Plants item by PlantVers has 114 favorites from Etsy shoppers. Ships from Oxford, MI. Listed on Aug 23, 2026. ... RARE Monstera Peru Plant in a 6"" ..."
1615853960,https://www.etsy.com/listing/1615853960,monstera peru,D_plain,Monstera Peru Variegated | Live Rare Houseplants,,,,,,,,,,,,,False,False,False,,,5,False,us/,"Monstera peru variegated | Live rare houseplants | Peru Plant | Air Purifying Plants | Variegated Monstera Peru | Monstera Peru in a 4"" pot ; Sale Price $139.00 ..."
1306331207,https://www.etsy.com/listing/1306331207,monstera peru,D_plain,Monstera Peru,,,,,,,,,,,,,False,False,False,,,13,False,us/,Monstera Peru. Sold. Request a custom product See item details · Request a custom product See item details. Similar items on Etsy. Results include ads. Learn ...
1688007780,https://www.etsy.com/listing/1688007780,monstera peru,D_plain,4” Monstera Peru Variegated - US SELLER,landofalicestudio,,,,,,,5.0,12674.0,,,,False,False,False,,,18,False,us/,"4” Monstera Peru variegated - US SELLER. landofalicestudio · 5 out of 5 stars (12,674). $45.00. Add to cart. Loading ..."
4533026088,https://www.etsy.com/listing/4533026088,monstera siltepecana,A_owned;B_star;D_plain,Monstera Siltepecana Variegated - US Seller,leafandrootplants,Charissa Hunt,"Florida, United States",,,,,5.0,151.0,265.0,5 years on Etsy,5.0,True,False,False,,,2,False,us/,"Owned by Charissa Hunt |. Florida, United States. 5.0 (151). 265 sales. 5 years on Etsy. Message seller · Following Follow shop ... Monstera siltepecana ..."
4469825440,https://www.etsy.com/listing/4469825440,monstera siltepecana,A_owned,Monstera Siltepecana,,Paul,"Knoxville, Tennessee",,,,,4.9,127.0,341.0,2.5 years on Etsy,2.5,False,False,False,,,,False,us/,"Owned by Paul |. Knoxville, Tennessee. 4.9 (127). 341 sales. 2.5 years on Etsy ... Monstera Siltepecana - Cuttings. $3.88 ..."
4465114917,https://www.etsy.com/listing/4465114917,monstera siltepecana,A_owned;C_ships,Monstera Siltepecana Cuttings,PerfectlyPlantable,Sarah Henke,United States,"Saint Paul, MN","Mar 1, 2026",,,4.7,138.0,386.0,6 years on Etsy,6.0,False,False,False,,,,False,us/,Meet your seller. PerfectlyPlantable · Owned by Sarah Henke |. United States. 4.7 (138). 386 sales. 6 years on Etsy. Message seller · Following Follow shop.
4462104244,https://www.etsy.com/listing/4462104244,monstera siltepecana,A_owned;C_ships,"Monstera Siltepecana 8"" Pot",TalkPlantsToMe,Ariel,"Florida, United States","Fort Lauderdale, FL","Jun 24, 2026",3,,4.6,1100.0,2700.0,5 years on Etsy,5.0,False,False,False,,,,False,us/,"Meet your seller. TalkPlantsToMe · Owned by Ariel |. Florida, United States. 4.6 (1.1k). 2.7k sales. 5 years on Etsy. Message seller · Following Follow shop."
4489960036,https://www.etsy.com/listing/4489960036,monstera siltepecana,A_owned;C_ships,Monstera Siltepecana Live Plant,,Bailee Graham,"Currituck, North Carolina","Nags Head, NC","Apr 21, 2026",,,5.0,13.0,34.0,2.5 years on Etsy,2.5,False,False,False,,,,False,us/,"Owned by Bailee Graham |. Currituck, North Carolina. 5.0 (13). 34 sales. 2.5 years on Etsy. Message seller · Following Follow shop."
1873426978,https://www.etsy.com/listing/1873426978,monstera siltepecana,A_owned;B_star;C_ships;D_plain,Monstera Siltepecana,TidzBitz,Tiddelz,United States,"Altamonte Springs, FL",,,,4.8,3200.0,8400.0,6 years on Etsy,6.0,True,False,False,,,11,False,us/,Owned by Tiddelz |. United States. 4.8 (3.2k). 8.4k sales. 6 years on Etsy. Message seller · Following Follow shop ... Monstera Siltepecana. $3.50.
4532191311,https://www.etsy.com/listing/4532191311,monstera siltepecana,A_owned;B_star;C_ships;D_plain,"Monstera Siltepecana 4” Plant | Silver Monstera Houseplant, ...",PlantasticRootsLLC,Dianna Rivera,"Kissimmee, Florida",United States,"Jul 3, 2026",,,4.9,2300.0,6200.0,3 years on Etsy,3.0,True,False,False,,,1,False,us/,"May include: A potted Monstera siltepecana ... Owned by Dianna Rivera |. Kissimmee, Florida. 4.9 (2.3k). 6.2k sales. 3 years on Etsy. Message seller · Following ..."
4449880978,https://www.etsy.com/listing/4449880978,monstera siltepecana,A_owned,Monstera Siltepecana With Pole,Camargosplantas,Zaira Camargo,"Los Angeles, California",,,,,4.7,2100.0,4900.0,4 years on Etsy,4.0,False,False,False,,,,False,us/,"monstera siltepecana with pole ... Meet your seller. Camargosplantas · Owned by Zaira Camargo |. Los Angeles, California. 4.7 (2.1k). 4.9k sales. 4 years on Etsy."
4533150184,https://www.etsy.com/listing/4533150184,monstera siltepecana,A_owned;C_ships,Monstera Siltepecana in 4” Pot,gypsy2014,Fadia Qasem,United States,"Gurnee, IL","Jul 5, 2026",,,5.0,2.0,3.0,11 years on Etsy,11.0,False,False,False,,,,False,us/,Meet your seller. gypsy2014 · Owned by Fadia Qasem |. United States. 5.0 (2). 3 sales. 11 years on Etsy. Message seller · Following Follow shop ... Sell on Etsy ...
4502219230,https://www.etsy.com/listing/4502219230,monstera siltepecana,A_owned;C_ships,"Monstera Siltepecana, Exact Plant Variegated Ships Nationwide",,wiredreamersdotcom,United States,"Pahoa, HI","May 9, 2026",,,4.9,3500.0,9600.0,16 years on Etsy,16.0,False,False,False,,,,False,us/,Owned by wiredreamersdotcom |. United States. 4.9 (3.5k). 9.6k sales. 16 years on Etsy. Message seller · Following Follow shop. This seller usually responds ...
4350452015,https://www.etsy.com/listing/4350452015,monstera siltepecana,A_owned;C_ships,Monstera Siltepecana Starter Plant...,Tracysplanting,Tracy Gist,United States,"Paterson, NJ","Jul 9, 2026",,,,0,2.0,3 years on Etsy,3.0,False,False,False,,,,False,us/,Monstera Siltepecana Starter plant... ... Owned by Tracy Gist |. United States. No reviews yet. 2 sales. 3 years on Etsy.
4575992378,https://www.etsy.com/listing/4575992378,monstera siltepecana,A_owned;C_ships,Exact Plant Monstera Siltepecana Specific Starter Plant 18572ZJE,TheGreenEscape,The Green Escape,,"Eustis, FL","Sep 15, 2026",,,,,871900.0,6 years on Etsy,6.0,False,False,False,,,,False,us/,Meet your seller. TheGreenEscape · Owned by The Green Escape | ... 871.9k sales. 6 years on Etsy. Message seller · Following Follow shop ... Sell on Etsy ...
4527925935,https://www.etsy.com/listing/4527925935,monstera siltepecana,A_owned;B_star;C_ships,Monstera Siltepecana Variegated | Rooted Starter Plant | Rare ...,GardenGator,William,"Pensacola, Florida",Florida | Exact Plant,"Jun 25, 2026",,,5.0,1500.0,3600.0,10 years on Etsy,10.0,True,False,False,,,,False,us/,"Monstera Siltepecana Variegated | Rooted Starter ... Monstera Siltepecana ... Owned by William |. Pensacola, Florida. 5.0 (1.5k). 3.6k sales. 10 years on Etsy."
1114997644,https://www.etsy.com/listing/1114997644,monstera siltepecana,A_owned;C_ships;D_plain,Monstera Siltepecana || Handmade Leaf Earrings,,Emily,"Cleveland, Ohio","Eastlake, OH",,,,4.8,110.0,617.0,6 years on Etsy,6.0,False,False,False,,,17,True,us/,"Monstera Siltepecana || Handmade Leaf Earrings ... Owned by Emily |. Cleveland, Ohio. 4.8 (110). 617 sales. 6 years on Etsy. Message seller · Following Follow ..."
4524587425,https://www.etsy.com/listing/4524587425,monstera siltepecana,A_owned;B_star;C_ships,Monstera Siltepecana in 4 Inch Pot - Exact Plant,HausOfRootsLLC,Kayla Fathbruckner,"Kenton, Ohio","Kenton, OH","Jun 19, 2026",,,4.9,46.0,139.0,3 months on Etsy,0.25,True,False,False,,,,False,us/,"Monstera Siltepecana in 4 inch pot ... Owned by Kayla Fathbruckner |. Kenton, Ohio. 4.9 (46). 139 sales. 3 months on Etsy. Message seller · Following Follow shop."
4387451474,https://www.etsy.com/listing/4387451474,monstera siltepecana,A_owned,Monstera Siltepecana Variegated Real Picture,,Faisal,Indonesia,,,,,4.7,101.0,297.0,1 year on Etsy,1.0,False,False,False,,,,False,us/,Monstera Siltepecana ... Owned by Faisal |. Indonesia. 4.7 (101). 297 sales. 1 year on Etsy. Message seller · Following Follow shop ... Monstera ...
4341865457,https://www.etsy.com/listing/4341865457,monstera siltepecana,A_owned;D_plain,Monstera Siltepecana Rare Plant Cutting OR Rooted Starter ...,,Jesus,"Orlando, Florida",,,,,4.7,1300.0,3700.0,1 year on Etsy,1.0,False,False,False,,,5,False,us/,"May include: Close-up of a Monstera Siltepecana ... Monstera Siltepecana ... Owned by Jesus |. Orlando, Florida. 4.7 (1.3k). 3.7k sales. 1 year on Etsy. Message ..."
4522361496,https://www.etsy.com/listing/4522361496,monstera siltepecana,A_owned;D_plain,"Monstera Siltepecana 4"" Pot Plant, Silver Monstera El Salvador ...",OurTinyPlantStore,abdullah al azam,"Webster, Texas",,,,,4.3,122.0,502.0,1.5 years on Etsy,1.5,False,False,False,,,8,False,us/,"Meet your seller. OurTinyPlantStore · Owned by abdullah al azam |. Webster, Texas. 4.3 (122). 502 sales. 1.5 years on Etsy. Message seller · Following Follow ..."
4576164694,https://www.etsy.com/listing/4576164694,monstera siltepecana,A_owned;C_ships,"Monstera Siltepecana Aurea Variegated 2.5"" Pot, Fedex 2day*",CanopyGems,wiredreamersdotcom,United States,"Pahoa, HI","Sep 15, 2026",,,4.9,3800.0,10800.0,16 years on Etsy,16.0,False,False,False,,,,False,us/,Monstera Siltepecana Aurea ... Owned by wiredreamersdotcom |. United States. 4.9 (3.8k). 10.8k sales. 16 years on Etsy. Message seller · Following Follow shop.
4440071622,https://www.etsy.com/listing/4440071622,monstera siltepecana,A_owned;C_ships,"Monstera Siltepecana — 4"" Pot | Rare Aroid | Silver Leaf ...",IshysPlants,Ishola,"Brooklyn, New York","Brooklyn, NY","Aug 18, 2026",25,,4.4,347.0,1200.0,1 year on Etsy,1.0,False,False,False,,,,False,us/,"Monstera Siltepecana — 4"" Pot | Rare Aroid | Silver Leaf Climber ... Owned by Ishola |. Brooklyn, New York. 4.4 (347). 1.2k sales. 1 year on Etsy."
4553853912,https://www.etsy.com/listing/4553853912,monstera siltepecana,B_star,Monstera 'el Salvador' - 4 Inch Pot - Grower's Choice,,,,,,,,,,,,,False,False,False,,,,False,us/,"Monstera 'El Salvador' (a gorgeous, highly sought-after cultivar/form of Monstera siltepecana) features thick, textured leaves loaded with intense silver sheen ..."
4298636899,https://www.etsy.com/listing/4298636899,monstera siltepecana,B_star,"Monstera Siltepecana 4"" Pot US Seller Artificially ...",TzakisNaturals,,,,,,,,,,,,True,False,False,,,,False,us/,"Monstera siltepecana 4"" pot US Seller artificially propagated live plant image 1 ... TzakisNaturals is a star seller. Reviews for this item. 5.0. Item average. We ..."
1865963929,https://www.etsy.com/listing/1865963929,monstera siltepecana,B_star,Monstera Siltepecana Variegated 2” - US SELLER,RareFoliagePlantCo,,,,,,,,,,,,True,False,False,,,,False,us/,Monstera Siltepecana Variegated 2” - US SELLER. RareFoliagePlantCo. Star Seller. Star Sellers have an outstanding track record for providing a great customer ...
4564323692,https://www.etsy.com/listing/4564323692,monstera siltepecana,B_star,Monstera Deliciosa Golden,plantproperco,,,,,,,,,,,,True,False,False,,,,False,us/,Star Seller ... plantproperco is a star seller Specializes in Plants. Be the first to review this item ... Monstera Siltepecana (Silver Monstera) - Live ...
4560334770,https://www.etsy.com/listing/4560334770,monstera siltepecana,B_star,Monstera Electrolyte - Rare - Tropical House Plant,,,,,,,,,,,,,False,False,False,,,,False,us/,"May include: A potted Monstera siltepecana plant featuring heart-shaped, pointed leaves with. Monstera Siltepecana (Silver Monstera) - Live Indoor Climbing ..."
4540525919,https://www.etsy.com/listing/4540525919,monstera siltepecana,B_star,"Monstera Deliciosa 'albo Variegata' - Exact Plant #20C - 6"" Pot",,,,,,,,,,,,,False,False,False,,,,False,us/,Monstera Siltepecana Variegated 2” - US SELLER. Sale Price $95.99 $95.99. $119.99 Original Price $119.99.
4517335644,https://www.etsy.com/listing/4517335644,monstera siltepecana,B_star,Monstera Albo RARE,Seller,,,,,,,,,,,,True,False,False,,,,False,us/,Flauntyourleaves is a star seller. Be the first to review this item ... Star Seller. Star Sellers have an ... Monstera Siltepecana Variegated. Monstera ...
4527933317,https://www.etsy.com/listing/4527933317,monstera siltepecana,B_star;C_ships,Monstera Siltepecana Variegated | Rooted Starter Plant,GardenGator,,,Florida | Exact Plant,,,,,,,,,True,False,False,,,,False,us/,Monstera Siltepecana Variegated | Rooted Starter Plant | Rare ... GardenGator is a star seller. Be the first to review this item. This ...
4539571713,https://www.etsy.com/listing/4539571713,monstera siltepecana,B_star,Monstera Pinnatipartita #C15— Classic Form Tropical Climber,LeafStork,,,,,,,,,,,,True,False,False,,,,False,us/,LeafStork is a star seller. Be the first to review this item ... Monstera Siltepecana 6 - opens in new tab · Sphinx ... Extra Large Monstera Siltepecana - opens in ...
1738198198,https://www.etsy.com/listing/1738198198,monstera siltepecana;rhaphidophora tetrasperma,A_owned;B_star;C_ships;D_plain,"Rhaphidophora Tetrasperma in 4"" Pot Also Known as Monstera ...",TzakisNaturals,Oscar Carrillo,"Woodburn, Oregon","Woodburn,",,,,4.9,1900.0,6100.0,2 years on Etsy,2.0,True,False,False,,,6,False,us/,"Monstera siltepecana 4"" pot US Seller artificially propagated live plant. Monstera siltepecana 4"" pot US Seller artificially propagated live plant."
4517488326,https://www.etsy.com/listing/4517488326,monstera siltepecana,B_star,Rare White Monstera Borsigiana Baby Leaf EXACT Plant,Seller,,,,,,,,,,,,True,False,False,,,,False,us/,Star Seller. Star Sellers have an ... PlantVers is a star seller. Be the first to review this item ... Monstera Siltepecana El Salvador. Monstera ...
4537448697,https://www.etsy.com/listing/4537448697,monstera siltepecana,B_star,Scindapsus Parahyangan Shipped UPS 3 Days,MKSuburbanJungle,,,,,,,,,,,,True,False,False,,,,False,us/,MKSuburbanJungle is a star seller Specializes in Plants ... Meet your seller. MKSuburbanJungle. Star Seller ... !** May include: A potted Monstera siltepecana plant ...
4494823818,https://www.etsy.com/listing/4494823818,monstera siltepecana,B_star,Variegated Monstera Jungle Mint Mutation Rare Collector Aroid ...,Seller,,,,,,,,,,,,True,False,False,,,,False,us/,Star Seller. Star Sellers have an outstanding ... MrDplant is a star seller. Be the first to review ... Monstera Siltepecana Variegated. Monstera Jungle ...
4508028972,https://www.etsy.com/listing/4508028972,monstera siltepecana;rhaphidophora tetrasperma,B_star,Mini Monstera 6” Pot | Rhaphidophora Tetrasperma Live Plant,Sunnipots,,,,,,,,,,,,True,False,False,,,,False,us/,Mini Monstera 6” Pot | Rhaphidophora Tetrasperma Live Plant | Easy Care. Sunnipots. Star Seller ... Sunnipots is a star seller. Be the first to review ... Monstera ...
1882127671,https://www.etsy.com/listing/1882127671,monstera siltepecana,B_star,Monstera Borsiginana Albo 5” - US SELLER,RareFoliagePlantCo,,,,,,,,,,,,True,False,False,,,,False,us/,RareFoliagePlantCo is a star seller Specializes in Plants. Reviews for this ... Variegated Monstera Siltepecana - opens in new tab · Star Shadow ...
4528714848,https://www.etsy.com/listing/4528714848,monstera siltepecana,C_ships;D_plain,Monstera Siltepecana Variegated | Rooted Starter Plant,,,,Florida | Exact Plant,,,,,,,,,False,False,False,,,19,False,us/,Monstera Siltepecana Variegated | Rooted Starter Plant | Rare Collector Variety | USA Grower | Ships from Florida | Exact Plant.
4527933912,https://www.etsy.com/listing/4527933912,monstera siltepecana,C_ships,Monstera Siltepecana Variegated | Rooted Starter Plant,,,,Florida | Exact Plant,,,,,,,,,False,False,False,,,,False,us/,Monstera Siltepecana Variegated | Rooted Starter Plant | Rare Collector Variety | USA Grower | Ships from Florida | Exact Plant.
4543363057,https://www.etsy.com/listing/4543363057,monstera siltepecana,D_plain,Monstera Siltepecana,Inquisitivegreens,,,,,,,5.0,1445.0,,,,False,False,False,,,3,False,us/,"... enabling JavaScript. Add to Favorites. Monstera siltepecana. Inquisitivegreens · 5 out of 5 stars (1,445). $6.00. Free shipping eligible. Add to cart. Loading ..."
847689724,https://www.etsy.com/listing/847689724,monstera siltepecana,D_plain,Monstera Siltepecana,,,,,,,,,,,,,False,False,False,,,4,False,us/,PRICE INCLUDES PRIORITY SHIPPING* Monstera siltepecana rooted plant in a 2.8 pot. You will receive the exact plant photographed. Will ship in the pot.
4498801784,https://www.etsy.com/listing/4498801784,monstera siltepecana,D_plain,Monstera Siltepecana,,,,,,,,,,,,,False,False,False,,,6,False,us/,"4” clear pot Monstera Siltepecana, a stunning and rare plant that is sure to make a statement in any indoor space. The Monstera Siltepecana is a vining ..."
4542389589,https://www.etsy.com/listing/4542389589,monstera siltepecana,D_plain,"Monstera Siltepecana, Exact Plant Variegated Ships Nationwide",,,,,,,,,,,,,False,False,False,,,7,False,us/,Real Pick Monstera Siltepecana Variegated. $75.26 · Monstera Siltepecana - Cuttings. $3.88 · Monstera Siltepecana.
4520881122,https://www.etsy.com/listing/4520881122,monstera siltepecana,D_plain,Monstera Siltepecana Aurea Variegated Rare Yellow ...,BumiBotanica,,,,,,,2.0,,,,,False,False,False,,,9,False,us/,"Each leaf develops unique patterns, making every specimen truly one of a kind. As the plant matures, Monstera Siltepecana produces elongated leaves with ..."
4483662696,https://www.etsy.com/listing/4483662696,monstera siltepecana,D_plain,"Monstera Siltepecana, 4 Inch Plant, Exact",,,,,,,,,,,,,False,False,False,,,10,False,us/,Plant Features Botanical Name: Monstera siltepecana Growth Habit: Trailing or climbing vine; thrives in hanging baskets or trained up a moss pole for larger ...
4549675239,https://www.etsy.com/listing/4549675239,monstera siltepecana,D_plain,Monstera Siltepecana Ecuador Rare Live Plant Real Pict Silver ...,,,,,,,,,,,,,False,False,False,,,13,False,us/,Monstera Siltepecana El Salvador. $43.00 · Rare Monstera Siltepecana 2&#39;&#39;. Rare Monstera Siltepecana 2''. $17.99. Shop ...
4347713694,https://www.etsy.com/listing/4347713694,monstera siltepecana,D_plain,Monstera 'siltepecana' (silver Monstera),,,,,,,,,,,,,False,False,False,,,15,False,us/,Monstera Siltepecana Plant 4” Pot | Silver Monstera Vine | Rare Aroid Houseplant | Climbing Tropical Plant | Easy Care Indoor Plant.
1546824137,https://www.etsy.com/listing/1546824137,monstera siltepecana,D_plain,"Monstera Siltepecana ""el Salvador""- 4"" From California ...",,,,,,,,,,,,,False,False,False,,,18,False,us/,"Monstera Siltepecana 'El Salvador' is a unique plant cherished for its intriguing foliage and natural elegance. Native to Central America, this species features ..."
4446079238,https://www.etsy.com/listing/4446079238,monstera siltepecana,D_plain,Monstera Siltepecana Variegated,,,,,,,,,,,,,False,False,False,,,20,False,us/,Monstera Siltepecana Variegated Mature Real Picture Indoor Planter Free Phytonsanitry Certificate. $98.32 · Monstera Siltepecana Starter plant... $10.00 ...
4417880520,https://www.etsy.com/listing/4417880520,peperomia hope,A_owned;D_plain,Peperomia 'hope',,Granny Planties,"San Diego, California",,,,,4.6,12.0,37.0,8 months on Etsy,0.67,False,False,False,,,2,False,us/,"Peperomia 'Hope' image 1. zoom ... Owned by Granny Planties |. San Diego, California. 4.6 (12). 37 sales. 8 months on Etsy. Message seller · Following Follow shop."
1877066001,https://www.etsy.com/listing/1877066001,peperomia hope,A_owned;D_plain,"6” Peperomia Hope, Trailing Plants, Live Plants",,,,,,,,4.9,12200.0,35900.0,8 years on Etsy,8.0,False,False,False,,,6,False,us/,Meet your seller. JacquelineHomeGarden · Owned by Jacqueline Esmailpour. 4.9 (12.2k). 35.9k sales. 8 years on Etsy. Message seller · Following ...
4549982056,https://www.etsy.com/listing/4549982056,peperomia hope,A_owned;D_plain,Peperomia Hope 6” Potted Plant,,Emily,"Plattsburgh, New York",,,,,4.9,8700.0,21000.0,6 years on Etsy,6.0,False,False,False,,,1,False,us/,"Owned by Emily |. Plattsburgh, New York. 4.9 (8.7k). 21k sales. 6 years on Etsy ... Peperomia Hope Large | Peperomia Hope ..."
4482037609,https://www.etsy.com/listing/4482037609,peperomia hope,A_owned;D_plain,Exact Plant Peperomia Hope Specific 4” Pot #DAE3538 | G/H (all ...,,The Green Escape,"Florida, United States",,,,,4.7,262600.0,859400.0,6 years on Etsy,6.0,False,False,False,,,5,False,us/,"Exact Plant Peperomia Hope ... Owned by The Green Escape |. Florida, United States. 4.7 (262.6k). 859.4k sales. 6 years on Etsy. Message seller · Following Follow ..."
1561315577,https://www.etsy.com/listing/1561315577,peperomia hope,A_owned;D_plain,Peperomia Hope Trio - Digital Art Prints Set,BoldBrands,Bold Brands,"Salzburg, Austria",,,,,,0,9.0,3 years on Etsy,3.0,False,False,False,,,15,True,us/,"Meet your seller. BoldBrands · Owned by Bold Brands |. Salzburg, Austria. No reviews yet. 9 sales. 3 years on Etsy. Message seller · Following Follow shop ..."
4437839973,https://www.etsy.com/listing/4437839973,peperomia hope,A_owned,Peperomia Live Plant | Indoor Houseplants Home Decor | Rare ...,,Stephanie,"Citrus Springs, Florida",,,,,4.3,3000.0,11200.0,1.5 years on Etsy,1.5,False,False,False,,,,False,us/,"Peperomia Hope House Plant ... Owned by Stephanie |. Citrus Springs, Florida. 4.3 (3k). 11.2k sales. 1.5 years on Etsy ... Peperomia Hope Large | Peperomia Hope ..."
1854089648,https://www.etsy.com/listing/1854089648,peperomia hope,A_owned,Peperomia Hope,TrueVineandBranch,Stephanie,United States,,,,,4.8,71.0,199.0,1.5 years on Etsy,1.5,False,False,False,,,,False,us/,Peperomia Hope image 1. zoom image 2 of 5 ... Meet your seller. TrueVineandBranch · Owned by Stephanie |. United States. 4.8 (71). 199 sales. 1.5 years on Etsy.
1733317633,https://www.etsy.com/listing/1733317633,peperomia hope,A_owned;C_ships,Peperomia Hope Plant 4 Inch,Plantsocity,Plantsocity,"San Marcos, California","San Marcos, CA","Sep 21, 2026",31,,4.8,590.0,1600.0,5 years on Etsy,5.0,False,False,False,,,,False,us/,"Meet your seller. Plantsocity · Owned by Plantsocity |. San Marcos, California. 4.8 (590). 1.6k sales. 5 years on Etsy. Message seller · Following Follow ..."
4570350117,https://www.etsy.com/listing/4570350117,peperomia hope,A_owned,Rare Peperomias Starter Houseplants | ALL Plants Require You ...,,Stephanie,"Citrus Springs, Florida",,,,,4.3,3300.0,12300.0,2 years on Etsy,2.0,False,False,False,,,,False,us/,"Peperomia Hope Live Plant. zoom ... Owned by Stephanie |. Citrus Springs, Florida. 4.3 (3.3k). 12.3k sales. 2 years on Etsy. Message seller · Following Follow ..."
4411431463,https://www.etsy.com/listing/4411431463,peperomia hope,A_owned;C_ships;D_plain,"Peperomia 'hope' Plant, Hoya Hybrid",BreezyGardens,lbuettner33,"Gurnee, Illinois",United States,"Aug 25, 2026",5,,4.6,5000.0,31100.0,3 years on Etsy,3.0,False,False,False,,,20,False,us/,"Owned by lbuettner33 |. Gurnee, Illinois. 4.6 (5k). 31.1k sales. 3 years on Etsy ... Peperomia Hope Large | Peperomia Hope Starter Planter Plant | Peperomia ..."
4536447708,https://www.etsy.com/listing/4536447708,peperomia hope,A_owned;B_star,"Peperomia Hope: Live Trailing Plant in 4"" Pot, Rare ...",SucculentSelection,Jessica Nelson,"Escondido, California",,,,12.99,4.9,7600.0,22200.0,11 years on Etsy,11.0,True,False,False,,,,False,us/,"Owned by Jessica Nelson |. Escondido, California. 4.9 (7.6k). 22.2k sales. 11 years on Etsy. Message seller · Following Follow shop ... Peperomia Hope 4 Inch Pot ..."
4543007387,https://www.etsy.com/listing/4543007387,peperomia hope,A_owned;B_star;D_plain,Native Peperomia Hope | 6 Inch | Live Plant | Indoor Plant,NativeWestCalifornia,Native West,"Temecula, California",,,,,4.9,24700.0,86300.0,6 years on Etsy,6.0,True,False,False,,,18,False,us/,"Native Peperomia Hope | 6 inch | Live Plant ... Native Peperomia Hope ... Owned by Native West |. Temecula, California. 4.9 (24.7k). 86.3k sales. 6 years on Etsy."
977738248,https://www.etsy.com/listing/977738248,peperomia hope,A_owned;D_plain,"4” Peperomia Hope, Live Plants, Houseplants",,,,,,,,4.9,12200.0,35900.0,8 years on Etsy,8.0,False,False,False,,,9,False,us/,Owned by Jacqueline Esmailpour. 4.9 (12.2k). 35.9k sales. 8 years on Etsy ... Peperomia Hope - 2.5&#39;&#39; from California Tropicals. Peperomia Hope - 2.5'' ...
4545535686,https://www.etsy.com/listing/4545535686,peperomia hope,A_owned,Funny Peperomia Hope Shirt - Retro House Plants Gift,,Heimwerker Hühnchen,Germany,,,,,5.0,7.0,45.0,2.5 years on Etsy,2.5,False,False,False,,,,True,us/,Funny Peperomia Hope Shirt - Retro House Plants Gift - Sarcastic Peperomia Hope ... Owned by Heimwerker Hühnchen |. Germany. 5.0 (7). 45 sales. 2.5 years on Etsy.
691780549,https://www.etsy.com/listing/691780549,peperomia hope,A_owned;B_star;C_ships,"Peperomia Hope, 2"" Plant",theplantfarm,Plant Farm,"Spokane Valley, Washington","Spokane, WA","Jun 16, 2026",387,,4.9,53800.0,172600.0,8 years on Etsy,8.0,True,False,False,,,,False,us/,"Owned by Plant Farm |. Spokane Valley, Washington. 4.9 (53.8k). 172.6k sales. 8 years on Etsy. Message seller · Following Follow shop. This seller usually ..."
4446015758,https://www.etsy.com/listing/4446015758,peperomia hope,A_owned;B_star;D_plain,Live Plant - Fully Rooted - 3” and 4” Diameter Pot Sizes Available,PlantandPurpose,Candace,"Tennessee, United States",,,,,5.0,70.0,192.0,10 months on Etsy,0.83,True,False,False,,,17,False,us/,"May include: A Peperomia Hope plant in a clear ... Peperomia Hope ... Owned by Candace |. Tennessee, United States. 5.0 (70). 192 sales. 10 months on Etsy. Message ..."
4478436715,https://www.etsy.com/listing/4478436715,peperomia hope,A_owned;D_plain,Peperomia 'hope',,House Plant Shop,"Florida, United States",,,,,4.4,8.0,26.0,2 months on Etsy,0.17,False,False,False,,,12,False,us/,"Peperomia 'Hope' ... Owned by House Plant Shop |. Florida, United States. 4.4 (8). 26 sales. 2 months on Etsy ... Peperomia Hope Large | Peperomia Hope Starter ..."
4531591800,https://www.etsy.com/listing/4531591800,peperomia hope,A_owned;D_plain,Peperomia 'hope' - 4 Inch Pot,,Riyanka,"Austin, Texas",,,,,4.8,12.0,44.0,2 months on Etsy,0.17,False,False,False,,,19,False,us/,"Owned by Riyanka |. Austin, Texas. 4.8 (12). 44 sales. 2 months on Etsy. Message ... Peperomia Hope. $23.95. Shoppers with similar taste loved these. Show more."
4574524818,https://www.etsy.com/listing/4574524818,peperomia hope,A_owned,"Live Rare Indoor Outdoor Houseplant | Ships in Pot, Exact Plant",,Jennifer Herbert,"Florida, United States",,,,,4.9,5300.0,14100.0,4 years on Etsy,4.0,False,False,False,,,,False,us/,"Peperomia 'Hope' 6"" hanging basket | Live Rare ... Owned by Jennifer Herbert |. Florida, United States. 4.9 (5.3k). 14.1k sales. 4 years on Etsy. Message seller."
4537869868,https://www.etsy.com/listing/4537869868,peperomia hope,A_owned;B_star,Peperomia Raindrop 4,MyPlantsShopLLC,MyPlants LLC,"Riverside, California",,,,,4.9,2500.0,5900.0,3 years on Etsy,3.0,True,False,False,,,,False,us/,"Owned by MyPlants LLC |. Riverside, California. 4.9 (2.5k). 5.9k sales. 3 years on Etsy. Message seller · Following Follow shop ... Peperomia Hope."
4548922442,https://www.etsy.com/listing/4548922442,peperomia hope,A_owned,Peperomia Hope Canvas - House Plants Wallart,AnnasPlantlings,Heimwerker Hühnchen,United States,,,,,5.0,7.0,45.0,2.5 years on Etsy,2.5,False,False,False,,,,False,us/,Meet your seller. AnnasPlantlings · Owned by Heimwerker Hühnchen |. United States. 5.0 (7). 45 sales. 2.5 years on Etsy. Message seller · Following Follow shop ...
1258877972,https://www.etsy.com/listing/1258877972,peperomia hope,A_owned,"Peperomia Hope- 6"" From California Tropicals",,California Tropicals LLC,United States,,,,,4.8,54300.0,165800.0,,,False,False,False,,,,False,us/,Owned by California Tropicals LLC |. United States. 4.8 (54.3k). 165.8k sales. 7 ... Find it on Etsy. Spirituality & Religion. Magic Thai Amulets - US.
4509456829,https://www.etsy.com/listing/4509456829,peperomia hope,A_owned,Peperomia Scandens Variegata Cupid - Nursery Pot,MedioPlant,Daniela Medioli Gardner,,,,,,,,271.0,4 years on Etsy,4.0,False,False,False,,,,False,us/,Meet your seller. MedioPlant · Owned by Daniela Medioli Gardner | ... 271 sales. 4 years on Etsy. Message seller · Following Follow shop ... Variegated Peperomia ...
4523157893,https://www.etsy.com/listing/4523157893,peperomia hope,A_owned,"Peperomia, Growers Choice Set of 3 2” Starter Plants",StemEm,Emily,"Plattsburgh, New York",,,,,4.9,8500.0,20300.0,6 years on Etsy,6.0,False,False,False,,,,False,us/,"Meet your seller. StemEm · Owned by Emily |. Plattsburgh, New York. 4.9 (8.5k). 20.3k sales. 6 years on Etsy. Message seller · Following Follow shop."
1147949696,https://www.etsy.com/listing/1147949696,peperomia hope,A_owned;C_ships;D_plain,Peperomia 'hope',BearFootFarmsLLC,Bear Foot Farms LLC,"Hubbard, Oregon","Hubbard, OR","Sep 22, 2026",187,,4.7,16800.0,57800.0,6 years on Etsy,6.0,False,False,False,,,7,False,us/,"Meet your seller. BearFootFarmsLLC · Owned by Bear Foot Farms LLC |. Hubbard, Oregon. 4.7 (16.8k). 57.8k sales. 6 years on Etsy. Message seller."
4554164555,https://www.etsy.com/listing/4554164555,peperomia hope,A_owned,"Peperomia Kimnachii - Rare Trailing Houseplant - 2.5"" Pot",HirtsGardens,Matt Hirt,"Medina, Ohio",,,,,4.8,137000.0,530100.0,12 years on Etsy,12.0,False,False,False,,,,False,us/,"Meet your seller. HirtsGardens · Owned by Matt Hirt |. Medina, Ohio. 4.8 (137k). 530.1k sales. 12 years on Etsy. Message seller · Following Follow shop."
4478446800,https://www.etsy.com/listing/4478446800,peperomia hope,A_owned,Peperomia Prostrata 'string of Turtles',,House Plant Shop,"Florida, United States",,,,,4.3,12.0,38.0,4 months on Etsy,0.33,False,False,False,,,,False,us/,"Owned by House Plant Shop |. Florida, United States. 4.3 (12). 38 sales. 4 months on Etsy. Message seller · Following Follow shop ... Peperomia 'Hope' Plant, Hoya ..."
1164860705,https://www.etsy.com/listing/1164860705,peperomia hope,A_owned,"Peperomia Hope, Peperomia Rotundifolia, Pecuniifolia in a ...",BubbleBlooms,Eileen,"Miami, Florida",,,,,4.6,7200.0,20200.0,6 years on Etsy,6.0,False,False,False,,,,False,us/,"Meet your seller. BubbleBlooms · Owned by Eileen |. Miami, Florida. 4.6 (7.2k). 20.2k sales. 6 years on Etsy. Message seller · Following Follow shop. This ..."
923901568,https://www.etsy.com/listing/923901568,peperomia hope,A_owned,Peperomia Hope - 2.5'' From California Tropicals,,California Tropicals LLC,United States,,,,,4.8,54300.0,165900.0,7 years on Etsy,7.0,False,False,False,,,,False,us/,Owned by California Tropicals LLC |. United States. 4.8 (54.3k). 165.9k sales. 7 years on Etsy. Message seller · Following Follow shop. This seller usually ...
4329384062,https://www.etsy.com/listing/4329384062,peperomia hope,B_star;D_plain,"Peperomia Hope, 4"" Plant",ThePlantFarmSpokane,,,,,,,,,,,,True,False,False,,,4,False,us/,"Peperomia Hope, 4"" Plant image 1. zoom image 2 of ... ThePlantFarmSpokane is a star seller. Reviews for ... You may also like. See more ..."
4529203426,https://www.etsy.com/listing/4529203426,peperomia hope,B_star;D_plain,"Peperomia Hope Trailing Houseplant | Easy Care, Pet-friendly ...",AthenasHappyGarden,,,,,,,,,,,,True,False,False,,,3,False,us/,"Peperomia Hope Trailing Houseplant | Easy Care, Pet-Friendly Indoor Plant ... AthenasHappyGarden is a star seller. Reviews for ..."
4585989922,https://www.etsy.com/listing/4585989922,peperomia hope,B_star,Peperomia Hope • Propagated Node • Starter Plant • 2” Pot,CreeksideAlchemy,,,,,,,,,,,,True,False,False,,,,False,us/,Peperomia Hope • Propagated Node • Starter Plant • 2” pot. CreeksideAlchemy. Star Seller. Star Sellers have an outstanding track record for providing a great ...
4423248367,https://www.etsy.com/listing/4423248367,peperomia hope,B_star,"Peperomia, Hope, Live Houseplant, 4"" Grower Pot",MagicValleyGarden,,,,,,17.99,,,,,,True,False,False,,,,False,us/,"Peperomia, Hope, Live Houseplant, 4"" Grower Pot image 9. Price:$17.99. Loading. Peperomia, Hope, Live Houseplant, 4"" Grower Pot. MagicValleyGarden. Star Seller."
4502719606,https://www.etsy.com/listing/4502719606,peperomia hope,B_star,"Peperomia Serpens (6"" Hanging Basket) *exact Plant*",Seller,,,,,,,,,,,,True,False,False,,,,False,us/,Star Seller. Star Sellers have an outstanding ... JMtropicalsPlants is a star seller. Be the first ... Peperomia Hope Live Plant | Trailing Round Leaf ...
1292091664,https://www.etsy.com/listing/1292091664,peperomia hope,B_star;C_ships,"Hope Peperomia - Easy Houseplant - 2.5"" Pot",HirtsGardens,,,"Wadsworth, OH","Sep 28, 2026",641,,,,,,,True,False,False,,,,False,us/,HirtsGardens is a star seller Specializes in Plants. Reviews for this item ... Peperomia Hope - 2.5&#39;&#39; from California Tropicals. Peperomia Hope ...
1597027843,https://www.etsy.com/listing/1597027843,peperomia hope,B_star;C_ships,Peperomia Hope | Trailing Succulent | String Plant,BloomingVale,,,"San Marcos, CA","Jul 10, 2026",1117,,,,,,,True,False,False,,,,False,us/,"Peperomia Hope | Trailing Succulent | String Plant | Hanging Houseplant in 4"", 6"" pot. BloomingVale. Star Seller. Star Sellers have an outstanding track record ..."
1775333097,https://www.etsy.com/listing/1775333097,peperomia hope,B_star,"Peperomia Ecuador, 4"" Plant",Seller,,,,,,,,,,,,True,False,False,,,,False,us/,"Star Seller. Star Sellers have an outstanding ... ThePlantFarmSpokane is a star seller ... Peperomia Rana Verde, 4"" Plant. $7.99 · Peperomia Hope, 4"" Plant ..."
4362888793,https://www.etsy.com/listing/4362888793,peperomia hope,B_star,"Peperomia Hope 2"" Pot Live Railing Radiator Plant US Seller",TzakisNaturals,,,,,,,,,,,,True,False,False,,,,False,us/,"peperomia hope 2"" pot live railing Radiator Plant US Seller. TzakisNaturals. Star Seller. Star Sellers have an outstanding track record for providing a great ..."
1596259765,https://www.etsy.com/listing/1596259765,peperomia hope,B_star;C_ships,"Peperomia Hope, 2"" Plant",ThePlantFarmSpokane,,,"Spokane, WA","Jun 6, 2026",23,,,,,,,True,False,False,,,,False,us/,"Peperomia Hope, 2"" Plant. ThePlantFarmSpokane. Star Seller. Star Sellers have an outstanding track record for providing a great customer experience—they ..."
4472407146,https://www.etsy.com/listing/4472407146,peperomia hope,B_star,Peperomia Felt 4,TheTatteredTrellis,,,,,,,,,,,,True,False,False,,,,True,us/,"Peperomia Felt 4"". TheTatteredTrellis. Star Seller ... TheTatteredTrellis is a star seller. Be the first ..."
4492470810,https://www.etsy.com/listing/4492470810,peperomia hope,B_star;C_ships,Hope Peperomia,PawsitivePlantPowers,,,"Indianapolis, IN","Aug 3, 2026",,,,,,,,True,False,False,,,,False,us/,PawsitivePlantPowers is a star seller. Be the first to review this item. No ...
4440655376,https://www.etsy.com/listing/4440655376,peperomia hope,B_star;C_ships;D_plain,Peperomia Hope - Full Heads - Pet Friendly Plant,BrumleyandBloom,,,"Flint, MI","Sep 27, 2026",198,,,,,,,True,False,False,,,10,False,us/,Peperomia Hope - Full Heads - Pet Friendly Plant - Live Plant in 4” Pot. BrumleyandBloom. Star Seller. Star Sellers have an outstanding track record for ...
1684362545,https://www.etsy.com/listing/1684362545,peperomia hope,B_star,"Peperomia Hope, Indoor Plant, Trailing Plant in 4"" Pot",SkyGardenByPhoenix,,,,,,,,,,,,True,False,False,,,,False,us/,"Peperomia Hope, Indoor Plant, Trailing Plant in 4"" pot. SkyGardenByPhoenix. Star Seller. Star Sellers have an outstanding track record for providing a great ..."
4309255705,https://www.etsy.com/listing/4309255705,peperomia hope,C_ships,"Peperomia Tetraphylla 'hope' - Trailing, Easy Care ...",AustinJungleCo,,,"Mount Dora, FL","Sep 5, 2026",40,,,,,,,False,False,False,,,,False,us/,"This House Plants item by AustinJungleCo has 40 favorites from Etsy shoppers. Ships from Mount Dora, FL. Listed on Sep 5, 2026. ... Peperomia Hope - Peperomia ..."
984307330,https://www.etsy.com/listing/984307330,peperomia hope,C_ships,4 Inch -peperomia Hope,PlantTipz,,,"Sylmar, CA","Aug 15, 2026",114,,,,,,,False,False,False,,,,False,us/,"This House Plants item by PlantTipz has 114 favorites from Etsy shoppers. Ships from Sylmar, CA. Listed on Aug 15, 2026. ... 4 inch -Peperomia Hope. $12.99."
1579829217,https://www.etsy.com/listing/1579829217,peperomia hope,C_ships,Peperomia Hope,SDTROPICS,,,"Mount Dora, FL","Jun 24, 2026",,,4.0,,,,,False,False,False,,,,False,us/,"This House Plants item is sold by SDTROPICS. Ships from Mount Dora, FL. Listed on Jun 24, 2026. ... Peperomia Hope. SDTROPICS. 4 out of 5 stars. Arrives soon ..."
1113387768,https://www.etsy.com/listing/1113387768,peperomia hope,C_ships,Rare Peperomia Rotundifolia in 2in. or 4in. Nursery Pot,ThePlantFamilia,,,"Whittier, CA","Jun 16, 2026",36,,,,,,,False,False,False,,,,False,us/,"This House Plants item by ThePlantFamilia has 36 favorites from Etsy shoppers. Ships from Whittier, CA. Listed on Jun 16, 2026. ... Peperomia Hope Large | ..."
4494349149,https://www.etsy.com/listing/4494349149,peperomia hope,C_ships,Peperomia 'hope',AllAboutPlantiesLLC,,,"Mount Dora, FL","Sep 1, 2026",8,,,,,,,False,False,False,,,,False,us/,"This House Plants item by AllAboutPlantiesLLC has 8 favorites from Etsy shoppers. Ships from Mount Dora, FL. Listed on Sep 1, 2026. ... Peperomia Hope houseplant ..."
1722286311,https://www.etsy.com/listing/1722286311,peperomia hope,C_ships,"Peperomia Hope Cutting, House Plants, Tropical ...",PlantasticRootsLLC,,,United States,"Jun 6, 2026",43,,,,,,,False,False,False,,,,False,us/,"This House Plants item by PlantasticRootsLLC has 43 favorites from Etsy shoppers. Ships from United States. Listed on Jun 6, 2026. ... Peperomia Hope Large | ..."
1607368545,https://www.etsy.com/listing/1607368545,peperomia hope,C_ships,"Peperomia Hope Plant, Live Trailing ...",FreshFromGreenhouse,,,"Altoona, FL","Aug 7, 2026",46,,,,,,,False,False,False,,,,False,us/,"This House Plants item by FreshFromGreenhouse has 46 favorites from Etsy shoppers. Ships from Altoona, FL. Listed on Aug 7, 2026. ... Peperomia Hope Large | ..."
892461095,https://www.etsy.com/listing/892461095,peperomia hope,C_ships,Peperomia Hope,BotanicElegance,,,"Broomfield, CO","Jun 14, 2026",15,,,,,,,False,False,False,,,,False,us/,"This House Plants item by BotanicElegance has 15 favorites from Etsy shoppers. Ships from Broomfield, CO. Listed on Jun 14, 2026. ... Peperomia Hope Large | ..."
1507931007,https://www.etsy.com/listing/1507931007,peperomia hope,C_ships,Pepperomia Hope Plant,PlantObsessedSD,,,"San Diego, CA","Sep 16, 2026",363,,,,,,,False,False,False,,,,False,us/,"This House Plants item by PlantObsessedSD has 363 favorites from Etsy shoppers. Ships from San Diego, CA. Listed on Sep 16, 2026."
4439710166,https://www.etsy.com/listing/4439710166,peperomia hope,D_plain,Peperomia Hope Starter Plant (peperomia Tetraphylla) Easy to ...,PlantsThisWeekend,,,,,,,4.5,455.0,,,,False,False,False,,,8,False,us/,Peperomia Hope Starter Plant (Peperomia tetraphylla) easy to grow / low maintenance / drought tolerant. PlantsThisWeekend · 4.5 out of 5 stars (455).
4555291526,https://www.etsy.com/listing/4555291526,peperomia hope,D_plain,Exact Plant Peperomia Hope Specific 4” Pot 15763JBE | G/H (all ...,,,,,,,,,,,,,False,False,False,,,14,False,us/,Exact Plant Peperomia Hope Specific 4” Pot 15763JBE | G/H (All PLANTS require you to purchase 2 plants!) TheGreenEscape. 4.5 out of 5 stars. Arrives soon!
4435654626,https://www.etsy.com/listing/4435654626,philodendron brasil,A_owned;C_ships;D_plain,Philodendron 'brasil',SnakerootPlants,Patrick,"Indianapolis, Indiana","Indianapolis, IN","Sep 6, 2026",2,,4.8,353.0,1100.0,10 months on Etsy,0.83,False,False,False,,,3,False,us/,"Philodendron 'Brasil' image 1. zoom image 2 of 3 ... Philodendron 'Brasil' ... Owned by Patrick |. Indianapolis, Indiana. 4.8 (353). 1.1k sales. 10 months on Etsy."
4364198480,https://www.etsy.com/listing/4364198480,philodendron brasil,A_owned;C_ships,Philodendron Brasil Cuttings,viriditygardens,Casandra,"Connecticut, United States",Connecticut,,,14.0,4.5,10.0,29.0,1.5 years on Etsy,1.5,False,False,False,,,,False,us/,"Meet your seller. viriditygardens · Owned by Casandra |. Connecticut, United States. 4.5 (10). 29 sales. 1.5 years on Etsy. Message seller · Following Follow ..."
4530174320,https://www.etsy.com/listing/4530174320,philodendron brasil,A_owned;C_ships,Philodendron Brasil-2 Plants per Order-4 Inch Pot- NO SHIP CA,Amiegarden,Amie,United States,"Plant City, FL","Jun 29, 2026",,,4.8,1400.0,5400.0,4 years on Etsy,4.0,False,False,False,,,,False,us/,Meet your seller. Amiegarden · Owned by Amie |. United States. 4.8 (1.4k). 5.4k sales. 4 years on Etsy. Message seller · Following Follow shop. This seller ...
4446746320,https://www.etsy.com/listing/4446746320,philodendron brasil,A_owned;C_ships;D_plain,Philodendron Brasil Plant | Variegated Heartleaf Philodendron,IjustwetmyplantsCo,Cassie Miller,"Bon Aqua Junction, Tennessee","Bon Aqua, TN","Aug 4, 2026",2,,4.9,76.0,216.0,7 months on Etsy,0.58,False,False,False,,,2,False,us/,"Philodendron Brasil Plant | Variegated Heartleaf Philodendron ... Owned by Cassie Miller |. Bon Aqua Junction, Tennessee. 4.9 (76). 216 sales. 7 months on Etsy."
4301192393,https://www.etsy.com/listing/4301192393,philodendron brasil,A_owned;C_ships;D_plain,Philodendron Brasil - Climbing or Trailing Plant,KChelleShoppe,Kirsten Black,,"Port Charlotte, FL","Aug 2, 2026",,,,,56.0,1.5 years on Etsy,1.5,False,False,False,,,1,False,us/,Philodendron Brasil ... Meet your seller. KChelleShoppe · Owned by Kirsten Black | ... 56 sales. 1.5 years on Etsy. Message seller · Following Follow shop.
4524993151,https://www.etsy.com/listing/4524993151,philodendron brasil,A_owned;C_ships,"Philodendron Hederaceum 'brasil', 3.5""",FloricultureUS,,,"Niagara Falls, NY","Jun 29, 2026",,,,,3400.0,5 years on Etsy,5.0,False,False,False,,,,False,us/,May include: A Philodendron Brasil plant featuring heart-shaped leaves with variegated patterns of ... 3.4k sales. 5 years on Etsy. Message seller · Following ...
4501074647,https://www.etsy.com/listing/4501074647,philodendron brasil,A_owned;D_plain,Philodendron Brasil Rare Live Indoor Plant,,hassan,United States,,,,,,0,16.0,2 months on Etsy,0.17,False,False,False,,,4,False,us/,Owned by hassan |. United States. No reviews yet. 16 sales. 2 months on Etsy. Message seller · Following Follow shop ... Philodendron Brasil. $35.00 ...
1034333845,https://www.etsy.com/listing/1034333845,philodendron brasil,A_owned;D_plain,Philodendron Brasil Botanical Leaf Handmade Earrings,,Lydia S,"North Carolina, United States",,,,,4.9,2300.0,10100.0,5 years on Etsy,5.0,False,False,False,,,20,True,us/,"Owned by Lydia S |. North Carolina, United States. 4.9 (2.3k). 10.1k sales. 5 years on Etsy. Message seller · Following Follow shop ... Philodendron Brasil ..."
4516010022,https://www.etsy.com/listing/4516010022,philodendron brasil,A_owned;C_ships;D_plain,Philodendron Brasil Plant | Variegated Heart Leaf Houseplant,SunRiseDaylas,PerelCo.,"Belmont, Massachusetts","Belmont, MA","Jun 8, 2026",,,4.5,137.0,407.0,5 years on Etsy,5.0,False,False,False,,,12,False,us/,"May include: A Philodendron Brasil plant in a ... Owned by PerelCo. |. Belmont, Massachusetts. 4.5 (137). 407 sales. 5 years on Etsy. Message seller · Following ..."
4509669104,https://www.etsy.com/listing/4509669104,philodendron brasil,A_owned,"4"" Philodendron Brasil",RoxelRoots,Nicole Villers,United States,,,,,4.6,51.0,131.0,3 years on Etsy,3.0,False,False,False,,,,False,us/,"4"" Philodendron Brasil. RoxelRoots. 4.5 out of 5 stars. Arrives soon! Get it by ... Owned by Nicole Villers |. United States. 4.6 (51). 131 sales. 3 years on Etsy."
721781329,https://www.etsy.com/listing/721781329,philodendron brasil,A_owned,"Philodendron Brasil 6"" - Philodendron Hederaceum 'brasil'",,Lisa,"Miami, Florida",,,,,4.9,6800.0,17100.0,7 years on Etsy,7.0,False,False,False,,,,False,us/,"Owned by Lisa |. Miami, Florida. 4.9 (6.8k). 17.1k sales. 7 years on Etsy. Message seller · Following Follow shop. This seller usually responds within a few ..."
4475396993,https://www.etsy.com/listing/4475396993,philodendron brasil,A_owned;B_star,Variegated Heartleaf Philodendron - Trailing Indoor Plant,PlantVers,Daisy,"Lake Orion, Michigan",,,,,4.7,39400.0,127100.0,6 years on Etsy,6.0,True,False,False,,,,False,us/,"Owned by Daisy |. Lake Orion, Michigan. 4.7 (39.4k). 127.1k sales. 6 years on Etsy. Message seller · Following Follow shop. This seller usually responds within ..."
4565214217,https://www.etsy.com/listing/4565214217,philodendron brasil,A_owned;B_star,Live Fully Rooted Philodendron Brasil Heart Leaf Plant Cutting ...,CollectablesByAaron,Aaron,United States,,,,,4.9,173.0,552.0,2.5 years on Etsy,2.5,True,False,False,,,,False,us/,Live Fully Rooted Philodendron Brasil Heart ... Owned by Aaron |. United States. 4.9 (173). 552 sales. 2.5 years on Etsy. Message seller · Following Follow shop.
4507912237,https://www.etsy.com/listing/4507912237,philodendron brasil,A_owned;C_ships,Philodendron Brasil – Variegated Heartleaf ...,SnazzyLemon,Bailee,"Moore, Idaho","Moore, ID","May 19, 2026",3,,4.7,4.0,15.0,4 years on Etsy,4.0,False,False,False,,,,False,us/,"Philodendron Brasil – Variegated Heartleaf ... Owned by Bailee |. Moore, Idaho. 4.7 (4). 15 sales. 4 years on Etsy."
1778629292,https://www.etsy.com/listing/1778629292,philodendron brasil,A_owned;D_plain,"Philodendron Brasil, 6 Inch Pot, Houseplant, Indoor Plant",,Jessica,"Hanover, Pennsylvania",,,,,5.0,1.0,18.0,2.5 years on Etsy,2.5,False,False,False,,,10,False,us/,"Owned by Jessica |. Hanover, Pennsylvania. 5.0 (1). 18 sales. 2.5 years on Etsy. Message seller · Following Follow shop. This seller usually ..."
4540682500,https://www.etsy.com/listing/4540682500,philodendron brasil,A_owned,Philodendron Brasil Trailing House Plant,GothDollsGardens,Kelly Fain,"Greeley, Colorado",,,,,5.0,1.0,6.0,4 months on Etsy,0.33,False,False,False,,,,False,us/,"You've found a shop that is new to Etsy! GothDollsGardens · Owned by Kelly Fain |. Greeley, Colorado. 5.0 (1). 6 sales. 4 months on Etsy. Message seller."
1037663532,https://www.etsy.com/listing/1037663532,philodendron brasil,A_owned;B_star,"5 Philodendron Cutting Sampler | Silver Stripe, Brazil ...",ThePeacefulGardener,Laura,"Charlotte, North Carolina",,,,,4.8,948.0,2500.0,6 years on Etsy,6.0,True,False,False,,,,False,us/,"Owned by Laura |. Charlotte, North Carolina. 4.8 (948). 2.5k sales. 6 years on Etsy. Message seller · Following Follow shop. This seller usually responds within ..."
4548921942,https://www.etsy.com/listing/4548921942,philodendron brasil,A_owned;C_ships,Philodendron Brasil Canvas - House Plants Wallart,AnnasPlantlings,Heimwerker Hühnchen,United States,"New York, NY","Aug 3, 2026",,,5.0,7.0,45.0,2.5 years on Etsy,2.5,False,False,False,,,,False,us/,Owned by Heimwerker Hühnchen |. United States. 5.0 (7). 45 sales. 2.5 years on Etsy. Message seller · Following Follow shop. Shop reviews. View all. Why are ...
4492474325,https://www.etsy.com/listing/4492474325,philodendron brasil;philodendron micans,A_owned;B_star;C_ships,US Seller Fully Rooted Philodendron Variegated Micans Pink ...,NomoreplantsCo,Gina,United States,"Center Valley, PA","May 7, 2026",17,,4.9,6400.0,14900.0,3 years on Etsy,3.0,True,False,False,,,,False,us/,May include: A Philodendron Brasil plant in a ... Owned by Gina |. United States. 4.9 (6.4k). 14.9k sales. 3 years on Etsy. Message seller · Following Follow shop.
841961810,https://www.etsy.com/listing/841961810,philodendron brasil,A_owned,Philodendron Brasil 4 Inch,,Tropical Ambiance,United States,,,,,4.8,14700.0,38700.0,6 years on Etsy,6.0,False,False,False,,,,False,us/,Owned by Tropical Ambiance |. United States. 4.8 (14.7k). 38.7k sales. 6 years on Etsy. Message seller · Following Follow shop. This seller usually responds ...
1579980811,https://www.etsy.com/listing/1579980811,philodendron brasil,B_star,Brasil Heartleaf Philodendron - Hederaceum,LSOHPlantLady,,,,,,,,,,,,True,False,False,,,,False,us/,May include: A Philodendron Brasil plant featuring heart-shaped leaves with variegated patterns of ... LSOHPlantLady is a star seller Specializes in Plants ...
4563756193,https://www.etsy.com/listing/4563756193,philodendron brasil,B_star,"Brazil Philodendron - 6"" Hanging Pot - Easy House Plant",HirtsGardens,,,,,,,,,,,,True,False,False,,,,False,us/,HirtsGardens is a star seller Specializes in Plants. Reviews for this item. 5.0 ... Star Seller. Star ... Philodendron Brasil. $16.00.
4557256382,https://www.etsy.com/listing/4557256382,philodendron brasil,B_star;D_plain,1 Fresh Unrooted Cutting | 3-node Philodendron Brasil,FrescoGarden,,,,,,,,,,,,True,False,False,,,16,False,us/,May include: A Philodendron Brasil plant featuring heart-shaped leaves with variegated patterns of ... FrescoGarden is a star seller. Be the first to ...
1811284910,https://www.etsy.com/listing/1811284910,philodendron brasil,B_star,Philodendron Brasil in a White Decorative Pot,MasPlantasTropicales,,,,,,,,,,,,True,False,False,,,,False,us/,"Philodendron Brasil in a white decorative pot. MasPlantasTropicales. Star Seller ... Philodendron Brasil, 4"" Pot. Philodendron Brasil, 4"" Pot. $14.99 ..."
4324431889,https://www.etsy.com/listing/4324431889,philodendron brasil,B_star,"Philodendron Brasil. Beautiful Brazil in a 4"" Pot!",MorgansNursery,,,,,,,,,,,,True,False,False,,,,False,us/,"Philodendron Brasil. Beautiful Brazil in a 4"" pot! MorgansNursery. Star Seller. Star Sellers have an outstanding track record for providing a great customer ..."
1497401127,https://www.etsy.com/listing/1497401127,philodendron brasil,B_star,"Philodendron Brasil Starter Plant, Variegated Heartleaf ...",BougieBotanist,,,,,,,,,,,,True,False,False,,,,False,us/,May include: A Philodendron Brasil plant cutting with heart-shaped leaves featuring dark green ... BougieBotanist is a star seller Specializes in Plants. Reviews ...
4474435602,https://www.etsy.com/listing/4474435602,philodendron brasil,B_star,Philodendron Hederaceum 'brasil' - 4 Inch Hanging Basket,,,,,,,,,,,,,False,False,False,,,,False,us/,"Bright, fast-growing, and virtually indestructible, the Philodendron Brasil is an instant mood booster! Splashed with neon yellow and lime green ..."
4524024759,https://www.etsy.com/listing/4524024759,philodendron brasil,B_star,Rare Hard to Find Philodendron Lime Green Neon Brasil ...,Beehive95Plants,,,,,,,,,,,,True,False,False,,,,False,us/,May include: A Philodendron Brasil plant with heart-shaped leaves featuring variegated patterns of ... Beehive95Plants is a star seller. Be the first to ...
4532742289,https://www.etsy.com/listing/4532742289,philodendron brasil,B_star,Philodendron Silver Stripe,marleyvictorious,,,,,,,,,,,,True,False,False,,,,False,us/,May include: A Philodendron Brasil plant in a clear plastic pot with heart-shaped ... Philodendron Silver Stripe. marleyvictorious. Star Seller ... marleyvictorious ...
4517432022,https://www.etsy.com/listing/4517432022,philodendron brasil,B_star,Variegated Philodendron Thai Sunrise - Rare Tropical Indoor Plant,PlantVers,,,,,,,,,,,,True,False,False,,,,False,us/,May include: A Philodendron Brasil houseplant featuring heart-shaped leaves with vibrant lime green ... Star Seller ... PlantVers is a star seller. Be the first to ...
4525303390,https://www.etsy.com/listing/4525303390,philodendron brasil,B_star,Philodendron Silver Stripe,marleyvictorious,,,,,,,,,,,,True,False,False,,,,False,us/,marleyvictorious is a star seller Specializes in Plants. Be the first to review this item. No reviews yet. See what customers say about other items from this ...
4573105983,https://www.etsy.com/listing/4573105983,philodendron brasil,B_star,Large Philodendron Burle Marx Variegated,Flauntyourleaves,,,,,,,,,,,,True,False,False,,,,False,us/,"May include: A Philodendron Brasil plant in a black pot, featuring heart-shaped ... Star Seller ... Flauntyourleaves is a star seller. Be the first to review this ..."
4472305280,https://www.etsy.com/listing/4472305280,philodendron brasil,B_star,Philodendron Brasil - Robust Houseplant,FloraExotica,,,,,,,,,,,,True,False,False,,,,False,us/,Philodendron Brasil - Robust Houseplant. FloraExotica. Star Seller. Star Sellers have an outstanding track record for providing a great customer experience ...
4573994602,https://www.etsy.com/listing/4573994602,philodendron brasil,B_star,Philodendron El Choco Red Live Plant Large 4 Inch Pot Exact ...,ThriveTheoryPlants,,,,,,,,,,,,True,False,False,,,,False,us/,Philodendron El Choco Red Live Plant Large 4 Inch Pot Exact Plant Velvet Leaf Rare Aroid. ThriveTheoryPlants. Star Seller. Star Sellers have an outstanding ...
1885117650,https://www.etsy.com/listing/1885117650,philodendron brasil,C_ships,Philodendron Brasil Plant,MistysPlantStudio,,,"Terre Haute, IN","Apr 29, 2026",2,,,,,,,False,False,False,,,,False,us/,"This House Plants item by MistysPlantStudio has 2 favorites from Etsy shoppers. Ships from Terre Haute, IN. Listed on Apr 29, 2026. ... Philodendron Brasil Plant ..."
929891240,https://www.etsy.com/listing/929891240,philodendron brasil,C_ships,"Philodendron Brasil - 2"" From Tropical Ambiance",TropicalAmbiance,,,"Mira Loma, CA","Jun 12, 2026",168,,,,,,,False,False,False,,,,False,us/,"This House Plants item by TropicalAmbiance has 168 favorites from Etsy shoppers. Ships from Mira Loma, CA. Listed on Jun 12, 2026. ... Philodendron Brasil - 2"" ..."
1423100434,https://www.etsy.com/listing/1423100434,philodendron brasil,C_ships,Philodendron Brasil Live Plant 4 Inch Pot Variegated ...,AJGardenStore,,,Virginia,,,,4.5,,,,,False,False,False,,,,False,us/,Philodendron Brasil Live Plant 4 Inch Pot Variegated Heartleaf Philodendron Trailing Vine. AJGardenStore. 4.5 out of 5 stars. Ships from Virginia. Arrives soon ...
1460414148,https://www.etsy.com/listing/1460414148,philodendron brasil,C_ships,"SALE! Philodendron Hederaceum 'brasil' in 6"" Pot (ships ...",,,,,,,,,,,,,False,False,False,,,,False,us/,"Philodendron 'Brasil' is a bold cultivar of the classic Heartleaf Philodendron. Its variegated leaves look almost painted, with strokes of yellow and lime green ..."
1021705058,https://www.etsy.com/listing/1021705058,philodendron brasil,C_ships,Philodendron Brasil Variegated Houseplant Cutting With Multiple ...,MaDouceVie,,,Massachusetts,,,,5.0,,,,,False,False,False,,,,False,us/,Philodendron Brasil Variegated Houseplant Cutting with Multiple Nodes. MaDouceVie. 5 out of 5 stars. Ships from Massachusetts. Arrives soon! Get it by Aug 5-13 ...
4477815076,https://www.etsy.com/listing/4477815076,philodendron brasil,C_ships,"Philodendron Brasil 4"" Starter Plant. ...",BluePixieStudio,,,"Springfield, IL","Jul 26, 2026",2,,,,,,,False,False,False,,,,False,us/,"This House Plants item by BluePixieStudio has 2 favorites from Etsy shoppers. Ships from Springfield, IL. Listed on Jul 26, 2026. ... Philodendron Brasil 4"" ..."
4544374863,https://www.etsy.com/listing/4544374863,philodendron brasil,C_ships,Philodendron Brasil Live Plant | Variegated Heartleaf ...,SoulExotics,,,"Carmichael, CA","Jul 26, 2026",,,,,,,,False,False,False,,,,False,us/,"This House Plants item is sold by SoulExotics. Ships from Carmichael, CA. Listed on Jul 26, 2026. ... May include: A Philodendron Brasil plant featuring heart- ..."
4476140405,https://www.etsy.com/listing/4476140405,philodendron brasil,C_ships,"Philodendron Brasil, Colorful Variegation, 8in Pot",LaurasTreasureStore,,,"Ocoee, FL","Jul 23, 2026",,,,,,,,False,False,False,,,,False,us/,"This House Plants item is sold by LaurasTreasureStore. Ships from Ocoee, FL. Listed on Jul 23, 2026. ... Philodendron Brasil, Colorful Variegation, 8in pot image ..."
762131024,https://www.etsy.com/listing/762131024,philodendron brasil,C_ships,"Heartleaf Philodendron Brazil- Potted With Soil in 3"" or 4"" ...",SunSoulCreations,,,"Palatka, FL","Jun 23, 2026",74,,,,,,,False,False,False,,,,False,us/,"This House Plants item by SunSoulCreations has 74 favorites from Etsy shoppers. Ships from Palatka, FL. Listed on Jun 23, 2026. ... Philodendron Brasil ..."
4451506169,https://www.etsy.com/listing/4451506169,philodendron brasil,D_plain,How to Care for a Philodendron Brasil . A Professional Guide ...,,,,,,,,,,,,,False,False,False,,,5,False,us/,"Discover the vibrant variegation, trailing beauty, and fascinating botanical story of the Philodendron Brasil with this exclusive two-book digital collection ..."
1894603563,https://www.etsy.com/listing/1894603563,philodendron brasil,D_plain,"6-PK Philodendron Brasil, Philodendron Hederaceum ...",,,,,,,,,,,,,False,False,False,,,6,False,us/,"This climbing philodendron brasil is a natural trailing vine plant that can either cascade from hanging baskets or climb supports, reaching lengths of several ..."
4478820384,https://www.etsy.com/listing/4478820384,philodendron brasil,D_plain,Variegated - Tropical Houseplant - 8” Hanging Basket,,,,,,,,,,,,,False,False,False,,,7,False,us/,We are so excited to begin offering our Philodendron Brasil basket. This Philodendron is very vine-like with variegated heart shaped leaves.
1520644467,https://www.etsy.com/listing/1520644467,philodendron brasil,D_plain,Philodendron Brasil | Brasil Pothos Plant,,,,,,,,,,,,,False,False,False,,,8,False,us/,"Philodendron Brasil, also known as Pothos Brasil, has lush, heart-shaped leaves featuring stunning shades of green and yellow, this plant is sure to captivate ..."
4509827885,https://www.etsy.com/listing/4509827885,philodendron brasil,D_plain,Philodendron Brasil Plant Live,,,,,,,,,,,,,False,False,False,,,9,False,us/,"Caring for a Philodendron Brasil is simple: provide bright, indirect light, water thoroughly only when the top 2-3 inches of soil are dry, and maintain ..."
646167124,https://www.etsy.com/listing/646167124,philodendron brasil,D_plain,Philodendron Cordatum Brasil- Air Purifying Plant- Hanging ...,,,,,,,,,,,,,False,False,False,,,13,False,us/,Philodendron Brasil- philodendron cordatum brasil- Air Purifying Plant- Hanging Houseplant- live house plant. Sold. Email me when they're back See item ...
4505838088,https://www.etsy.com/listing/4505838088,philodendron brasil,D_plain,Heartleaf Philodendron Brasil Hanging Plant – Live Indoor Vine,LibertyLeafGarden96,,,,,,,3.5,4.0,,,,False,False,False,,,15,False,us/,Heartleaf Philodendron Brasil Hanging Plant – Live Indoor Vine. LibertyLeafGarden96 · 3.5 out of 5 stars (4). Sale Price $62.00 $62.00.
4309537702,https://www.etsy.com/listing/4309537702,philodendron brasil,D_plain,Philodendron Brasil,,,,,,,,,,,,,False,False,False,,,18,False,us/,Philodendron Brasil. $11.00. Email me when they're back See item details · Email me when they're back See item details. Similar items on Etsy. Results include ...
4328710640,https://www.etsy.com/listing/4328710640,philodendron brasil,D_plain,"Philodendron Brasil Plant - 4in Pot, Variegated Leaves",,,,,,,,,,,,,False,False,False,,,19,False,us/,This Philodendron Brasil plant will make any room or plant collection pop with its dazzling variegated leaves. This plant will need a trellis or something ...
4533100974,https://www.etsy.com/listing/4533100974,philodendron micans,A_owned;D_plain,Philodendron Micans 2.5,,Walker Britt,"Pennsylvania, United States",,,,,4.9,51.0,119.0,2.5 years on Etsy,2.5,False,False,False,,,2,False,us/,"May include: A Philodendron micans ... Owned by Walker Britt |. Pennsylvania, United States. 4.9 (51). 119 sales. 2.5 years on Etsy. Message seller · Following ..."
4556450635,https://www.etsy.com/listing/4556450635,philodendron micans;philodendron pink princess,A_owned;B_star;C_ships,Philodendron Micans Pink Mint TC in Bag | Seller's Choice,RarePlantsNation,Sherry Z,"North Carolina, United States","Kernersville, NC","Aug 26, 2026",57,,4.9,369.0,1100.0,10 months on Etsy,0.83,True,False,False,,,,False,us/,"Owned by Sherry Z |. North Carolina, United States. 4.9 (369). 1.1k sales. 10 months on Etsy. Message seller · Following Follow shop."
4373799795,https://www.etsy.com/listing/4373799795,philodendron micans,A_owned,Philodendron Micans Halo,,Maryselys,"Connecticut, United States",,,,,4.7,13.0,55.0,1.5 years on Etsy,1.5,False,False,False,,,,False,us/,"Owned by Maryselys |. Connecticut, United States. 4.7 (13). 55 sales. 1.5 years on Etsy. Message seller · Following Follow shop. Shop reviews. View all. Why are ..."
1574050673,https://www.etsy.com/listing/1574050673,philodendron micans,A_owned;C_ships;D_plain,"Philodendron Micans - 6"" From Myplants",MyPlantsShopLLC,MyPlants LLC,"Riverside, California","Moreno Valley, CA","Jun 30, 2026",51,,4.9,2500.0,5800.0,2.5 years on Etsy,2.5,False,False,False,,,1,False,us/,"May include: A Philodendron micans ... Owned by MyPlants LLC |. Riverside, California. 4.9 (2.5k). 5.8k sales. 2.5 years on Etsy. Message seller · Following ..."
4523164910,https://www.etsy.com/listing/4523164910,philodendron micans,A_owned,Philodendron Micans Aurea EXACT PLANT,,Hannah,"Glendale, California",,,,,4.7,19.0,35.0,11 months on Etsy,0.92,False,False,False,,,,False,us/,"Owned by Hannah |. Glendale, California. 4.7 (19). 35 sales. 11 months on Etsy. Message seller · Following Follow shop ... Philodendron Micans. $5.00."
4517089783,https://www.etsy.com/listing/4517089783,philodendron micans,A_owned,"Philodendron Micans Starter Plant, Live Rare Indoor Houseplant",OurTinyPlantStore,abdullah al azam,"Webster, Texas",,,,,4.4,139.0,656.0,1.5 years on Etsy,1.5,False,False,False,,,,False,us/,"Meet your seller. OurTinyPlantStore · Owned by abdullah al azam |. Webster, Texas. 4.4 (139). 656 sales. 1.5 years on Etsy. Message seller · Following Follow ..."
4486661856,https://www.etsy.com/listing/4486661856,philodendron micans,A_owned,Philodendron Micans Starter Plant *(ALL Plants Require ...,,KayKay,"Orlando, Florida",,,,,4.8,7600.0,30600.0,,,False,False,False,,,,False,us/,"Philodendron Micans starter plant *(ALL plants require you to purchase any 2 plants)* ... Owned by KayKay |. Orlando, Florida. 4.8 (7.6k). 30.6k sales. 5 months ..."
4571499918,https://www.etsy.com/listing/4571499918,philodendron micans,A_owned,"Philodendron Micans Potted Houseplant, From Easy to Grow",EasytoGrow,Easy to Grow,"Milwaukee, Wisconsin",,,,,4.6,16500.0,90900.0,8 years on Etsy,8.0,False,False,False,,,,False,us/,"Meet your seller. EasytoGrow · Owned by Easy to Grow |. Milwaukee, Wisconsin. 4.6 (16.5k). 90.9k sales. 8 years on Etsy. Message seller · Following Follow shop."
4455776639,https://www.etsy.com/listing/4455776639,philodendron micans,A_owned,Variegated Philodendron Micans Mint Cutting Rooted,RxBotanics,Mason Harman,"Idaho, United States",,,,,4.9,261.0,520.0,2 years on Etsy,2.0,False,False,False,,,,False,us/,"Meet your seller. RxBotanics · Owned by Mason Harman |. Idaho, United States. 4.9 (261). 520 sales. 2 years on Etsy. Message seller · Following Follow shop."
4522178395,https://www.etsy.com/listing/4522178395,philodendron micans,A_owned;C_ships;D_plain,"Philodendron Micans Live House Plant 3.5"" Hanging Basket",phelsuma,phelsuma,"Downingtown, Pennsylvania","Downingtown, PA","Jun 17, 2026",,,4.9,2100.0,4900.0,17 years on Etsy,17.0,False,False,False,,,14,False,us/,"Meet your seller. phelsuma · Owned by phelsuma |. Downingtown, Pennsylvania. 4.9 (2.1k). 4.9k sales. 17 years on Etsy. Message seller · Following Follow shop."
4518244836,https://www.etsy.com/listing/4518244836,philodendron micans,A_owned,One FREE Gift With Purchase per Item | Philodendron Micans ...,,Crissy S,United States,,,,,4.3,32.0,107.0,2 years on Etsy,2.0,False,False,False,,,,False,us/,May include: A Philodendron micans plant with ... Owned by Crissy S |. United States. 4.3 (32). 107 sales. 2 years on Etsy. Message seller · Following Follow shop.
4386261755,https://www.etsy.com/listing/4386261755,philodendron micans,A_owned;B_star;D_plain,Philodendron Micans. - 4 Inch Pot,MyGreenObsession,Larry Snow,"Perrysville, Ohio",,,,,4.9,6900.0,22200.0,11 years on Etsy,11.0,True,False,False,,,11,False,us/,"Owned by Larry Snow |. Perrysville, Ohio. 4.9 (6.9k). 22.2k sales. 11 years on Etsy. Message seller · Following Follow shop. This seller usually responds within ..."
1714070084,https://www.etsy.com/listing/1714070084,philodendron micans,A_owned,Philodendron Micans - Velvet Heartleaf ...,TheLeafLair,Andrew,United States,,,,,4.9,163.0,335.0,2.5 years on Etsy,2.5,False,False,False,,,,False,us/,Meet your seller. TheLeafLair · Owned by Andrew |. United States. 4.9 (163). 335 sales. 2.5 years on Etsy. Message seller · Following Follow shop. This ...
996839631,https://www.etsy.com/listing/996839631,philodendron micans,A_owned;C_ships,"Philodendron Micans 2"" From Tropical Ambiance",TropicalAmbiance,Tropical Ambiance,United States,"Mira Loma, CA","Aug 3, 2026",651,,4.8,14600.0,38400.0,6 years on Etsy,6.0,False,False,False,,,,False,us/,Owned by Tropical Ambiance |. United States. 4.8 (14.6k). 38.4k sales. 6 years on Etsy. Message seller · Following Follow shop. This seller usually responds ...
4525710865,https://www.etsy.com/listing/4525710865,philodendron micans,A_owned;B_star;C_ships;D_plain,US Seller Variegated Philodendron Micans Cutting(fully Rooted ...,NomoreplantsCo,Gina,United States,"Center Valley, PA","Jun 21, 2026",3,,4.9,6400.0,14900.0,3 years on Etsy,3.0,True,False,False,,,18,False,us/,US seller Variegated Philodendron Micans ... Owned by Gina |. United States. 4.9 (6.4k). 14.9k sales. 3 years on Etsy. Message seller · Following Follow shop.
4559089977,https://www.etsy.com/listing/4559089977,philodendron micans,A_owned,Philodendron Micans Mint Pink Variegated Tissue Culture 2dayair,CanopyGems,wiredreamersdotcom,United States,,,,,4.9,3700.0,10600.0,16 years on Etsy,16.0,False,False,False,,,,False,us/,Meet your seller. CanopyGems · Owned by wiredreamersdotcom |. United States. 4.9 (3.7k). 10.6k sales. 16 years on Etsy. Message seller · Following Follow shop.
1696407760,https://www.etsy.com/listing/1696407760,philodendron micans,A_owned,Variegated Philodendron Micans Plant Earrings,ForTheLoveOfFoliage,Emily,,,,,30.0,,,,,,False,False,False,,,,True,us/,Price:$30.00. Loading. Variegated Philodendron Micans ... Meet your seller. ForTheLoveOfFoliage · Owned by Emily | ... Find it on Etsy. Gender Neutral Adult ...
1474227823,https://www.etsy.com/listing/1474227823,philodendron micans,A_owned;D_plain,Philodendron Micans Aurea Variegated,DingPlants,Dingwen,"Boston, Massachusetts",,,,,4.9,1000.0,2900.0,5 years on Etsy,5.0,True,False,False,,,10,False,us/,"Owned by Dingwen |. Boston, Massachusetts. 4.9 (1k). 2.9k sales. 5 years on Etsy. Message seller · Following Follow shop. This seller usually responds within a ..."
1723519791,https://www.etsy.com/listing/1723519791,philodendron micans,A_owned,Philodendron Micans Variegated,,Grounded,"Bangkok, Thailand",,,,,4.5,97.0,228.0,5 years on Etsy,5.0,False,False,False,,,,False,us/,"Owned by Grounded |. Bangkok, Thailand. 4.5 (97). 228 sales. 5 years on Etsy. Message seller · Following Follow shop ... Philodendron micans variegated. €129.00."
1721694396,https://www.etsy.com/listing/1721694396,philodendron micans,A_owned,Mican Philodendron | Velvet Leaf Philo | Indoor & Outdoor ...,,Michael Concepcion,"Miami, Florida",,,,,4.8,28700.0,70400.0,6 years on Etsy,6.0,False,False,False,,,,False,us/,"Owned by Michael Concepcion |. Miami, Florida. 4.8 (28.7k). 70.4k sales. 6 years on Etsy. Message seller · Following Follow shop. This seller usually responds ..."
4538494547,https://www.etsy.com/listing/4538494547,philodendron micans,B_star;C_ships,Philodendron Micans Aurea Variegated 3” - US SELLER,RareFoliagePlantCo,,,"Winter Garden, FL","Jul 15, 2026",,,,,,,,True,False,False,,,,False,us/,Philodendron Micans Aurea Variegated 3” - US SELLER. RareFoliagePlantCo. Star Seller. Star Sellers have an outstanding track record for providing a great ...
4549263342,https://www.etsy.com/listing/4549263342,philodendron micans,B_star,"Live Philodendron Micans 4"" Pot",LasOrquideasRamos,,,,,,15.99,,,,,,True,False,False,,,,False,us/,"Live Philodendron Micans 4"" Pot image 4. Price:$15.99. Loading. Live Philodendron Micans 4"" Pot. LasOrquideasRamos. Star Seller. Star Sellers have an ..."
4489982208,https://www.etsy.com/listing/4489982208,philodendron micans,B_star;D_plain,Philodendron Micans Pink Mint Rare | Seller's Choice 4 ...,RarePlantsNation,,,,,,,,,,,,True,False,False,,,5,False,us/,Philodendron Micans Pink Mint Rare | Seller's Choice 4 leaves or more ... RarePlantsNation is a star seller. Reviews for this item. 5.0. Item average. We ...
4528708454,https://www.etsy.com/listing/4528708454,philodendron micans,B_star;C_ships,Philodendron Micans Variegated,CaliFoliage,,,"Santa Rosa, CA","Jun 26, 2026",,45.0,,,,,,True,False,False,,1,,False,us/,"Philodendron micans Variegated image 3. Rare find, already in 1 cart. Price:$45.00. Loading. Philodendron micans Variegated. CaliFoliage. Star Seller. Star ..."
4531203483,https://www.etsy.com/listing/4531203483,philodendron micans,B_star;C_ships,US Seller Variegated Philodendron Micans Cutting(fully Rooted ...,NomoreplantsCo,,,Pennsylvania! Shorter shipping distances are,,,,,,,,,True,False,False,,,,False,us/,US seller Variegated Philodendron Micans Cutting(fully rooted in soil mix)Pink Aurea Variegation ship from PAExact plant. NomoreplantsCo. Star Seller.
4534703671,https://www.etsy.com/listing/4534703671,philodendron micans,B_star,"Philodendron Galaxy Dusty Pink Mint Micans, Rooted Top ...",,,,,,,,,,,,,False,False,False,,,,False,us/,Philodendron Micans Albo (Pink Micans) - Exact Plant; Fully Rooted; US Seller.
4380504122,https://www.etsy.com/listing/4380504122,philodendron micans,B_star;D_plain,Philodendron Micans,plantproperco,,,,,,,,,,,,True,False,False,,,16,False,us/,plantproperco is a star seller Specializes in Plants. Reviews for this item ... Philodendron Micans. $15.00. Purchased item: Philodendron Micans.
4369479030,https://www.etsy.com/listing/4369479030,philodendron micans,B_star,Albo Variegated Philodendron Micans | US SELLER,ThePinkGreenhaus,,,,,,,,,,,,True,False,False,,,,False,us/,Pink Micans | Albo Micans | True Pink Micans | Highly Variegated | Albo Variegated Philodendron Micans | US SELLER ... ThePinkGreenhaus is a star seller. Be the ...
4456256841,https://www.etsy.com/listing/4456256841,philodendron micans,B_star;C_ships,US Seller Philodendron Micans (fully Rooted in Soil Mix) ...,NomoreplantsCo,,,"Center Valley, PA","Sep 23, 2026",27,,,,,,,True,False,False,,,,False,us/,US seller Philodendron Micans (fully rooted in soil mix) ship from PA. NomoreplantsCo. Star Seller. Star Sellers have an outstanding track record for providing ...
4517982591,https://www.etsy.com/listing/4517982591,philodendron micans,C_ships,"Variegated Micans Philodendron 3-4"" Pot | Live Rare Indoor ...",,,,"Winter Springs, FL","Jul 3, 2026",,,,,,,,False,False,False,,,,False,us/,"Ships from Winter Springs, FL. Listed on Jul 3, 2026. ... TOP CUTTING Variegated Philodendron micans 'mint (Non-Exact). $40.00 ..."
4411379079,https://www.etsy.com/listing/4411379079,philodendron micans,C_ships,4” Philodendron Micans – Velvet Trailing Plant,IshysPlants,,,New York,,,25.0,4.5,,,,,False,False,False,,,,False,us/,Price:$25.00. Loading. 4” Philodendron Micans – Velvet Trailing Plant | Heart-Shaped Leaves. IshysPlants. 4.5 out of 5 stars. Ships from New York. Arrives soon!
1565661854,https://www.etsy.com/listing/1565661854,philodendron micans,C_ships,Philodendron Micans,SDTROPICS,,,"Mount Dora, FL","Jun 24, 2026",2,,,,,,,False,False,False,,,,False,us/,"This House Plants item by SDTROPICS has 2 favorites from Etsy shoppers. Ships from Mount Dora, FL. Listed on Jun 24, 2026. ... Philodendron Micans. SDTROPICS."
1883484801,https://www.etsy.com/listing/1883484801,philodendron micans,C_ships,Philodendron Micans Velvet Leaf - Rare Trailing Plant,HeartfeltHideaway,,,"Sunnyside, NY","Aug 30, 2026",40,,,,,,,False,False,False,,,,False,us/,"This House Plants item by HeartfeltHideaway has 40 favorites from Etsy shoppers. Ships from Sunnyside, NY. Listed on Aug 30, 2026. ... Philodendron Micans ..."
4531218620,https://www.etsy.com/listing/4531218620,philodendron micans,C_ships,US Seller Fully Rooted Philodendron Variegated Micans Pink ...,NomoreplantsCo,,,"Center Valley, PA","Jul 9, 2026",3,,,,,,,False,False,False,,,,False,us/,"This House Plants item by NomoreplantsCo has 3 favorites from Etsy shoppers. Ships from Center Valley, PA. Listed on Jul 9, 2026."
4549305712,https://www.etsy.com/listing/4549305712,philodendron micans,C_ships,Exact Plant Philodendron Micans Plant Specific 6” Pot 15501ZSE,TheGreenEscape,,,"Eustis, FL","Aug 3, 2026",5,,,,,,,False,False,False,,,,False,us/,"This Indoor Planters item by TheGreenEscape has 5 favorites from Etsy shoppers. Ships from Eustis, FL. Listed on Aug 3, 2026."
4551778661,https://www.etsy.com/listing/4551778661,philodendron micans,C_ships,US Seller Variegated Philodendron Mint Micans (fully Rooted in ...,,,,Pennsylvania! Shorter shipping distances are,,,,,,,,,False,False,False,,,,False,us/,Handpicked by NomoreplantsCo · Ships from Pennsylvania! Shorter shipping distances are. kinder to the planet. Ordering items closer to you is more likely to ...
4431278162,https://www.etsy.com/listing/4431278162,philodendron micans,C_ships,Variegated Philodendron Micans Live Plant | Pink Mint Velvet ...,Leafecho,,,"Sunnyvale, CA","Sep 24, 2026",10,,,,,,,False,False,False,,,,False,us/,"This House Plants item by Leafecho has 10 favorites from Etsy shoppers. Ships from Sunnyvale, CA. Listed on Sep 24, 2026."
4538458071,https://www.etsy.com/listing/4538458071,philodendron micans,C_ships,Exact Plant Philodendron Micans Red Stem Specific 4” Pot ...,TheGreenEscape,,,"Eustis, FL","Jul 15, 2026",,,,,,,,False,False,False,,,,False,us/,"This Indoor Planters item is sold by TheGreenEscape. Ships from Eustis, FL. Listed on Jul 15, 2026. ... Exact Plant Philodendron Micans Red Stem Specific 4” Pot ..."
4514762175,https://www.etsy.com/listing/4514762175,philodendron micans,C_ships,US Seller Fully Rooted Philodendron Variegated Micans Pink ...,NomoreplantsCo,,,"Center Valley, PA","Jun 1, 2026",,,,,,,,False,False,False,,,,False,us/,"This House Plants item is sold by NomoreplantsCo. Ships from Center Valley, PA. Listed on Jun 1, 2026."
4475903054,https://www.etsy.com/listing/4475903054,philodendron micans,D_plain,Philodendron Micans 8” Hanging Basket | Trailing Velvet ...,,,,,,,,,,,,,False,False,False,,,3,False,us/,Philodendron Micans - Rare Velvet Philodendron - Trailing Hanging - Air Purifying - Easy Care Houseplant. $8.99 · Philodendron Micans. $23.95.
4541344010,https://www.etsy.com/listing/4541344010,philodendron micans,D_plain,Variegated Philodendron Micans Live Plant - Rare Velvet Leaf ...,,,,,,,,,,,,,False,False,False,,,4,False,us/,"Elevate your indoor plant collection with the breathtaking Variegated Philodendron Micans, a rare collector's plant prized for its luxurious velvet foliage and ..."
1417723761,https://www.etsy.com/listing/1417723761,philodendron micans,D_plain,Philodendron Micans: Rare Velvet Leaf Hanging Plant,,,,,,,,,,,,,False,False,False,,,6,False,us/,Philodendron-Micans love sunlight but can also be in the shade. These are outdoor and indoor plants. CARE: Detailed care instructions are provided in a printout ...
1865307771,https://www.etsy.com/listing/1865307771,philodendron micans,D_plain,Philodendron Micans Mint Variegated *grower's Choice*,,,,,,,,,,,,,False,False,False,,,7,False,us/,Philodendron micans mint variegated is a rare trailing form of Philodendron hederaceum micans with velvety heart shaped leaves and a soft iridescent surface ...
4539877847,https://www.etsy.com/listing/4539877847,philodendron micans,D_plain,Variegated Philodendron Micans - Rare Collector Plant,,,,,,,,,,,,,False,False,False,,,8,False,us/,"philodendron Micans is unique in that it emerges neon green, hardens off to a golden color, and matures off to a deep orange, before hardening off to a cream ..."
4542024457,https://www.etsy.com/listing/4542024457,philodendron micans,D_plain,"Velvety Heart-shaped Leaves, Tropical Houseplant (2 Inch Pot)",,,,,,,,,,,,,False,False,False,,,9,False,us/,"Philodendron Micans is a popular tropical houseplant that is well suited for shelves, desks, hanging planters, and indoor plant collections. ... You will receive ..."
4518245220,https://www.etsy.com/listing/4518245220,philodendron micans,D_plain,Philodendron Micans Cuttings | Velvet Leaf Plant,,,,,,,,,,,,,False,False,False,,,12,False,us/,This listing is for Philodendron Micans. Philodendrons love to climb up trees and grow bigger leaves in nature. Philodendron is a great plant for a novice plant ...
1039460851,https://www.etsy.com/listing/1039460851,philodendron micans,D_plain,"Philodendron Micans in 6""hb",,,,,,,,,,,,,False,False,False,,,13,False,us/,"Philodendron Micans is a heart-shaped, velvet leaved, trailing philodendron. Depending on the light these velvety iridescent leaves can take on a deep forest ..."
1732305178,https://www.etsy.com/listing/1732305178,philodendron micans,D_plain,Philodendron Micans - Full Heads - Starter Plants,,,,,,,,,,,,,False,False,False,,,15,False,us/,Philodendron Micans - Full Heads - Starter Plants - Available in 2” Pots. BrumleyandBloom.
4332356163,https://www.etsy.com/listing/4332356163,philodendron micans,D_plain,Variegated Philodendron Micans 'mint' (can Acclimate to House ...,,,,,,,,,,,,,False,False,False,,,19,False,us/,Variegated Philodendron micans 'Mint' (Can acclimate to house conditions) ; Notiop From shop Notiop. Sale Price $14.99 $14.99. $29.99 Original Price $29.99 (50% ...
1640665628,https://www.etsy.com/listing/1640665628,philodendron micans,D_plain,Philodendron - Micans. Two Starter Plants. HEAT PACK ...,,,,,,,,,,,,,False,False,False,,,20,False,us/,"Philodendron - Micans. Two Starter plants. HEAT PACK Included when needed. ; Philodendron Mican Plant 6"" Pot. PlantObsessedSD From shop PlantObsessedSD."
1712703311,https://www.etsy.com/listing/1712703311,philodendron pink princess,A_owned;B_star;C_ships;D_plain,Philodendron Pink Princess (2.5 In) - Starter Plant,TheHouseJungleShop,Janetsy Borroto,United States,"Wellington, FL","Jun 16, 2026",,,4.9,748.0,1700.0,2 years on Etsy,2.0,True,False,False,,,2,False,us/,Owned by Janetsy Borroto |. United States. 4.9 (748). 1.7k sales. 2 years on Etsy. Message seller · Following Follow shop ... Philodendron Pink Princess. $150.00 ...
1692164041,https://www.etsy.com/listing/1692164041,philodendron pink princess,A_owned;B_star;C_ships;D_plain,Philodendron Pink Princess 6” With Pole - US SELLER,RareFoliagePlantCo,Yibo,"Winter Garden, Florida","Winter Garden, FL","Aug 26, 2026",18,,4.9,6300.0,16300.0,2.5 years on Etsy,2.5,True,False,False,,,3,False,us/,"May include: A Philodendron Pink Princess ... Owned by Yibo |. Winter Garden, Florida. 4.9 (6.3k). 16.3k sales. 2.5 years on Etsy. Message seller · Following ..."
4478444342,https://www.etsy.com/listing/4478444342,philodendron pink princess,A_owned;D_plain,Philodendron 'pink Princess',,House Plant Shop,"Florida, United States",,,,,4.5,15.0,47.0,4 months on Etsy,0.33,False,False,False,,,1,False,us/,"Philodendron 'Pink Princess' ... Owned by House Plant Shop |. Florida, United States. 4.5 (15). 47 sales. 4 months on Etsy. Message seller · Following Follow shop."
4417308657,https://www.etsy.com/listing/4417308657,philodendron pink princess,A_owned;C_ships;D_plain,Philodendron Pink Princess Galaxy,,James,"San Jose, California","San Jose, CA","Aug 19, 2026",,,4.8,3000.0,9700.0,3 years on Etsy,3.0,False,False,False,,,4,False,us/,"Owned by James |. San Jose, California. 4.8 (3k). 9.7k sales. 3 years on Etsy. Message seller · Following Follow shop ... Philodendron Pink Princess Galaxy. $ ..."
4531117866,https://www.etsy.com/listing/4531117866,philodendron pink princess,A_owned;B_star,Philodendron Pink Princess,,Katie,"Michigan, United States",,,,15.0,5.0,1400.0,3300.0,10 years on Etsy,10.0,False,False,False,,,,False,us/,"May include: A Philodendron Pink Princess ... Owned by Katie |. Michigan, United States. 5.0 (1.4k). 3.3k sales. 10 years on Etsy. Message seller · Following ..."
4542402446,https://www.etsy.com/listing/4542402446,philodendron pink princess,A_owned;C_ships;D_plain,"Philodendron Pink Princess, Exact Plant Variegated Ships ...",CanopyGems,wiredreamersdotcom,United States,"Pahoa, HI","Jul 22, 2026",,,4.9,3600.0,10200.0,16 years on Etsy,16.0,False,False,False,,,18,False,us/,Meet your seller. CanopyGems · Owned by wiredreamersdotcom |. United States. 4.9 (3.6k). 10.2k sales. 16 years on Etsy. Message seller · Following Follow shop.
1896576721,https://www.etsy.com/listing/1896576721,philodendron pink princess,A_owned;B_star;C_ships;D_plain,US Seller - Philodendron Pink Princess,SubcultureLabs,Sylvan,"Carbondale, Illinois","Carbondale, IL","Jun 25, 2026",86,,4.8,187.0,481.0,1 year on Etsy,1.0,True,False,False,,,16,False,us/,"Owned by Sylvan |. Carbondale, Illinois. 4.8 (187). 481 sales. 1 year on Etsy ... US Seller - Philodendron Pink Princess. $15.00."
4499944765,https://www.etsy.com/listing/4499944765,philodendron pink princess,A_owned;C_ships,Philodendron Pink Princess PPP Starter Plant (ALL ...,BombshellBotanyCo,Bombshell Botany,"Tallahassee, Florida","Merritt Island, FL","Jul 9, 2026",19,,4.7,517.0,1900.0,2.5 years on Etsy,2.5,False,False,False,,,,False,us/,"Philodendron Pink Princess ... Owned by Bombshell Botany |. Tallahassee, Florida. 4.7 (517). 1.9k sales. 2.5 years on Etsy. Message seller · Following Follow shop."
4481367997,https://www.etsy.com/listing/4481367997,philodendron pink princess,A_owned;B_star,Pink Princess Philodendron. Rooted Plant. C,MyVariegatedJungle,Stephanie W,United States,,,,,5.0,439.0,817.0,6 years on Etsy,6.0,True,False,False,,,,False,us/,Owned by Stephanie W |. United States. 5.0 (439). 817 sales. 6 years on Etsy.
4573080289,https://www.etsy.com/listing/4573080289,philodendron pink princess,A_owned,"Philodendron Pink Princess Starter Plant, Pink Variegated ...",,HK Hights,France,,,,,3.9,30.0,427.0,6 months on Etsy,0.5,False,False,False,,,,False,us/,"Philodendron Pink Princess Starter Plant, Pink ... Philodendron Pink Princess ... Owned by HK Hights |. France. 3.9 (30). 427 sales. 6 months on Etsy. Message ..."
1242209678,https://www.etsy.com/listing/1242209678,philodendron pink princess,A_owned,Pink Princess Philodendron,CynsSucculents,Cyn Kim,United States,,,,,4.5,416.0,1500.0,5 years on Etsy,5.0,False,False,False,,,,False,us/,Meet your seller. CynsSucculents · Owned by Cyn Kim |. United States. 4.5 (416). 1.5k sales. 5 years on Etsy. Message seller · Following Follow shop.
1265592226,https://www.etsy.com/listing/1265592226,philodendron pink princess,A_owned,Philodendron Pink Princess Starter Plant (5 Pack),,SunshineGreens,"Florida, United States",,,,,4.1,84500.0,374600.0,4 years on Etsy,4.0,False,False,False,,,,False,us/,"Owned by SunshineGreens |. Florida, United States. 4.1 (84.5k). 374.6k sales. 4 years on Etsy. Message seller · Following Follow shop. This seller usually ..."
1820783931,https://www.etsy.com/listing/1820783931,philodendron pink princess,A_owned,Philodendron Pink Princess XL Plant **(ALL ...,SunshineGreens,SunshineGreens,"Florida, United States",,,,,4.1,84600.0,374800.0,4 years on Etsy,4.0,False,False,False,,,,False,us/,"Meet your seller. SunshineGreens · Owned by SunshineGreens |. Florida, United States. 4.1 (84.6k). 374.8k sales. 4 years on Etsy. Message seller."
4464539378,https://www.etsy.com/listing/4464539378,philodendron pink princess,A_owned,Real Plant Philodendron Pink Princes Galaxy F1 Size ...,,,,,,,,,,218.0,1 year on Etsy,1.0,False,False,False,,,,False,us/,218 sales. 1 year on Etsy. Message seller · Following Follow shop. This seller usually responds within a few hours. Speedy replies Has a history ...
1262756373,https://www.etsy.com/listing/1262756373,philodendron pink princess,A_owned,Philodendron Pink Princess Starter Plant ...,SunshineGreens,SunshineGreens,"Florida, United States",,,,,4.1,84500.0,374400.0,4 years on Etsy,4.0,False,False,False,,,,False,us/,"Meet your seller. SunshineGreens · Owned by SunshineGreens |. Florida, United States. 4.1 (84.5k). 374.4k sales. 4 years on Etsy. Message seller."
1473696325,https://www.etsy.com/listing/1473696325,philodendron pink princess,A_owned,Philodendron Pink Princess Us Seller,,Supimol,"Quincy, Massachusetts",,,,,4.9,21.0,56.0,4 years on Etsy,4.0,False,False,False,,,,False,us/,"Owned by Supimol |. Quincy, Massachusetts. 4.9 (21). 56 sales. 4 years on Etsy. Message seller · Following Follow shop. Shop reviews. View all. Why are these ..."
1261802462,https://www.etsy.com/listing/1261802462,philodendron pink princess,A_owned,Philodendron Pink Princess Starter Plant *10 COUNT*,,SunshineGreens,"Florida, United States",,,,,4.1,84200.0,373800.0,4 years on Etsy,4.0,False,False,False,,,,False,us/,"Owned by SunshineGreens |. Florida, United States. 4.1 (84.2k). 373.8k sales. 4 years on Etsy. Message seller · Following Follow shop. This seller usually ..."
1196826554,https://www.etsy.com/listing/1196826554,philodendron pink princess,A_owned,Philodendron Pink Princess 6,,Manuel Lopez,"Homestead, Florida",,,,,4.9,1700.0,4800.0,6 years on Etsy,6.0,False,False,False,,,,False,us/,"Owned by Manuel Lopez |. Homestead, Florida. 4.9 (1.7k). 4.8k sales. 6 years on Etsy. Message seller · Following Follow shop. This seller usually responds ..."
1443994289,https://www.etsy.com/listing/1443994289,philodendron pink princess,A_owned,Philodendron Black Cherry Pink Princess Starter Planter ...,NYCitySucculents,Julio,,,,,,,,,,,False,False,False,,,,True,us/,Large Philodendron Pink Princess | Philodendron Black Cherry Pink ... Meet your seller. NYCitySucculents · Owned by Julio |.
1153479590,https://www.etsy.com/listing/1153479590,philodendron pink princess,A_owned,Art Print 'philodendron Pink Princess' - 3 Sizes,SushiStudios,SushiStudios,"Gloucester, United Kingdom",,,,,5.0,11600.0,36600.0,11 years on Etsy,11.0,False,False,False,,,,True,us/,"Meet your seller. SushiStudios · Owned by SushiStudios |. Gloucester, United Kingdom. 5.0 (11.6k). 36.6k sales. 11 years on Etsy. Message seller."
1679987304,https://www.etsy.com/listing/1679987304,philodendron pink princess,A_owned,"Philodendron Pink Princess Marble 6"" Pot - Selected Well ...",,Thắng Lê Hoàng,"Hanoi, Vietnam",,,,,4.3,291.0,1100.0,5 years on Etsy,5.0,False,False,False,,,,False,us/,"Philodendron Pink Princess Marble 6 ... Owned by Thắng Lê Hoàng |. Hanoi, Vietnam. 4.3 (291). 1.1k sales. 5 years on Etsy. Message seller · Following Follow shop."
1466193980,https://www.etsy.com/listing/1466193980,philodendron pink princess,A_owned,Rare Philodendron Pink Princess - Sold as Pots & Cuttings,,Shae,United States,,,,,4.7,4400.0,11800.0,6 years on Etsy,6.0,False,False,False,,,,False,us/,Owned by Shae |. United States. 4.7 (4.4k). 11.8k sales. 6 years on Etsy. Message ... Find it on Etsy. Outdoor & Garden. Buy Rose Ann Hall Online Plant Stakes ...
4381893137,https://www.etsy.com/listing/4381893137,philodendron pink princess,A_owned,Philodendron Pink Princess Tricolor Variegated Plant,,Thắng Lê Hoàng,"Hanoi, Vietnam",,,,,4.3,290.0,1100.0,5 years on Etsy,5.0,False,False,False,,,,False,us/,"Philodendron Pink Princess Tricolor ... Owned by Thắng Lê Hoàng |. Hanoi, Vietnam. 4.3 (290). 1.1k sales. 5 years on Etsy. Message seller · Following Follow shop."
4549644134,https://www.etsy.com/listing/4549644134,philodendron pink princess,B_star,"4"" Philodendron Pink Princess Galaxy – Exact Plant",dirtanddaydreams244,,,,,,,,,,,,True,False,False,,,,False,us/,"4"" Philodendron Pink Princess Galaxy – Exact Plant. dirtanddaydreams244. Star Seller. Star Sellers have an outstanding track record for providing a great ..."
4485921516,https://www.etsy.com/listing/4485921516,philodendron pink princess,B_star;D_plain,Philodendron Galaxy Pink Princess Starter Plant *(ALL ...,KayKaysplanties,,,,,,,,,,,,True,False,False,,,10,False,us/,KayKaysplanties is a star seller. Reviews for this item. 4.9. Item average ... Philodendron Pink Princess ...
1874151298,https://www.etsy.com/listing/1874151298,philodendron pink princess,B_star;D_plain,Philodendron Pink Princess Galaxy 4” - US SELLER,RareFoliagePlantCo,,,,,,,,,,,,True,False,False,,,8,False,us/,Philodendron Pink Princess Galaxy 4” - US SELLER. RareFoliagePlantCo. Star Seller. Star Sellers have an outstanding track record for providing a great customer ...
1679542032,https://www.etsy.com/listing/1679542032,philodendron pink princess,B_star,Philodendron Pink Princess Marble King 4” - US SELLER,RareFoliagePlantCo,,,,,,,,,,,,True,False,False,,,,False,us/,Philodendron Pink Princess Marble King 4” - US SELLER. RareFoliagePlantCo. Star Seller. Star Sellers have an outstanding track record for providing a great ...
1571294236,https://www.etsy.com/listing/1571294236,philodendron pink princess,B_star,Pink Princess - Philodendron Erubescens - Multiple Options,LSOHPlantLady,,,,,,,,,,,,True,False,False,,,,False,us/,May include: A Philodendron Pink Princess plant in a black plastic pot. The ... LSOHPlantLady is a star seller Specializes in Plants. Reviews for this ...
4325976442,https://www.etsy.com/listing/4325976442,philodendron pink princess,B_star,Philodendron Pink Princess Live Plant Sun Lover Plant,orchidscollectors,,,,,,,,,,,,True,False,False,,,,False,us/,philodendron pink princess live plant sun lover plant. orchidscollectors. Star Seller. Star Sellers have an outstanding track record for providing a great ...
4514000601,https://www.etsy.com/listing/4514000601,philodendron pink princess,B_star,Philodendron Pink Princess Galaxy F1 Beauty Leaves,Estusaearoid,,,,,,,,,,,,True,False,False,,,,False,us/,Philodendron Pink Princess Galaxy F1 Beauty Leaves. Estusaearoid. Star Seller. Star Sellers have an outstanding track record for providing a great customer ...
4528605181,https://www.etsy.com/listing/4528605181,philodendron pink princess,B_star,Philodendron Pink Princess Memek F1 Variegated,PROJOplant,,,,,,,,,,,,True,False,False,,,,False,us/,May include: A Philodendron Pink Princess plant featuring heart-shaped leaves with variegated patterns ... PROJOplant is a star seller. Be the first to ...
4486547559,https://www.etsy.com/listing/4486547559,philodendron pink princess,B_star;C_ships;D_plain,"Rare Variegated Houseplant, Pink Green Indoor Plant (no Pot)",PlantieShoppe,,,"Jacksonville, FL","Jun 28, 2026",8,,,,,,,True,False,False,,,20,False,us/,Philodendron Pink Princess Marble plant–THIS ... Philodendron Pink Princess Marble plant–THIS ... PlantieShoppe is a star seller. Reviews for this ...
4565764512,https://www.etsy.com/listing/4565764512,philodendron pink princess,B_star,"Philodendron Pink Princess Mutation, Rare Tropical Aroid, Live ...",PlantsPotsParadise,,,,,,,,,,,,True,False,False,,,,False,us/,"Philodendron Pink Princess Mutation, Rare ... Philodendron Pink Princess ... PlantsPotsParadise is a star seller. Be the first to review this item."
4513823171,https://www.etsy.com/listing/4513823171,philodendron pink princess,B_star,Variegated Philodendron Pink Princess Galaxy With New Growth,sarasvinesandvintage,,,,,,,,,,,,True,False,False,,,,False,us/,Variegated Philodendron Pink Princess Galaxy with new growth. sarasvinesandvintage. Star Seller. Star Sellers have an outstanding track record for providing ...
1867270657,https://www.etsy.com/listing/1867270657,philodendron pink princess,B_star,Leaf Earrings Philodendron Pink Princess or White ...,NoOrdinaryLeaf,,,,,,,,,,,,True,False,False,,,,True,us/,NoOrdinaryLeaf is a star seller. Be the first to review this item. No reviews yet. See what customers say about other items from this shop. Read reviews for ...
4497796930,https://www.etsy.com/listing/4497796930,philodendron pink princess,C_ships,Philodendron Pink Princess Black Cherry | Rare Unique Indoor ...,Akrilikledstore,,,Indonesia,"May 1, 2026",,,,,,,,False,False,False,,,,False,us/,"This Indoor Planters item is sold by Akrilikledstore. Ships from Indonesia. Listed on May 1, 2026."
4560328969,https://www.etsy.com/listing/4560328969,philodendron pink princess,C_ships;D_plain,"Philodendron Pink Princess Variegated Exact Plant, Fedex 2day",CanopyGems,,,"Pahoa, HI","Aug 21, 2026",2,,5.0,,,,,False,False,False,,,13,False,us/,"This Outdoor & Gardening item by CanopyGems has 2 favorites from Etsy shoppers. Ships from Pahoa, HI. Listed on Aug 21, 2026. ... Philodendron Pink Princess ..."
4342982482,https://www.etsy.com/listing/4342982482,philodendron pink princess,C_ships;D_plain,A Philodendron Pink Princess Plant in a Six Inch Pot,EMERITUSGARDENS,,,"Bokeelia, FL","Jul 3, 2026",9,,5.0,,,,,False,False,False,,,6,False,us/,"This House Plants item by EMERITUSGARDENS has 9 favorites from Etsy shoppers. Ships from Bokeelia, FL. Listed on Jul 3, 2026. ... A Philodendron Pink Princess ..."
4546331768,https://www.etsy.com/listing/4546331768,philodendron pink princess,C_ships,Exact Plant Philodendron Pink Princess Specific Starter 15207JBE,TheGreenEscape,,,"Eustis, FL","Jul 29, 2026",,,,,,,,False,False,False,,,,False,us/,"This Indoor Planters item is sold by TheGreenEscape. Ships from Eustis, FL. Listed on Jul 29, 2026. ... Exact Plant Philodendron Pink Princess Specific Starter ..."
4493781723,https://www.etsy.com/listing/4493781723,philodendron pink princess,C_ships,"Philodendron Pink Princess Galaxy Variegated 2.5"" Pot, Fedex ...",CanopyGems,,,"Pahoa, HI","Apr 23, 2026",,,,,,,,False,False,False,,,,False,us/,"This Outdoor & Gardening item is sold by CanopyGems. Ships from Pahoa, HI. Listed on Apr 23, 2026. ... Philodendron Pink Princess Galaxy Variegated 2.5"" pot, ..."
4508815876,https://www.etsy.com/listing/4508815876,philodendron pink princess,C_ships,Philodendron Pink Princess Starter Plant (ALL ...,VerdantTouchPlants,,,"Forestville, CA","Jul 4, 2026",6,,,,,,,False,False,False,,,,False,us/,"This House Plants item by VerdantTouchPlants has 6 favorites from Etsy shoppers. Ships from Forestville, CA. Listed on Jul 4, 2026. ... Philodendron Pink Princess ..."
1292321805,https://www.etsy.com/listing/1292321805,philodendron pink princess,C_ships,Philodendron Pink Princess- 4'' From California Tropicals,CaliforniaTropicals,,,"Mira Loma, CA","Sep 25, 2026",45,,,,,,,False,False,False,,,,False,us/,"This House Plants item by CaliforniaTropicals has 45 favorites from Etsy shoppers. Ships from Mira Loma, CA. Listed on Sep 25, 2026."
4582641793,https://www.etsy.com/listing/4582641793,philodendron pink princess,C_ships,Philodendron Pink Princess X Billietiae 4” Pot (ALL PLANTS ...,TheGreenEscape,,,"Eustis, FL","Sep 25, 2026",,,,,,,,False,False,False,,,,False,us/,"This Indoor Planters item is sold by TheGreenEscape. Ships from Eustis, FL. Listed on Sep 25, 2026. ... Philodendron Pink Princess x Billietiae 4” pot ..."
4564047818,https://www.etsy.com/listing/4564047818,philodendron pink princess,C_ships,"Philodendron Pink Princess Galaxy Variegated 2.5"" Pot, Fedex ...",CanopyGems,,,"Pahoa, HI","Aug 27, 2026",3,,,,,,,False,False,False,,,,False,us/,"This Outdoor & Gardening item by CanopyGems has 3 favorites from Etsy shoppers. Ships from Pahoa, HI. Listed on Aug 27, 2026. ... Philodendron Pink Princess ..."
4574647761,https://www.etsy.com/listing/4574647761,philodendron pink princess,C_ships,Philodendron Pink Princess Starter Plant (ALL Plants Require ...,SunshineGreens,,,"Merritt Island, FL","Sep 27, 2026",26,,,,,,,False,False,False,,,,False,us/,"This House Plants item by SunshineGreens has 26 favorites from Etsy shoppers. Ships from Merritt Island, FL. Listed on Sep 27, 2026."
4549171625,https://www.etsy.com/listing/4549171625,philodendron pink princess,D_plain,"Philodendron Pink Princess in 4"" Pot",,,,,,,,,,,,,False,False,False,,,5,False,us/,"Philodendron Pink Princess in 4"" Pot - Variegated Live Pink Princess Marble - Rare Collector Plant - Beginners Plant- Non-Exact."
1597565205,https://www.etsy.com/listing/1597565205,philodendron pink princess,D_plain,Philodendron Pink Princess PPP **(ALL Starter Plants ...,,,,,,,,,,,,,False,False,False,,,7,False,us/,"The philodendron Pink Princess has narrow green leaves that are covered in beautiful pink, and green flecked variegation. The pink princess is also an easy ..."
1808327219,https://www.etsy.com/listing/1808327219,philodendron pink princess,D_plain,Pink Princess Philodendron | Rare Variegated Aroid ...,,,,,,,,,,,,,False,False,False,,,9,False,us/,"The Philodendron Pink Princess is a highly sought-after collector houseplant, admired for its striking pink and green variegated foliage. Each leaf is unique— ..."
4546383603,https://www.etsy.com/listing/4546383603,philodendron pink princess,D_plain,Exact Plant Philodendron Pink Princess Specific 4” Pot 15316DAE,,,,,,,,,,,,,False,False,False,,,11,False,us/,Exact Plant Philodendron Pink Princess Specific 4” Pot 15316DAE | G/H (All PLANTS require you to purchase 2 plants!)
4550275305,https://www.etsy.com/listing/4550275305,philodendron pink princess,D_plain,Philodendron Pink Princess Tricolor - Super Rare Variegated ...,PlantVers,,,,,,,4.5,,,,,False,False,False,,,12,False,us/,"Philodendron Pink Princess Tricolor - Super Rare Variegated EXACT Plant - Pink, Green & Cream Foliage - US Seller. PlantVers. 4.5 out of 5 stars."
1763259092,https://www.etsy.com/listing/1763259092,philodendron pink princess,D_plain,US Seller Philodendron Pink Princess Marble King,,,,,,,,,,,,,False,False,False,,,14,False,us/,"Philodendron Pink Princess Marble ""High pink color"" :Indoor Plants -Easy Care Houseplant - Starter Plant, Live, Easy to Grow-Beginner Plant."
4547798801,https://www.etsy.com/listing/4547798801,philodendron pink princess,D_plain,Philodendron Pink Princess Mutation Pot 4 - Indoor Plant,,,,,,,,,,,,,False,False,False,,,15,False,us/,"The Philodendron Pink Princess Mutation is an extraordinary collector plant celebrated for its unpredictable variegation and vibrant shades of pink, cream, ..."
4530610251,https://www.etsy.com/listing/4530610251,philodendron pink princess,D_plain,Philodendron Pink Princess Starter Plant (ALL Plants Require ...,,,,,,,14.43,,,,,,False,False,False,,,17,False,us/,"A Philodendron Pink Princess plant featuring dark green, heart-shaped leaves. Only 1 left and in 18 carts. NowPrice:$14.43. Original Price: $22.20. Loading. 35 ..."
4346970492,https://www.etsy.com/listing/4346970492,philodendron pink princess,D_plain,Philodendron Pink Princess Mutation - Exact Plant; Fully Rooted,,,,,,,,,,,,,False,False,False,,,19,False,us/,"Philodendron Pink Princess Marble plant–THIS EXACT PLANT - Rare Variegated Houseplant, Pink Green Indoor Plant (no Pot)."
4417884485,https://www.etsy.com/listing/4417884485,pilea peperomioides,A_owned;C_ships;D_plain,Pilea Peperomioides 'chinese Money',GrannyPlanties9,Granny Planties,"San Diego, California","Mount Dora, FL","May 6, 2026",,,4.6,12.0,37.0,9 months on Etsy,0.75,False,False,False,,,16,False,us/,"Pilea Peperomioides 'Chinese ... Owned by Granny Planties |. San Diego, California. 4.6 (12). 37 sales. 9 months on Etsy. Message seller · Following Follow shop."
4570613305,https://www.etsy.com/listing/4570613305,pilea peperomioides,A_owned;C_ships;D_plain,Chinese Money Plant Pilea Peperomioides Live Plant 4-inch Pot ...,WonderlandFloraWW,WW,"Highland Park, New Jersey","Highland Park, NJ","Sep 7, 2026",,,4.5,55.0,189.0,,,False,False,False,,,2,False,us/,"May include: A Pilea peperomioides plant with round, bright green leaves in a white ... Owned by WW |. Highland Park, New Jersey. 4.5 (55). 189 sales. 4 years on ..."
4369116180,https://www.etsy.com/listing/4369116180,pilea peperomioides,A_owned;B_star;C_ships;D_plain,"Pilea Peperomioides: Chinese Money Plant, Live Starter Plant",EcoGlen,ayshakkhan,"Gaithersburg, Maryland",Maryland,,,,4.8,30.0,133.0,4 years on Etsy,4.0,True,False,False,,,4,False,us/,"May include: A potted Pilea peperomioides ... Owned by ayshakkhan |. Gaithersburg, Maryland. 4.8 (30). 133 sales. 4 years on Etsy. Message seller · Following ..."
4563121844,https://www.etsy.com/listing/4563121844,pilea peperomioides,A_owned;C_ships;D_plain,Exact Plant Pilea Peperomioides Specific 4” Pot 17135MAE,TheGreenEscape,The Green Escape,,"Eustis, FL","Aug 26, 2026",,,,,867400.0,6 years on Etsy,6.0,False,False,False,,,14,False,us/,Meet your seller. TheGreenEscape · Owned by The Green Escape | ... 867.4k sales. 6 years on Etsy. Message seller · Following Follow shop ... Sell on Etsy ...
1799054420,https://www.etsy.com/listing/1799054420,pilea peperomioides,A_owned,Illustration Pilea Peperomioides Format A5,,Marie,"Tours, France",,,,,5.0,13.0,80.0,1.5 years on Etsy,1.5,False,False,False,,,,False,us/,"Owned by Marie |. Tours, France. 5.0 (13). 80 sales. 1.5 years on Etsy. Message seller · Following Follow shop. Shop reviews. View all. Why are these reviews ..."
1141201462,https://www.etsy.com/listing/1141201462,pilea peperomioides,A_owned,Pilea Peperomioides (chinese Money Plant) Magnetic ...,craftedvan,Craftedvan,"Vancouver, Canada",,,,,4.9,12400.0,51500.0,12 years on Etsy,12.0,False,False,False,,,,False,us/,"Meet your seller. craftedvan · Owned by Craftedvan |. Vancouver, Canada. 4.9 (12.4k). 51.5k sales. 12 years on Etsy. Message seller · Following Follow shop."
4512026217,https://www.etsy.com/listing/4512026217,pilea peperomioides,A_owned,"Pilea Peperomioides (chinese Money Plant) Starter in 2"" Pot",PrettyPlantyThingsUS,Heather Gould,"Locke, New York",,,,,5.0,3.0,16.0,3 months on Etsy,0.25,False,False,False,,,,False,us/,"You've found a shop that is new to Etsy! PrettyPlantyThingsUS · Owned by Heather Gould |. Locke, New York. 5.0 (3). 16 sales. 3 months on Etsy."
4476827267,https://www.etsy.com/listing/4476827267,pilea peperomioides,A_owned,"Artificial Pilea Peperomioides Stem, Faux Chinese Money ...",,,,,,,,,,,,,False,False,False,,,,False,us/,"Perfect for boho, minimalist, or modern decor, this artificial coin plant offers the timeless appeal of Pilea peperomioides without the need for watering or ..."
4365952449,https://www.etsy.com/listing/4365952449,pilea peperomioides,A_owned;C_ships;D_plain,"Chinese Money Plant, Pilea Peperomioides, Friendship ...",,Oly,United States,"Mount Dora, FL","Jul 8, 2026",,,4.8,272.0,1600.0,1.5 years on Etsy,1.5,False,False,False,,,13,False,us/,... Pilea peperomioides ... Pilea Peperomioides 'Chinese Money' (Pilea peperomioides) ... Owned by Oly |. United States. 4.8 (272). 1.6k sales. 1.5 years on Etsy.
4534493746,https://www.etsy.com/listing/4534493746,pilea peperomioides,A_owned;C_ships,"Live Chinese Money Plant, Pilea Peperomioides, Self-watering ...",SereneFlora56,shamila rawal,United States,"New York, NY","Jul 8, 2026",,,,0,2.0,2 months on Etsy,0.17,False,False,False,,,,False,us/,"Live Chinese Money Plant, Pilea Peperomioides ... Pilea Peperomioides ... Owned by shamila rawal |. United States. No reviews yet. 2 sales. 2 months on Etsy."
4480426435,https://www.etsy.com/listing/4480426435,pilea peperomioides,A_owned,Pilea Plant Vinyl Sticker,craftedvan,Craftedvan,"Vancouver, Canada",,,,,4.9,12400.0,51300.0,12 years on Etsy,12.0,False,False,False,,,,True,us/,"... Pilea peperomioides plant, also ... Meet your seller. craftedvan · Owned by Craftedvan |. Vancouver, Canada. 4.9 (12.4k). 51.3k sales. 12 years on Etsy. Message ..."
4519689547,https://www.etsy.com/listing/4519689547,pilea peperomioides,A_owned;C_ships;D_plain,Chinese Money Plant Pilea Peperomioides - 2 Pack Live Plants,EternalBloomCo98,Shamim,United States,New York,,,,3.8,5.0,26.0,1 month on Etsy,0.08,False,False,False,,,19,False,us/,May include: A Pilea peperomioides plant with ... Owned by Shamim |. United States. 3.8 (5). 26 sales. 1 month on Etsy. Message seller · Following Follow shop.
4299135108,https://www.etsy.com/listing/4299135108,pilea peperomioides,A_owned,"Pilea Peperomioides Print Poster, Chinese Money Plant, Living ...",,Liv,United Kingdom,,,,,5.0,1400.0,6600.0,5 years on Etsy,5.0,False,False,False,,,,True,us/,Pilea Peperomioides ... Owned by Liv |. United Kingdom. 5.0 (1.4k). 6.6k sales. 5 years on Etsy. Message seller · Following Follow shop.
1888923350,https://www.etsy.com/listing/1888923350,pilea peperomioides,A_owned,Pilea Plant Art Print | Serigraph Botanical Wall Decor,,Ilana Dashe,"San Diego, California",,,,,5.0,3.0,13.0,,,False,False,False,,,,True,us/,"This minimalist botanical artwork features a vibrant Pilea Peperomioides ... Owned by Ilana Dashe |. San Diego, California. 5.0 (3). 13 sales ... Find it on Etsy."
1604649569,https://www.etsy.com/listing/1604649569,pilea peperomioides,A_owned,"Pilea Plant Watercolor Art Print, Botanical Wall Decor",PaintingMariArt,Maria,"Sondershausen, Germany",,,,,5.0,3.0,9.0,5 years on Etsy,5.0,False,False,False,,,,True,us/,"Meet your seller. PaintingMariArt · Owned by Maria |. Sondershausen, Germany. 5.0 (3). 9 sales. 5 years on Etsy. Message seller · Following Follow shop ..."
1301281853,https://www.etsy.com/listing/1301281853,pilea peperomioides,A_owned,Miniature Pilea Plant Art PRINT - Tiny Watercolor ...,,Mick,"Spokane, Washington",,,,,5.0,4100.0,18500.0,,,False,False,False,,,,True,us/,"Owned by Mick |. Spokane, Washington. 5.0 (4.1k). 18.5k sales. 9 ..."
4536368486,https://www.etsy.com/listing/4536368486,pilea peperomioides,A_owned;C_ships,Chinese Money Plant A6 Greetings Card - Inspired by Eden ...,printbyMARCUSBROWN,Marcus Brown,"Exeter, United Kingdom",United Kingdom,"Jul 11, 2026",,,5.0,2.0,10.0,3 years on Etsy,3.0,False,False,False,,,,True,us/,"Owned by Marcus Brown |. Exeter, United Kingdom. 5.0 (2). 10 sales. 3 years on Etsy. Message seller · Following Follow shop. Shop reviews. View all. Why are ..."
1863848488,https://www.etsy.com/listing/1863848488,pilea peperomioides,A_owned;B_star;C_ships,A6 Personalised Pilea Peperomioides Chinese Houseplant ...,PunAndInkShop,PunAndInk,United Kingdom,United Kingdom,"May 10, 2026",,,5.0,634.0,3500.0,4 years on Etsy,4.0,False,False,False,,,,False,us/,Money - A6 Personalised Pilea Peperomioides ... Pilea Peperomioides ... Owned by PunAndInk |. United Kingdom. 5.0 (634). 3.5k sales. 4 years on Etsy. Message seller.
1211345383,https://www.etsy.com/listing/1211345383,pilea peperomioides,A_owned,Pilea With Colorful Background Art Print,,Ashley Burns,"Denver, Colorado",,,,,5.0,7.0,15.0,,,False,False,False,,,,True,us/,"Owned by Ashley Burns |. Denver, Colorado. 5.0 (7). 15 sales ... Pilea Peperomioides Watercolor Painting | Plant Art | 11x14 8x10 5x7 ... Find it on Etsy. Prints."
830313053,https://www.etsy.com/listing/830313053,pilea peperomioides,A_owned,"Pilea Peperomioides, “chinese Money Plant”!",,Succulents and Such,"Orlando, Florida",,,,,4.4,1100.0,4300.0,6 years on Etsy,6.0,False,False,False,,,,False,us/,"Owned by Succulents and Such |. Orlando, Florida. 4.4 (1.1k). 4.3k sales. 6 years on Etsy. Message seller · Following Follow shop. This seller usually responds ..."
988263720,https://www.etsy.com/listing/988263720,pilea peperomioides,A_owned,Pilea - Watercolor Illustration,ManonPIllustrations,Manon,"Montpellier, France",,,,,5.0,50.0,170.0,5 years on Etsy,5.0,False,False,False,,,,True,us/,"Meet your seller. ManonPIllustrations · Owned by Manon |. Montpellier, France. 5.0 (50). 170 sales. 5 years on Etsy. Message seller · Following Follow shop ..."
4540904746,https://www.etsy.com/listing/4540904746,pilea peperomioides,A_owned,Variegated Philodendron Florida Beauty - Rare Collector Plant,,Daisy,"Lake Orion, Michigan",,,,,4.7,40100.0,130100.0,6 years on Etsy,6.0,False,False,False,,,,False,us/,"Owned by Daisy |. Lake Orion, Michigan. 4.7 (40.1k). 130.1k sales. 6 years on Etsy ... Chinese Money Plant in a 4"" Grow Pot - Pilea Peperomioides - Money ..."
733804181,https://www.etsy.com/listing/733804181,pilea peperomioides,A_owned,Ocean Breeze Mini Canvas - Calming Tropical Watercolor Painting,,Pomm Hepner,United States,,,,,5.0,11.0,89.0,7 years on Etsy,7.0,False,False,False,,,,True,us/,Owned by Pomm Hepner |. United States. 5.0 (11). 89 sales. 7 years on Etsy. Message seller · Following Follow shop. Shop reviews. View all. Why are these ...
1442540325,https://www.etsy.com/listing/1442540325,pilea peperomioides,A_owned;C_ships,"Chinese Money Plant, 4"" Pilea Peperomioides, Easy Care ...",AJGardenStore,Rani Selvaraj,"Aldie, Virginia",Virginia,,,,4.3,294.0,1100.0,3 years on Etsy,3.0,False,False,False,,,,False,us/,"Meet your seller. AJGardenStore · Owned by Rani Selvaraj |. Aldie, Virginia. 4.3 (294). 1.1k sales. 3 years on Etsy. Message seller · Following Follow shop."
1869485447,https://www.etsy.com/listing/1869485447,pilea peperomioides,A_owned,Pilea Peperomioides 'chinese Money',,Planta Vida,"Miami, Florida",,,,,4.9,16.0,54.0,1.5 years on Etsy,1.5,False,False,False,,,,False,us/,"Owned by Planta Vida |. Miami, Florida. 4.9 (16). 54 sales. 1.5 years on Etsy ... Find it on Etsy. Kitchen & Dining. Shop Warsteiner Stein Buy Deartis ..."
4485932370,https://www.etsy.com/listing/4485932370,pilea peperomioides,A_owned;D_plain,Pilea Peperomioides - 4 Inch Pot - Live Plant,,Krystle,"Bronx, New York",,,,,4.9,7200.0,17000.0,,,False,False,False,,,10,False,us/,"May include: A vibrant green Pilea peperomioides plant, also known as a Chinese money ... Owned by Krystle |. Bronx, New York. 4.9 (7.2k). 17k sales. 5 years on ..."
1758954783,https://www.etsy.com/listing/1758954783,pilea peperomioides,A_owned,"Chinese Money Plant – Easy Indoor Houseplant – 3"" Pot",,Edi T,"Los Angeles, California",,,,,4.6,48.0,135.0,,,False,False,False,,,,False,us/,"Pilea Peperomioides Live Starter Plant – Chinese Money Plant – Easy Indoor ... Owned by Edi T |. Los Angeles, California. 4.6 (48). 135 sales. 2 years on ..."
4474529195,https://www.etsy.com/listing/4474529195,pilea peperomioides,B_star;C_ships,Chinese Money Plant Live Plant | Pilea Peperomioides,MilasExoticPlants,,,"La Grange, IL","Jul 25, 2026",4,,,,,,,True,False,False,,,,False,us/,Chinese Money Plant Live Plant | Pilea Peperomioides | Easy Care Indoor Houseplant | Pancake Plant. MilasExoticPlants. Star Seller.
4474522272,https://www.etsy.com/listing/4474522272,pilea peperomioides,B_star,"Pilea Peperomioides Acrylic Suncatcher, Coin Leaf Window ...",CraftiPet,,,,,,,,,,,,True,False,False,,,,True,us/,"Pilea Peperomioides Acrylic Suncatcher, Coin Leaf Window Hanging for Plant Lover Gift, coin plant decor, pilea suncatcher. CraftiPet. Star Seller."
1761642275,https://www.etsy.com/listing/1761642275,pilea peperomioides,B_star,"Pilea Peperomioides | Live Houseplant in 4"" Pot",BloomingVale,,,,,,,,,,,,True,False,False,,,,False,us/,"Chinese Money Plant | Pilea Peperomioides | Live Houseplant in 4"" pot. BloomingVale. Star Seller. Star Sellers have an outstanding track record for providing a ..."
1699847121,https://www.etsy.com/listing/1699847121,pilea peperomioides,B_star,Live Plants-chinese Money Plant,BellaVintageHome,,,,,,,,,,,,True,False,False,,,,False,us/,BellaVintageHome is a star seller. Reviews for this item. 5.0 ... Pilea Peperomioides Large ...
1072104706,https://www.etsy.com/listing/1072104706,pilea peperomioides,B_star,Pilea Peperomioides Houseplant Card - Illustrated Money ...,katebroughton,,,,,,,,,,,,True,False,False,,,,True,us/,Pilea peperomioides houseplant card - illustrated money plant recycled eco friendly card. katebroughton. Star Seller. Star Sellers have an outstanding track ...
4435608551,https://www.etsy.com/listing/4435608551,pilea peperomioides,B_star,"Pilea Food Picker/dinner Decider, Chinese Money Plant",HandcraftedByJesslyn,,,,,,,,,,,,True,False,False,,,,False,us/,"May include: A small, artificial Pilea peperomioides plant in a light orange pot. ... Star Seller. Star ... HandcraftedByJesslyn is a star seller. Be the ..."
1166007076,https://www.etsy.com/listing/1166007076,pilea peperomioides,B_star,"Starter of Chinese Money Plant, Pilea Peperomioides, UFO ...",WonderlandFloraSTR,,,,,,,,,,,,True,False,False,,,,False,us/,"Starter of Chinese Money Plant, Pilea peperomioides, UFO Plant – Houseplants, Foliage Plants, Lucky Plants - 2.5-inch Pots. WonderlandFloraSTR. Star Seller."
4431906179,https://www.etsy.com/listing/4431906179,pilea peperomioides,B_star,Chinese Money Plant (pilea Peperomioides) 6 Inch ...,yougreentube,,,,,,,,,,,,True,False,False,,,,False,us/,"May include: A small Pilea peperomioides plant, also known as a Chinese money plant ... yougreentube is a star seller Specializes in Plants. Reviews for this item."
4527437407,https://www.etsy.com/listing/4527437407,pilea peperomioides,B_star,Philodendron Melanochrysum Variegated - Rare Tropical Live ...,PlantVers,,,,,,,,,,,,True,False,False,,,,False,us/,"PlantVers is a star seller. Be the first to review this item ... Meet your seller. PlantVers. Star Seller ... Chinese Money Plant in a 4"" Grow Pot - Pilea ..."
4528337965,https://www.etsy.com/listing/4528337965,pilea peperomioides;raven zz plant,B_star,Golden Dragon Philodendron Variegated Plant - Collector Rare ...,PlantVers,,,,,,,,,,,,True,False,False,,,,False,us/,"PlantVers is a star seller. Be the first to review this item ... Meet your seller. PlantVers. Star Seller ... Chinese Money Plant in a 4"" Grow Pot - Pilea ..."
4523036745,https://www.etsy.com/listing/4523036745,pilea peperomioides,B_star,Rare White Monstera Borsigiana Baby Leaf EXACT Plant,PlantVers,,,,,,,,,,,,True,False,False,,,,False,us/,"Star Seller ... PlantVers is a star seller. Be the first to review this item ... Chinese Money Plant in a 4"" Grow Pot - Pilea Peperomioides - Money Plant - ..."
4522717225,https://www.etsy.com/listing/4522717225,pilea peperomioides,B_star,Rare Florida Beauty X Black Billietiae Hybrid - US Seller,PlantVers,,,,,,,,,,,,True,False,False,,,,False,us/,PlantVers is a star seller. Be the first to review ... Meet your seller. PlantVers. Star Seller ... More from this shop. Visit shop · Chinese Money Plant in a ...
4449066935,https://www.etsy.com/listing/4449066935,pilea peperomioides,B_star,"Chinese Money Plant, Pilea Peperomioides, Live ...",SkyGardenByPhoenix,,,,,,,,,,,,True,False,False,,,,False,us/,"Chinese Money Plant, Pilea Peperomioides, Live Houseplant in 2.5"" pot. SkyGardenByPhoenix. Star Seller. Star Sellers have an outstanding track record for ..."
4524443206,https://www.etsy.com/listing/4524443206,pilea peperomioides,B_star,Scindapsus Moonlight Treubii Albo Variegated - Exotic Tropical ...,PlantVers,,,,,,,,,,,,True,False,False,,,,False,us/,"Star Seller ... PlantVers is a star seller. Be the first to review this item ... Chinese Money Plant in a 4"" Grow Pot - Pilea Peperomioides - Money Plant - ..."
4524441016,https://www.etsy.com/listing/4524441016,pilea peperomioides,B_star,Monstera Adansonii Aurea Variegated Plant,PlantVers,,,,,,,,,,,,True,False,False,,,,False,us/,"Star Seller ... PlantVers is a star seller. Be the first to review this item ... Chinese Money Plant in a 4"" Grow Pot - Pilea Peperomioides - Money Plant - ..."
4527274232,https://www.etsy.com/listing/4527274232,pilea peperomioides,B_star,Yellow Congo Philodendron Variegated Live Plant - Super Rare ...,PlantVers,,,,,,,,,,,,True,False,False,,,,False,us/,"Star Seller ... PlantVers is a star seller. Be the first to review this item ... Chinese Money Plant in a 4"" Grow Pot - Pilea Peperomioides - Money Plant - ..."
4539531709,https://www.etsy.com/listing/4539531709,pilea peperomioides,C_ships;D_plain,Pilea Peperomioides (friendship Chinese Money Plant),BumblePlantsCom,,,"Little Neck, NY","Jul 17, 2026",,,,,,,,False,False,False,,,1,False,us/,"This House Plants item is sold by BumblePlantsCom. Ships from Little Neck, NY. Listed on Jul 17, 2026. ... Pilea Peperomioides (Friendship Chinese Money Plant) - ..."
1571837769,https://www.etsy.com/listing/1571837769,pilea peperomioides,C_ships;D_plain,Pilea Peperomioides,SDTROPICS,,,"Mount Dora, FL","Jun 24, 2026",,,4.0,,,,,False,False,False,,,3,False,us/,"This House Plants item is sold by SDTROPICS. Ships from Mount Dora, FL. Listed on Jun 24, 2026. ... Pilea Peperomioides. SDTROPICS. 4 out of 5 stars. Arrives ..."
4533751568,https://www.etsy.com/listing/4533751568,pilea peperomioides,C_ships;D_plain,"Pilea Peperomioides Live Plant, Chinese Money Plant 4 Inch Pot ...",BotanicaAZ,,,"Covina, CA","Jul 6, 2026",2,,4.5,,,,,False,False,False,,,12,False,us/,"This Plants item by BotanicaAZ has 2 favorites from Etsy shoppers. Ships from Covina, CA. Listed on Jul 6, 2026. ... May include: A Pilea peperomioides plant with ..."
4513826476,https://www.etsy.com/listing/4513826476,pilea peperomioides,C_ships,"Chinese Money Plant 4"" Live Houseplant | Pilea Peperomioides",RvsdGreenhouses,,,"Mira Loma, CA","May 30, 2026",,,,,,,,False,False,False,,,,False,us/,"This House Plants item is sold by RvsdGreenhouses. Ships from Mira Loma, CA. Listed on May 30, 2026. ... Pilea Peperomioides ..."
594385681,https://www.etsy.com/listing/594385681,pilea peperomioides,C_ships,"Pilea Peperomioides, Block Print, Pancake Plant, Plant Art ...",StrangeTraces,,,"Austin, TX","Mar 21, 2026",33,,,,,,,False,False,False,,,,True,us/,"This Wood & Linocut Prints item by StrangeTraces has 33 favorites from Etsy shoppers. Ships from Austin, TX. Listed on Mar 21, 2026. ... Pilea Peperomioides ..."
4297457012,https://www.etsy.com/listing/4297457012,pilea peperomioides,C_ships,Pilea Peperomioides (friendship Chinese Money Plant),BumblePlantsCom,,,New York,,,33.95,4.5,,,,,False,False,False,,,,False,us/,Price:$33.95+. Loading. Pilea Peperomioides (Friendship Chinese Money Plant). BumblePlantsCom. 4.5 out of 5 stars. Ships from New York. Arrives soon! Get it by.
1429254064,https://www.etsy.com/listing/1429254064,pilea peperomioides,D_plain,Pilea Peperomioides (pancake Plant),,,,,,,,,,,,,False,False,False,,,5,False,us/,"Chinese Money Plant in a 4"" Grow Pot - Pilea Peperomioides - Money Plant - Low Light Indoor Houseplants - Lucky Coin Plant - Air Purifier."
4456102733,https://www.etsy.com/listing/4456102733,pilea peperomioides,D_plain,Chinese Money Plant | 5-9 Inch Pilea Peperomioides,,,,,,,,,,,,,False,False,False,,,6,False,us/,Chinese Money Plant | 5-9 Inch Pilea Peperomioides | UFO Plant | Round Leaf Pancake Plant for Indoor Modern Decor | Pet Friendly Houseplant.
4506795003,https://www.etsy.com/listing/4506795003,pilea peperomioides,D_plain,"Pilea Peperomioides “chinese Money” “UFO Plant” 2"" Potted ...",,,,,,,,,,,,,False,False,False,,,7,False,us/,"Pilea peperomioides “Chinese money” “UFO plant” 2"" potted plant * *(ALL plants require you to purchase any 2 plants)*. KayKaysplanties"
1891570951,https://www.etsy.com/listing/1891570951,pilea peperomioides,D_plain,"Chinese Money Plant （1 Plant With Soil in Bag, No Pot）",,,,,,,,,,,,,False,False,False,,,8,False,us/,"Add a touch of charm and good fortune to your space with a live Pilea Peperomioides, also known as the Chinese Money Plant! With its round, coin-shaped ..."
4530634808,https://www.etsy.com/listing/4530634808,pilea peperomioides,D_plain,Pilea Peperomioides Chinese Money Starter Plant (ALL ...,,,,,,,13.32,,,,,,False,False,False,,,9,False,us/,"May include: A Pilea peperomioides plant with numerous round, dark green, succulent-. Only 7 left and in 12 carts. NowPrice:$13.32. Original Price: $22.20."
4324340929,https://www.etsy.com/listing/4324340929,pilea peperomioides,D_plain,Pilea Peperomioides,SuzzySucculents,,,,,,,5.0,126.0,,,,False,False,False,,,11,False,us/,Pilea Peperomioides. SuzzySucculents · 5 out of 5 stars (126). Sale Price $15.99 ... Related searches. Theartesianalley Succulents · Pilea Globosa · Variegated ...
1308475148,https://www.etsy.com/listing/1308475148,pilea peperomioides,D_plain,Pilea Peperomioides – Risograph Plant Poster A4,,,,,,,,,,,,,False,False,False,,,17,True,us/,Pilea Peperomioides Print: Hand Drawn Chinese Money Plant Illustration. $16.27 · Pilea ...
4528293919,https://www.etsy.com/listing/4528293919,pilea peperomioides,D_plain,Pilea Peperomioides PRINTABLE Poster - Retro French Riviera ...,,,,,,,,,,,,,False,False,False,,,18,True,us/,I made this Pilea Peperomioides poster for fellow plant people who appreciate bold graphics almost as much as they love collecting leaves.
4341484911,https://www.etsy.com/listing/4341484911,pilea peperomioides,D_plain,Chinese Money Plant / Pilea Peperomioides 8 Inches Pot Very Full,,,,,,,,,,,,,False,False,False,,,20,False,us/,Chinese Money Plant / Pilea Peperomioides 8 inches pot very full. Sold. See item details · See item details. Similar items on Etsy. Results include ads
4503271582,https://www.etsy.com/listing/4503271582,raven zz plant,A_owned;C_ships,"Live Zamioculcas Zamiifolia 'raven' | 4"" Pot | Black ZZ Plant",PlantsByJMH,JM Heatherly,"Murfreesboro, Tennessee","Murfreesboro, TN","May 11, 2026",,,4.1,38.0,133.0,1.5 years on Etsy,1.5,False,False,False,,,,False,us/,"Owned by JM Heatherly |. Murfreesboro, Tennessee. 4.1 (38). 133 sales. 1.5 years on Etsy. Message seller · Following Follow shop."
4485176359,https://www.etsy.com/listing/4485176359,raven zz plant,A_owned;C_ships;D_plain,"Raven ZZ Plant in 6"" Nursery Pot - Zamioculcas Zamiifolia Raven",PlantVers,Daisy,"Lake Orion, Michigan","Oxford, MI","Aug 17, 2026",7,,4.7,41100.0,133700.0,6 years on Etsy,6.0,False,False,False,,,4,False,us/,"Meet your seller. PlantVers · Owned by Daisy |. Lake Orion, Michigan. 4.7 (41.1k). 133.7k sales. 6 years on Etsy. Message seller · Following Follow shop."
4537309213,https://www.etsy.com/listing/4537309213,raven zz plant,A_owned;C_ships;D_plain,Pink Variegated Raven ZZ Plant - Exotic Black & Pink Plant,PlantVers,Daisy,"Lake Orion, Michigan","Oxford, MI","Jul 14, 2026",,,4.7,40000.0,130000.0,6 years on Etsy,6.0,False,False,False,,,17,False,us/,"Pink Variegated Raven ZZ Plant - Exotic Black ... Pink Variegated Raven ZZ ... Owned by Daisy |. Lake Orion, Michigan. 4.7 (40k). 130k sales. 6 years on Etsy."
4560243495,https://www.etsy.com/listing/4560243495,raven zz plant,A_owned;B_star;C_ships,"Black Raven ZZ Plant 6"" | Live Houseplant | Zamioculcas Raven",VerdantRiotPlants,Linnea,"Pacifica, California","Pacifica, CA","Aug 21, 2026",,,4.9,366.0,1100.0,14 years on Etsy,14.0,True,False,False,,,,False,us/,"Black Raven ZZ Plant 6"" | Live Houseplant ... Owned by Linnea |. Pacifica, California. 4.9 (366). 1.1k sales. 14 years on Etsy. Message seller · Following Follow ..."
4575660988,https://www.etsy.com/listing/4575660988,raven zz plant,A_owned;D_plain,Pink Variegated Raven ZZ Plant - Exotic Black & Pink Plant,PlantVers,Daisy,"Lake Orion, Michigan",,,,,4.7,41500.0,135200.0,6 years on Etsy,6.0,False,False,False,,,8,False,us/,"Meet your seller. PlantVers · Owned by Daisy |. Lake Orion, Michigan. 4.7 (41.5k). 135.2k sales. 6 years on Etsy. Message seller · Following Follow shop."
4548922494,https://www.etsy.com/listing/4548922494,raven zz plant,A_owned;C_ships;D_plain,Raven ZZ Plant Canvas - House Plants Wallart,AnnasPlantlings,Heimwerker Hühnchen,United States,"New York, NY","Aug 3, 2026",,,5.0,7.0,48.0,2.5 years on Etsy,2.5,False,False,False,,,10,False,us/,Raven ZZ Plant Canvas - House Plants Wallart - Raven ZZ ... Owned by Heimwerker Hühnchen |. United States. 5.0 (7). 48 sales. 2.5 years on Etsy. Message seller.
1568009948,https://www.etsy.com/listing/1568009948,raven zz plant,A_owned,"ZZ Plant Art Print: Raven ZZ, Houseplant Identification (8x10)",,Danielle,"Saskatoon, Canada",,,,,4.9,736.0,2700.0,6 years on Etsy,6.0,False,False,False,,,,True,us/,"ZZ Plant Art Print: Raven ZZ, Houseplant ... Owned by Danielle |. Saskatoon, Canada. 4.9 (736). 2.7k sales. 6 years on Etsy. Message seller · Following Follow ..."
1246537301,https://www.etsy.com/listing/1246537301,raven zz plant,A_owned;C_ships,Rare Black Raven ZZ Plant -4'' From California Tropicals,CaliforniaTropicals,California Tropicals LLC,United States,"Mira Loma, CA","Aug 25, 2026",342,,4.8,54300.0,165900.0,7 years on Etsy,7.0,False,False,False,,,,False,us/,Meet your seller. CaliforniaTropicals · Owned by California Tropicals LLC |. United States. 4.8 (54.3k). 165.9k sales. 7 years on Etsy. Message seller.
4536256816,https://www.etsy.com/listing/4536256816,raven zz plant,A_owned;C_ships,Raven ZZ Pink - Variegated Zamioculcas - Super Rare EXACT ...,PlantVers,Daisy,"Lake Orion, Michigan","Oxford, MI","Jul 11, 2026",,,4.7,39800.0,129300.00000000001,6 years on Etsy,6.0,False,False,False,,,,False,us/,"Raven ZZ Pink - Variegated Zamioculcas - Super ... Raven ZZ ... Owned by Daisy |. Lake Orion, Michigan. 4.7 (39.8k). 129.3k sales. 6 years on Etsy. Message seller."
4583009274,https://www.etsy.com/listing/4583009274,raven zz plant,A_owned;C_ships;D_plain,Variegated Pink Raven ZZ Plant - Exotic Black & Pink Plant,PlantVers,Daisy,"Lake Orion, Michigan","Oxford, MI","Sep 26, 2026",,,4.7,41800.0,136300.0,6 years on Etsy,6.0,False,False,False,,,3,False,us/,"Meet your seller. PlantVers · Owned by Daisy |. Lake Orion, Michigan. 4.7 (41.8k). 136.3k sales. 6 years on Etsy. Message seller · Following Follow shop."
4556212459,https://www.etsy.com/listing/4556212459,raven zz plant,A_owned;C_ships;D_plain,"Raven ZZ Plant in 6"" Nursery Pot - Indoor Live Houseplant",PlantVers,Daisy,"Lake Orion, Michigan","Oxford, MI","Aug 24, 2026",6,,4.7,41200.0,134000.0,6 years on Etsy,6.0,False,False,False,,,9,False,us/,"Raven ZZ Plant in 6"" Nursery Pot - Indoor Live ... Owned by Daisy |. Lake Orion, Michigan. 4.7 (41.2k). 134k sales. 6 years on Etsy. Message seller · Following ..."
4519186519,https://www.etsy.com/listing/4519186519,raven zz plant,A_owned;C_ships,Variegated Raven ZZ,JBsPlantShop,J Cruz,"Akron, Ohio","Akron, OH","Jun 9, 2026",,,4.9,278.0,480.0,4 years on Etsy,4.0,False,False,False,,,,False,us/,"Variegated Raven ZZ ... Meet your seller. JBsPlantShop · Owned by J Cruz |. Akron, Ohio. 4.9 (278). 480 sales. 4 years on Etsy. Message seller · Following Follow ..."
4575642531,https://www.etsy.com/listing/4575642531,raven zz plant,A_owned;C_ships,Pink Variegated Raven ZZ Plant - Exotic Black & Pink Plant,PlantVers,Daisy,"Lake Orion, Michigan","Oxford, MI","Sep 15, 2026",,,4.7,41700.0,135900.0,6 years on Etsy,6.0,False,False,False,,,,False,us/,"Pink Variegated Raven ZZ Plant - Exotic Black ... Owned by Daisy |. Lake Orion, Michigan. 4.7 (41.7k). 135.9k sales. 6 years on Etsy. Message seller · Following ..."
4509925785,https://www.etsy.com/listing/4509925785,raven zz plant,A_owned;B_star;C_ships,"ZZ Black Raven Plant 4"" Pot - Actual Plant. Zamioculcas ...",TheGreeenAngels,Aryani,United States,"Ladson, SC","May 22, 2026",3,,4.9,1200.0,5000.0,3 years on Etsy,3.0,False,False,False,,,,False,us/,The Raven ZZ ... Owned by Aryani |. United States. 4.9 (1.2k). 5k sales. 3 years on Etsy. Message seller · Following Follow shop.
4418719664,https://www.etsy.com/listing/4418719664,raven zz plant,A_owned;C_ships,Raven ZZ Plant Tombstone Trio - Spooky Plant and Terrarium ...,DeadandGoneGarden,Kelsey Lancraft,"Orlando, Florida","Winter Springs, FL","Aug 7, 2026",,,5.0,2.0,8.0,,,False,False,False,,,,False,us/,"Raven ZZ Plant Tombstone Trio - Spooky Plant and Terrarium Accessories image 1 ... Owned by Kelsey Lancraft |. Orlando, Florida. 5.0 (2). 8 sales. 10 months on ..."
4558768605,https://www.etsy.com/listing/4558768605,raven zz plant,A_owned;B_star,"Raven ZZ Plant Shirt, ZZ Plant Sweatshirt, Halloween ...",PrinticoLab,Valerii,"Kharkiv, Ukraine",,,,,5.0,8.0,36.0,11 months on Etsy,0.92,True,False,False,,,,True,us/,"Raven ZZ plant with glossy dark foliage growing ... Raven ZZ ... Owned by Valerii |. Kharkiv, Ukraine. 5.0 (8). 36 sales. 11 months on Etsy. Message seller."
1879347117,https://www.etsy.com/listing/1879347117,raven zz plant,A_owned,Large Raven Zz Plant 10inch Potted Live ...,,VmcPlants Julian Aguila,"Los Angeles, California",,,,,4.9,964.0,3000.0,3 years on Etsy,3.0,False,False,False,,,,False,us/,"Owned by VmcPlants Julian Aguila |. Los Angeles, California. 4.9 (964). 3k sales. 3 years on Etsy. Message seller · Following Follow shop. This seller usually ..."
1261205683,https://www.etsy.com/listing/1261205683,raven zz plant,A_owned,ZZ Plant - Black Raven - Zamioculcas Zamiifolia 'raven',,,,,,,,,,,,,False,False,False,,,,False,us/,"ZZ Black Raven plant grows smooth, naturally shiny leaves that start out as bright lime in their youth, then transitions to a purplish-green hue before turning ..."
4535037719,https://www.etsy.com/listing/4535037719,raven zz plant,A_owned,Variegated Monstera Adansonii Albo Live Plant - Half-moon Leaf,PlantVers,Daisy,"Lake Orion, Michigan",,,,,4.7,39800.0,129100.0,6 years on Etsy,6.0,False,False,False,,,,False,us/,"Meet your seller. PlantVers · Owned by Daisy |. Lake Orion, Michigan. 4.7 (39.8k). 129.1k sales. 6 years on Etsy. Message seller · Following Follow shop."
1278404108,https://www.etsy.com/listing/1278404108,raven zz plant,A_owned,Quoth the Raven ZZ Plant,,Zahra Zaidan,"Spotsylvania Courthouse, Virginia",,,,,5.0,1.0,3.0,4 years on Etsy,4.0,False,False,False,,,,False,us/,"Owned by Zahra Zaidan |. Spotsylvania Courthouse, Virginia. 5.0 (1). 3 sales. 4 years on Etsy. Message seller · Following Follow shop. Shop reviews. View all."
4530163775,https://www.etsy.com/listing/4530163775,raven zz plant,A_owned,Variegated Philodendron Bipennifolium - Collector's Aroid,PlantVers,Daisy,"Lake Orion, Michigan",,,,,4.7,39600.0,128300.00000000001,6 years on Etsy,6.0,False,False,False,,,,False,us/,"Meet your seller. PlantVers · Owned by Daisy |. Lake Orion, Michigan. 4.7 (39.6k). 128.3k sales. 6 years on Etsy. Message seller · Following Follow shop."
4466535512,https://www.etsy.com/listing/4466535512,raven zz plant,A_owned,Zamioculcas Zamiifolia Raven Botanical Print Poster,FernandPebbles,Kaitlyn Buswell,"North Carolina, United States",,,,,5.0,70.0,394.0,8 years on Etsy,8.0,False,False,False,,,,True,us/,"Meet your seller. FernandPebbles · Owned by Kaitlyn Buswell |. North Carolina, United States. 5.0 (70). 394 sales. 8 years on Etsy ... Raven ZZ Print - Watercolor ..."
4533104992,https://www.etsy.com/listing/4533104992,raven zz plant,A_owned,"6"" Red Maranta Prayer Plant - Live Houseplant",IshysPlants,Ishola,"Brooklyn, New York",,,,,4.4,347.0,1200.0,1 year on Etsy,1.0,False,False,False,,,,False,us/,"Meet your seller. IshysPlants · Owned by Ishola |. Brooklyn, New York. 4.4 (347). 1.2k sales. 1 year on Etsy. Message seller · Following Follow shop ... Raven ZZ ..."
1226321790,https://www.etsy.com/listing/1226321790,raven zz plant,A_owned,Juneteenth Melanin Tumbler Wrap,,Critty,"Houston, Texas",,,,,4.8,498.0,4900.0,11 years on Etsy,11.0,False,False,False,,,,False,us/,"Owned by Critty |. Houston, Texas. 4.8 (498). 4.9k sales. 11 years on Etsy. Message seller · Following Follow shop. This seller usually responds within a few ..."
727308482,https://www.etsy.com/listing/727308482,raven zz plant,A_owned,You Are A Force Magnet,,Marie Heimann,"Fort Wayne, Indiana",,,,,5.0,2000.0,14700.0,10 years on Etsy,10.0,False,False,False,,,,True,us/,"Owned by Marie Heimann |. Fort Wayne, Indiana. 5.0 (2k). 14.7k sales. 10 years on Etsy. Message seller · Following Follow shop ... Pink Variegated Raven Zz Plant ..."
1747048126,https://www.etsy.com/listing/1747048126,raven zz plant,A_owned,"Dupioni Silk Fabric by Yard for Curtains, Roman Shades, Blinds, ...",,The White Window,"New York, United States",,,,,4.9,149.0,797.0,2 years on Etsy,2.0,False,False,False,,,,False,us/,"Owned by The White Window |. New York, United States. 4.9 (149). 797 sales. 2 years on Etsy. Message seller · Following Follow shop ... Variegated pink raven zz ..."
855831847,https://www.etsy.com/listing/855831847,raven zz plant,A_owned,French Bulldog Decal | DC706PL | High Quality Adhesive Vinyl ...,,Nicker Stickers,"Olympia, Washington",,,,,4.9,9900.0,53400.0,15 years on Etsy,15.0,False,False,False,,,,True,us/,"Owned by Nicker Stickers |. Olympia, Washington. 4.9 (9.9k). 53.4k sales. 15 years on Etsy. Message seller · Following Follow shop ... Raven ZZ Plant - Outdoor & ..."
4471726629,https://www.etsy.com/listing/4471726629,raven zz plant,A_owned,US Seller Pink ZZ,CitadelBotanicals,Kynneth Kasserine,"New York, United States",,,,,4.9,78.0,155.0,4 years on Etsy,4.0,False,False,False,,,,False,us/,"Meet your seller. CitadelBotanicals · Owned by Kynneth Kasserine |. New York, United States. 4.9 (78). 155 sales. 4 years on Etsy. Message seller."
1534186134,https://www.etsy.com/listing/1534186134,raven zz plant,A_owned;B_star,"Black Raven ZZ, Dark Zz Plant in 5.5"" Pot, Zamioculcas ...",Thegreenshouse,Richard,"Plantation, Florida",,,,,4.8,31100.0,109200.0,6 years on Etsy,6.0,True,False,False,,,,False,us/,"Owned by Richard |. Plantation, Florida. 4.8 (31.1k). 109.2k sales. 6 years on Etsy. Message seller · Following Follow shop. This seller usually responds within ..."
1507971389,https://www.etsy.com/listing/1507971389,raven zz plant,B_star;C_ships,Black Raven ZZ Plant | Zamioculcas Zamiifolia | 4in Pot,FunFoliage,,,"Buena Park, CA","Jul 31, 2026",14,,,,,,,True,False,False,,,,False,us/,"May include: A collection of Zamioculcas zamiifolia plants, commonly known as Raven ZZ plants ... FunFoliage is a star seller Specializes in Plants ..."
4528319803,https://www.etsy.com/listing/4528319803,raven zz plant,B_star,Variegated 'silver Sword' Philodendron - Rare Collector Live Plant,,,,,,,,,,,,,False,False,False,,,,False,us/,Raven ZZ plant | Indoor Live Plant | Zamioculcas Zamiifolia ...
1784956669,https://www.etsy.com/listing/1784956669,raven zz plant,B_star;D_plain,"Black Raven ZZ, Dark ZZ Plant in 6” Pot, Zamioculcas ...",FloridaGrownGardens,,,,,,,,,,,,True,False,False,,,19,False,us/,"Black Raven ZZ, dark ZZ plant in 6” pot, Zamioculcas Zamiifolia, live tropical houseplant. FloridaGrownGardens. Star Seller."
4528835169,https://www.etsy.com/listing/4528835169,raven zz plant,B_star,Variegated Philodendron Florida Beauty in a Nursery Pot - Rare ...,,,,,,,,,,,,,False,False,False,,,,False,us/,Raven ZZ plant | Indoor Live Plant | Zamioculcas Zamiifolia ...
4529878234,https://www.etsy.com/listing/4529878234,raven zz plant,B_star,Philodendron Red Sun Starter Plant (ALL ...,,,,,,,,,,,,,False,False,False,,,,False,us/,Raven ZZ plant | Indoor Live Plant | Zamioculcas Zamiifolia ...
1777295476,https://www.etsy.com/listing/1777295476,raven zz plant,B_star,Raven ZZ Plant | Zamiolculcas | Rare | 3” 4” Pots Fully ...,FloridaGrownGardens,,,,,,,,,,,,True,False,False,,,,False,us/,Raven ZZ Plant | Zamiolculcas | Rare | 3” 4” pots fully rooted | Autumn Plant Vibes | Black Plant. FloridaGrownGardens. Star Seller.
4526404877,https://www.etsy.com/listing/4526404877,raven zz plant,B_star,Black Raven ZZ 6in Pot,CaliforniaNatClassic,,,,,,,,,,,,True,False,False,,,,False,us/,"Black Raven ZZ 6in Pot. CaliforniaNatClassic. Star Seller. Star Sellers have an ... Large 6"" Raven ZZ plant | Extremely Rare Black Indoor Live Plant | ..."
1732114332,https://www.etsy.com/listing/1732114332,raven zz plant,B_star,"Raven ZZ Unrooted Cutting - Zamioculcas Zamiifolia 8""- 10 ...",PlantGab,,,,,,,,,,,,True,False,False,,,,False,us/,"Raven ZZ unrooted cutting - Zamioculcas zamiifolia 8""- 10"" Stem cutting for propagation, Leaves can also be propagated - 1 unrooted stem. PlantGab. Star Seller."
4536788661,https://www.etsy.com/listing/4536788661,raven zz plant,C_ships,Raven ZZ Plant (zamioculcas Zamiifolia 'dowon') #1016,SoulFoliageLLC,,,"Ormond Beach, FL","Jul 12, 2026",,,,,,,,False,False,False,,,,False,us/,"This House Plants item is sold by SoulFoliageLLC. Ships from Ormond Beach, FL. Listed on Jul 12, 2026. ... Raven ZZ Plant (Zamioculcas zamiifolia 'Dowon') #1016."
4295921986,https://www.etsy.com/listing/4295921986,raven zz plant,C_ships,"Zamioculcas Zamiifolia Variegated | Ships From Austin, ...",,,,,,,,,,,,,False,False,False,,,,False,us/,"Variegated Zz | Zamioculcas Zamiifolia Variegated | Ships from Austin, Texas ; Variegated ZZ Plant Mother – Rare Houseplant Collection. DiomacriNursery From shop ..."
4575661722,https://www.etsy.com/listing/4575661722,raven zz plant,C_ships,Pink Variegated Raven ZZ Plant - Exotic Black & Pink Plant,PlantVers,,,"Oxford, MI","Sep 15, 2026",,,,,,,,False,False,False,,,,False,us/,"This House Plants item is sold by PlantVers. Ships from Oxford, MI. Listed on Sep 15, 2026. ... Pink Variegated Raven ZZ Plant - Exotic Black & Pink Plant - Rare ..."
4539168404,https://www.etsy.com/listing/4539168404,raven zz plant,C_ships,Zamioculcas Zamiifolia Rooted Plant Raven Black Orange ...,,,,Thailand,"Jul 16, 2026",,,,,,,,False,False,False,,,,False,us/,"Ships from Thailand. Listed on Jul 16, 2026. ... Raven ZZ plant cutting. $15.00 · Black ZZ Plant- Zamioculcas Zamiifolia Raven- Black Raven ZZ in 2.7"" Pot- ..."
1862945525,https://www.etsy.com/listing/1862945525,raven zz plant,C_ships,Variegated Pink Raven Zz | EXACT PLANT,,,,,,,,,,,,,False,False,False,,,,False,us/,"Variegated Pink Raven Zz | EXACT PLANT | Ships from Austin, Texas ; TheOxygenPlant From shop TheOxygenPlant. Sale Price $10.50 $10.50. $21.00 Original Price ..."
4536240899,https://www.etsy.com/listing/4536240899,raven zz plant,C_ships,Black Variegated ZZ Plant - Multi Color Zamioculcas,PlantVers,,,"Oxford, MI","Jul 13, 2026",,,,,,,,False,False,False,,,,False,us/,"This House Plants item is sold by PlantVers. Ships from Oxford, MI. Listed on Jul 13, 2026."
4491329578,https://www.etsy.com/listing/4491329578,raven zz plant,D_plain,Raven ZZ Plant (zamioculcas Zamiifolia 'raven') – THIS EXACT ...,,,,,,,,,,,,,False,False,False,,,1,False,us/,"Add dramatic elegance to your space with the Raven ZZ Plant, featuring glossy deep purple-black leaves and unmatched durability. A perfect low-maintenance ..."
1457338757,https://www.etsy.com/listing/1457338757,raven zz plant,D_plain,Raven ZZ Plant - 6 Inch Nursery Pot,,,,,,,,,,,,,False,False,False,,,2,False,us/,"Raven ZZ Plant - 6 inch Nursery Pot. $37.99. Email me when they're back See ... Black Raven ZZ, dark zz plant in 4"" pot, Zamioculcas zamiifolia raven ..."
886155288,https://www.etsy.com/listing/886155288,raven zz plant,D_plain,Rooted Raven ZZ,,,,,,,,,,,,,False,False,False,,,5,False,us/,"Rooted Raven zz. The plant you pick from the photo, is the plant you will get. White spots on leaves are just water spots. Will not come with instructions."
4464738666,https://www.etsy.com/listing/4464738666,raven zz plant,D_plain,ZZ Raven Pink Variegated Zamioculcas Zamifolia Rooted ...,,,,,,,,,,,,,False,False,False,,,6,False,us/,Raven ZZ plant | Indoor Live Plant | Zamioculcas Zamiifolia ...
4512891053,https://www.etsy.com/listing/4512891053,raven zz plant,D_plain,Zamioculcas Zamiifolia 'raven' ZZ Plant,,,,,,,,,,,,,False,False,False,,,7,False,us/,"Zamioculcas Zamiifolia 'Raven' ZZ plant ; Large 6"" Raven ZZ plant | Extremely Rare Black Indoor Live Plant | Zamioculcas Zamiifolia Plant | Black Zansibar gem."
4503646115,https://www.etsy.com/listing/4503646115,raven zz plant,D_plain,Variegated Pink Raven ZZ Plant Cutting UNROOTED,,,,,,,,,,,,,False,False,False,,,12,False,us/,Variegated Pink Raven ZZ Plant Cutting UNROOTED - Rare Zamioculcas Zamiifolia Raven Variegata - Exotic Black & Pink Plant - US Seller.
4500713470,https://www.etsy.com/listing/4500713470,raven zz plant,D_plain,Black ZZ Plant in 3 Inch Pot - Raven ZZ Indoor Houseplant,,,,,,,,,,,,,False,False,False,,,13,False,us/,"Black Raven ZZ, dark ZZ plant in 6” pot, Zamioculcas Zamiifolia, live tropical houseplant. $52.00 ..."
988648796,https://www.etsy.com/listing/988648796,raven zz plant,D_plain,Rare Raven Zz 6” Pot,,,,,,,,,,,,,False,False,False,,,16,False,us/,"Raven zz. Babyyleaff From shop Babyyleaff. $25.00. Add to Favorites. Black Raven ZZ Plant | Low Light Plant | 6"" Diameter Plant | Live Houseplant. Black ..."
4438846913,https://www.etsy.com/listing/4438846913,raven zz plant,D_plain,Exact Plant | Variegated Raven ZZ | Collector Houseplant,,,,,,,,,,,,,False,False,False,,,18,False,us/,"Large 6"" Raven ZZ plant | Extremely Rare Black Indoor Live Plant ... Rare Variegated Pink Raven ZZ Plant Cutting UNROOTED - Zamioculcas Zamiifolia ..."
1876606827,https://www.etsy.com/listing/1876606827,raven zz plant,D_plain,Black ZZ Plant (zamioculcas Zamiifolia 'raven'),,,,,,,,,,,,,False,False,False,,,20,False,us/,Raven ZZ plant | Indoor Live Plant | Zamioculcas Zamiifolia Raven Plant ...
4514327011,https://www.etsy.com/listing/4514327011,rhaphidophora tetrasperma,A_owned,Rhaphidophora Tetrasperma Variegated,,Michael Clas,"Fort Lauderdale, Florida",,,,,4.9,87.0,233.0,1.5 years on Etsy,1.5,False,False,False,,,,False,us/,"Owned by Michael Clas |. Fort Lauderdale, Florida. 4.9 (87). 233 sales. 1.5 years on Etsy. Message seller · Following Follow shop."
4535397446,https://www.etsy.com/listing/4535397446,rhaphidophora tetrasperma,A_owned,Rhaphidophora Tetrasperma Variegated,Leafecho,Leafecho,"Palo Alto, California",,,,,4.8,581.0,2000.0,2 years on Etsy,2.0,False,False,False,,,,False,us/,"Meet your seller. Leafecho · Owned by Leafecho |. Palo Alto, California. 4.8 (581). 2k sales. 2 years on Etsy. Message seller · Following Follow shop. This ..."
4537253614,https://www.etsy.com/listing/4537253614,rhaphidophora tetrasperma,A_owned;D_plain,US Seller - Rhaphidophora Tetrasperma White Monster,AllPlantsVariegated,All Plants Variegated,,,,,,,,4100.0,5 years on Etsy,5.0,False,False,False,,,13,False,us/,Meet your seller. AllPlantsVariegated · Owned by All Plants Variegated | ... 4.1k sales. 5 years on Etsy. Message seller · Following Follow shop. This seller ...
4568119017,https://www.etsy.com/listing/4568119017,rhaphidophora tetrasperma,A_owned;B_star;C_ships;D_plain,Rhaphidophora Tetrasperma - Mini Monstera,Inquisitivegreens,Katie,"Michigan, United States","Garden City, MI","Sep 3, 2026",4,,4.9,1600.0,3800.0,10 years on Etsy,10.0,True,False,False,,,5,False,us/,"Owned by Katie |. Michigan, United States. 4.9 (1.6k). 3.8k sales. 10 years on Etsy. Message seller · Following Follow shop. This seller usually responds within ..."
1846280622,https://www.etsy.com/listing/1846280622,rhaphidophora tetrasperma,A_owned,Rhaphidophora Tetrasperma,plantbinch,afairbanks0,"Chicago, Illinois",,,,,4.7,536.0,1500.0,12 years on Etsy,12.0,False,False,False,,,,False,us/,"Meet your seller. plantbinch · Owned by afairbanks0 |. Chicago, Illinois. 4.7 (536). 1.5k sales. 12 years on Etsy. Message seller · Following Follow shop."
4522008295,https://www.etsy.com/listing/4522008295,rhaphidophora tetrasperma,A_owned;B_star;C_ships,Rhaphidophora Tetrasperma Variegated | Rare Plant | Live Plant,AroidzOasis,Michelle,"Springdale, Arkansas","Rogers, AR","Jun 14, 2026",,,4.9,3500.0,7800.0,4 years on Etsy,4.0,True,False,False,,,,False,us/,"Owned by Michelle |. Springdale, Arkansas. 4.9 (3.5k). 7.8k sales. 4 years on Etsy. Message seller · Following Follow shop. This seller usually responds within ..."
1288325220,https://www.etsy.com/listing/1288325220,rhaphidophora tetrasperma,A_owned,"Rhaphidophora Tetrasperma, Mini Monstera Rare Tropical ...",,Adriana Petre,"San Jose, California",,,,,4.3,566.0,3900.0,15 years on Etsy,15.0,False,False,False,,,,False,us/,"May include: A Rhaphidophora tetrasperma plant with deep green, split ... Owned by Adriana Petre |. San Jose, California. 4.3 (566). 3.9k sales. 15 years on Etsy."
4532759246,https://www.etsy.com/listing/4532759246,rhaphidophora tetrasperma,A_owned;B_star;C_ships,Exact Plant | Variegated Rhaphidophora Tetrasperma,GardenandPots,Victoria,"Manassas, Virginia","Manassas, VA","Jul 4, 2026",,,5.0,661.0,1400.0,6 years on Etsy,6.0,True,False,False,,,,False,us/,"Exact Plant | Variegated Rhaphidophora Tetrasperma ... Owned by Victoria |. Manassas, Virginia. 5.0 (661). 1.4k sales. 6 years on Etsy. Message seller · Following ..."
4519037973,https://www.etsy.com/listing/4519037973,rhaphidophora tetrasperma,A_owned;B_star;C_ships;D_plain,Variegated Rhaphidophora Tetrasperma Albo - Collector's Aroid,PlantVers,Daisy,"Lake Orion, Michigan","Oxford, MI","Jun 9, 2026",,,4.7,39400.0,127100.0,6 years on Etsy,6.0,True,False,False,,,19,False,us/,"May include: A variegated Rhaphidophora tetrasperma ... Owned by Daisy |. Lake Orion, Michigan. 4.7 (39.4k). 127.1k sales. 6 years on Etsy. Message seller."
4567385374,https://www.etsy.com/listing/4567385374,rhaphidophora tetrasperma,A_owned;B_star;C_ships;D_plain,US Seller Rooted Halfmoon Variegation Rhaphidophora ...,NomoreplantsCo,Gina,United States,,,,,4.9,6900.0,16400.0,4 years on Etsy,4.0,True,False,False,,,10,False,us/,May include: A variegated Rhaphidophora tetrasperma plant in a small plastic pot. ... Owned by Gina |. United States. 4.9 (6.9k). 16.4k sales. 4 years on Etsy.
4539694248,https://www.etsy.com/listing/4539694248,rhaphidophora tetrasperma,A_owned;C_ships,"Rhaphidophora Tetrasperma Albo, Exact Plant Variegated Ships ...",CanopyGems,wiredreamersdotcom,United States,"Pahoa, HI","Jul 17, 2026",2,,4.9,3600.0,10200.0,16 years on Etsy,16.0,False,False,False,,,,False,us/,Rhaphidophora Tetrasperma Albo ... Owned by wiredreamersdotcom |. United States. 4.9 (3.6k). 10.2k sales. 16 years on Etsy. Message seller · Following Follow shop.
4511327112,https://www.etsy.com/listing/4511327112,rhaphidophora tetrasperma,A_owned;D_plain,Mini Monstera Plant | Rhaphidophora Tetrasperma Vining ...,,PerelCo.,"Belmont, Massachusetts",,,,,4.4,140.0,425.0,5 years on Etsy,5.0,False,False,False,,,2,False,us/,"May include: A small green Rhaphidophora tetrasperma ... Owned by PerelCo. |. Belmont, Massachusetts. 4.4 (140). 425 sales. 5 years on Etsy. Message seller."
1288192825,https://www.etsy.com/listing/1288192825,rhaphidophora tetrasperma,A_owned;C_ships,Rhaphidophora Tetrasperma Variegated- Ginny Monstera,LeafcultureStore,Leaf Culture,United States,"Maple Valley, WA","Jun 19, 2026",28,,4.9,811.0,1600.0,4 years on Etsy,4.0,False,False,False,,,,False,us/,Rhaphidophora tetrasperma variegated ... Owned by Leaf Culture |. United States. 4.9 (811). 1.6k sales. 4 years on Etsy. Message seller · Following Follow shop.
4531468420,https://www.etsy.com/listing/4531468420,rhaphidophora tetrasperma,A_owned,Variegated Rhaphidophora Tetrasperma Albo - Mini Monstera ...,,Daisy,"Lake Orion, Michigan",,,,,4.7,39700.0,128800.00000000001,6 years on Etsy,6.0,False,False,False,,,,False,us/,"Variegated Rhaphidophora Tetrasperma ... Owned by Daisy |. Lake Orion, Michigan. 4.7 (39.7k). 128.8k sales. 6 years on Etsy. Message seller · Following Follow ..."
4418809404,https://www.etsy.com/listing/4418809404,rhaphidophora tetrasperma,A_owned;C_ships,Rhaphidophora Tetrasperma Plant,PlantNecessary,Simone P,United States,"Augusta, GA","Apr 7, 2026",,,5.0,18.0,55.0,4 years on Etsy,4.0,False,False,False,,,,False,us/,Owned by Simone P |. United States. 5.0 (18). 55 sales. 4 years on Etsy. Message seller · Following Follow shop.
4451915780,https://www.etsy.com/listing/4451915780,rhaphidophora tetrasperma,A_owned,Ultra Rare Ginny Philodendron - Rhaphidophora Tetrasperma,HirtsGardens,Matt Hirt,"Medina, Ohio",,,,,4.8,137300.0,531200.0,12 years on Etsy,12.0,False,False,False,,,,False,us/,"Meet your seller. HirtsGardens · Owned by Matt Hirt |. Medina, Ohio. 4.8 (137.3k). 531.2k sales. 12 years on Etsy. Message seller · Following Follow shop."
4528841521,https://www.etsy.com/listing/4528841521,rhaphidophora tetrasperma,A_owned,Variegated Rhaphidophora Tetrasperma Albo - Collector's Aroid,,Daisy,"Lake Orion, Michigan",,,,,4.7,39600.0,127900.0,6 years on Etsy,6.0,False,False,False,,,,False,us/,"Variegated Rhaphidophora Tetrasperma ... Owned by Daisy |. Lake Orion, Michigan. 4.7 (39.6k). 127.9k sales. 6 years on Etsy. Message seller · Following Follow ..."
4477895160,https://www.etsy.com/listing/4477895160,rhaphidophora tetrasperma,A_owned;B_star,1/6 Scale Miniature Rhaphidophora Tetrasperma Plant,HatarahHandmade,Hattie,"Guangzhou, China",,,,,5.0,2.0,13.0,1 year on Etsy,1.0,True,False,False,,,,False,us/,"1/6 Scale Miniature Rhaphidophora Tetrasperma ... Owned by Hattie |. Guangzhou, China. 5.0 (2). 13 sales. 1 year on Etsy. Message seller · Following Follow shop."
4539828201,https://www.etsy.com/listing/4539828201,rhaphidophora tetrasperma,A_owned;C_ships,Rare Mini Monstera Albo - Exact SAME Rare Plant - US Seller,PlantVers,Daisy,"Lake Orion, Michigan","Oxford, MI","Jul 18, 2026",,,4.7,40000.0,130000.0,6 years on Etsy,6.0,False,False,False,,,,False,us/,"Variegated Rhaphidophora Tetrasperma Albo ... Owned by Daisy |. Lake Orion, Michigan. 4.7 (40k). 130k sales. 6 years on Etsy. Message seller · Following Follow ..."
4532010565,https://www.etsy.com/listing/4532010565,rhaphidophora tetrasperma,A_owned;C_ships;D_plain,Variegated Rhaphidophora Tetrasperma Albo - Collector's Aroid,PlantVers,Daisy,"Lake Orion, Michigan","Oxford, MI","Jul 3, 2026",,,4.7,39900.0,129500.0,6 years on Etsy,6.0,False,False,False,,,3,False,us/,"Meet your seller. PlantVers · Owned by Daisy |. Lake Orion, Michigan. 4.7 (39.9k). 129.5k sales. 6 years on Etsy. Message seller · Following Follow shop."
4530006992,https://www.etsy.com/listing/4530006992,rhaphidophora tetrasperma,A_owned;B_star;C_ships,1 Cutting Mini Monstera (rhaphidophora Tetrasperma),Aliendioramas,dinofish27,United States,"Lyons, GA","Jun 29, 2026",,,4.9,47.0,154.0,3 years on Etsy,3.0,True,False,False,,,,False,us/,Owned by dinofish27 |. United States. 4.9 (47). 154 sales. 3 years on Etsy. Message seller · Following Follow shop. This seller usually responds within 24 hours ...
4526719848,https://www.etsy.com/listing/4526719848,rhaphidophora tetrasperma,A_owned;C_ships,Rhaphidophora Tetrasperma Rare Mini Monstera Plant,SundalasNursery,Iven,United States,"Miami, FL","Jun 23, 2026",,,5.0,2.0,20.0,6 months on Etsy,0.5,False,False,False,,,,False,us/,Owned by Iven |. United States. 5.0 (2). 20 sales. 6 months on Etsy. Message seller · Following Follow shop. This seller usually responds within 24 hours. ... on ...
1834358870,https://www.etsy.com/listing/1834358870,rhaphidophora tetrasperma,A_owned,Variegated Rhaphidophora Tetrasperma,BotanicalBrujaLLC,Maryselys,"Connecticut, United States",,,,,4.8,14.0,56.0,1.5 years on Etsy,1.5,False,False,False,,,,False,us/,"Meet your seller. BotanicalBrujaLLC · Owned by Maryselys |. Connecticut, United States. 4.8 (14). 56 sales. 1.5 years on Etsy. Message seller."
1833333573,https://www.etsy.com/listing/1833333573,rhaphidophora tetrasperma,A_owned;B_star,Rhaphidophora Tetrasperma White Monster Variegated 4”,RareFoliagePlantCo,Yibo,"Winter Garden, Florida",,,,,4.9,6500.0,17100.0,3 years on Etsy,3.0,True,False,False,,,,False,us/,"Owned by Yibo |. Winter Garden, Florida. 4.9 (6.5k). 17.1k sales. 3 years on Etsy. Message seller · Following Follow shop. This seller usually responds within a ..."
738962157,https://www.etsy.com/listing/738962157,rhaphidophora tetrasperma,A_owned,Vintage Western Poster - Outlaws of the West Saloon ...,,New Americana,"Wilmington, North Carolina",,,,,5.0,481.0,3400.0,12 years on Etsy,12.0,False,False,False,,,,True,us/,"... Owned by New Americana |. Wilmington, North Carolina. 5.0 (481). 3.4k sales. 12 years on Etsy ... Rhaphidophora tetrasperma variegated. Bedding. Soccer Blanket ..."
4514753602,https://www.etsy.com/listing/4514753602,rhaphidophora tetrasperma,A_owned,Mini Monstera Plant | Rhaphidophora Tetrasperma,,Heartfelt Hideaway,,,,,,,,,,,False,False,False,,,,False,us/,"May include: A Rhaphidophora tetrasperma plant with vibrant green, split leaves featuring distinct fenestrations ... Owned by Heartfelt Hideaway |. New York ..."
4353618392,https://www.etsy.com/listing/4353618392,rhaphidophora tetrasperma,A_owned,"Rhaphidophora Tetrasperma, FAST GROWING, Vining ...",,Young,"Ponchatoula, Louisiana",,,,,4.7,112.0,345.0,3 years on Etsy,3.0,False,False,False,,,,False,us/,"Owned by Young |. Ponchatoula, Louisiana. 4.7 (112). 345 sales. 3 years on Etsy. Message seller · Following Follow shop. This seller usually responds within a ..."
4498848848,https://www.etsy.com/listing/4498848848,rhaphidophora tetrasperma,A_owned,Tr87variegated Tetrasperma RARE (rhaphidophora ...,GrammysPlantShack,Kristy,United States,,,,,5.0,35.0,81.0,1 year on Etsy,1.0,False,False,False,,,,False,us/,Meet your seller. GrammysPlantShack · Owned by Kristy |. United States. 5.0 (35). 81 sales. 1 year on Etsy. Message seller.
4529355542,https://www.etsy.com/listing/4529355542,rhaphidophora tetrasperma,B_star;C_ships,Rhaphidophora Tetrasperma (mini Monstera),PawsitivePlantPowers,,,"Indianapolis, IN",,,,,,,,,True,False,False,,,,False,us/,PawsitivePlantPowers is a star seller. Be the first to review this item. This ... You may also like. See more · Rhaphidophora Tetrasperma. $36.95 · Monstera Mini ...
4528849770,https://www.etsy.com/listing/4528849770,rhaphidophora tetrasperma,B_star;C_ships,Variegated Rhaphidophora Tetrasperma Albo - Collector's Aroid,PlantVers,,,"Oxford, MI","Jun 28, 2026",,,,,,,,True,False,False,,,,False,us/,Variegated Rhaphidophora Tetrasperma Albo - Collector's Aroid - Exact SAME Rare Plant - US Seller. PlantVers. Star Seller. Star Sellers have an outstanding ...
4516438011,https://www.etsy.com/listing/4516438011,rhaphidophora tetrasperma,B_star,Rhaphidophora Tetrasperma - Mini Monstera,marleyvictorious,,,,,,,,,,,,True,False,False,,,,False,us/,Rhaphidophora tetrasperma - Mini Monstera. marleyvictorious. Star Seller. Star Sellers have an outstanding track record for providing a great customer ...
1900178957,https://www.etsy.com/listing/1900178957,rhaphidophora tetrasperma,B_star,Rhaphidophora Korthalsii Thai Constellation 4” - US SELLER,RareFoliagePlantCo,,,,,,,,,,,,True,False,False,,,,False,us/,Rhaphidophora Korthalsii Thai Constellation 4” - US SELLER. RareFoliagePlantCo. Star Seller ... RareFoliagePlantCo is a star seller Specializes in Plants ...
4524587397,https://www.etsy.com/listing/4524587397,rhaphidophora tetrasperma,B_star,Rhaphidophora Tetrasperma in a 3 Inch Pot - Exact Plant,HausOfRootsLLC,,,,,,10.0,,,,,,True,False,False,,,,False,us/,Rare find. Price:$10.00. Loading. Rhaphidophora Tetrasperma in a 3 inch pot - Exact Plant. HausOfRootsLLC. Star Seller. Star Sellers have an outstanding track ...
4474507877,https://www.etsy.com/listing/4474507877,rhaphidophora tetrasperma,B_star,"Rhaphidophora Tetrasperma Acrylic Suncatcher, Split Leaf Vine ...",CraftiPet,,,,,,,,,,,,True,False,False,,,,True,us/,Rhaphidophora Tetrasperma Acrylic Suncatcher ... Rhaphidophora Tetrasperma Acrylic Suncatcher ... CraftiPet is a star seller. Be the first to review ...
1597951657,https://www.etsy.com/listing/1597951657,rhaphidophora tetrasperma,B_star,US Seller -very Rare Variegated Rhaphidophora ...,LeafyFiona,,,,,,,,,,,,True,False,False,,,,False,us/,US Seller -Very rare Variegated Rhaphidophora Tetrasperma variegata great Variegation rooted- Pick your own. LeafyFiona. Star Seller. Star Sellers have an ...
1896449111,https://www.etsy.com/listing/1896449111,rhaphidophora tetrasperma,B_star,Rhaphidophora Tetrasperma Albo Variegated 4”,RareFoliagePlantCo,,,,,,,,,,,,True,False,False,,,,False,us/,Rhaphidophora Tetrasperma Albo Variegated 4” - US SELLER. RareFoliagePlantCo. Star Seller. Star Sellers have an outstanding track record for providing a great ...
4564816393,https://www.etsy.com/listing/4564816393,rhaphidophora tetrasperma,B_star,Large Rhaphidophora Silver Star Variegated With Lush Leaves ...,berkahelplant,,,,,,,,,,,,True,False,False,,,,False,us/,Large Rhaphidophora Silver Star Variegated with Lush Leaves And Beauty Plant Real Picture. berkahelplant. Star Seller ... berkahelplant is a star seller. Be the ...
4472130957,https://www.etsy.com/listing/4472130957,rhaphidophora tetrasperma,C_ships,Rhaphidophora Tetrasperma 'migma' (FREE Thermal Insulation),RootsByRizza,,,"Leander, TX","Mar 14, 2026",5,,,,,,,False,False,False,,,,False,us/,"This House Plants item by RootsByRizza has 5 favorites from Etsy shoppers. Ships from Leander, TX. Listed on Mar 14, 2026. ... Rhaphidophora Tetrasperma Plant."
4531099377,https://www.etsy.com/listing/4531099377,rhaphidophora tetrasperma,C_ships,"Hoya Rhaphidophora Tetrasperma Variegated, Mini Monstera ...",GreenCornerPlants,,,"Suwanee, GA","Jul 1, 2026",2,,,,,,,False,False,False,,,,False,us/,"This House Plants item by GreenCornerPlants has 2 favorites from Etsy shoppers. Ships from Suwanee, GA. Listed on Jul 1, 2026. ... Rhaphidophora tetrasperma plant ..."
4526354083,https://www.etsy.com/listing/4526354083,rhaphidophora tetrasperma,C_ships,"Mini Monstera 4"" Live Houseplant | Rhaphidophora Tetrasperma",RvsdGreenhouses,,,"Mira Loma, CA","Jun 22, 2026",,,,,,,,False,False,False,,,,False,us/,"This House Plants item is sold by RvsdGreenhouses. Ships from Mira Loma, CA. Listed on Jun 22, 2026. ... May include: A small green Rhaphidophora tetrasperma ..."
4545535374,https://www.etsy.com/listing/4545535374,rhaphidophora tetrasperma,C_ships,Funny Rhaphidophora Tetrasperma Shirt - Retro House Plants Gift,,,,"Austin, TX","Jul 28, 2026",,,,,,,,False,False,False,,,,True,us/,"Ships from Austin, TX. Listed on Jul 28, 2026. ... Funny Rhaphidophora Tetrasperma Shirt - Retro House Plants Gift - Sarcastic Rhaphidophora Tetrasperma Clothing."
4531143106,https://www.etsy.com/listing/4531143106,rhaphidophora tetrasperma,D_plain,Rhaphidophora Tetrasperma - Mini Monstera,,,,,,,,,,,,,False,False,False,,,1,False,us/,Mini Monstera - Rhaphidophora tetrasperma. A native to Thailand A vining aroid that will climb. Beautiful thick green leaves. This is a very forgiving plant ...
4533150680,https://www.etsy.com/listing/4533150680,rhaphidophora tetrasperma,D_plain,"4"" Rhaphidophora Tetrasperma 'mini Monstera' | Live Climbing ...",IshysPlants,,,,,,,4.5,332.0,,,,False,False,False,,,4,False,us/,"4"" Rhaphidophora Tetrasperma 'Mini Monstera' | Live Climbing Aroid. IshysPlants · 4.5 out of 5 stars (332). $30.00. Add to cart. Loading ..."
4357380374,https://www.etsy.com/listing/4357380374,rhaphidophora tetrasperma,D_plain,Rhaphidophora Tetrasperma Variegated,,,,,,,,,,,,,False,False,False,,,7,False,us/,... (606) 606 reviews. Rhaphidophora Tetrasperma Variegated. Sold. See item details · See item details. Similar items on Etsy. Results include ads. About ads.
4405387134,https://www.etsy.com/listing/4405387134,rhaphidophora tetrasperma,D_plain,Rare Variegated Mini Monstera – Starter Plant / Cutting,,,,,,,,,,,,,False,False,False,,,8,False,us/,"READ ENTIRE DESCRIPTION: The Rhaphidophora tetrasperma 'Migma' is a uniquely variegated form of the popular mini monstera, loved for its unpredictable ..."
4532008307,https://www.etsy.com/listing/4532008307,rhaphidophora tetrasperma,D_plain,Variegated Rhaphidophora Tetrasperma Albo - Collector's Aroid,,,,,,,,,,,,,False,False,False,,,9,False,us/,"Variegated Rhaphidophora tetrasperma, also known as Mini Monstera or Ginny Philodendron, is a popular and trendy houseplant known for its unique variegated ..."
978177877,https://www.etsy.com/listing/978177877,rhaphidophora tetrasperma,D_plain,Mini Monstera (rhaphidophora Tetrasperma) 4in 6in 8in,,,,,,,,,,,,,False,False,False,,,11,False,us/,"More commonly known as Mini Monstera or Philodendron Ginny, Rhaphidophora tetrasperma is a species of plant native to Malaysia and Southern Thailand."
4347905883,https://www.etsy.com/listing/4347905883,rhaphidophora tetrasperma,D_plain,Super Rare Rhaphidophora Tetrasperma Migma Variegated ...,,,,,,,,,,,,,False,False,False,,,12,False,us/,"Discover the stunning beauty of the Rhaphidophora Tetrasperma Migma Variegated, a rare cultivar known for its uniquely marbled leaves featuring splashes of ..."
4323298819,https://www.etsy.com/listing/4323298819,rhaphidophora tetrasperma,D_plain,Variegated Rhaphidophora Tetrasperma (can Acclimate to ...,,,,,,,,,,,,,False,False,False,,,14,False,us/,Variegated Rhaphidophora tetrasperma (Can acclimate to house conditions) Non-Exact.
1780795229,https://www.etsy.com/listing/1780795229,rhaphidophora tetrasperma,D_plain,US Seller Rhaphidophora Tetrasperma Aurea Variegated,,,,,,,,,,,,,False,False,False,,,15,False,us/,Rhaphidophora Tetrasperma Aurea Rare Variegated Plant – Yellow Variegation Mini Monstera – Live Aroid Houseplant – Collector Plant.
4305792439,https://www.etsy.com/listing/4305792439,rhaphidophora tetrasperma,D_plain,Mini Monstera Rhaphidophora tetrasperma MINT Monster,,,,,,,,,,,,,False,False,False,,,16,False,us/,Mini Monstera Rhaphidophora tetrasperma MINT Monster - Highly Variegated RARE Collector's plant. $325.00. Request a custom product.
755922836,https://www.etsy.com/listing/755922836,rhaphidophora tetrasperma,D_plain,"Rhaphidophora Tetrasperma • Monstera ""ginny""",,,,,,,,,,,,,False,False,False,,,17,False,us/,"This gorgeous pin was inspired by the Rhaphidophora tetrasperma. Native to Southern Thailand and Malaysia, this incredibly darling plant has many names."
4332673856,https://www.etsy.com/listing/4332673856,rhaphidophora tetrasperma,D_plain,Variegated Rhaphidophora Tetrasperma,,,,,,,,,,,,,False,False,False,,,20,False,us/,"Rhaphidophora tetrasperma plants are an easy to grow aroid which make for an ideal houseplants. Rhaphidophora prefer a chunky potting mix and bright, ..."
4526887452,https://www.etsy.com/listing/4526887452,sansevieria moonshine,A_owned;B_star,Sansevieria 'moonshine' 4-inch Pot,LasOrquideasRamos,Orquideas Ramos,"Miami, Florida",,,,,4.8,1100.0,2900.0,1 year on Etsy,1.0,True,False,False,,,,False,us/,"Sansevieria 'Moonshine' 4-inch Pot ... Owned by Orquideas Ramos |. Miami, Florida. 4.8 (1.1k). 2.9k sales. 1 year on Etsy. Message seller · Following Follow shop."
4462273525,https://www.etsy.com/listing/4462273525,sansevieria moonshine,A_owned,Sansevieria Moonshine Splash Snake Plant,BORNEOgarden,Mirza syafi i sulaiman,Indonesia,,,,,4.8,27.0,62.0,1 year on Etsy,1.0,False,False,False,,,,False,us/,Meet your seller. BORNEOgarden · Owned by Mirza syafi i sulaiman |. Indonesia. 4.8 (27). 62 sales. 1 year on Etsy. Message seller · Following Follow shop.
914761512,https://www.etsy.com/listing/914761512,sansevieria moonshine,A_owned,Sansevieria Trifasciata 'moonshine' Snake Plant Mother-in-law ...,,,,,,,,,,1400.0,10 years on Etsy,10.0,False,False,False,,,,False,us/,Meet your seller. SMBCharmingCreations · Owned by ... 1.4k sales. 10 years on Etsy. Message seller · Following Follow shop.
4492473809,https://www.etsy.com/listing/4492473809,sansevieria moonshine,A_owned,Sansevieria Moonshine Brazillian Variegated Beauty Healthy Plant,,Riyan Diki,Indonesia,,,,,3.9,25.0,109.0,9 months on Etsy,0.75,False,False,False,,,,False,us/,Owned by Riyan Diki |. Indonesia. 3.9 (25). 109 sales. 9 months on Etsy. Message seller · Following Follow shop ... Sansevieria Moonshine - 4in. $20.00 ...
4460673471,https://www.etsy.com/listing/4460673471,sansevieria moonshine,A_owned;C_ships;D_plain,Sansevieria Moonshine Brazilian Beauty Unique Leaves,BORNEOgarden,Mirza syafi i sulaiman,Indonesia,Indonesia,"Jun 3, 2026",21,,4.8,27.0,63.0,1 year on Etsy,1.0,False,False,False,,,8,False,us/,Sansevieria Moonshine Brazilian Beauty ... Owned by Mirza syafi i sulaiman |. Indonesia. 4.8 (27). 63 sales. 1 year on Etsy. Message seller · Following Follow ...
4528447368,https://www.etsy.com/listing/4528447368,sansevieria moonshine,A_owned,Sansevieria Moonshine Plant Live,,Plants Zen,"San Diego, California",,,,22.99,4.8,90.0,423.0,1 month on Etsy,0.08,False,False,False,,,,False,us/,"Price:$22.99+. Loading. Sansevieria Moonshine ... Owned by Plants Zen |. San Diego, California. 4.8 (90). 423 sales. 1 month on Etsy. Message seller · Following ..."
4324578379,https://www.etsy.com/listing/4324578379,sansevieria moonshine,A_owned,LIVE PLANT Snake Plant Moonshine Sansevieria Rooted ...,ReadyLimited,Ready Limited,"Houston, Texas",,,,,4.8,273.0,1000.0,7 years on Etsy,7.0,False,False,False,,,,False,us/,"Meet your seller. ReadyLimited · Owned by Ready Limited |. Houston, Texas. 4.8 (273). 1k sales. 7 years on Etsy. Message seller · Following Follow shop."
1526985395,https://www.etsy.com/listing/1526985395,sansevieria moonshine,A_owned;C_ships,Sansevieria Moonshine Snake Plant,PlantObsessedSD,Jocelynn Nguyen,"San Diego, California","San Diego, CA","Sep 15, 2026",468,,4.9,4000.0,10100.0,3 years on Etsy,3.0,False,False,False,,,,False,us/,"Owned by Jocelynn Nguyen |. San Diego, California. 4.9 (4k). 10.1k sales. 3 years on Etsy ... Sansevieria Moonshine Snake Plant."
4537526523,https://www.etsy.com/listing/4537526523,sansevieria moonshine,A_owned,Sansevieria Trifasciata Brazillian Moonshine Rare Tropical ...,,Kang Sooll,Indonesia,,,,,5.0,2.0,5.0,3 months on Etsy,0.25,False,False,False,,,,False,us/,Owned by Kang Sooll |. Indonesia. 5.0 (2). 5 sales. 3 months on Etsy ... Sansevieria Moonshine - 4&#39;&#39; from California Tropicals. Sansevieria Moonshine ...
4298290849,https://www.etsy.com/listing/4298290849,sansevieria moonshine,A_owned;D_plain,"Sansevieria "" Moonshine "" Rare (4in) - Indoor / Outdoor ...",LongHairPlantCare,Joe,"Tampa, Florida",,,,,4.6,547.0,1400.0,5 years on Etsy,5.0,False,False,False,,,3,False,us/,"Meet your seller. LongHairPlantCare · Owned by Joe |. Tampa, Florida. 4.6 (547). 1.4k sales. 5 years on Etsy. Message seller · Following Follow shop."
4527922516,https://www.etsy.com/listing/4527922516,sansevieria moonshine,A_owned,Sansevieria Moonshine Mutation Unique Snake Plant,,Amak Faqot,"Bali, Indonesia",,,,38.0,5.0,1.0,14.0,4 months on Etsy,0.33,False,False,False,,,,False,us/,"Price:$38.00. Loading. Sansevieria Moonshine ... Owned by Amak Faqot |. Bali, Indonesia. 5.0 (1). 14 sales. 4 months on Etsy."
4529892710,https://www.etsy.com/listing/4529892710,sansevieria moonshine,A_owned,Sansevieria Trifasciata Moonshine Brazilian,AdiwijayaPlant,aditama widjaja,Indonesia,,,,,4.6,5.0,34.0,7 months on Etsy,0.58,False,False,False,,,,False,us/,You've found a shop that is new to Etsy! AdiwijayaPlant · Owned by aditama widjaja |. Indonesia. 4.6 (5). 34 sales. 7 months on Etsy. Message seller · Following ...
4511728254,https://www.etsy.com/listing/4511728254,sansevieria moonshine,A_owned,Sansevieria Moonshine Splash - Rare Unique Snake Plant,,jinbe fahira,Indonesia,,,,,5.0,1.0,12.0,2.5 years on Etsy,2.5,False,False,False,,,,False,us/,Owned by jinbe fahira |. Indonesia. 5.0 (1). 12 sales. 2.5 years on Etsy. Message seller · Following Follow shop.
4539377310,https://www.etsy.com/listing/4539377310,sansevieria moonshine,A_owned;C_ships,Real Picture Sansevieria Moonshine Splash Variegated Large ...,MugoLancarPlant,Sofiyatul fitriyah,Indonesia,Indonesia,"Jul 17, 2026",,,4.0,4.0,34.0,8 months on Etsy,0.67,False,False,False,,,,False,us/,Real Picture Sansevieria Moonshine Splash ... Owned by Sofiyatul fitriyah |. Indonesia. 4.0 (4). 34 sales. 8 months on Etsy. Message seller · Following Follow ...
1885970332,https://www.etsy.com/listing/1885970332,sansevieria moonshine,A_owned,"LIVE 6"" Wooden Glass Pot Sansevieria Moonshine, Snake Plant ...",,Val Russo,"Lantana, Florida",,,,,4.8,36500.0,109300.0,,,False,False,False,,,,False,us/,"LIVE 6"" wooden glass pot Sansevieria Moonshine ... Owned by Val Russo |. Lantana, Florida. 4.8 (36.5k). 109.3k sales ... Find it on Etsy. Car Parts & Accessories."
4546177887,https://www.etsy.com/listing/4546177887,sansevieria moonshine,A_owned;C_ships,Sansevieria Moonshine Splash Rere Uniqe Snake Plant#,UmaamShop,padu gayam,Indonesia,Indonesia,"Jul 29, 2026",,,,0,0.0,3 months on Etsy,0.25,False,False,False,,,,False,us/,Sansevieria moonshine Splash Rere Uniqe Snake Plant# ... Owned by padu gayam |. Indonesia. No reviews yet. 0 sales. 3 months on Etsy.
4511022322,https://www.etsy.com/listing/4511022322,sansevieria moonshine,A_owned,Sansevieria Moonshine Variegated,,Caramel Marble,Indonesia,,,,,5.0,1.0,7.0,3 months on Etsy,0.25,False,False,False,,,,False,us/,Sansevieria moonshine variegated. CaramelGarden. 5 ... Owned by Caramel Marble |. Indonesia. 5.0 (1). 7 sales. 3 months on Etsy. Message seller · Following Follow ...
4444680019,https://www.etsy.com/listing/4444680019,sansevieria moonshine,A_owned;C_ships,Sansevieria Moonshine Splash – Rare Snake Succulent,SundalasNursery,Iven,Indonesia,Indonesia,"May 22, 2026",,,3.8,6.0,28.0,8 months on Etsy,0.67,False,False,False,,,,False,us/,Owned by Iven |. Indonesia. 3.8 (6). 28 sales. 8 months on Etsy. Message seller · Following Follow shop. This seller usually responds within 24 hours. Smooth ...
4522835775,https://www.etsy.com/listing/4522835775,sansevieria moonshine,A_owned,Sansevieria Moonshine Brazilian Rare Unique Tropical Plant,,David Morison,Indonesia,,,,,,0,0.0,3 months on Etsy,0.25,False,False,False,,,,False,us/,Sansevieria Moonshine Brazilian Rare ... Owned by David Morison |. Indonesia. No reviews yet. 0 sales. 3 months on Etsy. Message seller · Following Follow shop.
4564331916,https://www.etsy.com/listing/4564331916,sansevieria moonshine,B_star;C_ships;D_plain,Sansevieria Moonshine,plantproperco,,,"Homestead, FL","Aug 28, 2026",2,,,,,,,True,False,False,,,1,False,us/,Sansevieria Moonshine. plantproperco. Star Seller. Star Sellers have an outstanding track record for providing a great customer experience—they consistently ...
4449432067,https://www.etsy.com/listing/4449432067,sansevieria moonshine,B_star,"Silver Snake Plant, Easy Care (4"" Pot) Any Size Same Price!",BettysAmazingJungle,,,,,,,,,,,,True,False,False,,,,False,us/,"Moonshine Sansevieria Plant | Silver Snake Plant, Easy Care (4"" Pot) Any size same price! BettysAmazingJungle. Star Seller. Star Sellers have an outstanding ..."
4527917107,https://www.etsy.com/listing/4527917107,sansevieria moonshine,B_star,Sansevieria Moonshine Silver Angel Unique Snake Plant,MooniqueID,,,,,,38.0,,,,,,True,False,False,,,,False,us/,Price:$38.00. Loading. Sansevieria Moonshine Silver Angel Unique Snake Plant. MooniqueID. Star Seller. Star Sellers have an outstanding track record for ...
4490554504,https://www.etsy.com/listing/4490554504,sansevieria moonshine,B_star,Sansevieria Moonshine Brazilian Crested Variegated Rare ...,SalamLestari,,,,,,,,,,,,True,False,False,,,,False,us/,Sansevieria moonshine brazilian crested variegated Rare snake plant - Tropical House Plant variegated. SalamLestari. Star Seller ... SalamLestari is a star seller ...
4448809887,https://www.etsy.com/listing/4448809887,sansevieria moonshine,B_star,Rare Silvery Foliage – Easy Care Air Purifying Plant – Live ...,Auragiftshop,,,,,,,,,,,,True,False,False,,,,False,us/,Moonshine Snake Plant XL 20”+ Sansevieria Moonshine – Rare Silvery ... Auragiftshop is a star seller. Reviews for this item. 5.0. Item ...
1365222658,https://www.etsy.com/listing/1365222658,sansevieria moonshine,B_star;C_ships,"Sansevieria Moonshine Small to Medium, Silver Leaf ...",Xiao1977,,,"Virginia Beach, VA","Sep 19, 2026",383,,,,,,,True,False,False,,,,False,us/,"Sansevieria Moonshine small to medium, silver leaf snake plants rare. Xiao1977. Star Seller. Star Sellers have an outstanding track record for providing a ..."
4347638330,https://www.etsy.com/listing/4347638330,sansevieria moonshine,B_star;D_plain,Sansevieria 'moonshine' Snake Plant - 6 Inch Pot,BronxPlantLady,,,,,,,,,,,,True,False,False,,,10,False,us/,Sansevieria 'Moonshine' Snake Plant - 6 inch Pot - optional decorative plant. BronxPlantLady. Star Seller. Star Sellers have an outstanding track record for ...
4579444253,https://www.etsy.com/listing/4579444253,sansevieria moonshine,B_star,Sansevieria Moonshine Splash Mutation Variegated Beauty ...,berkahelplant,,,,,,,,,,,,True,False,False,,,,False,us/,Sansevieria Moonshine Splash Mutation Variegated Beauty Plant (Live). berkahelplant. Star Seller. Star Sellers have an outstanding track record for providing a ...
1691000905,https://www.etsy.com/listing/1691000905,sansevieria moonshine,B_star,Sansevieria Moonshine Splash Rare Uniqe Snake Plant,NsntrTropicalPlant,,,,,,,,,,,,True,False,False,,,,False,us/,Sansevieria Moonshine Splash Rare Uniqe Snake Plant. NsntrTropicalPlant. Star Seller. Star Sellers have an outstanding track record for providing a great ...
1365210220,https://www.etsy.com/listing/1365210220,sansevieria moonshine,B_star,"Sansevieria Moonshine Large to Extra Large, Silver Leaf ...",Xiao1977,,,,,,,,,,,,True,False,False,,,,False,us/,"Sansevieria Moonshine large to extra large, silver leaf snake plants rare. Xiao1977. Star Seller. Star Sellers have an outstanding track record for ..."
4527059515,https://www.etsy.com/listing/4527059515,sansevieria moonshine,B_star,"Variegated Sansevieria Whale Fin, Easy Care House Plant",BerichandgrowShop,,,,,,,,,,,,True,False,False,,,,False,us/,"Variegated Sansevieria Whale Fin, Easy Care House Plant. BerichandgrowShop. Star Seller ... BerichandgrowShop is a star seller. Be the first ... More from this shop."
4525416053,https://www.etsy.com/listing/4525416053,sansevieria moonshine,B_star,Sansevieria Hybrid Marga Unique Snake Plant,MooniqueID,,,,,,,,,,,,True,False,False,,,,False,us/,MooniqueID is a star seller. Be the first to ...
4554869367,https://www.etsy.com/listing/4554869367,sansevieria moonshine,B_star,"Large Snake Plant, Easy Care Low Light Houseplant (6"" Pot)",LasOrquideasRamos,,,,,,,,,,,,True,False,False,,,,False,us/,LasOrquideasRamos is a star seller. Be the first ... Meet your seller. LasOrquideasRamos. Star Seller ... Sansevieria Moonshine Silver Snake Plant | Easy ...
4351177954,https://www.etsy.com/listing/4351177954,sansevieria moonshine,B_star,Sansevieria Dragon Compacta Variegated Uniqe Form ...,NsntrTropicalPlant,,,,,,,,,,,,True,False,False,,,,False,us/,NsntrTropicalPlant is a star seller Specializes in Planters & Pots. Be the ... Sansevieria Moonshine ...
4538108148,https://www.etsy.com/listing/4538108148,sansevieria moonshine,B_star,Variegated Sansevieria Blue Clone White Variegation,Seller,,,,,,,,,,,,True,False,False,,,,False,us/,"Star Seller. Star Sellers have an ... BerichandgrowShop is a star seller. Be the first ... 4"" Sansevieria Moonshine | Easy Care House Plant ..."
1720629239,https://www.etsy.com/listing/1720629239,sansevieria moonshine,B_star,Sansevieria Moonshine - Silver Snake Plant - Air Purifying,BrumleyandBloom,,,,,,,,,,,,True,False,False,,,,False,us/,Sansevieria Moonshine - Silver Snake Plant - Air Purifying - Live Plant in 4” Pot. BrumleyandBloom. Star Seller. Star Sellers have an outstanding track record ...
4526378226,https://www.etsy.com/listing/4526378226,sansevieria moonshine,C_ships,"Sansevieria Moonshine 6"" Live Houseplant | Silver Snake Plant",RvsdGreenhouses,,,"Mira Loma, CA","Jun 23, 2026",,,,,,,,False,False,False,,,,False,us/,"This House Plants item is sold by RvsdGreenhouses. Ships from Mira Loma, CA. Listed on Jun 23, 2026. ... Sansevieria Moonshine 6"" Live Houseplant | Silver ..."
4295669375,https://www.etsy.com/listing/4295669375,sansevieria moonshine,C_ships,"SALE! Sansevieria Moonshine in 4"" Pot (ships Bareroot)",LivingPlantDesigns,,,"Hallandale, FL","Sep 14, 2026",240,,,,,,,False,False,False,,,,False,us/,"This House Plants item by LivingPlantDesigns has 240 favorites from Etsy shoppers. Ships from Hallandale, FL. Listed on Sep 14, 2026. ... Sansevieria Moonshine in ..."
1071297347,https://www.etsy.com/listing/1071297347,sansevieria moonshine,C_ships,"Sansevieria Moonshine-6"" From Tropical Ambiance",TropicalAmbiance,,,"Mira Loma, CA","Jul 25, 2026",77,,,,,,,False,False,False,,,,False,us/,"This House Plants item by TropicalAmbiance has 77 favorites from Etsy shoppers. Ships from Mira Loma, CA. Listed on Jul 25, 2026. ... Sansevieria Moonshine-6"" ..."
1758582173,https://www.etsy.com/listing/1758582173,sansevieria moonshine,C_ships,"Sansevieria Trifasciata, ""moonshine"" 6""",Plantsocity,,,"San Marcos, CA","Jun 1, 2026",13,,,,,,,False,False,False,,,,False,us/,"This House Plants item by Plantsocity has 13 favorites from Etsy shoppers. Ships from San Marcos, CA. Listed on Jun 1, 2026. ... Sansevieria Moonshine - 4&#39;&# ..."
4400692499,https://www.etsy.com/listing/4400692499,sansevieria moonshine,C_ships,Sansevieria Moonshine | Snake Plant| 4-inch,GenevaSpringsFarm,,,"Canton, MS","Jul 9, 2026",12,,,,,,,False,False,False,,,,False,us/,"This House Plants item by GenevaSpringsFarm has 12 favorites from Etsy shoppers. Ships from Canton, MS. Listed on Jul 9, 2026."
1514061433,https://www.etsy.com/listing/1514061433,sansevieria moonshine,C_ships;D_plain,"Easy-care Snake Plant, Air Purifier (4'' or 6'' Container)",LJPlantNursery,,,United States,"Aug 15, 2026",85,,,,,,,False,False,False,,,7,False,us/,"This House Plants item by LJPlantNursery has 85 favorites from Etsy shoppers. Ships from United States. Listed on Aug 15, 2026. ... Sansevieria Moonshine in ..."
4368762639,https://www.etsy.com/listing/4368762639,sansevieria moonshine,C_ships,Sansevieria Moonshine Brazillian Variegated Rare Exotic Snake ...,cocoprabu,,,Indonesia,"May 17, 2026",7,,,,,,,False,False,False,,,,False,us/,"This Digital Prints item by cocoprabu has 7 favorites from Etsy shoppers. Ships from Indonesia. Listed on May 17, 2026. ... Sansevieria Moonshine Brazillian ..."
4575064795,https://www.etsy.com/listing/4575064795,sansevieria moonshine,C_ships;D_plain,"Sansevieria Moonshine Snake Plant 4"" Pot, Rare Silver Green ...",OurTinyPlantStore,,,"Webster, TX","Sep 14, 2026",,,,,,,,False,False,False,,,6,False,us/,"This House Plants item is sold by OurTinyPlantStore. Ships from Webster, TX. Listed on Sep 14, 2026. ... Sansevieria Moonshine live snake plant in 4 inch ..."
4326554045,https://www.etsy.com/listing/4326554045,sansevieria moonshine,C_ships;D_plain,Moonshine Snake Plant (dracaena Trifasciata ...,NilsaTropicalGarden,,,"Lakeland, FL","Sep 5, 2026",69,,,,,,,False,False,False,,,2,False,us/,"This House Plants item by NilsaTropicalGarden has 69 favorites from Etsy shoppers. Ships from Lakeland, FL. Listed on Sep 5, 2026. ... Sansevieria Moonshine (5+"" ..."
1021064221,https://www.etsy.com/listing/1021064221,sansevieria moonshine,C_ships,Sansevieria Moonshine,ChloroCreations,,,"Rochester, MN","Jul 5, 2026",6,,,,,,,False,False,False,,,,False,us/,"This Wall Decor item by ChloroCreations has 6 favorites from Etsy shoppers. Ships from Rochester, MN. Listed on Jul 5, 2026. ... Sansevieria Moonshine."
4523483917,https://www.etsy.com/listing/4523483917,sansevieria moonshine,C_ships;D_plain,Sansevieria Moonshine Splash Live Plant Rare Variegated ...,,,,"Miami, FL",,,,,,,,,False,False,False,,,4,False,us/,"Sansevieria Moonshine Splash Live Plant Rare Variegated Snake Plant Silver Green Indoor Houseplant image 1 ... Sansevieria Moonshine ... Ships from Miami, FL. Etsy ..."
4509900424,https://www.etsy.com/listing/4509900424,sansevieria moonshine,D_plain,Moonshine Sansevieria | Silver SNAKE PLANT,,,,,,,,,,,,,False,False,False,,,5,False,us/,"Sansevieria Moonshine Snake Plant 6 - opens in new tab · Mother in Laws Tongue Large - opens in new tab. Listed on Jul 4, 2026. 13 favorites · Report this item ..."
4493183819,https://www.etsy.com/listing/4493183819,sansevieria moonshine,D_plain,Sansevieria Trifasciata 'moonshine' Snake Plant Mother in ...,,,,,,,,,,,,,False,False,False,,,9,False,us/,"Sansevieria trifasciata 'Moonshine' (Moonshine Snake Plant) is a hardy, slow-growing succulent with striking, wide silver-green leaves that thrive in indirect ..."
1548284780,https://www.etsy.com/listing/1548284780,sansevieria moonshine,D_plain,Sansevieria Moonshine | Snake Plant,,,,,,,,,,,,,False,False,False,,,11,False,us/,Sansevieria Moonshine | Snake Plant | Compact Succulent Rare Sansevieria Live Plant for Home Decor Succulent Garden Landscaping Plant Design.
1705127555,https://www.etsy.com/listing/1705127555,sansevieria moonshine,D_plain,Sansevieria Trifasciata Brazillian Moonshine Rare Uniqe ...,,,,,,,,,,,,,False,False,False,,,12,False,us/,Sansevieria Moonshine Splash Rare Uniqe Snake Plant. Sale Price $49.50 $49.50. $55.00 Original Price ...
1667388816,https://www.etsy.com/listing/1667388816,sansevieria moonshine,D_plain,"Snake Plant ""moonshine"" (sansevieria Moonshine) 4-inch",,,,,,,,,,,,,False,False,False,,,13,False,us/,"Sansevieria Moonshine also known as Moonshine Snake, is a shorter variety of Sansevieria or Snake Plants. It is extremely adaptable, low maintenance, ..."
1014441913,https://www.etsy.com/listing/1014441913,sansevieria moonshine,D_plain,Sansevieria Trifasciata Moonshine Snake Plant,,,,,,,,,,,,,False,False,False,,,14,False,us/,"$11.00. Add to Favorites. Sansevieria, Moonshine in 4"" Pot , Snake plant, Live house plant. Sansevieria, Moonshine in 4"" Pot , Snake plant, Live house ..."
1194447888,https://www.etsy.com/listing/1194447888,sansevieria moonshine,D_plain,Sanseveria-snake Plant--moonshine,,,,,,,,,,,,,False,False,False,,,15,False,us/,Sansevieria Moonshine Snake Plant. $20.00 · Sansevieria Moonshine | Snake plant| 4-inch.
4484965943,https://www.etsy.com/listing/4484965943,sansevieria moonshine,D_plain,Sansevieria Moonshine Brazilian Unique Snake Plant,MooniqueID,,,,,,,5.0,1.0,,,,False,False,False,,,16,False,us/,... enabling JavaScript. Add to Favorites. Sansevieria Moonshine Brazilian Unique Snake Plant. MooniqueID · 5 out of 5 stars (1). $30.00. Add to cart. Loading ...
4478439869,https://www.etsy.com/listing/4478439869,sansevieria moonshine,D_plain,Snake Plant Moonshine,,,,,,,,,,,,,False,False,False,,,17,False,us/,"Whether you're a seasoned plant lover or just starting your green journey, the Snake Plant Moonshine is an excellent choice for creating a serene and healthy ..."
4523202998,https://www.etsy.com/listing/4523202998,satin pothos,A_owned;B_star;C_ships,Satin Pothos Plant,DsGardenandTreasures,Mrs. D,"Texas, United States","San Antonio, TX","Jun 16, 2026",,,4.9,1600.0,3100.0,3 years on Etsy,3.0,True,False,False,,,,False,us/,"Owned by Mrs. D |. Texas, United States. 4.9 (1.6k). 3.1k sales. 3 years on Etsy. Message seller · Following Follow shop ... You may also like. See more · Satin ..."
4523193007,https://www.etsy.com/listing/4523193007,satin pothos,A_owned;C_ships;D_plain,Satin Pothos Plant,DsGardenandTreasures,Mrs. D,"Texas, United States","San Antonio, TX","Jun 16, 2026",,,4.9,1600.0,3200.0,3 years on Etsy,3.0,False,False,False,,,5,False,us/,"Satin Pothos Plant image 1. zoom image 2 of 8. May ... Satin Pothos Plant ... Owned by Mrs. D |. Texas, United States. 4.9 (1.6k). 3.2k sales. 3 years on Etsy."
1858934788,https://www.etsy.com/listing/1858934788,satin pothos,A_owned;C_ships;D_plain,Siver Satin Pothos Cuttings,GreenPointGardens,GreenPoint Gardens,,"Jacksonville, FL","Jun 15, 2026",10,,,,99.0,1.5 years on Etsy,1.5,False,False,False,,,8,False,us/,Meet your seller. GreenPointGardens · Owned by GreenPoint Gardens | ... 99 sales. 1.5 years on Etsy. Message seller · Following Follow shop ... Sell on Etsy ...
4532580705,https://www.etsy.com/listing/4532580705,satin pothos,A_owned;C_ships;D_plain,"Silver Satin Pothos 2"" Starter Plant (ALL ...",PlantVers,Daisy,"Lake Orion, Michigan","Oxford, MI","Jul 4, 2026",,,4.7,39700.0,128600.0,6 years on Etsy,6.0,False,False,False,,,9,False,us/,"Silver Satin Pothos 2"" starter plant (ALL STARTER ... Silver Satin Pothos ... Owned by Daisy |. Lake Orion, Michigan. 4.7 (39.7k). 128.6k sales. 6 years on Etsy."
1559865232,https://www.etsy.com/listing/1559865232,satin pothos,A_owned;B_star;C_ships;D_plain,"Satin Pothos - Scindapsus Pictus Argyraeus - 6"" From Myplants",MyPlantsShopLLC,MyPlants LLC,"Riverside, California","Moreno Valley, CA","Jun 18, 2026",16,,4.9,2500.0,5900.0,3 years on Etsy,3.0,False,False,False,,,3,False,us/,"Satin Pothos - Scindapsus Pictus Argyraeus - 6 ... Owned by MyPlants LLC |. Riverside, California. 4.9 (2.5k). 5.9k sales. 3 years on Etsy. Message seller."
4572489170,https://www.etsy.com/listing/4572489170,satin pothos,A_owned;B_star;C_ships;D_plain,"Scindapsus Peasun Variegated Satin Pothos in 4"" Pot",TzakisNaturals,Oscar Carrillo,"Woodburn, Oregon","Woodburn, OR","Sep 10, 2026",3,,4.9,2100.0,6600.0,2 years on Etsy,2.0,True,False,False,,,12,False,us/,"Scindapsus peasun variegated satin pothos ... Owned by Oscar Carrillo |. Woodburn, Oregon. 4.9 (2.1k). 6.6k sales. 2 years on Etsy. Message seller · Following ..."
1133903477,https://www.etsy.com/listing/1133903477,satin pothos,A_owned,Satin Pothos,,Katie J. Hollis,"New Orleans, Louisiana",,,,,,0,4.0,5 years on Etsy,5.0,False,False,False,,,,False,us/,"Owned by Katie J. Hollis |. New Orleans, Louisiana. No reviews yet. 4 sales. 5 years on Etsy. Message seller · Following Follow shop. More from this shop. Visit ..."
4450338078,https://www.etsy.com/listing/4450338078,satin pothos,A_owned,House Plant Wall Print - Satin Pothos - Hanging Plant,,Beth G,"Manchester, United Kingdom",,,,,5.0,24.0,43.0,6 months on Etsy,0.5,False,False,False,,,,True,us/,"House Plant Wall Print - Satin Pothos ... Owned by Beth G |. Manchester, United Kingdom. 5.0 (24). 43 sales. 6 months on Etsy. Message seller · Following Follow ..."
4502253562,https://www.etsy.com/listing/4502253562,satin pothos,A_owned;C_ships;D_plain,"Silver Satin Pothos Live 4"" Pot, Rare Scindapsus ...",OurTinyPlantStore,abdullah al azam,"Webster, Texas","Webster, TX","Jul 16, 2026",4,,4.4,143.0,659.0,1.5 years on Etsy,1.5,False,False,False,,,17,False,us/,"Silver Satin Pothos Live 4"" Pot, Rare Scindapsus Silver Lady Pothos ... Owned by abdullah al azam |. Webster, Texas. 4.4 (143). 659 sales. 1.5 years on Etsy."
4505115033,https://www.etsy.com/listing/4505115033,satin pothos,A_owned;B_star;C_ships;D_plain,Silver Satin Pothos (scindapsus Pictus) – Silver Variegated ...,TheBloomingPots,Rabia Riaz,"Westbury, New York","Westbury, NY","May 31, 2026",2,,4.4,7.0,17.0,1 year on Etsy,1.0,True,False,False,,,1,False,us/,"Owned by Rabia Riaz |. Westbury, New York. 4.4 (7). 17 sales. 1 year on Etsy."
1132050120,https://www.etsy.com/listing/1132050120,satin pothos,A_owned;B_star,Scindapsus Pictus - Argyraeus - Silver Satin Pothos,BrumleyandBloom,Rachel Brumley,"Fenton, Michigan",,,,,4.8,80600.0,264400.0,9 years on Etsy,9.0,True,False,False,,,,False,us/,"Owned by Rachel Brumley |. Fenton, Michigan. 4.8 (80.6k). 264.4k sales. 9 years on Etsy. Message seller · Following Follow shop. This seller usually responds ..."
797742127,https://www.etsy.com/listing/797742127,satin pothos,A_owned,Silver Pothos Plant - Scindapsus Pictus Argyraeus,,Rachel Brumley,"Fenton, Michigan",,,,,4.8,80600.0,264300.0,,,False,False,False,,,,False,us/,"Owned by Rachel Brumley |. Fenton, Michigan. 4.8 (80.6k). 264.3k sales. 9 years ... Satin Pothos Argyraeus cutting - Scindapsus Pictus 'Argyraeus' unrooted ..."
4433756483,https://www.etsy.com/listing/4433756483,satin pothos,B_star;C_ships,"6"" Silver Satin Pothos Hanging Basket - Scindapsus Pictus ...",WonderlandHG,,,"Highland Park, NJ","Sep 26, 2026",11,,,,,,,False,False,False,,,,False,us/,Silver Satin Pothos is a light feeder - over-fertilizing can damage the roots and reduce variegation. Reduce feeding to every 6-8 weeks during fall and winter.
875665987,https://www.etsy.com/listing/875665987,satin pothos,B_star,Silver Satin Pothos,TidzBitz,,,,,,,,,,,,True,False,False,,,,False,us/,Silver satin pothos. TidzBitz. Star Seller. Star Sellers have an outstanding track record for providing a great customer experience—they consistently earned 5 ...
4532705041,https://www.etsy.com/listing/4532705041,satin pothos,B_star;C_ships,"Satin Spotted Pothos House Plant in 2.5"" Pot Easy to Grow Great ...",AgathasAttire,,,"Saint Louis, MO","Sep 24, 2026",39,,,,,,,True,False,False,,,,False,us/,Scindapsus Pictus. AgathasAttire. Star Seller ... AgathasAttire is a star seller. Be the first to review this item ... Satin Pothos Argyraeus cutting - Scindapsus ...
1720985398,https://www.etsy.com/listing/1720985398,satin pothos,B_star,Silver Satin Pothos | Scindapsus Pictus Exotica,TheOddFrond,,,,,,,,,,,,True,False,False,,,,False,us/,"Silver Satin Pothos | Scindapsus Pictus Exotica | Live House plant | Devils Ivy Vine | Rooted in 4"" or 6"" Pot | Easy Indoor Plant. TheOddFrond. Star Seller."
4473824856,https://www.etsy.com/listing/4473824856,satin pothos,B_star,"Scindapsus Silver Sierra 3"" Mini Hanging Basket Satin ...",TzakisNaturals,,,,,,,,,,,,True,False,False,,,,False,us/,"Scindapsus Silver Sierra 3"" mini hanging basket satin pothos US Seller. TzakisNaturals. Star Seller. Star Sellers have an outstanding track record for ..."
1535813572,https://www.etsy.com/listing/1535813572,satin pothos,B_star;D_plain,Scindapsus Silver Satin Pothos: Live Plant in 6” Hanging ...,BrumleyandBloom,,,,,,,,,,,,True,False,False,,,6,False,us/,Scindapsus Silver Satin Pothos: Live Plant in 6” Hanging Basket. BrumleyandBloom. Star Seller. Star Sellers have an outstanding track record for providing a ...
891290828,https://www.etsy.com/listing/891290828,satin pothos,B_star,"8"" Satin Pothos, Scindapsus Pictus 'argyraeus' – Vining ...",WonderlandHG,,,,,,,,,,,,True,False,False,,,,False,us/,"WonderlandHG is a star seller. Reviews for this item. 5.0. Item average. We calculate this number using a recency-weighted average of all ratings, with a ..."
1785375637,https://www.etsy.com/listing/1785375637,satin pothos,B_star,Epipremnum Aureum Uncommon Pothos - Exact Plant Shown,LSOHPlantLady,,,,,,,,,,,,True,False,False,,,,False,us/,LSOHPlantLady is a star seller Specializes in Plants ... My purchase also came with a free cutting of a satin pothos and a hand-written note. ... Meet your seller.
4572297697,https://www.etsy.com/listing/4572297697,satin pothos,B_star,"Pothos Shangri La– 6 Inch Live Houseplant, Easy Care Plant",LasOrquideasRamos,,,,,,,,,,,,True,False,False,,,,False,us/,LasOrquideasRamos is a star seller. Be the first ... Meet your seller. LasOrquideasRamos. Star Seller.
4570011119,https://www.etsy.com/listing/4570011119,satin pothos,B_star,Scindapsus Pictus Silver Lady Plant | Full Rooted 4-inch Pot,RootedandBeaded,,,,,,,,,,,,True,False,False,,,,False,us/,Scindapsus Pictus Silver Lady Plant | Full Rooted 4-Inch Pot | Silver Satin Pothos | Exact Plant Shown ... RootedandBeaded is a star seller. Be the first to ...
4303427268,https://www.etsy.com/listing/4303427268,satin pothos,B_star,Cutting Jade Satin Pothos | Scindapsus | US Seller | LIMITED,ThePeacefulGardener,,,,,,,,,,,,True,False,False,,,,False,us/,Cutting Jade Satin Pothos | Scindapsus | US Seller | LIMITED. ThePeacefulGardener. Star Seller. Star Sellers have an outstanding track record for providing a ...
4555384725,https://www.etsy.com/listing/4555384725,satin pothos,B_star,Epipremnum Pinnatum Mint Variegated Pothos Live Plant 4 Inch ...,Seller,,,,,,,,,,,,True,False,False,,,,False,us/,Star Seller. Star Sellers ... SarahCottaPlants is a star seller Specializes in Plants ...
1237445047,https://www.etsy.com/listing/1237445047,satin pothos,B_star,"Satin Pothos, Scindapsus Pictus 'argyraeus' – Vining ...",WonderlandFloraHP,,,,,,,,,,,,True,False,False,,,,False,us/,May include: A potted silver satin pothos plant with trailing vines and variegated green and ... WonderlandFloraHP is a star seller. Be the first to review this ...
4526450542,https://www.etsy.com/listing/4526450542,satin pothos,C_ships;D_plain,"Satin Pothos 4"" Live Houseplant | Scindapsus Pictus",RvsdGreenhouses,,,"Mira Loma, CA","Jun 22, 2026",,,,,,,,False,False,False,,,2,False,us/,"This House Plants item is sold by RvsdGreenhouses. Ships from Mira Loma, CA. Listed on Jun 22, 2026. ... Satin Pothos 4"" Live Houseplant | Scindapsus ... Satin ..."
4514470150,https://www.etsy.com/listing/4514470150,satin pothos,C_ships,"Satin Pothos 4"" Live Houseplant | Scindapsus Pictus",RvsdGreenhouses,,,"Mira Loma, CA","Jun 1, 2026",,17.99,,,,,,False,False,False,,,,False,us/,"This House Plants item is sold by RvsdGreenhouses. Ships from Mira Loma, CA. Listed on Jun 1, 2026. ... Price:$17.99. Loading. Satin Pothos ... Satin Pothos, ..."
967171227,https://www.etsy.com/listing/967171227,satin pothos,C_ships;D_plain,Scidnapsus Pictus Silver Anne - Satin Pothos,SucculentsSuch,,,"Orlando, FL","Sep 16, 2026",19,,,,,,,False,False,False,,,14,False,us/,"This House Plants item by SucculentsSuch has 19 favorites from Etsy shoppers. Ships from Orlando, FL. Listed on Sep 16, 2026."
4510960551,https://www.etsy.com/listing/4510960551,satin pothos,C_ships,Silver Satin Pothos - 4” Pot,KnotEnoughStuff,,,"Sidney, OH","May 25, 2026",,,,,,,,False,False,False,,,,False,us/,"This House Plants item is sold by KnotEnoughStuff. Ships from Sidney, OH. Listed on May 25, 2026. ... Silver Satin Pothos - 4” Pot. KnotEnoughStuff. 5 ..."
4400806108,https://www.etsy.com/listing/4400806108,satin pothos,C_ships;D_plain,Rare Satin Pothos Variety – Starter Plant / Cutting,LovelyLeafCoo,,,"Hendersonville, NC","Jul 9, 2026",5,,4.5,,,,,False,False,False,,,16,False,us/,"This House Plants item by LovelyLeafCoo has 5 favorites from Etsy shoppers. Ships from Hendersonville, NC. Listed on Jul 9, 2026."
4541385769,https://www.etsy.com/listing/4541385769,satin pothos,C_ships,Variegated Baticon Scindapsus | Satin Pothos | LIVE Rare ...,PineAndPothosCo,,,"Winter Springs, FL","Jul 21, 2026",,,,,,,,False,False,False,,,,False,us/,"This House Plants item is sold by PineAndPothosCo. Ships from Winter Springs, FL. Listed on Jul 21, 2026. ... Variegated Baticon Scindapsus | Satin Pothos | LIVE ..."
4539028633,https://www.etsy.com/listing/4539028633,satin pothos,C_ships,Happiness Pothos Teruno Epipremnum Aureum Terunoworld ...,ECOGlamourGirl,,,"Calistoga, CA","Aug 31, 2026",2,,,,,,,False,False,False,,,,False,us/,"This House Plants item by ECOGlamourGirl has 2 favorites from Etsy shoppers. Ships from Calistoga, CA. Listed on Aug 31, 2026."
4562117465,https://www.etsy.com/listing/4562117465,satin pothos,C_ships;D_plain,4” Satin Pothos Plant – Scindapsus Pictus – Live Indoor ...,PeachTreeGardensLLC,,,"Oceanside, CA","Sep 1, 2026",,,,,,,,False,False,False,,,13,False,us/,"This House Plants item is sold by PeachTreeGardensLLC. Ships from Oceanside, CA. Listed on Sep 1, 2026."
4513412762,https://www.etsy.com/listing/4513412762,satin pothos,C_ships,Scindapsus 'dark Satin Tricolor' | Exact Plant | Rare Variegated ...,TheVerdantNook,,,"Twin Falls, ID","May 29, 2026",5,,,,,,,False,False,False,,,,False,us/,"This House Plants item by TheVerdantNook has 5 favorites from Etsy shoppers. Ships from Twin Falls, ID. Listed on May 29, 2026. ... Satin Pothos | 3” House Plant."
4412034875,https://www.etsy.com/listing/4412034875,satin pothos,C_ships;D_plain,"Scindapsus Pictus Exotica Live Plant in 4"" Pot | Silver Satin Pothos",CandyFarm88,,,"Navarre, OH","Mar 26, 2026",3,,4.0,,,,,False,False,False,,,19,False,us/,"This House Plants item by CandyFarm88 has 3 favorites from Etsy shoppers. Ships from Navarre, OH. Listed on Mar 26, 2026. ... Satin Pothos | Large-Leaf Scindapsus ..."
4379914882,https://www.etsy.com/listing/4379914882,satin pothos,D_plain,Satin Pothos Scindapsus Exotica : Easy-care Houseplant,PlantstoriesByDana,,,,,,,5.0,728.0,,,,False,False,False,,,4,False,us/,Satin Pothos Scindapsus Exotica : Easy-Care Houseplant - Silver splash. PlantstoriesByDana · 5 out of 5 stars (728). Sale Price $7.79 $7.79.
1864201003,https://www.etsy.com/listing/1864201003,satin pothos,D_plain,"CLEARANCE Silver Satin Pothos: Rare Scindapsus Pictus, ...",,,,,,,,,,,,,False,False,False,,,7,False,us/,"The Satin Pothos (Scindapsus pictus) is a must-have for any indoor plant lover. Known for its velvety green leaves with shimmering silver markings, ..."
1704613421,https://www.etsy.com/listing/1704613421,satin pothos,D_plain,Silver Satin Pothos 2 Leaf 2 Nodes UNROOTED CUTTING ...,,,,,,,,,,,,,False,False,False,,,10,False,us/,LIVE silver satin pothos cutting unrooted. $5.00. GIFTS. Browse by interest for the best gifts!
4539534281,https://www.etsy.com/listing/4539534281,satin pothos,D_plain,Scindapsus Pictus 'argyraeus' Satin Pothos - Mature Live ...,,,,,,,,,,,,,False,False,False,,,11,False,us/,"You'll also keep the plant healthy by boosting the humidity around it. In fact, its variegated foliage makes Satin Pothos a beautiful addition to a terrarium."
4529898246,https://www.etsy.com/listing/4529898246,satin pothos,D_plain,"Silver Satin Pothos 2"" Starter Plant ( ALL ...",,,,,,,,,,,,,False,False,False,,,15,False,us/,"Silver Satin Pothos 2"" starter plant ( ALL STARTER PLANTS require you to purchase 2 plants!) PlantVers · 4.5 out of 5 stars (39,813). Sale Price $19.00 $19.00."
1501612471,https://www.etsy.com/listing/1501612471,satin pothos,D_plain,Silver Satin Pothos Cutting - Rooted Cutting - Live Plant,,,,,,,,,,,,,False,False,False,,,18,False,us/,Silver Satin Pothos Cutting - Rooted Cutting - Live Plant - Free Shipping! []. Sale Price $15.00 $15.00 $20.00 Original Price $20.00 (25% off).
1094097489,https://www.etsy.com/listing/1094097489,satin pothos,D_plain,Rare - Silver Satin Pothos - Starter Plant - 2” Houseplant,,,,,,,,,,,,,False,False,False,,,20,False,us/,Silver Splash Scindapsus - Rare - Silver Satin Pothos - Starter Plant - 2” Houseplant. Sold. Request a custom product See item details.
4487360563,https://www.etsy.com/listing/4487360563,syngonium chiapense,A_owned;C_ships,Variegated Syngonium Chiapense Exact Plant,phelsuma,phelsuma,"Downingtown, Pennsylvania","Downingtown, PA","Apr 14, 2026",2,,4.9,2100.0,4900.0,17 years on Etsy,17.0,False,False,False,,,,False,us/,"Meet your seller. phelsuma · Owned by phelsuma |. Downingtown, Pennsylvania. 4.9 (2.1k). 4.9k sales. 17 years on Etsy. Message seller · Following Follow shop."
4539533466,https://www.etsy.com/listing/4539533466,syngonium chiapense,A_owned;B_star;C_ships;D_plain,Syngonium Chiapense Variegated,Inquisitivegreens,Katie,"Michigan, United States","Garden City, MI","Jul 17, 2026",,,4.9,1500.0,3400.0,10 years on Etsy,10.0,True,False,False,,,1,False,us/,"Syngonium chiapense variegated image 1. zoom image ... Owned by Katie |. Michigan, United States. 4.9 (1.5k). 3.4k sales. 10 years on Etsy."
4564405963,https://www.etsy.com/listing/4564405963,syngonium chiapense,A_owned;B_star;C_ships;D_plain,Syngonium Chiapense,Inquisitivegreens,Katie,"Michigan, United States","Garden City, MI","Aug 28, 2026",,,4.9,1600.0,3900.0,10 years on Etsy,10.0,True,False,False,,,2,False,us/,"Owned by Katie |. Michigan, United States. 4.9 (1.6k). 3.9k sales. 10 years on Etsy ... Syngonium Chiapense Variegated Free Shipping ... Syngonium Chiapense Usa ..."
4535817417,https://www.etsy.com/listing/4535817417,syngonium chiapense,A_owned;B_star;C_ships,US Seller Rooted Syngonium Chiapense Variegated Halfmoon ...,NomoreplantsCo,Gina,United States,"Center Valley, PA","Jul 10, 2026",2,,4.9,6500.0,15100.0,4 years on Etsy,4.0,True,False,False,,,,False,us/,US seller rooted Syngonium Chiapense variegated ... Owned by Gina |. United States. 4.9 (6.5k). 15.1k sales. 4 years on Etsy. Message seller · Following Follow ...
4555432635,https://www.etsy.com/listing/4555432635,syngonium chiapense,A_owned;C_ships,Syngonium Chiapense Frosted Heart Starter Plant,phelsuma,phelsuma,"Downingtown, Pennsylvania",Pennsylvania,,,22.99,4.9,2100.0,5000.0,17 years on Etsy,17.0,False,False,False,,,,False,us/,"Owned by phelsuma |. Downingtown, Pennsylvania. 4.9 (2.1k). 5k sales. 17 years on Etsy. Message seller · Following Follow shop. This seller usually responds ..."
4533006078,https://www.etsy.com/listing/4533006078,syngonium chiapense,A_owned,Syngonium Chiapense Variegated,,Ariel,"Florida, United States",,,,,4.6,1100.0,2700.0,5 years on Etsy,5.0,False,False,True,,,,False,us/,"Owned by Ariel |. Florida, United States. 4.6 (1.1k). 2.7k sales. 5 years on Etsy. Message seller · Following Follow shop. Rave reviews Average review rating is ..."
4468255016,https://www.etsy.com/listing/4468255016,syngonium chiapense,A_owned;C_ships,Syngonium Chiapense Variegated 1 Leaf Rooted Live Plant,ZevaPlant,Zeva,Indonesia,Indonesia,"Jul 8, 2026",3,,4.8,23.0,109.0,5 months on Etsy,0.42,False,False,False,,,,False,us/,Syngonium Chiapense Variegated 1 Leaf Rooted Live ... Owned by Zeva |. Indonesia. 4.8 (23). 109 sales. 5 months on Etsy. Message seller · Following Follow shop.
4510506655,https://www.etsy.com/listing/4510506655,syngonium chiapense,A_owned;C_ships,"Syngonium Chiapense, Exact Plant Variegated Ships Nationwide",,wiredreamersdotcom,United States,"Pahoa, HI","May 24, 2026",,,4.9,3500.0,9600.0,16 years on Etsy,16.0,False,False,False,,,,False,us/,Owned by wiredreamersdotcom |. United States. 4.9 (3.5k). 9.6k sales. 16 years on Etsy. Message seller · Following Follow shop. This seller usually responds ...
4532107110,https://www.etsy.com/listing/4532107110,syngonium chiapense,A_owned;B_star;C_ships,"Syngonium Chiapense Var - Rare Plant, Exact Plant Pictured ...",Plantstopus,Fnu Untung,"New Jersey, United States","Lake Hiawatha, NJ","Jul 3, 2026",,,4.9,532.0,1500.0,2.5 years on Etsy,2.5,True,False,False,,,,False,us/,"Syngonium Chiapense Var ... Owned by Fnu Untung |. New Jersey, United States. 4.9 (532). 1.5k sales. 2.5 years on Etsy. Message seller · Following Follow shop."
4543579718,https://www.etsy.com/listing/4543579718,syngonium chiapense,A_owned;C_ships;D_plain,Syngonium Chiapense Frosted Heart Starter Plant,phelsuma,phelsuma,"Downingtown, Pennsylvania",Pennsylvania,,,15.99,4.9,2100.0,4900.0,17 years on Etsy,17.0,False,False,False,,,16,False,us/,"Syngonium Chiapense Frosted Heart ... Meet your seller. phelsuma · Owned by phelsuma |. Downingtown, Pennsylvania. 4.9 (2.1k). 4.9k sales. 17 years on Etsy."
4568412831,https://www.etsy.com/listing/4568412831,syngonium chiapense,A_owned;C_ships;D_plain,"Syngonium Chiapense 4"" Pot, Fedex 2day",CanopyGems,wiredreamersdotcom,United States,"Pahoa, HI","Sep 3, 2026",,,4.9,3800.0,10800.0,16 years on Etsy,16.0,False,False,False,,,13,False,us/,"Syngonium Chiapense 4"" pot, Fedex 2day* image 1 ... Syngonium Chiapense ... Owned by wiredreamersdotcom |. United States. 4.9 (3.8k). 10.8k sales. 16 years on Etsy."
4413844124,https://www.etsy.com/listing/4413844124,syngonium chiapense,A_owned;C_ships,Actual Photo Syngonium Chiapense Variegated Halfmoon Free ...,,LUKMAN HAKIM,"Kediri, Indonesia",Indonesia,"Mar 29, 2026",,,4.5,44.0,168.0,9 months on Etsy,0.75,False,False,False,,,,False,us/,"Owned by LUKMAN HAKIM |. Kediri, Indonesia. 4.5 (44). 168 sales. 9 months on Etsy. Message seller · Following Follow shop ... Syngonium Chiapense Variegated Real ..."
4527687593,https://www.etsy.com/listing/4527687593,syngonium chiapense,A_owned;B_star;D_plain,Syngonium Chiapense Albo Variegated - Stunning Aroid,PlantVers,Daisy,"Lake Orion, Michigan",,,,,4.7,39500.0,127500.0,6 years on Etsy,6.0,True,False,False,,,5,False,us/,"Syngonium Chiapense Albo Variegated - Stunning ... Syngonium Chiapense ... Owned by Daisy |. Lake Orion, Michigan. 4.7 (39.5k). 127.5k sales. 6 years on Etsy."
4421416281,https://www.etsy.com/listing/4421416281,syngonium chiapense,A_owned,Syngonium Chiapense Variegated,,reza pahlevii,Indonesia,,,,,5.0,2.0,13.0,11 months on Etsy,0.92,False,False,False,,,,False,us/,Syngonium Chiapense Variegated. LANGGENGRAHAYU. 5 ... Owned by reza pahlevii |. Indonesia. 5.0 (2). 13 sales. 11 months on Etsy ... Syngonium Chiapense Variegated ...
1867932172,https://www.etsy.com/listing/1867932172,syngonium chiapense,A_owned;B_star,Syngonium Chiapense Variegated 4” - US SELLER,RareFoliagePlantCo,Yibo,"Winter Garden, Florida",,,,,4.9,6500.0,17200.0,,,True,False,False,,,,False,us/,"Owned by Yibo |. Winter Garden, Florida. 4.9 (6.5k). 17.2k sales. 3 ... Find it on Etsy. Raw Materials. Buy Galveston Sand Online. Prints."
4571031153,https://www.etsy.com/listing/4571031153,syngonium chiapense,A_owned;B_star;D_plain,Syngonium Chiapense Albo Variegated,shadowandspathe,Leaveswithles,United States,,,,,5.0,31.0,67.0,9 months on Etsy,0.75,True,False,False,,,18,False,us/,Syngonium Chiapense ... Owned by Leaveswithles |. United States. 5.0 (31). 67 sales. 9 months on Etsy. Message seller · Following Follow shop ... Variegated ...
4479792103,https://www.etsy.com/listing/4479792103,syngonium chiapense;syngonium mojito,A_owned;B_star;C_ships,Syngonium Chiapense,CCGPlants,Leslie,United States,"Parkville, MD","Mar 29, 2026",,,4.8,303.0,580.0,1.5 years on Etsy,1.5,True,False,False,,,,False,us/,Owned by Leslie |. United States. 4.8 (303). 580 sales. 1.5 years on Etsy. Message seller · Following Follow shop ... Syngonium Chiapense. $30.00 ...
4532093217,https://www.etsy.com/listing/4532093217,syngonium chiapense,A_owned;B_star;C_ships,"Syngonium Chiapense Var - Rare Plant, Exact Plant Pictured ...",Plantstopus,Fnu Untung,"New Jersey, United States","Lake Hiawatha, NJ","Jul 3, 2026",,,4.9,532.0,1400.0,2.5 years on Etsy,2.5,True,False,False,,,,False,us/,"Owned by Fnu Untung |. New Jersey, United States. 4.9 (532). 1.4k sales. 2.5 years on Etsy. Message seller · Following Follow shop."
4571044208,https://www.etsy.com/listing/4571044208,syngonium chiapense,A_owned;B_star;D_plain,Syngonium Chiapense Albo Variegated,shadowandspathe,Leaveswithles,United States,,,,10.0,5.0,33.0,69.0,9 months on Etsy,0.75,True,False,False,,,17,False,us/,Owned by Leaveswithles |. United States. 5.0 (33). 69 sales. 9 months on Etsy. Message seller · Following Follow shop ... Variegated ...
4521579562,https://www.etsy.com/listing/4521579562,syngonium chiapense,A_owned;B_star,Syngonium Chiapense Albo Live Plant | Variegated Rare Aroid,LuTheGENIUS,Lu,United States,,,,,5.0,79.0,189.0,1 year on Etsy,1.0,True,False,False,,,,False,us/,Syngonium Chiapense Albo Live Plant | Variegated ... Owned by Lu |. United States. 5.0 (79). 189 sales. 1 year on Etsy. Message seller · Following Follow shop.
4314604962,https://www.etsy.com/listing/4314604962,syngonium chiapense,A_owned;C_ships,"Syngonium Chiapense , You Pick Your Plant",BackBasicsGreenhouse,Hannah,"Mechanicsville, Maryland",Maryland,,,,4.7,5900.0,16100.000000000002,4 years on Etsy,4.0,False,False,False,,,,False,us/,"Owned by Hannah |. Mechanicsville, Maryland. 4.7 (5.9k). 16.1k sales. 4 years on Etsy. Message seller · Following Follow shop. This seller usually responds ..."
4527854024,https://www.etsy.com/listing/4527854024,syngonium chiapense,A_owned,Syngonium Chiapense Variegated,,Pam Martin,"Moultonborough, New Hampshire",,,,,4.8,83.0,210.0,5 months on Etsy,0.42,False,False,False,,,,False,us/,"Owned by Pam Martin |. Moultonborough, New Hampshire. 4.8 (83). 210 sales. 5 months on Etsy. Message seller · Following Follow shop. This seller ..."
4570514154,https://www.etsy.com/listing/4570514154,syngonium chiapense,A_owned,Syngonium Chiapense Albo Variegated - Stunning Aroid,PlantVers,Daisy,"Lake Orion, Michigan",,,,,4.7,41400.0,135000.0,6 years on Etsy,6.0,False,False,False,,,,False,us/,"Meet your seller. PlantVers · Owned by Daisy |. Lake Orion, Michigan. 4.7 (41.4k). 135k sales. 6 years on Etsy. Message seller · Following Follow shop. This ..."
4532695018,https://www.etsy.com/listing/4532695018,syngonium chiapense,A_owned,Syngonium Chiapense Variegated,,Pam Martin,"Moultonborough, New Hampshire",,,,,4.8,85.0,232.0,,,False,False,False,,,,False,us/,"Syngonium chiapense variegated. TheGreenOasisLLC. 5 ... Owned by Pam Martin |. Moultonborough, New Hampshire. 4.8 (85). 232 sales. 5 months on ..."
4494138420,https://www.etsy.com/listing/4494138420,syngonium chiapense,A_owned,Syngonium Chiapense Variegated,,Katie,"Michigan, United States",,,,,5.0,1400.0,3200.0,10 years on Etsy,10.0,False,False,False,,,,False,us/,"Owned by Katie |. Michigan, United States. 5.0 (1.4k). 3.2k sales. 10 years on Etsy. Message seller · Following Follow shop. This seller usually responds within ..."
1825279477,https://www.etsy.com/listing/1825279477,syngonium chiapense,A_owned;B_star,US Seller Rooted Syngonium Chiapense Variegated ...,NomoreplantsCo,Gina,United States,,,,,4.9,6700.0,15800.0,4 years on Etsy,4.0,True,False,False,,,,False,us/,Owned by Gina |. United States. 4.9 (6.7k). 15.8k sales. 4 years on Etsy. Message seller · Following Follow shop. This seller usually responds within a few ...
1536353911,https://www.etsy.com/listing/1536353911,syngonium chiapense,A_owned,Syngonium Chiapense Frosted Heart 4” Pot (ALL PLANTS ...,TheGreenEscape,The Green Escape,"Florida, United States",,,,,4.7,266000.0,874800.0,6 years on Etsy,6.0,False,False,False,,,,False,us/,"Syngonium chiapense ... Meet your seller. TheGreenEscape · Owned by The Green Escape |. Florida, United States. 4.7 (266k). 874.8k sales. 6 years on Etsy."
4458023599,https://www.etsy.com/listing/4458023599,syngonium chiapense,A_owned,Real Picture Syngonium Chiapense Albo Variegated ...,,Tamaya Azzahro,Indonesia,,,,,,0,2.0,9 months on Etsy,0.75,False,False,False,,,,False,us/,Owned by Tamaya Azzahro |. Indonesia. No reviews yet. 2 sales. 9 months on Etsy. Message seller · Following Follow shop.
4495150345,https://www.etsy.com/listing/4495150345,syngonium chiapense,A_owned,Real Picture Syngonium Chiapense Albo Variegated,BerkahGodongPlant,Tamaya Azzahro,Indonesia,,,,,,0,2.0,11 months on Etsy,0.92,False,False,False,,,,False,us/,You've found a shop that is new to Etsy! BerkahGodongPlant · Owned by Tamaya Azzahro |. Indonesia. No reviews yet. 2 sales. 11 months on Etsy. Message seller.
1362281985,https://www.etsy.com/listing/1362281985,syngonium chiapense,A_owned,Syngonium Chiapense Variegated,GroundedBKK,Grounded,"Bangkok, Thailand",,,,,4.5,97.0,228.0,5 years on Etsy,5.0,False,False,False,,,,False,us/,"Meet your seller. GroundedBKK · Owned by Grounded |. Bangkok, Thailand. 4.5 (97). 228 sales. 5 years on Etsy. Message seller · Following Follow shop. This ..."
4517470342,https://www.etsy.com/listing/4517470342,syngonium chiapense,B_star;C_ships,Syngonium Chiapense Variegated (photos Updated 07/23/26),DivineFoliage,,,"Philadelphia, PA",,,,,,,,,True,False,False,,,,False,us/,Syngonium Chiapense Variegated (photos updated 07/23/26). DivineFoliage. Star Seller. Star Sellers have an outstanding track record for providing a great ...
4522014828,https://www.etsy.com/listing/4522014828,syngonium chiapense,B_star;C_ships,Syngonium Chiapense Variegated | Rare Plant | Live Plant,AroidzOasis,,,"Springdale, AR","Jun 14, 2026",2,,,,,,,True,False,False,,,,False,us/,Syngonium Chiapense Variegated | Rare Plant | Live Plant. AroidzOasis. Star Seller ... AroidzOasis is a star seller Specializes in Plants. Be the first to ...
4564409866,https://www.etsy.com/listing/4564409866,syngonium chiapense,B_star,Syngonium Chiapense Albo Variegated Fully Established Plant ...,Thesentientgarden,,,,,,,,,,,,True,False,False,,,,False,us/,"Syngonium Chiapense Albo Variegated fully established plant in 3.5"" inch pot. Thesentientgarden. Star Seller. Star Sellers have an outstanding track record ..."
1856440265,https://www.etsy.com/listing/1856440265,syngonium chiapense;syngonium pink splash,B_star,"Syngonium Batik 4"" - US SELLER",RareFoliagePlantCo,,,,,,,,,,,,True,False,False,,,,False,us/,RareFoliagePlantCo is a star seller Specializes in Plants ... Syngonium Chiapense Albo ... Syngonium Chiapense Variegated Free Shipping - opens in new tab.
4565056818,https://www.etsy.com/listing/4565056818,syngonium chiapense,B_star,Syngonium Chiapense Variegated Starter #1,DivineFoliage,,,,,,,,,,,,True,False,False,,,,False,us/,Syngonium Chiapense Variegated Starter #1. DivineFoliage. Star Seller. Star Sellers have an outstanding track record for providing a great customer experience ...
1708134419,https://www.etsy.com/listing/1708134419,syngonium chiapense,B_star,"Syngonium Batik Albo Variegated 4"" - US SELLER",RareFoliagePlantCo,,,,,,,,,,,,True,False,False,,,,False,us/,Syngonium Chiapense ... RareFoliagePlantCo is a star seller Specializes in Plants ... Syngonium Chiapense Variegated Free Shipping - opens in new tab.
4527007461,https://www.etsy.com/listing/4527007461,syngonium chiapense,B_star,Exact Plant | Rare Variegated Syngonium Podophyllum 'margarita',TheVerdantNook,,,,,,,,,,,,True,False,False,,,,False,us/,TheVerdantNook is a star seller. Be the first to ... Meet your seller. TheVerdantNook. Star Seller ... Syngonium Chiapense Variegated Albo - opens in new tab.
4582060705,https://www.etsy.com/listing/4582060705,syngonium chiapense,C_ships;D_plain,Syngonium Chiapense Variegated,DivineFoliage,,,Pennsylvania,,,28.0,5.0,,,,,False,False,False,,,6,False,us/,... and white leaves rooted in a clear. Rare find. Price:$28.00. Loading. Syngonium Chiapense Variegated. DivineFoliage. 5 out of 5 stars. Ships from Pennsylvania.
4532268520,https://www.etsy.com/listing/4532268520,syngonium chiapense,C_ships,"Syngonium Chiapense Variagated, HIGH Variegation!",,,,"Thousand Oaks, CA",,,,,,,,,False,False,False,,,,False,us/,"Ships from Thousand Oaks, CA. Etsy invests in ... You may also like. See more · Variegated syngonium chiapense ... Syngonium Chiapense ..."
4552433875,https://www.etsy.com/listing/4552433875,syngonium chiapense,C_ships;D_plain,US Seller Rooted Syngonium Chiapense Variegated Halfmoon ...,,,,,,,,,,,,,False,False,False,,,11,False,us/,US seller rooted Syngonium Chiapense variegated halfmoon variegation clearance ship from PA ; SunshineGreens From shop SunshineGreens · $16.11 ; NomoreplantsCo ...
4526358599,https://www.etsy.com/listing/4526358599,syngonium chiapense,C_ships,"Syngonium Chiapense 4"" Live Houseplant | Rare Arrowhead Plant",RvsdGreenhouses,,,"Mira Loma, CA","Jun 22, 2026",,,,,,,,False,False,False,,,,False,us/,"This House Plants item is sold by RvsdGreenhouses. Ships from Mira Loma, CA. Listed on Jun 22, 2026. ... Syngonium Chiapense 4"" Live Houseplant | Rare ..."
4478989131,https://www.etsy.com/listing/4478989131,syngonium chiapense,D_plain,Syngonium Chiapense Variegated | Rare Plant | Live Plant,,,,,,,,,,,,,False,False,False,,,3,False,us/,Syngonium Chiapense Variegated | Rare Plant | Live Plant. Sale Price $69.97 $69.97. $139.95 Original ...
4411751041,https://www.etsy.com/listing/4411751041,syngonium chiapense,D_plain,Variegated Syngonium Chiapense | 4-inch | Established Plant,,,,,,,,,,,,,False,False,False,,,4,False,us/,Variegated Syngonium Chiapense | 4-inch | established plant ; Variegated Syngonium chiapense | White and Cream variegation | Exact rooted plants.
1865309441,https://www.etsy.com/listing/1865309441,syngonium chiapense,D_plain,Syngonium Chiapense Albo Variegated *grower's Choice,RarePlantFairyLLC,,,,,,,5.0,133.0,,,,False,False,False,,,7,False,us/,Syngonium chiapense albo variegated *Grower's Choice*. RarePlantFairyLLC · 5 out of 5 stars (133). $54.00. Add to cart. Loading ...
4356805859,https://www.etsy.com/listing/4356805859,syngonium chiapense,D_plain,US Seller Variegated Syngonium Chiapense Halfmoon,,,,,,,,,,,,,False,False,False,,,8,False,us/,US seller Variegated Syngonium Chiapense Halfmoon - Rooted Tropical Houseplant ship from PAExact plant ; NewCutting From shop NewCutting. Sale Price $7.81 ...
4524578305,https://www.etsy.com/listing/4524578305,syngonium chiapense,D_plain,Syngonium Chiapense Variegated,,,,,,,,,,,,,False,False,False,,,9,False,us/,Syngonium chiapense variegated ; Syngonium strawberry ice 4” plant **(ALL plants require you to purchase ANY 2 plants!)**. SunshineGreens From shop ...
1520634062,https://www.etsy.com/listing/1520634062,syngonium chiapense,D_plain,Syngonium Chiapense Ice Frost Live Indoor Plant,,,,,,,,,,,,,False,False,False,,,10,False,us/,Syngonium Chiapense Ice Frost is a rare tropical indoor plant prized for its frosty green leaves and bold texture. This easy care syngonium live plant thrives ...
4537149870,https://www.etsy.com/listing/4537149870,syngonium chiapense,D_plain,Syngonium Chiapense Variegated Big Size - Exotic Tropical ...,,,,,,,,,,,,,False,False,False,,,12,False,us/,Variegated syngonium chiapense. $45.00 · Syngonium Chiapense - Exact ...
4356806423,https://www.etsy.com/listing/4356806423,syngonium chiapense,D_plain,Variegated Syngonium Chiapense Halfmoon - Rooted Tropical ...,,,,,,,,,,,,,False,False,False,,,14,False,us/,Variegated Syngonium Chiapense Halfmoon - Rooted Tropical Houseplant. Sold. See item details · See item details. Similar items on Etsy. Results include ads.
4528637405,https://www.etsy.com/listing/4528637405,syngonium chiapense,D_plain,"Exact Plant - Syngonium Chiapense Variegated. 3.5"" Pot",TheGreeenAngels,,,,,,,5.0,1195.0,,,,False,False,False,,,19,False,us/,"Exact Plant - Syngonium Chiapense Variegated. 3.5"" pot. TheGreeenAngels · 5 out of 5 stars (1,195). $19.99. Add to cart. Loading ..."
1449562995,https://www.etsy.com/listing/1449562995,syngonium chiapense,D_plain,"Syngonium Chiapense Unrooted Cutting, 2 Leaves, ...",,,,,,,,,,,,,False,False,False,,,20,False,us/,"Syngonium Chiapense unrooted cutting, 2 leaves, 2 node cutting Matures to a gorgeous trailing or climbing plant . Propagation required Cutting taken ..."
1515758683,https://www.etsy.com/listing/1515758683,syngonium mojito,A_owned;C_ships;D_plain,Syngonium Mojito,,Danielle Smith,United States,"Los Angeles, CA","Mar 11, 2026",,,5.0,15.0,23.0,3 years on Etsy,3.0,False,False,False,,,6,False,us/,Owned by Danielle Smith |. United States. 5.0 (15). 23 sales. 3 years on Etsy. Message seller · Following Follow shop ... Syngonium mojito 4-inch. $19.99 ...
4524672102,https://www.etsy.com/listing/4524672102,syngonium mojito,A_owned;B_star;C_ships;D_plain,"4"" Syngonium Mojito | Mottled Arrowhead *toxic If Ingested*",PupsNPlantsUS,Dayna Fauth,"Webster, New York","Webster, NY","Jun 19, 2026",8,,5.0,340.0,535.0,4 years on Etsy,4.0,True,False,False,,,2,False,us/,"4"" Syngonium Mojito | Mottled Arrowhead *Toxic if ... Owned by Dayna Fauth |. Webster, New York. 5.0 (340). 535 sales. 4 years on Etsy. Message seller · Following ..."
4555748251,https://www.etsy.com/listing/4555748251,syngonium mojito,A_owned;B_star;C_ships;D_plain,Syngonium Mojito Motled Rare Tropical House Plant,SalamLestari,Slamet Nyuyer,Indonesia,Indonesia,"Aug 14, 2026",,,5.0,8.0,45.0,5 months on Etsy,0.42,True,False,False,,,3,False,us/,Syngonium mojito motled Rare Tropical House Plant ... Owned by Slamet Nyuyer |. Indonesia. 5.0 (8). 45 sales. 5 months on Etsy. Message seller · Following Follow ...
4550081550,https://www.etsy.com/listing/4550081550,syngonium mojito,A_owned;C_ships,"Syngonium Mojito Variegated 4"" Pot, Fedex 2day",CanopyGems,wiredreamersdotcom,United States,"Pahoa, HI","Aug 4, 2026",2,,4.9,3700.0,10300.0,16 years on Etsy,16.0,False,False,False,,,,False,us/,"Syngonium Mojito Variegated 4"" pot, Fedex 2day ... Syngonium Mojito ... Owned by wiredreamersdotcom |. United States. 4.9 (3.7k). 10.3k sales. 16 years on Etsy."
4531769242,https://www.etsy.com/listing/4531769242,syngonium mojito,A_owned;B_star;C_ships,"Syngonium Mojito - Rare Plant, Exact Plant Pictured, Acclimated ...",Plantstopus,Fnu Untung,"New Jersey, United States","Lake Hiawatha, NJ","Jul 2, 2026",,,4.9,531.0,1400.0,2.5 years on Etsy,2.5,True,False,False,,,,False,us/,"Syngonium Mojito - Rare Plant ... Owned by Fnu Untung |. New Jersey, United States. 4.9 (531). 1.4k sales. 2.5 years on Etsy. Message seller · Following Follow ..."
4514370265,https://www.etsy.com/listing/4514370265,syngonium mojito,A_owned;C_ships,"Syngonium Mojito Mottled Live Plant, Rare Variegated Aroid ...",Darumshop11,Namol Gambli,Indonesia,Indonesia,"May 31, 2026",,,,0,0.0,3 months on Etsy,0.25,False,False,False,,,,False,us/,Meet your seller. Darumshop11 · Owned by Namol Gambli |. Indonesia. No reviews yet. 0 sales. 3 months on Etsy. Message seller · Following Follow shop. More ...
4530824565,https://www.etsy.com/listing/4530824565,syngonium mojito,A_owned;C_ships;D_plain,Syngonium Mojito Mottled Rare Rare Snake Plant,RonRin,Erix Ronron,Indonesia,Indonesia,"Jul 1, 2026",,,,0,0.0,1 month on Etsy,0.08,False,False,False,,,8,False,us/,Syngonium Mojito Mottled Rare rare snake plant image 1 ... Syngonium Mojito Mottled ... Owned by Erix Ronron |. Indonesia. No reviews yet. 0 sales. 1 month on Etsy.
4545535522,https://www.etsy.com/listing/4545535522,syngonium mojito,A_owned;C_ships,Funny Syngonium Mojito Shirt - Retro House Plants Gift,AnnasPlantlings,Anna Robben,United States,"Austin, TX","Jul 28, 2026",,,5.0,10.0,70.0,3 years on Etsy,3.0,False,False,False,,,,True,us/,funny syngonium mojito shirt ... Syngonium Mojito Clothing. AnnasPlantlings. 5 out ... Owned by Anna Robben |. United States. 5.0 (10). 70 sales. 3 years on Etsy.
4525070754,https://www.etsy.com/listing/4525070754,syngonium mojito,A_owned;C_ships,Syngonium Mojito Mottled Rare Unique Tropical Plant,GalleryMorison,David Morison,Indonesia,Indonesia,"Jun 20, 2026",,,,0,0.0,3 months on Etsy,0.25,False,False,False,,,,False,us/,Owned by David Morison |. Indonesia. No reviews yet. 0 sales. 3 months on Etsy. Message seller · Following Follow shop. This seller usually responds within 24 ...
4548922266,https://www.etsy.com/listing/4548922266,syngonium mojito,A_owned;C_ships,Syngonium Mojito Canvas - House Plants Wallart,AnnasPlantlings,Heimwerker Hühnchen,United States,New York,,,,5.0,7.0,45.0,2.5 years on Etsy,2.5,False,False,False,,,,False,us/,Meet your seller. AnnasPlantlings · Owned by Heimwerker Hühnchen |. United States. 5.0 (7). 45 sales. 2.5 years on Etsy. Message seller · Following Follow shop ...
4540435244,https://www.etsy.com/listing/4540435244,syngonium mojito,A_owned;B_star;C_ships,Syngonium Mojito Mottled Unique Plant Tropical Houseplant,MooniqueID,Amak Faqot,"Bali, Indonesia",Indonesia,"Jul 19, 2026",,,5.0,1.0,18.0,5 months on Etsy,0.42,True,False,False,,,,False,us/,"Owned by Amak Faqot |. Bali, Indonesia. 5.0 (1). 18 sales. 5 months on Etsy. Message seller · Following Follow shop. This seller usually responds within a few ..."
4541673142,https://www.etsy.com/listing/4541673142,syngonium mojito,A_owned;C_ships,"Syngonium Mojito Houseplant Poster, Botanical Leaf Print ...",ModernInkMuse,Samuel,United Kingdom,United Kingdom,"Jul 21, 2026",,,4.9,8.0,45.0,2 months on Etsy,0.17,False,False,False,,,,True,us/,"Syngonium Mojito ... Syngonium Mojito Houseplant Poster, Botanical ... Owned by Samuel |. United Kingdom. 4.9 (8). 45 sales. 2 months on Etsy. Message seller."
4501211199,https://www.etsy.com/listing/4501211199,syngonium mojito,A_owned;C_ships,Syngonium (mystery Plant) - Shipped in Sphagnum Moss,plantbinch,afairbanks0,,"Chicago, IL","May 7, 2026",,,,,,,,False,False,False,,,,False,us/,Meet your seller. plantbinch · Owned by afairbanks0 | ... Syngonium Mojito. Tropical Plant Decor. Mini Pixie ... Sell on Etsy Opens a new tab · Teams ...
1565865716,https://www.etsy.com/listing/1565865716,syngonium mojito,A_owned;B_star,Syngonium Podophyllum - Multiple Options - Exact Plant Shown ...,LSOHPlantLady,Sandie M,"Holt, Florida",,,,,5.0,1900.0,4500.0,2.5 years on Etsy,2.5,True,False,False,,,,False,us/,"Owned by Sandie M |. Holt, Florida. 5.0 (1.9k). 4.5k sales. 2.5 years on Etsy. Message seller · Following Follow shop. This seller usually responds within a few ..."
4411766786,https://www.etsy.com/listing/4411766786,syngonium mojito,A_owned;C_ships;D_plain,Syngonium Mojito 4-inch,GenevaSpringsFarm,Shunda Garner,"Pickens, Mississippi","Canton, MS","Jul 27, 2026",2,,4.5,766.0,3300.0,4 years on Etsy,4.0,False,False,False,,,10,False,us/,"Syngonium mojito 4-inch. GenevaSpringsFarm. 4.5 out of 5 stars. Arrives ... Owned by Shunda Garner |. Pickens, Mississippi. 4.5 (766). 3.3k sales. 4 years on Etsy."
4480435146,https://www.etsy.com/listing/4480435146,syngonium mojito,A_owned,Syngonium Panda in 6 Inch Pot - Exact Plant,,Kayla Fathbruckner,"Kenton, Ohio",,,,,4.9,74.0,190.0,4 months on Etsy,0.33,False,False,False,,,,False,us/,"All sales ... Owned by Kayla Fathbruckner |. Kenton, Ohio. 4.9 (74). 190 sales. 4 months on Etsy. Message seller · Following Follow shop ... Syngonium Mojito."
1716994609,https://www.etsy.com/listing/1716994609,syngonium mojito,A_owned,Medieval Female Armor Breastplate: Steel or Leather Roman ...,,Nauticalhomedeco,"Roorkee, India",,,,,4.6,141.0,607.0,6 years on Etsy,6.0,False,False,False,,,,False,us/,"... Owned by Nauticalhomedeco |. Roorkee, India. 4.6 (141). 607 sales. 6 years on Etsy ... Syngonium Mojito. Brooches Pins & Clips. Vintage Metal Rose Flower Brooch ..."
1515755835,https://www.etsy.com/listing/1515755835,syngonium mojito,A_owned,Syngonium Mojito,PlantgirlmagikShop,Danielle Smith,United States,,,,,5.0,15.0,23.0,3 years on Etsy,3.0,False,False,False,,,,False,us/,Meet your seller. PlantgirlmagikShop · Owned by Danielle Smith |. United States. 5.0 (15). 23 sales. 3 years on Etsy. Message seller · Following Follow shop.
4305826712,https://www.etsy.com/listing/4305826712,syngonium mojito,A_owned;B_star,Syngonium Mojito Vinyl Sticker - Rare Plant Illustration ...,FerneCreative,Ferne Glannan-macrae,"Bristol, United Kingdom",,,,,5.0,1600.0,5600.0,6 years on Etsy,6.0,True,False,False,,,,True,us/,"Syngonium Mojito Vinyl Sticker - Rare Plant Illustration ... Owned by Ferne Glannan-macrae |. Bristol, United Kingdom. 5.0 (1.6k). 5.6k sales. 6 years on Etsy."
4295042929,https://www.etsy.com/listing/4295042929,syngonium mojito,A_owned,Syngonium Mojito Cutting ~ High Variegation Houseplant,,,,,,,,,,,,,False,False,False,,,,False,us/,"The ``Mojito'' Syngonium (Syngonium podophyllum 'Mojito') is a popular, variegated houseplant known for its striking, marbled foliage with deep green and ..."
1515757131,https://www.etsy.com/listing/1515757131,syngonium mojito,A_owned,Syngonium Mojito,,Danielle Smith,United States,,,,,5.0,15.0,23.0,3 years on Etsy,3.0,False,False,False,,,,False,us/,Owned by Danielle Smith |. United States. 5.0 (15). 23 sales. 3 years on Etsy. Message seller · Following Follow shop. This seller usually responds within a few ...
1319199389,https://www.etsy.com/listing/1319199389,syngonium mojito,A_owned;C_ships,Syngonium Mojito -4'' From California Tropicals,CaliforniaTropicals,California Tropicals LLC,United States,"Mira Loma, CA","Aug 16, 2026",56,,4.8,54200.0,165600.0,7 years on Etsy,7.0,False,False,False,,,,False,us/,Meet your seller. CaliforniaTropicals · Owned by California Tropicals LLC |. United States. 4.8 (54.2k). 165.6k sales. 7 years on Etsy. Message seller.
4347742366,https://www.etsy.com/listing/4347742366,syngonium mojito,A_owned;B_star,Mojito - Syngonium - Multiple Options - US Seller,LSOHPlantLady,Sandie M,"Holt, Florida",,,,,5.0,2000.0,4700.0,2.5 years on Etsy,2.5,True,False,False,,,,False,us/,"Owned by Sandie M |. Holt, Florida. 5.0 (2k). 4.7k sales. 2.5 years on Etsy. Message seller · Following Follow shop. This seller usually responds within a few ..."
1675455375,https://www.etsy.com/listing/1675455375,syngonium mojito,A_owned;B_star;C_ships,"Syngonium Mojito, Stunning Colors Mottled Mojito,holland ...",Xiao1977,sxq0224,"Virginia Beach, Virginia","Virginia Beach, VA","Sep 12, 2026",304,,4.9,4100.0,10200.0,4 years on Etsy,4.0,True,False,False,,,,False,us/,"May include: A Syngonium Mojito plant featuring arrow-shaped leaves ... Owned by sxq0224 |. Virginia Beach, Virginia. 4.9 (4.1k). 10.2k sales. 4 years on Etsy."
4452616703,https://www.etsy.com/listing/4452616703,syngonium mojito,A_owned;B_star,Syngonium Mojito Rooted Cutting,RadAroids,Kinsey Rademacher,,,,,,5.0,32.0,63.0,5 months on Etsy,0.42,True,False,False,,,,False,us/,"Owned by Kinsey Rademacher |. St. George, Utah. 5.0 (32). 63 sales. 5 months on Etsy. Message seller · Following Follow shop. This seller usually responds ..."
1890696609,https://www.etsy.com/listing/1890696609,syngonium mojito,A_owned,Syngonium Mojito,,Sarah Henke,United States,,,,,4.7,138.0,387.0,6 years on Etsy,6.0,False,False,False,,,,False,us/,Owned by Sarah Henke |. United States. 4.7 (138). 387 sales. 6 years on Etsy. Message seller · Following Follow shop. This seller usually responds within a few ...
1559476460,https://www.etsy.com/listing/1559476460,syngonium mojito,A_owned;B_star;C_ships;D_plain,"Syngonium Mojito Minty Leaves, Minty Mojito, Stunning ...",Xiao1977,sxq0224,"Virginia Beach, Virginia","Virginia Beach, VA","Sep 26, 2026",1497,,4.9,4100.0,10200.0,4 years on Etsy,4.0,True,False,False,,,7,False,us/,"Owned by sxq0224 |. Virginia Beach, Virginia. 4.9 (4.1k). 10.2k sales. 4 years on Etsy. Message seller · Following Follow shop. This seller usually responds ..."
4390423358,https://www.etsy.com/listing/4390423358,syngonium mojito,A_owned,"4"" Syngonium Mojito | Mottled Arrowhead *toxic If Ingested*",,Dayna Fauth,"Webster, New York",,,,,5.0,350.0,551.0,5 years on Etsy,5.0,False,False,False,,,,False,us/,"4"" Syngonium Mojito | Mottled Arrowhead *Toxic if Ingested*. PupsNPlantsUS ... Owned by Dayna Fauth |. Webster, New York. 5.0 (350). 551 sales. 5 years on Etsy."
4342600425,https://www.etsy.com/listing/4342600425,syngonium mojito,A_owned,"Syngonium Mojito Mottled Live Plant, Rare Variegated ...",TropikHaven,Danang,Indonesia,,,,,4.3,14.0,59.0,1 year on Etsy,1.0,False,False,False,,,,False,us/,Meet your seller. TropikHaven · Owned by Danang |. Indonesia. 4.3 (14). 59 sales. 1 year on Etsy. Message seller · Following Follow shop.
1704194112,https://www.etsy.com/listing/1704194112,syngonium mojito,B_star;C_ships,Syngonium Mojito Plant - 4 Inch Pot - Live Plant,BronxPlantLady,,,"Middletown, NY","Oct 2, 2026",436,,,,,,,True,False,False,,,,False,us/,Syngonium Mojito Plant - 4 inch Pot - Live Plant - optional decorative pot. BronxPlantLady. Star Seller. Star Sellers have an outstanding track record for ...
1681849108,https://www.etsy.com/listing/1681849108,syngonium mojito,B_star,Syngonium Mojito Mottled Rare Uniqe Plant,NsntrTropicalPlant,,,,,,,,,,,,True,False,False,,,,False,us/,NsntrTropicalPlant is a star seller Specializes in Planters & Pots. Reviews ... Syngonium Mojito Mottled Rare Uniqe Plant. $25.00.
4566574688,https://www.etsy.com/listing/4566574688,syngonium mojito,B_star,Hoya Nova Ghost,AllPlantsVariegated,,,,,,,,,,,,True,False,False,,,,False,us/,AllPlantsVariegated is a star seller. Be the first ... Meet your seller. AllPlantsVariegated. Star Seller ... Syngonium Mojito Unrooted Cutting. $9.00 ...
4299350143,https://www.etsy.com/listing/4299350143,syngonium mojito,B_star,Syngonium Lime Soda Variegated 4” - US SELLER,RareFoliagePlantCo,,,,,,,,,,,,True,False,False,,,,False,us/,RareFoliagePlantCo is a star seller Specializes in Plants. Reviews for this ... Syngonium Mojito. Syngonium Lime Soda. Philodendron Octopus. Pink Salmon ...
4531679023,https://www.etsy.com/listing/4531679023,syngonium mojito,B_star,"Anthurium Radicans X Luxurians 4"" Pot (2 Plants per Pot) *(ALL ...",KayKaysplanties,,,,,,,,,,,,True,False,False,,,,False,us/,KayKaysplanties is a star seller. Be the first to ... Meet your seller. KayKaysplanties. Star Seller ... Syngonium Mojito. Syndapsus. Marbled Monstera. You ...
4472489323,https://www.etsy.com/listing/4472489323,syngonium mojito,B_star,Philodendron Hederaceum 'micans' - 4 Inch Pot - Exact Plant,HausOfRootsLLC,,,,,,,,,,,,True,False,False,,,,False,us/,Philodendron hederaceum 'Micans' - 4 Inch Pot - Exact Plant. HausOfRootsLLC. Star Seller ... Star Seller ... Explore related searches. Syngonium Mojito. White ...
4474702430,https://www.etsy.com/listing/4474702430,syngonium mojito,B_star,Hoya Mathilde Splash,BrentandtheBeanstalk,,,,,,,,,,,,True,False,True,,,,False,us/,BrentandtheBeanstalk is a star seller. 5 out of 5 ... Star Seller ... Rave reviews Average review rating is 4.8 or higher. More from this shop. Visit shop ...
4327621677,https://www.etsy.com/listing/4327621677,syngonium mojito,C_ships,Syngonium Mojito - Exact Plant - Plastic Pot Included,SomaNature,,,New Jersey,,,,5.0,,,,,False,False,False,,,,False,us/,40% off. •. Sale ends in 4 days. Syngonium Mojito - Exact Plant - Plastic Pot Included. SomaNature. 5 out of 5 stars. Ships from New Jersey. Arrives soon! Get ...
4521740139,https://www.etsy.com/listing/4521740139,syngonium mojito,D_plain,"Syngonium Mojito – 6"" Pot – Exact Plant Shown",,,,,,,,,,,,,False,False,False,,,1,False,us/,Syngonium Mojito – 6 Pot – Exact Plant Shown Bring home one of the most unique and sought-after Syngoniums! The Syngonium Mojito features stunning marbled ...
4568155888,https://www.etsy.com/listing/4568155888,syngonium mojito,D_plain,Syngonium 'mottled' / 'mojito',,,,,,,,,,,,,False,False,False,,,4,False,us/,"Syngonium Mojito Minty leaves, Minty Mojito, stunning colors ..."
4521410083,https://www.etsy.com/listing/4521410083,syngonium mojito,D_plain,Syngonium Mojito Rare Starter Plant *(ALL Plants Require You ...,,,,,,,,,,,,,False,False,False,,,5,False,us/,Syngonium mojito rare starter plant *(ALL plants require you to purchase any 2 plants)* ; US seller rooted Syngonium Chiapense variegated halfmoon variegation ...
1741910102,https://www.etsy.com/listing/1741910102,syngonium mojito,D_plain,Syngonium Mojito 3” #S67,,,,,,,,,,,,,False,False,False,,,9,False,us/,"You will get the plant pictured. CARE: Your Syngonium mojito plant will cope with a variety of lightings, but it will shine its brightest when it's kept ..."
1861797447,https://www.etsy.com/listing/1861797447,syngonium mojito,D_plain,This item is unavailable - Etsy,,,,,,,,,,,,,False,False,False,,,11,False,us/,"Find the perfect handmade gift, vintage & on-trend clothes, unique jewelry, and more… lots more."
4339407480,https://www.etsy.com/listing/4339407480,syngonium mojito,D_plain,4” MOJITO Syngonium nice VARIEGATION pot - fully rooted ...,,,,,,,,,,,,,False,False,False,,,12,False,us/,You will receive a 4” fully rooted and nicely mottled Syngonium Mojito pot with new growth from an experienced plant shipper. Please check the night temperatures for your weather for the upcoming week.
4526991871,https://www.etsy.com/listing/4526991871,syngonium mojito,D_plain,"Syngonium Mojito Variegated 6"" pot, Fedex 2day - Etsy",,,,,,,,,,,,,False,False,False,,,13,False,us/,"FREE FEDEX 2 DAY AIR UPGRADE when you purchase any 3 plants. PLEASE READ BEFORE PURCHASING Purchase & Shipping Terms By completing your purchase, you agree to the following terms: You will receive a similar plant as shown in the listing photos. Plants are shipped in their pot, securely packaged"
4338298499,https://www.etsy.com/listing/4338298499,syngonium mojito,D_plain,Live Syngonium Mojito Plant - Etsy,,,,,,,,,,,,,False,False,False,,,14,False,us/,Beautiful live Syngonium mojito plants growing in a 3” cup . Well rooted 3 healthy leaves New leaf coming out.
1410693794,https://www.etsy.com/listing/1410693794,syngonium mojito,D_plain,Syngonium Mojito Reverted SYN18 - Etsy,,,,,,,,,,,,,False,False,False,,,15,False,us/,"This is the exact syngonium mojito reverted plant you will receive. Aroids enjoy moderately warm and humid climates. The plant shown here lives in an environment that is approximately 70F, and around 70% humidity. This is the exact plant you will receive. 2 day or overnight shipping only please!"
1096576334,https://www.etsy.com/listing/1096576334,syngonium mojito,D_plain,Rare Syngonium Mojito - Fully Rooted Houseplant - US Seller,,,,,,,,,,,,,False,False,False,,,16,False,us/,"Gorgeous funky and rare plant! This is a fully rooted & healthy rare form of the Syngonium plant. 👍🌱Yes, you get this actual plant. * Free shipping, because you just don’t need to worry about that! 😉 Will send Priority Mail. I am an honest US Seller who grows and propagates all my plants here in"
1464309561,https://www.etsy.com/listing/1464309561,syngonium mojito,D_plain,This item is unavailable - Etsy,,,,,,,,,,,,,False,False,False,,,17,False,us/,"Find the perfect handmade gift, vintage & on-trend clothes, unique jewelry, and more… lots more."
4373117342,https://www.etsy.com/listing/4373117342,syngonium pink splash,A_owned;C_ships;D_plain,Syngonium 'pink Splash' - Home and Garden Houseplant,SunSoakedPlants,Kalin,"Atlanta, Georgia","Peachtree City, GA","May 18, 2026",5,,4.8,1400.0,6900.0,6 years on Etsy,6.0,False,False,False,,,2,False,us/,"Meet your seller. SunSoakedPlants · Owned by Kalin |. Atlanta, Georgia. 4.8 (1.4k). 6.9k sales. 6 years on Etsy. Message seller · Following Follow shop."
4568854381,https://www.etsy.com/listing/4568854381,syngonium pink splash,A_owned,"4"" Syngonium Pink Splash",RoxelRoots,Nicole Villers,United States,,,,,4.6,51.0,131.0,3 years on Etsy,3.0,False,False,False,,,,False,us/,Meet your seller. RoxelRoots · Owned by Nicole Villers |. United States. 4.6 (51). 131 sales. 3 years on Etsy. Message seller · Following Follow shop. This ...
4533677282,https://www.etsy.com/listing/4533677282,syngonium pink splash,A_owned;B_star;C_ships,Syngonium Pink Splash Starter Plant *(ALL Plants Require You ...,KayKaysplanties,KayKay,"Orlando, Florida","Merritt Island, FL","Jul 17, 2026",2,,4.8,4100.0,16800.0,3 months on Etsy,0.25,True,False,False,,,,False,us/,"Syngonium Pink splash starter plant *(ALL plants ... Syngonium Pink splash ... Owned by KayKay |. Orlando, Florida. 4.8 (4.1k). 16.8k sales. 3 months on Etsy."
4547840915,https://www.etsy.com/listing/4547840915,syngonium pink splash,A_owned;C_ships,Syngonium Pink Splash - 4” Pot,landofalicestudio,Alicia,,"Orlando, FL","Sep 3, 2026",12,,,,34400.0,14 years on Etsy,14.0,False,False,False,,,,False,us/,Meet your seller. landofalicestudio · Owned by Alicia | ... 34.4k sales. 14 years on Etsy. Message seller · Following Follow shop ... Sell on Etsy ...
844904131,https://www.etsy.com/listing/844904131,syngonium pink splash,A_owned;B_star;C_ships;D_plain,"Pink Splash Syngonium, EASY House Plant, Vining Plant",,Denise Edmondson,"Gadsden, Alabama","Steele, AL","Jul 6, 2026",,,4.8,3500.0,17600.0,12 years on Etsy,12.0,False,False,False,,,6,False,us/,"Owned by Denise Edmondson |. Gadsden, Alabama. 4.8 (3.5k). 17.6k sales. 12 years on Etsy. Message seller · Following Follow shop."
1214529837,https://www.etsy.com/listing/1214529837,syngonium pink splash,A_owned;C_ships;D_plain,"Syngonium Pink Splash in 4"" Pot (ships Bareroot)",,Kate,"Hallandale, Florida","Hallandale, FL","Jul 23, 2026",,19.99,4.7,5200.0,15000.0,5 years on Etsy,5.0,False,False,False,,,3,False,us/,"Owned by Kate |. Hallandale, Florida. 4.7 (5.2k). 15k sales. 5 years on Etsy. Message seller · Following Follow shop. This seller usually responds within 24 ..."
1759363809,https://www.etsy.com/listing/1759363809,syngonium pink splash,A_owned;B_star;D_plain,"Syngonium Pink Splash Allusion 4"" - US SELLER",RareFoliagePlantCo,Yibo,"Winter Garden, Florida",,,,,4.9,6500.0,17100.0,3 years on Etsy,3.0,True,False,False,,,9,False,us/,"Owned by Yibo |. Winter Garden, Florida. 4.9 (6.5k). 17.1k sales. 3 years on Etsy. Message seller · Following Follow shop. This seller usually responds within a ..."
1322123694,https://www.etsy.com/listing/1322123694,syngonium pink splash,A_owned,Syngonium Pink Splash!,,Vanessa Anduray,United States,,,,,4.9,975.0,2000.0,4 years on Etsy,4.0,False,False,False,,,,False,us/,Syngonium Pink splash! Housenplants. 5 out of 5 stars. Returns & exchanges ... Owned by Vanessa Anduray |. United States. 4.9 (975). 2k sales. 4 years on Etsy.
4563092461,https://www.etsy.com/listing/4563092461,syngonium pink splash,A_owned;D_plain,"Syngonium Pink Splash 4"" Pot",SouthernOakExotics,Hali Turville,,,,,,,,7500.0,6 years on Etsy,6.0,False,False,False,,,8,False,us/,Meet your seller. SouthernOakExotics · Owned by Hali Turville | ... 7.5k sales. 6 years on Etsy. Message seller · Following Follow shop ... Sell on Etsy ...
1894647479,https://www.etsy.com/listing/1894647479,syngonium pink splash,A_owned;B_star;D_plain,Syngonium Pink Splash Variegated Rare Ornamental Plant,cocoprabu,Yanwar Sasongko,Indonesia,,,,,4.9,110.0,344.0,1.5 years on Etsy,1.5,True,False,False,,,7,False,us/,Syngonium Pink Splash Variegated Rare Ornamental ... Owned by Yanwar Sasongko |. Indonesia. 4.9 (110). 344 sales. 1.5 years on Etsy. Message seller · Following ...
1665968495,https://www.etsy.com/listing/1665968495,syngonium pink splash,A_owned;C_ships,"Wholesale Syngonium Pink Splash, 2-3 Leaves, 10 Days ...",LATropicaMart,LATropicaMart,"Los Angeles, California","Los Angeles, CA","Jul 21, 2026",17,,4.7,5700.0,13400.0,4 years on Etsy,4.0,False,False,False,,,,False,us/,"Meet your seller. LATropicaMart · Owned by LATropicaMart |. Los Angeles, California. 4.7 (5.7k). 13.4k sales. 4 years on Etsy. Message seller."
4433827174,https://www.etsy.com/listing/4433827174,syngonium pink splash,A_owned;B_star;C_ships,"Syngonium Thai Pink Splash 2"" Starter Pot",LacquernLeaf,jls3969,United States,"Logan, OH","Jun 28, 2026",4,,4.9,40.0,230.0,2 years on Etsy,2.0,True,False,False,,,,False,us/,Owned by jls3969 |. United States. 4.9 (40). 230 sales. 2 years on Etsy. Message seller · Following Follow shop ... You may also like. See more · Syngonium Pink ...
4532421918,https://www.etsy.com/listing/4532421918,syngonium pink splash,A_owned,Syngonium Pink Splash Variegated Unique Snake Plant House ...,,Dapit Oioi,"Tulungagung, Indonesia",,,,,,0,0.0,1 month on Etsy,0.08,False,False,False,,,,False,us/,"Syngonium Pink Splash Variegated unique snake plant house plant ... Owned by Dapit Oioi |. Tulungagung, Indonesia. No reviews yet. 0 sales. 1 month on Etsy ... Sell ..."
4543961374,https://www.etsy.com/listing/4543961374,syngonium pink splash,A_owned;C_ships;D_plain,"Syngonium Pink Splash 3"" Pot - Pink Splash Plant",PlantVers,Daisy,"Lake Orion, Michigan","Oxford, MI","Jul 26, 2026",4,,4.7,41300.0,134400.0,6 years on Etsy,6.0,False,False,False,,,4,False,us/,"Syngonium Pink Splash 3"" Pot - Pink Splash Plant ... Owned by Daisy |. Lake Orion, Michigan. 4.7 (41.3k). 134.4k sales. 6 years on Etsy."
4497091993,https://www.etsy.com/listing/4497091993,syngonium pink splash,A_owned,Syngonium Pink Splash Ret Spot Varigated Live Plant Uniqe,,Sukron Bengkong,Indonesia,,,,,5.0,4.0,7.0,8 months on Etsy,0.67,False,False,False,,,,False,us/,Owned by Sukron Bengkong |. Indonesia. 5.0 (4). 7 sales. 8 months on Etsy. Message seller · Following Follow shop.
4524614590,https://www.etsy.com/listing/4524614590,syngonium pink splash,A_owned,Syngonium Pink Splash Variegated Rare Ornamental Plant,,Erix Ron Fata,Indonesia,,,,,,0,0.0,New on Etsy,0.0,False,False,False,,,,False,us/,Owned by Erix Ron Fata |. Indonesia. No reviews yet. 0 sales. New on Etsy. Message seller · Following Follow shop. More from this shop. Visit shop ...
1536198493,https://www.etsy.com/listing/1536198493,syngonium pink splash,A_owned,"Syngonium Pink Splash, 4"" Pot",KingdomPlantFarms,Aaron,"San Antonio, Texas",,,,,4.9,206.0,511.0,3 years on Etsy,3.0,False,False,False,,,,False,us/,"Syngonium Pink Splash, 4"" pot ... Meet your seller. KingdomPlantFarms · Owned by Aaron |. San Antonio, Texas. 4.9 (206). 511 sales. 3 years on Etsy."
4543540138,https://www.etsy.com/listing/4543540138,syngonium pink splash,A_owned,4” Pot | Rare Pink Variegated Arrowhead Plant | Live Houseplant,LunaHavenGarden,Chanjuan Gui,United States,,,,,4.8,26.0,158.0,2 years on Etsy,2.0,False,False,False,,,,False,us/,Meet your seller. LunaHavenGarden · Owned by Chanjuan Gui |. United States. 4.8 (26). 158 sales. 2 years on Etsy. Message seller · Following Follow shop. This ...
4509853381,https://www.etsy.com/listing/4509853381,syngonium pink splash,A_owned,Syngonium Pink Splash Plant - Rare Variegated Arrow Head Leaf,,Alex,United States,,,,,5.0,135.0,347.0,3 months on Etsy,0.25,False,False,False,,,,False,us/,Syngonium Pink Splash Plant - Rare Variegated ... Owned by Alex |. United States. 5.0 (135). 347 sales. 3 months on Etsy. Message seller · Following Follow shop.
4516119431,https://www.etsy.com/listing/4516119431,syngonium pink splash,A_owned,Syngonium Pink Splash Alution Rare Uniqe Snake Plant,,Mohamad Wiji,Indonesia,,,,,5.0,1.0,12.0,4 months on Etsy,0.33,False,False,False,,,,False,us/,Syngonium Pink Splash Alution Rare Uniqe Snake Plant ... Owned by Mohamad Wiji |. Indonesia. 5.0 (1). 12 sales. 4 months on Etsy ... Sell on Etsy · Teams · Forums ...
4520007413,https://www.etsy.com/listing/4520007413,syngonium pink splash,A_owned,Syngonium Pink Splash Live Plant – Rare Easy Care Tropical ...,,Caramel Marble,Indonesia,,,,,5.0,1.0,7.0,3 months on Etsy,0.25,False,False,False,,,,False,us/,Syngonium Pink Splash Live Plant – Rare Easy Care Tropical Houseplant ... Owned by Caramel Marble |. Indonesia. 5.0 (1). 7 sales. 3 months on Etsy ... Sell on Etsy ...
4376033464,https://www.etsy.com/listing/4376033464,syngonium pink splash,A_owned;B_star,Syngonium Pink Splash,plantproperco,plantproper,"Homestead, Florida",,,,,4.9,6000.0,14200.0,5 years on Etsy,5.0,True,False,False,,,,False,us/,"Owned by plantproper |. Homestead, Florida. 4.9 (6k). 14.2k sales. 5 years on Etsy ... Syngonium Pink Splash. $13.50."
4551651864,https://www.etsy.com/listing/4551651864,syngonium pink splash,A_owned;B_star,Syngonium 'red Spot Tricolor',Inquisitivegreens,Katie,"Michigan, United States",,,,,4.9,1500.0,3600.0,10 years on Etsy,10.0,True,False,False,,,,False,us/,"Owned by Katie |. Michigan, United States. 4.9 (1.5k). 3.6k sales. 10 years on Etsy. Message seller · Following Follow shop."
4299343972,https://www.etsy.com/listing/4299343972,syngonium pink splash,A_owned,"Syngonium Pink Flecked 4"" - US SELLER",,Yibo,"Winter Garden, Florida",,,,,4.9,6500.0,17100.0,3 years on Etsy,3.0,False,False,False,,,,False,us/,"Owned by Yibo |. Winter Garden, Florida. 4.9 (6.5k). 17.1k sales. 3 years on Etsy. Message seller · Following Follow shop. This seller usually responds within a ..."
1602728073,https://www.etsy.com/listing/1602728073,syngonium pink splash,A_owned;B_star,"Syngonium Pink Lava 4"" - US SELLER",RareFoliagePlantCo,,,,,,,,,,,,True,False,False,,,,False,us/,"beautiful and healthy plants, packaged carefully, shipped fast. one of the better experiences here on Etsy for plant shopping. thank you! Liziel ..."
4526870602,https://www.etsy.com/listing/4526870602,syngonium pink splash,A_owned,Syngonium Podophyllum 'pink Splash' | 6-inch Pot,,Orquideas Ramos,"Miami, Florida",,,,,4.8,1300.0,3600.0,1 year on Etsy,1.0,False,False,False,,,,False,us/,"Owned by Orquideas Ramos |. Miami, Florida. 4.8 (1.3k). 3.6k sales. 1 year on Etsy ... Syngonium Pink Splash Exact - opens in new tab · Syngonium Pink Spot Double ..."
1794238657,https://www.etsy.com/listing/1794238657,syngonium pink splash,A_owned;B_star,Syngonium Pink Splash Plant,Xiao1977,sxq0224,"Virginia Beach, Virginia",,,,,4.9,4100.0,10100.0,4 years on Etsy,4.0,True,False,False,,,,False,us/,"Owned by sxq0224 |. Virginia Beach, Virginia. 4.9 (4.1k). 10.1k sales. 4 years on Etsy ... Syngonium pink splash, pink ..."
4513779940,https://www.etsy.com/listing/4513779940,syngonium pink splash,A_owned;B_star,"Syngonium/nepthytis 6"" Pot Size, Rooted PINK SPLASH #P",KiKiBeauTeak,Marilyn Krause,"Floral City, Florida",,,,,4.9,964.0,3000.0,14 years on Etsy,14.0,True,False,False,,,,False,us/,"Owned by Marilyn Krause |. Floral City, Florida. 4.9 (964). 3k sales. 14 years on Etsy. Message seller · Following Follow shop. This seller usually responds ..."
4406058138,https://www.etsy.com/listing/4406058138,syngonium pink splash,A_owned,"Syngonium Pink Splash 4"" House Plant",phelsuma,phelsuma,"Downingtown, Pennsylvania",,,,,4.9,2100.0,4900.0,17 years on Etsy,17.0,False,False,False,,,,False,us/,"Syngonium Pink Splash 4"" House plant ... Meet your seller. phelsuma · Owned by phelsuma |. Downingtown, Pennsylvania. 4.9 (2.1k). 4.9k sales. 17 years on Etsy."
4472579863,https://www.etsy.com/listing/4472579863,syngonium pink splash,B_star;C_ships;D_plain,Syngonium Podophyllum Pink Splash,PawsitivePlantPowers,,,"Indianapolis, IN","Jul 16, 2026",,,,,,,,True,False,False,,,5,False,us/,PawsitivePlantPowers is a star seller. Be the ... Syngonium Pink Splash. Syngonium Green Splash ... Syngonium Pink Splash Exact - opens in new tab.
4455386504,https://www.etsy.com/listing/4455386504,syngonium pink splash,B_star,Syngonium Podophyllum Pink Splash - Exact Plant - Plastic Pot ...,SomaNature,,,,,,,,,,,,True,False,False,,,,False,us/,Syngonium Podophyllum Pink Splash - Exact Plant - Plastic Pot Included. SomaNature. Star Seller ... SomaNature is a star seller. Be the first to ... Syngonium Pink ...
4511846975,https://www.etsy.com/listing/4511846975,syngonium pink splash,B_star,Syngonium Pink Splash Arrowhead Plant | Variegated ...,LasOrquideasRamos,,,,,,,,,,,,True,False,False,,,,False,us/,"Syngonium Pink Splash Arrowhead Plant | Variegated Tropical Houseplant (4"" Pot). LasOrquideasRamos. Star Seller. Star Sellers have an outstanding track record ..."
4572294449,https://www.etsy.com/listing/4572294449,syngonium pink splash,B_star,"Syngonium Ice Frostplant | Tropical Houseplant (4"" Pot)",LasOrquideasRamos,,,,,,,,,,,,True,False,False,,,,False,us/,"Syngonium Ice FrostPlant | Tropical Houseplant (4"" Pot). LasOrquideasRamos. Star Seller ... LasOrquideasRamos is a star seller. Be the first ... Syngonium Pink ..."
4491255502,https://www.etsy.com/listing/4491255502,syngonium pink splash,B_star,Syngonium “pink Splash” Starter Plant **(ALL ...,TheTropicalOasis,,,,,,,,,,,,True,False,False,,,,False,us/,Syngonium “Pink Splash” starter plant **(ALL starter plants require you to purchase any 2 plants)**. TheTropicalOasis. Star Seller. Star Sellers have an ...
4556708447,https://www.etsy.com/listing/4556708447,syngonium pink splash,B_star,Syngonium Pink Salmon Variegated Tropical House Plant,MahameruLandscape,,,,,,,,,,,,True,False,False,,,,False,us/,Syngonium Pink Salmon Variegated tropical house plant. MahameruLandscape. Star Seller ... MahameruLandscape is a star seller. Be the first to review this item.
4501279895,https://www.etsy.com/listing/4501279895,syngonium pink splash,B_star,Syngonium Pink Splash Rare Live Plant,LilyParadiseFlowers,,,,,,,,,,,,True,False,False,,,,False,us/,Syngonium Pink Splash Rare Live Plant. LilyParadiseFlowers. Star Seller. Star Sellers have an outstanding track record for providing a great customer ...
1890828359,https://www.etsy.com/listing/1890828359,syngonium pink splash,B_star,Syngonium Pink Splash Plant - Rare Variegated Arrow ...,TheOddFrond,,,,,,,,,,,,True,False,False,,,,False,us/,Syngonium Pink Splash Plant - Rare Variegated Arrow Head Leaf | Live ... TheOddFrond is a star seller. Reviews for this item. 4.9. Item average. We ...
4526881577,https://www.etsy.com/listing/4526881577,syngonium pink splash,B_star,"Syngonium Holly Plant | Silver Arrowhead, Easy Care Tropical ...",LasOrquideasRamos,,,,,,,,,,,,True,False,False,,,,False,us/,"Syngonium Holly Plant | Silver Arrowhead, Easy Care Tropical Houseplant, 6 Inch Pot. LasOrquideasRamos. Star Seller ... LasOrquideasRamos is a star seller. Be the ..."
4522541384,https://www.etsy.com/listing/4522541384,syngonium pink splash,C_ships;D_plain,Syngonium Pink Splash Live Plant | Pink Variegated Arrowhead ...,FloravinesCo,,,"Farmington, MI","Jun 15, 2026",,,,,,,,False,False,False,,,1,False,us/,"This House Plants item is sold by FloravinesCo. Ships from Farmington, MI. Listed on Jun 15, 2026. ... Syngonium Pink Splash ... Variegated Syngonium Pink Splash | ..."
1220031260,https://www.etsy.com/listing/1220031260,syngonium pink splash,C_ships,"Syngonium Pink Allusion in 4"" & 6"" pot (ships bareroot) | S ...",,,,,,,,,,,,,False,False,False,,,,False,us/,"You will receive a mature plant similar to the one shown in the pictures. It has multiple stems for a really full look and is grown in 6"" pot (shipped bareroot (with minimal soil on roots) to lower the shipping cost). This bright and beautiful cultivar will add an exotic pop of color to your space. It features gorgeous arrowhead shaped leaves dusted with pale pink. Syngoniums are vigorous ..."
4500163940,https://www.etsy.com/listing/4500163940,syngonium pink splash,C_ships,Syngonium Pink Splash Rare Tropical House Plant - Etsy,SalamLestari,,,Indonesia,"May 6, 2026",,,,,,,,False,False,False,,,,False,us/,"This Indoor Planters item is sold by SalamLestari. Ships from Indonesia. Listed on May 6, 2026"
4499734556,https://www.etsy.com/listing/4499734556,syngonium pink splash,C_ships,Syngonium Pink Venom Variegated Rare Aroid Indoor ... - Etsy,,,,,,,,,,,,,False,False,False,,,,False,us/,"Description: Syngonium Pink Venom is a striking and rare aroid prized for its vibrant pink splashes and unique variegation. Each leaf displays a beautiful mix of soft green and vivid pink tones, making every plant truly one-of-a-kind. This eye-catching tropical plant is perfect for collectors and plant lovers looking to add a bold pop of color to their indoor jungle. Easy to care for and fast ..."
4411205527,https://www.etsy.com/listing/4411205527,syngonium pink splash,C_ships,Actual Plant Syngonium Pink Salmon Variegated - Etsy,NOESANTRAPLANT,,,Indonesia,"Mar 25, 2026",14,,,,,,,False,False,False,,,,False,us/,"This House Plants item by NOESANTRAPLANT has 14 favorites from Etsy shoppers. Ships from Indonesia. Listed on Mar 25, 2026"
4530958026,https://www.etsy.com/listing/4530958026,syngonium pink splash,C_ships,"Syngonium Pink Splash Live Plant, Variegated Arrowhead Vine ...",,,,,,,,,,,,,False,False,False,,,,False,us/,"Syngonium Pink Splash is a charming variegated Arrowhead Vine known for its unique green leaves decorated with soft pink speckles, splashes, and blush-toned variegation."
4398777632,https://www.etsy.com/listing/4398777632,syngonium pink splash,C_ships,"4"" Syngonium Pink Allusion - Etsy",,,,,,,,,,,,,False,False,False,,,,False,us/,"Bring a soft splash of color to your space with the Syngonium Pink Allusion, a rare and eye-catching pink indoor plant loved for its pastel green leaves and rosy pink veins. This low-maintenance tropical houseplant is perfect for plant beginners and collectors alike. Its compact, bushy growth makes it ideal for desks, shelves, or small pots. Plant Features: -Gorgeous green leaves with pink ..."
4528217548,https://www.etsy.com/listing/4528217548,syngonium pink splash,D_plain,Syngonium Pink Splash 6” Pot | Spotted Arrowhead | Easy Care ...,,,,,,,,,,,,,False,False,False,,,10,False,us/,"Add a pop of color to your plant collection with the beautiful Syngonium 'Pink Splash'. This eye-catching variety features lush, arrow-shaped leaves adorned ..."
1098140020,https://www.etsy.com/listing/1098140020,syngonium pink splash,D_plain,Syngonium Pink Splash Variegated,,,,,,,,,,,,,False,False,False,,,11,False,us/,"Syngonium pink splash is an easy-going uncommon plant with pink arrowhead shaped foliage. As you can see in my three photos, they are all from the same mother ..."
1284485226,https://www.etsy.com/listing/1284485226,syngonium pink splash,D_plain,Syngonium Pink Splash,,,,,,,,,,,,,False,False,False,,,12,False,us/,-We are shipping the FULL FORM plant with sphagnum moss to cover plants roots with the best care to make the plants alive and strong enough until it delivers ...
4406184078,https://www.etsy.com/listing/4406184078,syngonium pink splash,D_plain,Syngonium Pink Splash | 4-inch Pot,,,,,,,,,,,,,False,False,False,,,13,False,us/,"Syngonium Pink Splash | 4-inch pot ; Snow'N'Summer Jasmine, Variegated Pink White Foliage, 4"" Container Plant. RiverLeafFoliage From shop RiverLeafFoliage."
1869380336,https://www.etsy.com/listing/1869380336,syngonium pink splash,D_plain,Syngonium Pink Splash EXACT PLANT,pamstrplants,,,New Jersey,,,,5.0,,,,,False,False,False,,,14,False,us/,Only 1 left! 25% off. •. Sale ends in 3 days. Syngonium Pink Splash EXACT PLANT. pamstrplants. 5 out of 5 stars. Ships from New Jersey. Arrives soon! Get it by.
1183350897,https://www.etsy.com/listing/1183350897,syngonium pink splash,D_plain,Syngonium Pink Splash Plant - 4-inch Pot,,,,,,,,,,,,,False,False,False,,,15,False,us/,"Highlights ... You will receive plants ~4 inches. ... Syngonium 'Pink Splash' is an adorable and quirky Syngonium with pink splotches against a fresh, green leaf."
4471089557,https://www.etsy.com/listing/4471089557,syngonium pink splash,D_plain,Syngonium Pink Splash,,,,,,,,,,,,,False,False,False,,,16,False,us/,"Syngonium Pink Splash. $18.00. Syngonium Pink Splash. $39.00. Syngonium Pink Splash, 4"" pot. Syngonium Pink Splash, 4"" pot."
942355194,https://www.etsy.com/listing/942355194,syngonium pink splash,D_plain,Syngonium Podophyllum Pink,,,,,,,,,,,,,False,False,False,,,17,False,us/,Syngonium Pink Splash EXACT PLANT. $30.00. GIFTS. Browse by interest for the best gifts! Shop now · The Plant Parent. The <br ...
4455742614,https://www.etsy.com/listing/4455742614,syngonium pink splash,D_plain,Syngonium Pink Splash,,,,,,,,,,,,,False,False,False,,,18,False,us/,"Syngonium Pink Splash Plant - 4-Inch Pot. $36.00. Syngonium Pink Splash, 4"" pot. Syngonium Pink Splash, 4"" pot."
4544464984,https://www.etsy.com/listing/4544464984,texas ebony plant,A_owned;C_ships,10 - Texas Ebony Tree Seeds (ebenopsis Ebano),agseedco,Walter,United States,"Harlingen, TX","Jul 26, 2026",2,,5.0,2.0,6.0,,,False,False,False,,,,True,us/,10 - Texas Ebony Tree Seeds (Ebenopsis ebano) ... You've found a shop that is new to Etsy! agseedco · Owned by Walter |. United States. 5.0 (2). 6 sales. 4 months ...
4536110968,https://www.etsy.com/listing/4536110968,texas ebony plant,A_owned;C_ships;D_plain,Pithecellobium Flexicaule Evergreen Ornamental Tree Seeds,NeniGarden,neni marlina,"New York, United States",New York,,,,,0,0.0,New on Etsy,0.0,False,False,False,,,13,True,us/,"Meet your seller. NeniGarden · Owned by neni marlina |. New York, United States. No reviews yet. 0 sales. New on Etsy. Message seller · Following Follow shop ..."
4528844198,https://www.etsy.com/listing/4528844198,texas ebony plant,A_owned;C_ships,"Texas Ebony Tree Seeds, Pithecellobium Flexicaule, Drought ...",MichaelaShop88,Mikailla Shop,"Rochester, New York","Rochester, NY","Jun 27, 2026",,,3.0,2.0,16.0,2 months on Etsy,0.17,False,False,False,,,,True,us/,"Texas Ebony Tree ... Texas Ebony Tree Seeds, Pithecellobium Flexicaule ... Owned by Mikailla Shop |. Rochester, New York. 3.0 (2). 16 sales. 2 months on Etsy."
1023204573,https://www.etsy.com/listing/1023204573,texas ebony plant,A_owned,Tiki Princess in Texas Ebony,,Mark F,"Corpus Christi, Texas",,,,,4.8,28.0,83.0,7 years on Etsy,7.0,False,False,False,,,,False,us/,"Owned by Mark F |. Corpus Christi, Texas. 4.8 (28). 83 sales. 7 years on Etsy. Message seller · Following Follow shop. This seller usually responds within a few ..."
1903479909,https://www.etsy.com/listing/1903479909,texas ebony plant,A_owned;B_star,"Minimalist Forest T-shirt: Florida, Texas Trees - Comfort Colors Tee",Seller,Mar,"Florida, United States",,,,,4.7,39.0,142.0,,,True,False,False,,,,True,us/,"Florida Maple, Dogwood, and Texas Ebony form F.D.T. ... Owned by Mar |. Florida, United States. 4.7 (39). 142 sales ... Find it on Etsy. Gender Neutral Adult ..."
1188100750,https://www.etsy.com/listing/1188100750,texas ebony plant,A_owned;C_ships;D_plain,Rare Texas Ebony - 4'' From California Tropicals,CaliforniaTropicals,California Tropicals LLC,United States,"Mira Loma, CA","Jul 18, 2026",152,,4.8,54100.0,165200.0,,,False,False,False,,,15,False,us/,Owned by California Tropicals LLC |. United States. 4.8 (54.1k). 165.2k sales. 7 ... Find it on Etsy. Outdoor & Garden. Buy Wrought Iron Ivy Online.
4442717083,https://www.etsy.com/listing/4442717083,texas ebony plant,A_owned;B_star;C_ships,Rollerball Pen Mun Ebony Body (diospryus Mun) With Chrome ...,Seller,Paul,"Pearland, Texas","Pearland, TX","May 18, 2026",,,5.0,79.0,161.0,5 years on Etsy,5.0,True,False,False,,,,False,us/,"Owned by Paul |. Pearland, Texas. 5.0 (79). 161 sales. 5 years on Etsy ... Texas Ebony Wood Pen - opens in new tab · Ebony ... on Etsy app, and the Etsy app, as ..."
1204522213,https://www.etsy.com/listing/1204522213,texas ebony plant,A_owned;B_star;C_ships,Texas Ebony Seeds,DesertGardenShop,Andrea Knob,United States,"Scottsdale, AZ","Sep 2, 2026",88,,4.8,40.0,153.0,4 years on Etsy,4.0,False,False,False,,,,True,us/,Texas Ebony seeds. DesertGardenShop. 5 out of ... Owned by Andrea Knob |. United States. 4.8 (40). 153 sales. 4 years on Etsy. Message seller · Following Follow ...
1301166073,https://www.etsy.com/listing/1301166073,texas ebony plant,A_owned;B_star,Texas Ebony Pen Blanks 20 Pc - Free Shipping,VIPWoodenPens,CJ Stone,"Colorado Springs, Colorado",,,,,5.0,135.0,324.0,10 years on Etsy,10.0,True,False,False,,,,False,us/,"Owned by CJ Stone |. Colorado Springs, Colorado. 5.0 (135). 324 sales. 10 years on Etsy. Message seller · Following Follow shop. This seller usually responds ..."
4476353793,https://www.etsy.com/listing/4476353793,texas ebony plant,A_owned;B_star,"Handmade Ash Wood Gonk (gnome) - Black Flecks and Grey, ...",WildHuntArt,Stuart Hunt,"Warrington, United Kingdom",,,,,5.0,26.0,57.0,2.5 years on Etsy,2.5,True,False,False,,,,False,us/,"Owned by Stuart Hunt |. Warrington, United Kingdom. 5.0 (26). 57 sales. 2.5 years on Etsy. Message seller · Following Follow shop."
4434226129,https://www.etsy.com/listing/4434226129,texas ebony plant,A_owned;C_ships,Texas Ebony Seedling - Pre Bonsai,Seeds2TreesTX,brycecuda,"Texas, United States","San Antonio, TX","Aug 13, 2026",13,,4.9,35.0,145.0,9 months on Etsy,0.75,False,False,False,,,,False,us/,"You've found a shop that is new to Etsy! Seeds2TreesTX · Owned by brycecuda |. Texas, United States. 4.9 (35). 145 sales. 9 months on Etsy. Message ..."
4476737299,https://www.etsy.com/listing/4476737299,texas ebony plant,A_owned,Cardinal Flower (10) | Native Seeds,,Verdant Heirloom,"Rochester, New York",,,,,4.3,9.0,148.0,,,False,False,False,,,,True,us/,"* 10 Texas Ebony seeds (Pithecellobium flexicaule) ... Shop confidently on Etsy ... Owned by Verdant Heirloom |. Rochester, New York. 4.3 (9). 148 sales. 5 months on ..."
226417902,https://www.etsy.com/listing/226417902,texas ebony plant,A_owned,Dictionary Print - Minnesota,,Dustin Carpenter,"Saint Paul, Minnesota",,,,,4.9,67.0,358.0,12 years on Etsy,12.0,False,False,False,,,,True,us/,"Owned by Dustin Carpenter |. Saint Paul, Minnesota. 4.9 (67). 358 sales. 12 years on Etsy. Message seller · Following Follow shop ... Texas ebony(tt). Food & ..."
1236461707,https://www.etsy.com/listing/1236461707,texas ebony plant,A_owned;B_star,"Brass Hexagon Blank, 8 Raw Brass ...",Seller,Yakutum Jewelry,"Istanbul, Türkiye",,,,,4.9,110100.0,,17 years on Etsy,17.0,True,False,False,,,,False,us/,"Owned by Yakutum Jewelry |. Istanbul, Türkiye. 4.9 (110.1k). 1.3M sales. 17 years on Etsy. Message seller · Following Follow shop. This seller usually responds ..."
571994646,https://www.etsy.com/listing/571994646,texas ebony plant,A_owned,HAPPY PAWLIDAYS - 2 Premade Scrapbook Pages - EZ Layout ...,,scrapadapadoo,"Sandpoint, Idaho",,,,,4.9,10600.0,81100.0,15 years on Etsy,15.0,False,False,False,,,,False,us/,"Owned by scrapadapadoo |. Sandpoint, Idaho. 4.9 (10.6k). 81.1k sales. 15 years on Etsy. Message seller · Following Follow shop ... Texas ebony (g) - Raw Materials."
1288202429,https://www.etsy.com/listing/1288202429,texas ebony plant,A_owned;B_star,Texas Ebony Pen Blanks 10 Pc - Free Shipping,VIPWoodenPens,CJ Stone,"Colorado Springs, Colorado",,,,,5.0,135.0,324.0,10 years on Etsy,10.0,True,False,False,,,,False,us/,"Owned by CJ Stone |. Colorado Springs, Colorado. 5.0 (135). 324 sales. 10 years on Etsy. Message seller · Following Follow shop. This seller usually responds ..."
4465336360,https://www.etsy.com/listing/4465336360,texas ebony plant,A_owned;D_plain,Texas Ebony Tree Seeds – Rare Drought Tolerant ...,,Meyria Carolina,"Cincinnati, Ohio",,,,,2.9,2.0,46.0,5 months on Etsy,0.42,False,False,False,,,8,True,us/,"Texas Ebony Tree Seeds – Rare Drought Tolerant Ornamental ... Owned by Meyria Carolina |. Cincinnati, Ohio. 2.9 (2). 46 sales. 5 months on Etsy."
4353819816,https://www.etsy.com/listing/4353819816,texas ebony plant,A_owned,"Halloween Frame TV Art, Ghosts by Haunted Manor, Spooky ...",,Polina,Austria,,,,,4.9,6200.0,88300.0,3 years on Etsy,3.0,False,False,False,,,,False,us/,Owned by Polina |. Austria. 4.9 (6.2k). 88.3k sales. 3 years on Etsy. Message seller · Following Follow shop ... Texas Ebony Plant for Sale. Drawing & ...
1626952857,https://www.etsy.com/listing/1626952857,texas ebony plant,A_owned,Michigan Pendant With Three Pine Trees in Sterling Silver ...,,Lorelei,"Petoskey, Michigan",,,,,5.0,524.0,2300.0,11 years on Etsy,11.0,False,False,False,,,,True,us/,"Owned by Lorelei |. Petoskey, Michigan. 5.0 (524). 2.3k sales. 11 years on Etsy. Message seller · Following Follow shop. This seller usually responds within a ..."
1494188145,https://www.etsy.com/listing/1494188145,texas ebony plant,A_owned;D_plain,4 Inch Potted - Texas Ebony - Great for Bonsai-well Rooted ...,PlantTipz,Jade,"Los Angeles, California",,,,,4.7,7100.0,22700.0,6 years on Etsy,6.0,False,False,False,,,9,False,us/,"This does not warrant a refund. Meet your seller. PlantTipz · Owned by Jade |. Los Angeles, California. 4.7 (7.1k). 22.7k sales. 6 years on Etsy. Message ..."
1042164005,https://www.etsy.com/listing/1042164005,texas ebony plant,A_owned,Small Business Invoice Template | Minimalist Black & White ...,,Daphne,"St Louis, Missouri",,,,,5.0,1.0,32.0,5 years on Etsy,5.0,False,False,False,,,,True,us/,"Owned by Daphne |. St Louis, Missouri. 5.0 (1). 32 sales. 5 years on Etsy. Message seller · Following Follow shop ... Texas ebony (i). Glass Art. Stained glass ..."
4528536897,https://www.etsy.com/listing/4528536897,texas ebony plant,A_owned;B_star,Texas Ebony Cane,LiulfrCreations,ZiborianKillBot,United States,,,,,5.0,32.0,61.0,1.5 years on Etsy,1.5,True,False,False,,,,False,us/,Texas Ebony Cane. LiulfrCreations. Star ... Owned by ZiborianKillBot |. United States. 5.0 (32). 61 sales. 1.5 years on Etsy. Message seller · Following Follow ...
4338687112,https://www.etsy.com/listing/4338687112,texas ebony plant,B_star;C_ships;D_plain,"Ebenopsis Ebano, Pithecellobium Flexicaule, Texas Ebony ...",ArizonaSeedsByMerna,,,"Tucson, AZ","Jul 23, 2026",8,,,,,,,True,False,False,,,5,False,us/,"Ebenopsis ebano, Pithecellobium flexicaule, Texas ebony (15-Seeds per packet). ArizonaSeedsByMerna. Star Seller. Star Sellers have an ..."
1677228599,https://www.etsy.com/listing/1677228599,texas ebony plant,B_star;C_ships;D_plain,Texas Ebony Tree 10+ Seeds (ebenopsis Ebano) ...,WildsofTexas,,,"Green Bay, WI","Sep 18, 2026",33,,,,,,,True,False,False,,,4,True,us/,"Texas Ebony Tree 10+ Seeds (Ebenopsis ebano) flowering, desert hardy, Texas native tree. WildsofTexas. Star Seller. Star Sellers have an outstanding track ..."
1175943684,https://www.etsy.com/listing/1175943684,texas ebony plant,B_star;D_plain,"Texas Ebony Live Tree, Drought-tolerant Bonsai and ...",SarahCottaPlants,,,,,,,,,,,,True,False,False,,,2,False,us/,"Texas Ebony Live Tree, Drought-Tolerant Bonsai and Landscape Plant. SarahCottaPlants. Star Seller. Star Sellers have an outstanding track record for providing ..."
809796354,https://www.etsy.com/listing/809796354,texas ebony plant,B_star;C_ships,Fresh! 10 Texas Ebony Tree Seeds - Ebanopsis Ebano ...,GeodebyGina,,,"Chandler, AZ","Jun 15, 2026",32,,,,,,,True,False,False,,,,True,us/,Fresh! 10 Texas Ebony tree seeds - Ebanopsis Ebano Arizona Desert Bonsai Low Water Easy Care Fast Growing. GeodebyGina. Star Seller.
4553538107,https://www.etsy.com/listing/4553538107,texas ebony plant,B_star,"Brasil (bluewood), Native Texas Tree Seeds and Seedlings",BlueGenesStudio,,,,,,,,,,,,True,False,False,,,,True,us/,"Brasil (Bluewood), Native Texas Tree Seeds and Seedlings: Condalia hookeri, great for Bonsai or native landscaping. BlueGenesStudio. Star Seller."
4538930691,https://www.etsy.com/listing/4538930691,texas ebony plant,B_star,"Senegalia Burkei 'black Monkey Thorn' 10"" Pot (specimen Tree) ...",SarahCottaPlants,,,,,,,,,,,,True,False,False,,,,False,us/,Star Seller ... SarahCottaPlants is a star seller Specializes in Plants ... Discount shown at checkout.
1838734611,https://www.etsy.com/listing/1838734611,texas ebony plant,B_star;D_plain,"Camel Thorn Tree in 4"" Pot | Acacia Erioloba",BloomingVale,,,,,,,,,,,,True,False,False,,,10,False,us/,"Camel Thorn Tree in 4"" pot | Acacia Erioloba | Texas Ebony Tree | Small Tree Plant. BloomingVale. Star Seller. Star Sellers have an outstanding track record ..."
4476348065,https://www.etsy.com/listing/4476348065,texas ebony plant,B_star,Handmade Ash Wood Gonk (gnome) – Turned Wooden Ornament,Seller,,,,,,,,,,,,True,False,False,,,,True,us/,Star Seller. Star Sellers have ... WildHuntArt is a star seller. Be the first to ...
1399397642,https://www.etsy.com/listing/1399397642,texas ebony plant,B_star,Wood Gonk Gnome Maple Texas Ebony Hand Turned ...,OutNumberedNovelties,,,,,,,,,,,,True,False,False,,,,False,us/,Wood Gonk Gnome Maple Texas Ebony Hand Turned Handmade Ornament No 2. OutNumberedNovelties. Star Seller. Star Sellers have an outstanding track record for ...
4335432451,https://www.etsy.com/listing/4335432451,texas ebony plant,B_star,Fantasy Reader Sticker: Purple Fantasy Cake Bookish Vinyl Decal,MylaCreates,,,,,,,,,,,,True,False,False,,,,True,us/,Fantasy Reader Sticker: Purple Fantasy Cake Bookish Vinyl Decal. MylaCreates. Star Seller ... MylaCreates is a star seller. Be the first to review this item.
1881950645,https://www.etsy.com/listing/1881950645,texas ebony plant,B_star,Mosaic Double Light Switch Cover,RachelWilkDesigns,,,,,,,,,,,,True,False,False,,,,False,us/,Mosaic Double Light Switch Cover. RachelWilkDesigns. Star Seller ... RachelWilkDesigns is a star seller Specializes in Mosaics ... Texas ebony (v). Outdoor & Garden.
4535812181,https://www.etsy.com/listing/4535812181,texas ebony plant,C_ships,Texas Ebony 10 Seeds – Pithecellobium Flexicaule Native Tree ...,MichaelaShop88,,,"Rochester, NY","Jul 10, 2026",,,,,,,,False,False,False,,,,True,us/,"This Seeds item is sold by MichaelaShop88. Ships from Rochester, NY. Listed on Jul 10, 2026. ... Texas Ebony 10 Seeds – Pithecellobium flexicaule Native Tree ..."
4574336200,https://www.etsy.com/listing/4574336200,texas ebony plant,C_ships,"Texas Ebony Plant, Drought Tolerant Desert Tree - Seeds",SeedofNatura,,,"Cincinnati, OH","Sep 13, 2026",,,,,,,,False,False,False,,,,True,us/,"This Seeds item is sold by SeedofNatura. Ships from Cincinnati, OH. Listed on Sep 13, 2026. ... Texas Ebony Tree Seeds 10 (Pithecellobium ..."
4524656307,https://www.etsy.com/listing/4524656307,texas ebony plant,C_ships,10 Texas Ebony Seeds | Ebenopsis Ebano Seeds,GoldenSeedling,,,"Alachua, FL","Jun 19, 2026",,,,,,,,False,False,False,,,,True,us/,"This Seeds item is sold by GoldenSeedling. Ships from Alachua, FL. Listed on Jun 19, 2026. ... May include: A Texas Ebony plant featuring small, dark green, ..."
4301805981,https://www.etsy.com/listing/4301805981,texas ebony plant,C_ships;D_plain,Seeds. Texas Ebony (ebonopsis Ebano),MCseeds,,,"Natalia, TX","Sep 25, 2026",22,,,,,,,False,False,False,,,6,True,us/,"This Seeds item by MCseeds has 22 favorites from Etsy shoppers. Ships from Natalia, TX. Listed on Sep 25, 2026. ... Texas Ebony (Ebonopsis ebano). MCseeds. 5 ..."
4463561823,https://www.etsy.com/listing/4463561823,texas ebony plant,C_ships;D_plain,"Texas Ebony Tree Seeds – Hardy Evergreen, Fragrant ...",PopsiGarden,,,"Rochester, NY","Jun 27, 2026",,,,,,,,False,False,False,,,19,True,us/,"This Seeds item is sold by PopsiGarden. Ships from Rochester, NY. Listed on Jun 27, 2026. ... Texas Ebony Tree Seeds – Hardy Evergreen, Fragrant Blooms ..."
4463134237,https://www.etsy.com/listing/4463134237,texas ebony plant,C_ships,Texas Ebony Seeds – 10 Pithecellobium Flexicaule Tree ...,edelweissnatureco,,,New York,,,,4.5,,,,,False,False,False,,,,True,us/,Texas Ebony Seeds – 10 Pithecellobium Flexicaule Tree Seeds. edelweissnatureco. 4.5 out of 5 stars. Ships from New York. Arrives soon! Get it by. Sep 2 ...
4439044469,https://www.etsy.com/listing/4439044469,texas ebony plant,C_ships,Goldenball Leadtree - Texas Native Seedling,Seeds2TreesTX,,,"San Antonio, TX","Sep 9, 2026",16,,,,,,,False,False,False,,,,False,us/,"This Plants item by Seeds2TreesTX has 16 favorites from Etsy shoppers. Ships from San Antonio, TX. Listed on Sep 9, 2026."
4513665681,https://www.etsy.com/listing/4513665681,texas ebony plant,C_ships;D_plain,10 Seeds Texas Ebony Pithecellobium Flexicaule ...,TreeForYouStore,,,"Rochester, NY","May 30, 2026",,,,,,,,False,False,False,,,7,True,us/,"This Seeds item is sold by TreeForYouStore. Ships from Rochester, NY. Listed on May 30, 2026. ... May include: A mature Texas Ebony tree with a ..."
4525164424,https://www.etsy.com/listing/4525164424,texas ebony plant,C_ships,Texas Ebony Tree Seeds – Heirloom Non-gmo for Garden ...,BloomySeeds,,,"Cincinnati, OH","Jun 20, 2026",,,,,,,,False,False,False,,,,True,us/,"This Seeds item is sold by BloomySeeds. Ships from Cincinnati, OH. Listed on Jun 20, 2026. ... Texas Ebony Tree Seeds – Heirloom Non-GMO for Garden Planting."
4365417641,https://www.etsy.com/listing/4365417641,texas ebony plant,C_ships,"Seyrigia Gracilis, Unusual Caudiciform, Live Rooted Plant",BodegaNursery,,,"Houston, TX","Aug 15, 2026",17,,,,,,,False,False,False,,,,False,us/,"This Succulents & Cacti item by BodegaNursery has 17 favorites from Etsy shoppers. Ships from Houston, TX. Listed on Aug 15, 2026."
1727530568,https://www.etsy.com/listing/1727530568,texas ebony plant,D_plain,"Ebenopsis Ebano, Great for Bonsai or Native Landscaping",,,,,,,,,,,,,False,False,False,,,1,False,us/,"Texas Ebony (Ebenopsis ebony): The Texas Ebony tree is native to south Texas and northeastern Mexico. Because of this warm climate it keeps its small, ..."
4491714285,https://www.etsy.com/listing/4491714285,texas ebony plant,D_plain,Texas Ebony | Pithecellobium Flexicaule Tree – 10seeds,,,,,,,,,,,,,False,False,False,,,3,False,us/,"Pithecellobium flexicaule, commonly known as Texas Ebony, is a hardy tree often grown in warm climates and landscape plantings. The plant develops a strong ..."
4527616067,https://www.etsy.com/listing/4527616067,texas ebony plant,D_plain,Rare Native Texas Tree Seeds | Drought Tolerant Evergreen,,,,,,,,,,,,,False,False,False,,,11,True,us/,Texas Ebony Seeds (Ebenopsis ebano) | Rare Native Texas Tree Seeds | Drought Tolerant Evergreen | Fast Germination. FloresBellasSouthTX
4532749516,https://www.etsy.com/listing/4532749516,texas ebony plant,D_plain,Texas Ebony 10 Seeds – Pithecellobium Flexicaule Ornamental ...,,,,,,,,,,,,,False,False,False,,,17,True,us/,Texas Ebony 10 Seeds – Pithecellobium flexicaule Ornamental Tree Seeds. SwarnaGarden. Sale Price $6.30 $6.30. $7.00 Original Price $7.00 (10% off).
4434851113,https://www.etsy.com/listing/4434851113,texas ebony plant,D_plain,"Texas Ebony Seeds – Pithecellobium Flexicaule, Drought ...",,,,,,,,,,,,,False,False,False,,,20,True,us/,"It is one of the most durable landscape trees for hot, arid, and semi-arid regions. Texas Ebony is widely used for shade, windbreaks, privacy ..."
4530994779,https://www.etsy.com/listing/4530994779,watermelon peperomia,A_owned,Variegated Watermelon Peperomia 4” Pot,Camargosplantas,Zaira Camargo,,,,,,,,4900.0,4 years on Etsy,4.0,False,False,False,,,,False,us/,Meet your seller. Camargosplantas · Owned by Zaira Camargo | ... 4.9k sales. 4 years on Etsy. Message seller · Following Follow shop ... Sell on Etsy ...
4532509496,https://www.etsy.com/listing/4532509496,watermelon peperomia,A_owned;C_ships;D_plain,Watermelon Peperomia | 4 Inch,GenevaSpringsFarm,Shunda Garner,,"Canton, MS","Jul 4, 2026",,14.99,4.5,,3300.0,4 years on Etsy,4.0,False,False,False,,,3,False,us/,Meet your seller. GenevaSpringsFarm · Owned by Shunda Garner | ... 3.3k sales. 4 years on Etsy. Message seller · Following Follow shop ... Sell on Etsy ...
4489681760,https://www.etsy.com/listing/4489681760,watermelon peperomia,A_owned;C_ships;D_plain,Peperomia Argyreia - Watermelon Peperomia,SproutsofBristol,Jessy Edgar,"Bristol, United Kingdom",United Kingdom,"Jun 16, 2026",,,4.8,1000.0,4900.0,4 years on Etsy,4.0,False,False,False,,,1,False,us/,"Watermelon Peperomia - Peperomia argyreia - Sprouts of Bristol. Item in ... Owned by Jessy Edgar |. Bristol, United Kingdom. 4.8 (1k). 4.9k sales. 4 years on Etsy."
4445169225,https://www.etsy.com/listing/4445169225,watermelon peperomia,A_owned;C_ships,Watermelon Peperomia - Easy Care Striped Houseplant in 5- ...,TheGardenGreenhouses,Cameron Sherrill,"Salisbury, North Carolina","Salisbury, NC","Jul 17, 2026",5,,4.6,11.0,52.0,7 months on Etsy,0.58,False,False,False,,,,False,us/,"Owned by Cameron Sherrill |. Salisbury, North Carolina. 4.6 (11). 52 sales. 7 months on Etsy. Message seller · Following Follow shop ... Watermelon Peperomia ..."
4486474484,https://www.etsy.com/listing/4486474484,watermelon peperomia,A_owned;C_ships,"Watermelon Peperomia 4"" Pot",SouthernOakExotics,Hali Turville,United States,"Bushnell, FL","May 5, 2026",6,,4.8,2800.0,7200.0,6 years on Etsy,6.0,False,False,False,,,,False,us/,"Watermelon Peperomia 4"" Pot image 1. zoom image 2 ... Owned by Hali Turville |. United States. 4.8 (2.8k). 7.2k sales. 6 years on Etsy."
4478439999,https://www.etsy.com/listing/4478439999,watermelon peperomia,A_owned;C_ships,Peperomia Watermelon,,House Plant Shop,"Florida, United States","Mount Dora, FL","Mar 26, 2026",,,4.4,8.0,27.0,2 months on Etsy,0.17,False,False,False,,,,False,us/,"Owned by House Plant Shop |. Florida, United States. 4.4 (8). 27 sales. 2 months on Etsy. Message seller · Following Follow shop ... Watermelon Peperomia."
4437580083,https://www.etsy.com/listing/4437580083,watermelon peperomia,A_owned;C_ships;D_plain,Rare Peperomia Argyreia Indoor Houseplant in 4 Inch Pot,FullSunNShade,Alvira Salsa,United States,"Reseda, CA","May 9, 2026",,,4.5,8.0,80.0,6 months on Etsy,0.5,False,False,False,,,2,False,us/,May include: A close-up of a watermelon peperomia ... Owned by Alvira Salsa |. United States. 4.5 (8). 80 sales. 6 months on Etsy. Message seller · Following ...
1175268017,https://www.etsy.com/listing/1175268017,watermelon peperomia,A_owned;C_ships,Watermelon Peperomia Zipper Pull. ...,relaine,Rebecca,"Minneapolis, Minnesota","Saint Paul, MN","Jun 21, 2026",3,,4.9,1300.0,6200.0,18 years on Etsy,18.0,False,False,False,,,,False,us/,"Watermelon peperomia zipper pull. ... Owned by Rebecca |. Minneapolis, Minnesota. 4.9 (1.3k). 6.2k sales. 18 years on Etsy. Message seller · Following Follow shop."
1562736116,https://www.etsy.com/listing/1562736116,watermelon peperomia,A_owned;C_ships;D_plain,Pet Friendly Plant With Concrete Pot | Handmade Pot | Oficce Plant,RootsnFlora,MG,"Eustis, Florida","Eustis, FL","Jun 7, 2026",,,4.7,25.0,69.0,4 years on Etsy,4.0,False,False,False,,,18,False,us/,"Watermelon Peperomia | Indoor Plant | Pet ... Watermelon Peperomia ... Owned by MG |. Eustis, Florida. 4.7 (25). 69 sales. 4 years on Etsy. Message seller."
4500453067,https://www.etsy.com/listing/4500453067,watermelon peperomia,A_owned;C_ships,Artificial Potted Peperomia - Realistic Faux Watermelon Draping ...,FloralRootsGarden,Daniyal Ahmed,United States,"New York, NY","May 7, 2026",,,4.0,6.0,48.0,3 months on Etsy,0.25,False,False,False,,,,False,us/,Owned by Daniyal Ahmed |. United States. 4.0 (6). 48 sales. 3 months on Etsy ... Artificial ...
4377759326,https://www.etsy.com/listing/4377759326,watermelon peperomia,A_owned;C_ships,Variegated Mini Watermelon Peperomia Live Plant,FreshFromGreenhouse,Natalie,"Umatilla, Florida","Altoona, FL","Aug 27, 2026",34,,4.8,16800.0,51700.0,5 years on Etsy,5.0,False,False,False,,,,False,us/,"Variegated Mini Watermelon Peperomia ... Owned by Natalie |. Umatilla, Florida. 4.8 (16.8k). 51.7k sales. 5 years on Etsy ... Watermelon peperomia plant in a 4&quot ..."
1891261123,https://www.etsy.com/listing/1891261123,watermelon peperomia,A_owned;C_ships,Handmade Watermelon Peperomia Resin Earrings: Plant Lover ...,DowntownPlantCo,Briana,"Tooele, Utah","Tooele, UT","Mar 19, 2026",9,,4.9,352.0,1200.0,,,False,False,False,,,,True,us/,"Owned by Briana |. Tooele, Utah. 4.9 (352). 1.2k sales ... Watermelon Peperomia || Handmade Leaf Earrings ... Find it on Etsy. Spirituality & Religion. Dolphin ..."
1048466408,https://www.etsy.com/listing/1048466408,watermelon peperomia,A_owned,Watermelon Peperomia - 4'' From Tropical Ambiance,,Tropical Ambiance,United States,,,,,4.8,14700.0,38600.0,,,False,False,False,,,,False,us/,Owned by Tropical Ambiance |. United States. 4.8 (14.7k). 38.6k sales. 6 years ... Find it on Etsy. Outdoor & Garden. Large Rare Dragon's Tail Pothos ...
1188044137,https://www.etsy.com/listing/1188044137,watermelon peperomia,A_owned,Artificial Watermelon Peperomia Plant: 12-inch Variegated ...,,Nicole,"Boise, Idaho",,,,,4.8,5300.0,25300.0,11 years on Etsy,11.0,False,False,False,,,,False,us/,"Owned by Nicole |. Boise, Idaho. 4.8 (5.3k). 25.3k sales. 11 years on Etsy. Message seller · Following Follow shop. This seller usually responds within a few ..."
4548922398,https://www.etsy.com/listing/4548922398,watermelon peperomia,A_owned,Watermelon Peperomia Canvas - House Plants Wallart,AnnasPlantlings,Heimwerker Hühnchen,United States,,,,,5.0,7.0,45.0,2.5 years on Etsy,2.5,False,False,False,,,,False,us/,Meet your seller. AnnasPlantlings · Owned by Heimwerker Hühnchen |. United States. 5.0 (7). 45 sales. 2.5 years on Etsy. Message seller · Following Follow shop ...
833510239,https://www.etsy.com/listing/833510239,watermelon peperomia,A_owned;C_ships,Watermelon Peperomia Laser Cut Wood Earrings,PerfectPothos,Jacki,"Palm Bay, Florida","Palm Bay, FL","Jul 28, 2026",52,,5.0,142.0,1100.0,7 years on Etsy,7.0,False,False,False,,,,True,us/,"Meet your seller. PerfectPothos · Owned by Jacki |. Palm Bay, Florida. 5.0 (142). 1.1k sales. 7 years on Etsy. Message seller · Following Follow shop."
4538930663,https://www.etsy.com/listing/4538930663,watermelon peperomia,A_owned;B_star,"Watermelon Peperomia Live Plant, Peperomia Argyraea Tropical ...",SarahCottaPlants,SarahCotta Plants,"Los Angeles, California",,,,,4.9,3300.0,8900.0,4 years on Etsy,4.0,True,False,False,,,,False,us/,"Owned by SarahCotta Plants |. Los Angeles, California. 4.9 (3.3k). 8.9k sales. 4 years on Etsy. Message seller · Following Follow shop. This seller usually ..."
4570525382,https://www.etsy.com/listing/4570525382,watermelon peperomia,A_owned;C_ships,"Watermelon Peperomia Art Print, Peperomia Wall Art, Plant ...",DebzzArtistry,Debby Golub,"Hod HaSharon, Israel","Philadelphia, PA","Sep 7, 2026",,,4.7,27.0,156.0,3 years on Etsy,3.0,False,False,False,,,,True,us/,"Watermelon Peperomia Art Print, Peperomia Wall ... Watermelon Peperomia ... Owned by Debby Golub |. Hod HaSharon, Israel. 4.7 (27). 156 sales. 3 years on Etsy."
1256487190,https://www.etsy.com/listing/1256487190,watermelon peperomia,A_owned,Peperomia Verschffeltii- 2.7” Pot,,Mary,United States,,,,,1.0,1.0,11.0,4 years on Etsy,4.0,False,False,False,,,,False,us/,WATERMELON PEPEROMIA- Peperomia Verschffeltii- 2.7” pot. NSBotanicals. 1 out ... Owned by Mary |. United States. 1.0 (1). 11 sales. 4 years on Etsy. Message ...
4478448052,https://www.etsy.com/listing/4478448052,watermelon peperomia,A_owned,"Peperomia Thailand Plant: Variegated Leaves, Compact Growth ...",,House Plant Shop,"Florida, United States",,,,,4.3,12.0,38.0,4 months on Etsy,0.33,False,False,False,,,,False,us/,"Owned by House Plant Shop |. Florida, United States. 4.3 (12). 38 sales. 4 months on Etsy ... Watermelon Peperomia Plant House Plant 2.5"" x 4 ... Sell on Etsy Opens ..."
902290770,https://www.etsy.com/listing/902290770,watermelon peperomia,A_owned,Peperomia Ripple Live Plant - Red / Purple - Shown in 3” Pot,SunAndJade,Emily Rogers,United States,,,,,4.8,754.0,2200.0,6 years on Etsy,6.0,False,False,False,,,,False,us/,Meet your seller. SunAndJade · Owned by Emily Rogers |. United States. 4.8 (754). 2.2k sales. 6 years on Etsy. Message seller · Following Follow shop. This ...
1665879795,https://www.etsy.com/listing/1665879795,watermelon peperomia,B_star;D_plain,"Peperomia Mini Watermelon, 2 Inch Set of 3, Verschaffeltii ...",HarmonyFoliage,,,,,,,,,,,,True,False,False,,,12,False,us/,HarmonyFoliage is a star seller. Be the first to review this item. No ... Silver Watermelon Peperomia - opens in new tab · Peperomia Live - opens in new ...
1595684684,https://www.etsy.com/listing/1595684684,watermelon peperomia,B_star;D_plain,Peperomia Watermelon Starter Plant **(ALL ...,,,,,,,,,,,,,False,False,False,,,7,False,us/,"Growing to 20 cm (7.9 in) tall and broad, it is a perennial with asymmetrical oval green leaves, slightly fleshy, strikingly marked with curved silver stripes, ..."
4315338305,https://www.etsy.com/listing/4315338305,watermelon peperomia,B_star;D_plain,"Peperomia Argyreia | Tropical Houseplant in 4"" Pot",,,,,,,,,,,,,False,False,False,,,9,False,us/,"Peperomia watermelon, also known as Peperomia argyreia, is a tropical houseplant prized for its striking foliage that resembles the rind of a watermelon. The ..."
4490502076,https://www.etsy.com/listing/4490502076,watermelon peperomia,B_star,4” CAYENNE Peperomia Plant Pot - Deep Purple Red Green ...,FastechPlants,,,,,,,,,,,,True,False,False,,,,False,us/,4” WATERMELON PEPEROMIA pot - Argyreia plant - cute watermelon ...
1013809390,https://www.etsy.com/listing/1013809390,watermelon peperomia,B_star,"Watermelon Peperomia Plant Pillow, Decorative Leaf ...",Enjoypillows,,,,,,,,,,,,True,False,False,,,,True,us/,"Watermelon Peperomia Plant Pillow, Decorative Leaf Cushion. Enjoypillows ... Enjoypillows is a star seller Specializes in Throw Pillows. Reviews for this ..."
1894874117,https://www.etsy.com/listing/1894874117,watermelon peperomia,B_star,Watermelon Peperomia Botanical Print | Plant Lover Gift,,,,,,,,,,,,,False,False,False,,,,True,us/,"Elevate your space with our Watermelon Peperomia Botanical Print, a stunning fusion of vibrant green hues and intricate botanical details. This eye-catching ..."
4551663256,https://www.etsy.com/listing/4551663256,watermelon peperomia,B_star;D_plain,Watermelon Peperomia - Peperomia Argyreia,Inquisitivegreens,,,,,,,,,,,,True,False,False,,,14,False,us/,"May include: A Peperomia argyreia plant, commonly known as a watermelon peperomia, featuring ... Inquisitivegreens is a star seller. Be the first to review this ..."
733864712,https://www.etsy.com/listing/733864712,watermelon peperomia,B_star;C_ships,"Watermelon Peperomia - New Lower Price! 4” Pot, Ships ...",GardenGalsPlants,,,"Holyoke, MA","Sep 14, 2026",133,,,,,,,True,False,False,,,,False,us/,"Watermelon Peperomia - New lower price! 4” pot, ships potted. GardenGalsPlants. Star Seller. Star Sellers have an outstanding track record for providing a ..."
1704224468,https://www.etsy.com/listing/1704224468,watermelon peperomia,B_star,Peperomia Watermelon - 6 Inch Hanging Basket,BronxPlantLady,,,,,,,,,,,,True,False,False,,,,False,us/,BronxPlantLady is a star seller. Reviews for this ... I received my beautiful watermelon peperomia and I am very pleased at its size and overall condition.
1001267734,https://www.etsy.com/listing/1001267734,watermelon peperomia,B_star,Peperomia Watermelon TEMPLATE SVG (digital File Only),TheBleuDahlia,,,,,,,,,,,,True,False,False,,,,True,us/,TheBleuDahlia is a star seller. Reviews for this item. 5.0. Item average. We ...
4454195867,https://www.etsy.com/listing/4454195867,watermelon peperomia,B_star,"Dischidia Watermelon 3"" Pot Actual Plant",LacquernLeaf,,,,,,,,,,,,True,False,False,,,,False,us/,LacquernLeaf is a star seller. Be the first to ... Meet your seller. LacquernLeaf. Star Seller ... Watermelon peperomia ...
1164672367,https://www.etsy.com/listing/1164672367,watermelon peperomia,B_star,"Watermelon Peperomia Water Resistant Sticker, House ...",MelonTops,,,,,,,,,,,,True,False,False,,,,True,us/,"Watermelon Peperomia Water Resistant Sticker, House Plant Sticker, Boho Sticker, Plant Sticker, Plant Lover. MelonTops. Star Seller. Star Sellers have an ..."
4541468175,https://www.etsy.com/listing/4541468175,watermelon peperomia,B_star,Premium House Blend Soil Mixes | Peperomia Plant Potting Blends,BigShouldersNursery,,,,,,,,,,,,True,False,False,,,,False,us/,Premium House Blend Soil Mixes | Peperomia Plant Potting Blends. BigShouldersNursery. Star Seller ... BigShouldersNursery is a star seller Specializes in Plants ...
4325795620,https://www.etsy.com/listing/4325795620,watermelon peperomia,B_star,"Peperomia Watermelon, Live Houseplant in 4"" Pot",SkyGardenByPhoenix,,,,,,,,,,,,True,False,False,,,,False,us/,"SkyGardenByPhoenix is a star seller Specializes in Plants. Reviews for this ... Watermelon peperomia plant in a 4"" pot, Live houseplant | 2-Plant ..."
1677062056,https://www.etsy.com/listing/1677062056,watermelon peperomia,B_star,High Quality Artificial Hanging Plant - Faux Watermelon ...,UrsinasDecoShop,,,,,,,,,,,,True,False,False,,,,False,us/,"Watermelon Hanging Bush 16"" - High Quality Artificial Hanging Plant - Faux Watermelon, Peperomia Plant. UrsinasDecoShop. Star Seller. Star Sellers have an ..."
4502738697,https://www.etsy.com/listing/4502738697,watermelon peperomia,B_star,"Peperomia Stud Earrings, Houseplant Jewelry, Nature Accessory",MozesSupposes,,,,,,,,,,,,True,False,False,,,,True,us/,MozesSupposes is a star seller. Be the first to review this item.
819421048,https://www.etsy.com/listing/819421048,watermelon peperomia,C_ships;D_plain,Trailing Watermelon Peperomia Plant,,,,"Orlando, FL","Mar 28, 2026",,,,,,,,False,False,False,,,4,False,us/,"Ships from Orlando, FL. Listed on Mar 28, 2026. ... Trailing Watermelon Peperomia ... Trailing Watermelon Peperomia Plant. $16.00."
1301599417,https://www.etsy.com/listing/1301599417,watermelon peperomia,C_ships,Peperomia Watermelon Live Unique Indoor Houseplant for ...,,,,"Vista, CA","Jun 26, 2026",,,,,,,,False,False,False,,,,False,us/,"Ships from Vista, CA. Listed on Jun 26, 2026. ... May include: A small potted watermelon peperomia plant with green and silver leaves. The. zoom image 2 of 2. May ..."
4438627973,https://www.etsy.com/listing/4438627973,watermelon peperomia,C_ships,"6"" Watermelon Peperomia",,,,"Orlando, FL","Jun 5, 2026",,22.0,,,,,,False,False,False,,,,False,us/,"Ships from Orlando, FL. Listed on Jun 5, 2026. ... 6"" Watermelon Peperomia. Rare find. Price:$22.00. Loading. 6"" Watermelon Peperomia."
4376454690,https://www.etsy.com/listing/4376454690,watermelon peperomia,C_ships,NEW Variegated Watermelon Peperomia ...,OwlsGreenery,,,"San Marcos, CA","Jul 7, 2026",16,,,,,,,False,False,False,,,,False,us/,"This House Plants item by OwlsGreenery has 16 favorites from Etsy shoppers. Ships from San Marcos, CA. Listed on Jul 7, 2026."
1031505507,https://www.etsy.com/listing/1031505507,watermelon peperomia,C_ships,Black Treacle & Watermelon Peperomia Card ⎪ Blank Inside ...,danblanshard,,,United Kingdom,"Aug 1, 2026",16,,,,,,,False,False,False,,,,True,us/,"This Greeting Cards item by danblanshard has 16 favorites from Etsy shoppers. Ships from United Kingdom. Listed on Aug 1, 2026."
4555943153,https://www.etsy.com/listing/4555943153,watermelon peperomia,C_ships,"Watermelon Peperomia - 4"" Pot",HappilyPlantedShop,,,"Debary, FL","Aug 14, 2026",,,,,,,,False,False,False,,,,False,us/,"This House Plants item is sold by HappilyPlantedShop. Ships from Debary, FL. Listed on Aug 14, 2026. ... Watermelon Peperomia - 4"" Pot ... Variegated Watermelon ..."
1830229974,https://www.etsy.com/listing/1830229974,watermelon peperomia,D_plain,Watermelon Peperomia Plant Peperomia Argyreia Indoor ...,,,,,,,,,,,,,False,False,False,,,5,False,us/,"Discover the beauty of the Watermelon Peperomia, scientifically known as Peperomia argyreia. This stunning houseplant is native to the lush landscapes of ..."
1861007407,https://www.etsy.com/listing/1861007407,watermelon peperomia,D_plain,Watermelon Peperomia Argyreia | Live Indoor Plant,,,,,,,,,,,,,False,False,False,,,6,False,us/,Watermelon Peperomia Argyreia | Live Indoor Plant ; PlantVers From shop PlantVers. Sale Price $13.49 $13.49. $26.98 Original Price $26.98 (50% off) ; BloomingVale ...
4521343368,https://www.etsy.com/listing/4521343368,watermelon peperomia,D_plain,Watermelon Peperomia. 4” Pot 2 Plants per Order. No CA ...,,,,,,,,,,,,,False,False,False,,,8,False,us/,"Peperomia argyreia, or watermelon peperomia, is a popular, low-maintenance houseplant known for its striking, silver-striped, watermelon-like leaves and red ..."
1845077259,https://www.etsy.com/listing/1845077259,watermelon peperomia,D_plain,Peperomia Watermelon,,,,,,,,,,,,,False,False,False,,,10,False,us/,"Why You'll Love the Watermelon Peperomia:Unique Look: The watermelon-like pattern on its leaves is playful, eye-catching, and perfect for adding character to ..."
1085850956,https://www.etsy.com/listing/1085850956,watermelon peperomia,D_plain,Live Peperomia Watermelon Plant,,,,,,,,,,,,,False,False,False,,,11,False,us/,"The Watermelon Peperomia Plant will arrive in a grower's pot that may vary in color. Very similar to the Peperomia Obtusifolia, they are pet safe and are very ..."
4411424891,https://www.etsy.com/listing/4411424891,watermelon peperomia,D_plain,Watermelon Peperomia Plant,,,,,,,,,,,,,False,False,False,,,13,False,us/,"Common Name(s): Watermelon Peperomia, Watermelon Begonia, Description: Native to northern South America, including Bolivia, Brazil, Ecuador, and Venezuela. The ..."
4530176678,https://www.etsy.com/listing/4530176678,watermelon peperomia,D_plain,2 Plants per Order-4 Inch Pot-no SHIP CA,,,,,,,,,,,,,False,False,False,,,16,False,us/,"The Watermelon Peperomia (Peperomia argyreia) is a highly-rated, compact houseplant prized for its vibrant, silver-and-green striped leaves that resemble a ..."
747650312,https://www.etsy.com/listing/747650312,watermelon peperomia,D_plain,Watermelon Peperomia - 4'' From California Tropicals,,,,,,,19.99,,,,,,False,False,False,,,17,False,us/,May include: A small potted watermelon peperomia plant with green and silver striped leaves. Price:$19.99.
1052394569,https://www.etsy.com/listing/1052394569,watermelon peperomia,D_plain,Watermelon Peperomia Enamel Pin / House Plant Pins,,,,,,,,,,,,,False,False,False,,,19,True,us/,The watermelon peperomia is a slow-growing houseplant. It has drop shape glossy leaves and shimmering silver stripes literally make this plant shine. Peperomia ...
1897554615,https://www.etsy.com/listing/1897554615,watermelon peperomia,D_plain,"Watermelon Peperomia , 4"" pot, Live plant",,,,,,,,,,,,,False,False,False,,,20,False,us/,"Peperomia Watermelon, Live Houseplant in 4"" pot · Peperomia Watermelon Live Potted House Plant · Watermelon Peperomia Plant House Plant 2.5"" x 4"" In Pot Indoor ..."
